Name,Season,USG_PCT,AGE,LEVERAGE_TS_DELTA,EFG_ISO_WEIGHTED,CLUTCH_MIN_TOTAL,CREATION_VOLUME_RATIO,CREATION_BOOST,CREATION_TAX
Jalen Brunson,2020-21,0.196,24.0,-0.0599999999999999,0.5764238921001927,45.6,0.692,1.0,-0.0795761078998072
Tyrese Haliburton,2020-21,0.175,21.0,0.178,0.5524936708860758,105.6,0.5815950920245399,1.0,-0.0765063291139241
Tyrese Maxey,2020-21,0.222,20.0,,0.5085937500000001,,0.745631067961165,1.5,0.03359375
Anthony Edwards,2020-21,0.264,19.0,-0.0569999999999999,0.4657782101167315,112.0,0.6104513064133016,1.0,-0.0642217898832684
Pascal Siakam,2017-18,0.154,24.0,0.3389999999999999,0.4809473684210527,62.0,0.202991452991453,1.0,-0.0570526315789473
Pascal Siakam,2018-19,0.205,25.0,0.119,0.516562347188264,145.20000000000002,0.4626696832579185,1.0,-0.130437652811736
