Name,Season,Score (Piecewise),Score (Min-Max),Leverage TS Delta,Normalized Leverage (Piecewise),Normalized Leverage (Min-Max),Scalability,Confidence,Use Proxy
Jalen Brunson,2020-21,2.3472517478667774,2.3472517478667774,-0.0599999999999999,0.5666666666666669,0.5666666666666669,0.647251747866777,0.7999999999999999,False
Tyrese Haliburton,2020-21,3.791044002411091,3.7910440024110916,0.178,0.9633333333333334,0.9633333333333335,0.9010440024110911,0.7999999999999999,False
Tyrese Maxey,2020-21,1.840625,1.840625,,0.35,0.35,0.690625,0.44999999999999996,False
Anthony Edwards,2020-21,2.4098256438762284,2.4098256438762284,-0.0569999999999999,0.5716666666666669,0.5716666666666669,0.6948256438762277,0.7999999999999999,False
Pascal Siakam,2017-18,3.798827067669173,3.798827067669173,0.3389999999999999,1.0,1.0,0.798827067669173,0.7999999999999999,False
Pascal Siakam,2018-19,3.4361784841075793,3.4361784841075798,0.119,0.865,0.8650000000000001,0.8411784841075796,0.7999999999999999,False
