player_name,season,cii,tii,cii_archetype,tii_archetype,archetype_2d,career_leverage_mean,career_positive_seasons,career_negative_seasons,career_pattern,has_creation_tools,reasoning,cii_components,tii_components,confidence
Aaron Gordon,2019-20,28.8,44.78,Role Player,Limited Scaling,Fragile Star,-0.056399999999999936,0,5,Hides,True,"Fragile Star: high minutes (32.5), low CII (28.8), extreme hiding (-0.056)","{'self_created': np.float64(24.53), 'pressure_appetite': np.float64(23.21), 'difficulty_embrace': np.float64(25.74), 'defensive_survival': np.float64(47.29), 'force_multiplication': np.float64(33.98)}","{'scaling_efficiency': np.float64(30.545308100861142), 'pressure_appetite': np.float64(23.20000000000004), 'creation_tools': np.float64(59.9579912750347), 'opportunity_response': np.float64(58.85714285714286), 'age_trajectory': np.float64(90.0)}",High
Alec Burks,2019-20,51.64,68.86,Fragile Star,High Scaling,Strong Creator,0.02940000000000002,4,1,Steps Up,True,"Positive career leverage (+0.029), CII 51.6: Stepping up consistently","{'self_created': np.float64(44.66), 'pressure_appetite': np.float64(63.34), 'difficulty_embrace': np.float64(41.64), 'defensive_survival': np.float64(61.54), 'force_multiplication': np.float64(48.51)}","{'scaling_efficiency': np.float64(60.23911297363367), 'pressure_appetite': np.float64(73.19130434782609), 'creation_tools': np.float64(79.86666666666667), 'opportunity_response': np.float64(66.8), 'age_trajectory': np.float64(64.99000000000001)}",High
Alex Caruso,2019-20,12.79,33.81,Role Player,Low Scaling,Role Player,-0.048,0,2,Hides,False,"Low CII 12.8, low TII 33.8","{'self_created': np.float64(12.51), 'pressure_appetite': np.float64(10.0), 'difficulty_embrace': np.float64(9.43), 'defensive_survival': np.float64(26.29), 'force_multiplication': np.float64(7.07)}","{'scaling_efficiency': np.float64(23.982838730998022), 'pressure_appetite': np.float64(18.000000000000004), 'creation_tools': np.float64(36.32173601147775), 'opportunity_response': np.float64(46.77142857142857), 'age_trajectory': np.float64(78.33)}",Medium
Alex Len,2019-20,23.18,42.54,Role Player,Limited Scaling,Role Player,-0.05900000000000001,1,4,Hides,False,"Low CII 23.2, low TII 42.5, no creation tools","{'self_created': np.float64(5.69), 'pressure_appetite': np.float64(60.17), 'difficulty_embrace': np.float64(0.9), 'defensive_survival': np.float64(28.22), 'force_multiplication': np.float64(20.18)}","{'scaling_efficiency': np.float64(15.291464293282473), 'pressure_appetite': np.float64(72.11363636363637), 'creation_tools': np.float64(10.46008869179601), 'opportunity_response': np.float64(71.09428571428572), 'age_trajectory': np.float64(71.66)}",High
Andre Drummond,2019-20,24.86,32.9,Role Player,Low Scaling,Fragile Star,-0.037999999999999964,0,5,Hides,False,"Fragile Star: high usage (25.3%), high minutes (33.0), low CII (24.9), no creation tools","{'self_created': np.float64(19.22), 'pressure_appetite': np.float64(28.69), 'difficulty_embrace': np.float64(3.89), 'defensive_survival': np.float64(37.17), 'force_multiplication': np.float64(55.72)}","{'scaling_efficiency': np.float64(16.974582850989375), 'pressure_appetite': np.float64(18.400000000000038), 'creation_tools': np.float64(22.682420707606287), 'opportunity_response': np.float64(72.28571428571428), 'age_trajectory': np.float64(78.33)}",High
Andre Iguodala,2019-20,10.06,28.34,Role Player,Low Scaling,Luxury Amplifier,-0.0368,1,4,Hides,True,"Negative career leverage (-0.037, 1+/4-) BUT has creation tools: Thrives as #2","{'self_created': np.float64(4.74), 'pressure_appetite': np.float64(10.0), 'difficulty_embrace': np.float64(14.17), 'defensive_survival': np.float64(20.09), 'force_multiplication': np.float64(2.95)}","{'scaling_efficiency': np.float64(16.66880057491915), 'pressure_appetite': np.float64(23.600000000000037), 'creation_tools': np.float64(41.16739568635356), 'opportunity_response': np.float64(48.05714285714285), 'age_trajectory': np.int64(20)}",High
Andrew Wiggins,2019-20,56.6,65.92,Luxury Amplifier,High Scaling,Strong Creator,0.01119999999999998,3,2,Steps Up,True,"Positive career leverage (+0.011), CII 56.6: Stepping up consistently","{'self_created': np.float64(44.68), 'pressure_appetite': np.float64(74.99), 'difficulty_embrace': np.float64(42.86), 'defensive_survival': np.float64(69.68), 'force_multiplication': np.float64(54.21)}","{'scaling_efficiency': np.float64(41.2694942637225), 'pressure_appetite': np.float64(84.76356877323418), 'creation_tools': np.float64(73.9), 'opportunity_response': np.float64(60.48571428571428), 'age_trajectory': np.float64(85.0)}",High
Anthony Davis,2019-20,50.62,69.7,Fragile Star,High Scaling,Strong Creator,0.0214,3,2,Steps Up,True,"Positive career leverage (+0.021), CII 50.6: Stepping up consistently","{'self_created': np.float64(32.55), 'pressure_appetite': np.float64(77.96), 'difficulty_embrace': np.float64(27.16), 'defensive_survival': np.float64(54.2), 'force_multiplication': np.float64(78.07)}","{'scaling_efficiency': np.float64(60.82601891542491), 'pressure_appetite': np.float64(77.05492957746479), 'creation_tools': np.float64(60.604357036528114), 'opportunity_response': np.float64(86.0), 'age_trajectory': np.float64(71.66)}",High
Anthony Tolliver,2019-20,12.95,29.7,Role Player,Low Scaling,Role Player,-0.02374999999999995,1,3,Hides,False,"Low CII 12.9, low TII 29.7, no creation tools","{'self_created': np.float64(0.41), 'pressure_appetite': np.float64(17.78), 'difficulty_embrace': np.float64(5.09), 'defensive_survival': np.float64(46.21), 'force_multiplication': np.float64(4.35)}","{'scaling_efficiency': np.float64(3.7473145009416218), 'pressure_appetite': np.float64(59.50000000000003), 'creation_tools': np.float64(25.048931044866002), 'opportunity_response': np.float64(44.628571428571426), 'age_trajectory': np.int64(20)}",High
Aron Baynes,2019-20,19.58,36.29,Role Player,Limited Scaling,Role Player,-0.05766666666666664,0,3,Hides,False,"Low CII 19.6, low TII 36.3","{'self_created': np.float64(0.52), 'pressure_appetite': np.float64(41.12), 'difficulty_embrace': np.float64(2.9), 'defensive_survival': np.float64(42.4), 'force_multiplication': np.float64(22.06)}","{'scaling_efficiency': np.float64(13.286359492376045), 'pressure_appetite': np.float64(60.7365853658537), 'creation_tools': np.float64(14.020900257783065), 'opportunity_response': np.float64(75.43142857142857), 'age_trajectory': np.float64(30.0)}",Medium
Austin Rivers,2019-20,24.25,39.03,Role Player,Limited Scaling,Role Player,-0.04274999999999995,0,4,Hides,False,"Low CII 24.2, low TII 39.0, no creation tools","{'self_created': np.float64(30.68), 'pressure_appetite': np.float64(16.51), 'difficulty_embrace': np.float64(11.4), 'defensive_survival': np.float64(44.44), 'force_multiplication': np.float64(19.72)}","{'scaling_efficiency': np.float64(27.411490793271636), 'pressure_appetite': np.float64(27.599999999999998), 'creation_tools': np.float64(45.3890615866943), 'opportunity_response': np.float64(51.05714285714285), 'age_trajectory': np.float64(71.66)}",High
Avery Bradley,2019-20,15.05,39.04,Role Player,Limited Scaling,Luxury Amplifier,-0.04799999999999992,0,4,Hides,True,"Negative career leverage (-0.048, 0+/4-) BUT has creation tools: Thrives as #2","{'self_created': np.float64(7.74), 'pressure_appetite': np.float64(10.0), 'difficulty_embrace': np.float64(30.74), 'defensive_survival': np.float64(25.93), 'force_multiplication': np.float64(1.87)}","{'scaling_efficiency': np.float64(27.26096838735495), 'pressure_appetite': np.float64(12.800000000000043), 'creation_tools': np.float64(71.17482863063924), 'opportunity_response': np.float64(51.74285714285714), 'age_trajectory': np.float64(56.67)}",High
Bam Adebayo,2019-20,25.23,50.23,Role Player,Moderate Scaling,Role Player,-0.0375,0,2,Hides,False,"Low CII 25.2, low TII 50.2","{'self_created': np.float64(14.3), 'pressure_appetite': np.float64(30.18), 'difficulty_embrace': np.float64(10.39), 'defensive_survival': np.float64(39.87), 'force_multiplication': np.float64(53.34)}","{'scaling_efficiency': np.float64(22.24011965540933), 'pressure_appetite': np.float64(49.45283018867924), 'creation_tools': np.float64(36.994960883571096), 'opportunity_response': np.float64(92.0), 'age_trajectory': np.int64(100)}",Medium
Ben McLemore,2019-20,10.31,35.49,Role Player,Limited Scaling,Role Player,-0.07774999999999997,0,4,Hides,False,"Low CII 10.3, low TII 35.5, no creation tools","{'self_created': np.float64(2.95), 'pressure_appetite': np.float64(10.0), 'difficulty_embrace': np.float64(6.47), 'defensive_survival': np.float64(36.18), 'force_multiplication': np.float64(2.03)}","{'scaling_efficiency': np.float64(26.87248372528555), 'pressure_appetite': np.float64(11.200000000000006), 'creation_tools': np.float64(24.699557247164826), 'opportunity_response': np.float64(83.49714285714286), 'age_trajectory': np.float64(71.66)}",High
Ben Simmons,2019-20,27.26,42.43,Role Player,Limited Scaling,Fragile Star,-0.061999999999999965,0,3,Hides,False,"Fragile Star: high minutes (35.4), low CII (27.3), extreme hiding (-0.062), no creation tools","{'self_created': np.float64(39.26), 'pressure_appetite': np.float64(13.5), 'difficulty_embrace': np.float64(13.99), 'defensive_survival': np.float64(32.64), 'force_multiplication': np.float64(44.16)}","{'scaling_efficiency': np.float64(32.62949263622078), 'pressure_appetite': np.float64(6.000000000000045), 'creation_tools': np.float64(39.185417159996845), 'opportunity_response': np.float64(92.0), 'age_trajectory': np.float64(95.0)}",Medium
Bismack Biyombo,2019-20,14.25,36.35,Role Player,Limited Scaling,Role Player,-0.03774999999999998,0,4,Hides,False,"Low CII 14.2, low TII 36.4, no creation tools","{'self_created': np.float64(0.59), 'pressure_appetite': np.float64(29.0), 'difficulty_embrace': np.float64(1.4), 'defensive_survival': np.float64(35.26), 'force_multiplication': np.float64(12.5)}","{'scaling_efficiency': np.float64(11.46526360544217), 'pressure_appetite': np.float64(55.83333333333333), 'creation_tools': np.float64(11.188346883468835), 'opportunity_response': np.float64(63.62857142857143), 'age_trajectory': np.float64(71.66)}",High
Blake Griffin,2019-20,32.11,34.83,Role Player,Low Scaling,Fragile Star,-0.00540000000000002,1,4,Mixed,False,"Fragile Star: high usage (27.7%), low CII (32.1), no creation tools","{'self_created': np.float64(26.47), 'pressure_appetite': np.float64(31.12), 'difficulty_embrace': np.float64(29.34), 'defensive_survival': np.float64(46.08), 'force_multiplication': np.float64(36.06)}","{'scaling_efficiency': np.float64(27.159820673342836), 'pressure_appetite': np.float64(15.600000000000001), 'creation_tools': np.float64(52.31871239470517), 'opportunity_response': np.float64(55.42857142857143), 'age_trajectory': np.float64(40.01)}",High
Bobby Portis,2019-20,17.08,29.43,Role Player,Low Scaling,Luxury Amplifier,-0.06149999999999997,0,4,Hides,True,"Negative career leverage (-0.061, 0+/4-) BUT has creation tools: Thrives as #2","{'self_created': np.float64(12.08), 'pressure_appetite': np.float64(11.0), 'difficulty_embrace': np.float64(20.89), 'defensive_survival': np.float64(31.81), 'force_multiplication': np.float64(17.53)}","{'scaling_efficiency': np.float64(14.13087855118546), 'pressure_appetite': np.float64(0.0), 'creation_tools': np.float64(46.64609598994541), 'opportunity_response': np.float64(49.08571428571429), 'age_trajectory': np.float64(85.0)}",High
Bogdan Bogdanović,2019-20,38.27,60.47,Role Player,Moderate Scaling,Role Player,-0.012333333333333335,2,1,Mixed,True,"Low CII 38.3, moderate TII 60.5 (Age 27 > 25, reclassified from Developing Prospect)","{'self_created': np.float64(33.34), 'pressure_appetite': np.float64(46.92), 'difficulty_embrace': np.float64(33.83), 'defensive_survival': np.float64(50.44), 'force_multiplication': np.float64(22.08)}","{'scaling_efficiency': np.float64(47.4083665287285), 'pressure_appetite': np.float64(59.885972850678726), 'creation_tools': np.float64(68.98710407239818), 'opportunity_response': np.float64(68.77142857142857), 'age_trajectory': np.float64(71.66)}",Medium
Bojan Bogdanovic,2019-20,33.66,50.56,Role Player,Moderate Scaling,Fragile Star,-0.04839999999999998,0,5,Hides,False,"Fragile Star: high usage (25.2%), high minutes (33.1), low CII (33.7), no creation tools","{'self_created': np.float64(33.2), 'pressure_appetite': np.float64(32.52), 'difficulty_embrace': np.float64(25.97), 'defensive_survival': np.float64(45.98), 'force_multiplication': np.float64(34.76)}","{'scaling_efficiency': np.float64(53.108329779673056), 'pressure_appetite': np.float64(22.400000000000002), 'creation_tools': np.float64(58.388888888888886), 'opportunity_response': np.float64(89.0), 'age_trajectory': np.float64(40.01)}",High
Brad Wanamaker,2019-20,25.56,44.38,Role Player,Limited Scaling,Role Player,-0.0389999999999999,0,1,Hides,False,"Low CII 25.6, low TII 44.4","{'self_created': np.float64(34.22), 'pressure_appetite': np.float64(12.17), 'difficulty_embrace': np.float64(17.71), 'defensive_survival': np.float64(46.33), 'force_multiplication': np.float64(17.64)}","{'scaling_efficiency': np.float64(43.95999999999998), 'pressure_appetite': np.float64(24.40000000000004), 'creation_tools': np.float64(53.645678219940095), 'opportunity_response': np.float64(63.542857142857144), 'age_trajectory': np.float64(48.34)}",Medium
Bradley Beal,2019-20,74.98,75.16,Strong Creator,High Scaling,Franchise Engine,0.04639999999999992,4,1,Steps Up,True,CII 75.0 >= 74: Already elite creator,"{'self_created': np.float64(73.18), 'pressure_appetite': np.float64(90.0), 'difficulty_embrace': np.float64(66.24), 'defensive_survival': np.float64(70.4), 'force_multiplication': np.float64(67.23)}","{'scaling_efficiency': np.float64(64.86552899774387), 'pressure_appetite': np.float64(77.1662721893491), 'creation_tools': np.float64(81.7), 'opportunity_response': np.float64(86.0), 'age_trajectory': np.float64(71.66)}",High
Brandon Clarke,2019-20,14.88,39.17,Role Player,Limited Scaling,Role Player,-0.036,0,1,Hides,False,"Low CII 14.9, low TII 39.2","{'self_created': np.float64(2.25), 'pressure_appetite': np.float64(20.33), 'difficulty_embrace': np.float64(6.7), 'defensive_survival': np.float64(41.64), 'force_multiplication': np.float64(15.34)}","{'scaling_efficiency': np.float64(19.666095551894564), 'pressure_appetite': np.float64(25.600000000000005), 'creation_tools': np.float64(24.515447154471545), 'opportunity_response': np.float64(83.12), 'age_trajectory': np.float64(95.0)}",Medium
Brandon Ingram,2019-20,58.28,75.23,Luxury Amplifier,High Scaling,Luxury Amplifier,-0.018999999999999975,1,3,Mixed,True,"Negative career leverage (-0.019, 1+/3-) BUT has creation tools: Thrives as #2","{'self_created': np.float64(55.43), 'pressure_appetite': np.float64(78.8), 'difficulty_embrace': np.float64(43.84), 'defensive_survival': np.float64(51.09), 'force_multiplication': np.float64(55.18)}","{'scaling_efficiency': np.float64(61.02609364745284), 'pressure_appetite': np.float64(74.05454545454545), 'creation_tools': np.float64(77.55), 'opportunity_response': np.float64(86.0), 'age_trajectory': np.int64(100)}",High
Brook Lopez,2019-20,23.98,41.26,Role Player,Limited Scaling,Role Player,-0.04179999999999998,1,4,Hides,False,"Low CII 24.0, low TII 41.3, no creation tools","{'self_created': np.float64(4.0), 'pressure_appetite': np.float64(46.97), 'difficulty_embrace': np.float64(9.99), 'defensive_survival': np.float64(44.84), 'force_multiplication': np.float64(23.18)}","{'scaling_efficiency': np.float64(11.625512479078111), 'pressure_appetite': np.float64(71.03535911602211), 'creation_tools': np.float64(37.67692134932399), 'opportunity_response': np.float64(59.885714285714286), 'age_trajectory': np.float64(35.0)}",High
Bruce Brown,2019-20,22.79,42.66,Role Player,Limited Scaling,Role Player,-0.007,0,1,Mixed,False,"Low CII 22.8, low TII 42.7","{'self_created': np.float64(21.44), 'pressure_appetite': np.float64(31.03), 'difficulty_embrace': np.float64(8.19), 'defensive_survival': np.float64(27.36), 'force_multiplication': np.float64(28.6)}","{'scaling_efficiency': np.float64(17.294620936750558), 'pressure_appetite': np.float64(50.87421383647799), 'creation_tools': np.float64(34.908562151659254), 'opportunity_response': np.float64(55.17142857142857), 'age_trajectory': np.float64(95.0)}",Medium
Bryn Forbes,2019-20,29.0,58.1,Role Player,Moderate Scaling,Role Player,-0.030999999999999996,1,1,Hides,True,"Low CII 29.0, moderate TII 58.1 (Age 26 > 25, reclassified from Developing Prospect)","{'self_created': np.float64(11.93), 'pressure_appetite': np.float64(43.59), 'difficulty_embrace': np.float64(28.2), 'defensive_survival': np.float64(50.24), 'force_multiplication': np.float64(13.43)}","{'scaling_efficiency': np.float64(36.961504548738574), 'pressure_appetite': np.float64(62.71891891891892), 'creation_tools': np.float64(66.10977807075368), 'opportunity_response': np.float64(68.51428571428572), 'age_trajectory': np.float64(78.33)}",Medium
Buddy Hield,2019-20,56.11,65.2,Luxury Amplifier,High Scaling,Luxury Amplifier,-0.0024999999999999745,2,2,Mixed,True,"Negative career leverage (-0.002, 2+/2-) BUT has creation tools: Thrives as #2","{'self_created': np.float64(49.62), 'pressure_appetite': np.float64(65.59), 'difficulty_embrace': np.float64(56.59), 'defensive_survival': np.float64(67.75), 'force_multiplication': np.float64(33.49)}","{'scaling_efficiency': np.float64(45.52026177603534), 'pressure_appetite': np.float64(75.38555133079845), 'creation_tools': np.float64(77.11666666666667), 'opportunity_response': np.float64(67.4), 'age_trajectory': np.float64(71.66)}",High
CJ McCollum,2019-20,52.9,50.72,Fragile Star,Moderate Scaling,Luxury Amplifier,-0.023999999999999983,1,4,Hides,True,"Negative career leverage (-0.024, 1+/4-) BUT has creation tools: Thrives as #2","{'self_created': np.float64(67.59), 'pressure_appetite': np.float64(22.83), 'difficulty_embrace': np.float64(75.76), 'defensive_survival': np.float64(59.48), 'force_multiplication': np.float64(28.44)}","{'scaling_efficiency': np.float64(51.392637215594775), 'pressure_appetite': np.float64(8.000000000000004), 'creation_tools': np.float64(88.25), 'opportunity_response': np.float64(61.0), 'age_trajectory': np.float64(64.99000000000001)}",High
Caleb Martin,2019-20,7.79,30.94,Role Player,Low Scaling,Role Player,-0.099,0,1,Hides,False,"Low CII 7.8, low TII 30.9","{'self_created': np.float64(3.33), 'pressure_appetite': np.float64(10.0), 'difficulty_embrace': np.float64(7.54), 'defensive_survival': np.float64(16.28), 'force_multiplication': np.float64(3.41)}","{'scaling_efficiency': np.float64(20.880602614569664), 'pressure_appetite': np.float64(0.40000000000000036), 'creation_tools': np.float64(24.533525887890455), 'opportunity_response': np.float64(71.09428571428572), 'age_trajectory': np.float64(90.0)}",Medium
Cam Reddish,2019-20,14.85,35.47,Role Player,Limited Scaling,Role Player,-0.092,0,1,Hides,False,"Low CII 14.8, low TII 35.5","{'self_created': np.float64(14.39), 'pressure_appetite': np.float64(10.0), 'difficulty_embrace': np.float64(20.79), 'defensive_survival': np.float64(17.76), 'force_multiplication': np.float64(12.14)}","{'scaling_efficiency': np.float64(19.838842529165106), 'pressure_appetite': np.float64(3.200000000000003), 'creation_tools': np.float64(53.191155789936275), 'opportunity_response': np.float64(53.885714285714286), 'age_trajectory': np.int64(100)}",Medium
Cameron Johnson,2019-20,7.83,34.75,Role Player,Low Scaling,Role Player,-0.0519999999999999,0,1,Hides,False,"Low CII 7.8, low TII 34.8","{'self_created': np.float64(1.16), 'pressure_appetite': np.float64(10.0), 'difficulty_embrace': np.float64(8.57), 'defensive_survival': np.float64(20.13), 'force_multiplication': np.float64(2.49)}","{'scaling_efficiency': np.float64(13.938494420756596), 'pressure_appetite': np.float64(19.20000000000004), 'creation_tools': np.float64(33.012055133796366), 'opportunity_response': np.float64(67.74285714285713), 'age_trajectory': np.float64(90.0)}",Medium
Caris LeVert,2019-20,52.89,60.47,Fragile Star,Moderate Scaling,Luxury Amplifier,-0.008499999999999924,0,4,Mixed,True,"Negative career leverage (-0.008, 0+/4-) BUT has creation tools: Thrives as #2","{'self_created': np.float64(51.06), 'pressure_appetite': np.float64(54.53), 'difficulty_embrace': np.float64(46.24), 'defensive_survival': np.float64(70.32), 'force_multiplication': np.float64(41.39)}","{'scaling_efficiency': np.float64(41.30489845439679), 'pressure_appetite': np.float64(64.80985915492961), 'creation_tools': np.float64(74.58333333333334), 'opportunity_response': np.float64(56.37142857142857), 'age_trajectory': np.float64(85.0)}",High
Carmelo Anthony,2019-20,32.96,37.16,Role Player,Limited Scaling,Luxury Amplifier,-0.0022499999999999777,2,2,Mixed,True,"Negative career leverage (-0.002, 2+/2-) BUT has creation tools: Thrives as #2","{'self_created': np.float64(33.9), 'pressure_appetite': np.float64(14.83), 'difficulty_embrace': np.float64(49.04), 'defensive_survival': np.float64(43.39), 'force_multiplication': np.float64(27.61)}","{'scaling_efficiency': np.float64(33.801376146788996), 'pressure_appetite': np.float64(6.000000000000045), 'creation_tools': np.float64(73.25), 'opportunity_response': np.float64(59.114285714285714), 'age_trajectory': np.int64(20)}",High
Cedi Osman,2019-20,19.4,46.2,Role Player,Limited Scaling,Role Player,-0.006499999999999951,1,1,Mixed,False,"Low CII 19.4, low TII 46.2","{'self_created': np.float64(14.96), 'pressure_appetite': np.float64(21.37), 'difficulty_embrace': np.float64(14.36), 'defensive_survival': np.float64(36.67), 'force_multiplication': np.float64(11.93)}","{'scaling_efficiency': np.float64(22.91733333333334), 'pressure_appetite': np.float64(42.44444444444447), 'creation_tools': np.float64(54.39878550637358), 'opportunity_response': np.float64(62.2), 'age_trajectory': np.float64(85.0)}",Medium
Chris Paul,2019-20,82.12,83.4,Franchise Engine,Elite Scaling,Franchise Engine,0.03919999999999998,4,1,Steps Up,True,CII 82.1 >= 74: Already elite creator,"{'self_created': np.float64(98.33), 'pressure_appetite': np.float64(75.5), 'difficulty_embrace': np.float64(81.21), 'defensive_survival': np.float64(85.62), 'force_multiplication': np.float64(46.66)}","{'scaling_efficiency': np.float64(87.02857142857144), 'pressure_appetite': np.float64(90.95614035087718), 'creation_tools': np.float64(96.25), 'opportunity_response': np.float64(88.7), 'age_trajectory': np.int64(20)}",High
Christian Wood,2019-20,14.74,34.23,Role Player,Low Scaling,Role Player,-0.079,0,1,Hides,False,"Low CII 14.7, low TII 34.2","{'self_created': np.float64(7.7), 'pressure_appetite': np.float64(17.33), 'difficulty_embrace': np.float64(6.76), 'defensive_survival': np.float64(29.59), 'force_multiplication': np.float64(23.08)}","{'scaling_efficiency': np.float64(20.801322489929316), 'pressure_appetite': np.float64(8.400000000000002), 'creation_tools': np.float64(25.041570965037003), 'opportunity_response': np.float64(79.17714285714285), 'age_trajectory': np.float64(90.0)}",Medium
Clint Capela,2019-20,13.88,43.59,Role Player,Limited Scaling,Role Player,-0.07099999999999995,0,4,Hides,False,"Low CII 13.9, low TII 43.6, no creation tools","{'self_created': np.float64(0.85), 'pressure_appetite': np.float64(24.96), 'difficulty_embrace': np.float64(0.8), 'defensive_survival': np.float64(39.59), 'force_multiplication': np.float64(12.84)}","{'scaling_efficiency': np.float64(19.22965034965035), 'pressure_appetite': np.float64(54.371794871794904), 'creation_tools': np.float64(12.99257869501772), 'opportunity_response': np.float64(92.0), 'age_trajectory': np.float64(78.33)}",High
Coby White,2019-20,29.99,43.48,Role Player,Limited Scaling,Role Player,-0.0779999999999999,0,1,Hides,False,"Low CII 30.0, low TII 43.5","{'self_created': np.float64(30.26), 'pressure_appetite': np.float64(19.5), 'difficulty_embrace': np.float64(32.51), 'defensive_survival': np.float64(46.77), 'force_multiplication': np.float64(25.16)}","{'scaling_efficiency': np.float64(30.892866989169057), 'pressure_appetite': np.float64(8.80000000000004), 'creation_tools': np.float64(70.2470247362048), 'opportunity_response': np.float64(53.114285714285714), 'age_trajectory': np.int64(100)}",Medium
Cody Martin,2019-20,10.09,32.53,Role Player,Low Scaling,Role Player,-0.038,0,1,Hides,False,"Low CII 10.1, low TII 32.5","{'self_created': np.float64(9.97), 'pressure_appetite': np.float64(10.0), 'difficulty_embrace': np.float64(5.97), 'defensive_survival': np.float64(18.25), 'force_multiplication': np.float64(6.67)}","{'scaling_efficiency': np.float64(12.40324718722217), 'pressure_appetite': np.float64(24.800000000000004), 'creation_tools': np.float64(32.72196983801899), 'opportunity_response': np.float64(47.114285714285714), 'age_trajectory': np.float64(90.0)}",Medium
Cody Zeller,2019-20,11.56,24.74,Role Player,Low Scaling,Role Player,-0.07149999999999998,0,4,Hides,False,"Low CII 11.6, low TII 24.7, no creation tools","{'self_created': np.float64(8.6), 'pressure_appetite': np.float64(10.17), 'difficulty_embrace': np.float64(2.39), 'defensive_survival': np.float64(28.9), 'force_multiplication': np.float64(16.29)}","{'scaling_efficiency': np.float64(14.293409840490131), 'pressure_appetite': np.float64(0.0), 'creation_tools': np.float64(16.347645916757674), 'opportunity_response': np.float64(66.8), 'age_trajectory': np.float64(71.66)}",High
Collin Sexton,2019-20,49.34,67.55,Fragile Star,High Scaling,Strong Creator,-0.0235,0,2,Hides,True,"CII 49.3, TII 67.5","{'self_created': np.float64(55.68), 'pressure_appetite': np.float64(48.0), 'difficulty_embrace': np.float64(41.77), 'defensive_survival': np.float64(49.0), 'force_multiplication': np.float64(49.3)}","{'scaling_efficiency': np.float64(61.83182377278319), 'pressure_appetite': np.float64(49.58333333333333), 'creation_tools': np.float64(81.06666666666666), 'opportunity_response': np.float64(69.28571428571428), 'age_trajectory': np.int64(100)}",Medium
Cory Joseph,2019-20,25.51,54.24,Role Player,Moderate Scaling,Luxury Amplifier,-0.059499999999999956,0,4,Hides,True,"Negative career leverage (-0.059, 0+/4-) BUT has creation tools: Thrives as #2","{'self_created': np.float64(28.89), 'pressure_appetite': np.float64(13.52), 'difficulty_embrace': np.float64(27.23), 'defensive_survival': np.float64(42.88), 'force_multiplication': np.float64(15.85)}","{'scaling_efficiency': np.float64(48.70666666666667), 'pressure_appetite': np.float64(42.12335958005249), 'creation_tools': np.float64(74.03228026374752), 'opportunity_response': np.float64(51.91428571428571), 'age_trajectory': np.float64(64.99000000000001)}",High
D'Angelo Russell,2019-20,75.58,77.6,Strong Creator,High Scaling,Franchise Engine,0.03339999999999998,4,1,Steps Up,True,CII 75.6 >= 74: Already elite creator,"{'self_created': np.float64(73.78), 'pressure_appetite': np.float64(80.61), 'difficulty_embrace': np.float64(80.11), 'defensive_survival': np.float64(82.54), 'force_multiplication': np.float64(48.94)}","{'scaling_efficiency': np.float64(64.38189847313933), 'pressure_appetite': np.float64(84.76885245901639), 'creation_tools': np.float64(88.95), 'opportunity_response': np.float64(68.68571428571428), 'age_trajectory': np.float64(90.0)}",High
D.J. Augustin,2019-20,47.21,67.4,Fragile Star,High Scaling,Role Player,-0.03099999999999998,1,4,Hides,False,"Low CII 47.2, low TII 67.4, no creation tools","{'self_created': np.float64(50.01), 'pressure_appetite': np.float64(49.35), 'difficulty_embrace': np.float64(36.41), 'defensive_survival': np.float64(55.73), 'force_multiplication': np.float64(42.24)}","{'scaling_efficiency': np.float64(74.4), 'pressure_appetite': np.float64(68.48260869565215), 'creation_tools': np.float64(78.55201484623541), 'opportunity_response': np.float64(58.34285714285714), 'age_trajectory': np.float64(35.0)}",High
Damian Lillard,2019-20,83.65,80.33,Franchise Engine,Elite Scaling,Franchise Engine,0.05679999999999996,5,0,Steps Up,True,CII 83.7 >= 74: Already elite creator,"{'self_created': np.float64(100.0), 'pressure_appetite': np.float64(85.33), 'difficulty_embrace': np.float64(76.6), 'defensive_survival': np.float64(69.27), 'force_multiplication': np.float64(66.02)}","{'scaling_efficiency': np.float64(87.57933246877349), 'pressure_appetite': np.float64(76.10612244897959), 'creation_tools': np.float64(82.3), 'opportunity_response': np.float64(86.0), 'age_trajectory': np.float64(56.67)}",High
Damion Lee,2019-20,26.65,52.58,Role Player,Moderate Scaling,Role Player,-0.02849999999999995,1,1,Hides,True,"Low CII 26.6, low TII 52.6","{'self_created': np.float64(10.35), 'pressure_appetite': np.float64(44.91), 'difficulty_embrace': np.float64(24.5), 'defensive_survival': np.float64(40.37), 'force_multiplication': np.float64(13.62)}","{'scaling_efficiency': np.float64(32.98027510953827), 'pressure_appetite': np.float64(60.313043478260866), 'creation_tools': np.float64(60.307122658183104), 'opportunity_response': np.float64(55.85714285714286), 'age_trajectory': np.float64(71.66)}",Medium
Daniel Theis,2019-20,13.01,40.79,Role Player,Limited Scaling,Role Player,-0.06399999999999995,0,2,Hides,False,"Low CII 13.0, low TII 40.8","{'self_created': np.float64(0.67), 'pressure_appetite': np.float64(20.08), 'difficulty_embrace': np.float64(6.39), 'defensive_survival': np.float64(35.76), 'force_multiplication': np.float64(11.51)}","{'scaling_efficiency': np.float64(18.99224751897256), 'pressure_appetite': np.float64(48.375000000000036), 'creation_tools': np.float64(18.93084914182475), 'opportunity_response': np.float64(84.72285714285715), 'age_trajectory': np.float64(64.99000000000001)}",Medium
Danilo Gallinari,2019-20,33.83,52.18,Role Player,Moderate Scaling,Luxury Amplifier,-0.01919999999999994,0,5,Mixed,True,"Negative career leverage (-0.019, 0+/5-) BUT has creation tools: Thrives as #2","{'self_created': np.float64(28.84), 'pressure_appetite': np.float64(32.5), 'difficulty_embrace': np.float64(31.0), 'defensive_survival': np.float64(48.96), 'force_multiplication': np.float64(35.11)}","{'scaling_efficiency': np.float64(51.15795427053638), 'pressure_appetite': np.float64(24.40000000000004), 'creation_tools': np.float64(68.48238594369414), 'opportunity_response': np.float64(86.90857142857143), 'age_trajectory': np.float64(40.01)}",High
Danny Green,2019-20,16.68,40.04,Role Player,Limited Scaling,Role Player,0.0010000000000000005,2,3,Mixed,False,"Mixed career leverage, no tools, low CII","{'self_created': np.float64(4.78), 'pressure_appetite': np.float64(24.72), 'difficulty_embrace': np.float64(12.69), 'defensive_survival': np.float64(40.3), 'force_multiplication': np.float64(4.83)}","{'scaling_efficiency': np.float64(15.711171717171725), 'pressure_appetite': np.float64(57.33333333333333), 'creation_tools': np.float64(46.25734718458295), 'opportunity_response': np.float64(58.25714285714285), 'age_trajectory': np.float64(30.0)}",High
Danuel House Jr.,2019-20,15.2,43.03,Role Player,Limited Scaling,Role Player,-0.0215,0,2,Hides,False,"Low CII 15.2, low TII 43.0","{'self_created': np.float64(5.11), 'pressure_appetite': np.float64(22.89), 'difficulty_embrace': np.float64(9.26), 'defensive_survival': np.float64(37.66), 'force_multiplication': np.float64(4.48)}","{'scaling_efficiency': np.float64(20.549002491280508), 'pressure_appetite': np.float64(51.93333333333334), 'creation_tools': np.float64(36.27110809996989), 'opportunity_response': np.float64(63.05714285714286), 'age_trajectory': np.float64(71.66)}",Medium
Dario Šarić,2019-20,9.11,32.88,Role Player,Low Scaling,Role Player,-0.0584999999999999,0,4,Hides,False,"Low CII 9.1, low TII 32.9, no creation tools","{'self_created': np.float64(4.31), 'pressure_appetite': np.float64(10.0), 'difficulty_embrace': np.float64(9.09), 'defensive_survival': np.float64(17.03), 'force_multiplication': np.float64(9.4)}","{'scaling_efficiency': np.float64(16.187343860779887), 'pressure_appetite': np.float64(6.400000000000046), 'creation_tools': np.float64(34.60811139145874), 'opportunity_response': np.float64(77.78857142857143), 'age_trajectory': np.float64(78.33)}",High
Darius Garland,2019-20,36.78,59.61,Role Player,Moderate Scaling,Developing Prospect,-0.028,0,1,Hides,True,"Low CII 36.8, moderate TII 59.6","{'self_created': np.float64(34.29), 'pressure_appetite': np.float64(28.81), 'difficulty_embrace': np.float64(49.56), 'defensive_survival': np.float64(46.71), 'force_multiplication': np.float64(23.7)}","{'scaling_efficiency': np.float64(41.033062535424136), 'pressure_appetite': np.float64(46.1592039800995), 'creation_tools': np.float64(85.7), 'opportunity_response': np.float64(57.48571428571428), 'age_trajectory': np.int64(100)}",Medium
Davis Bertans,2019-20,18.4,50.0,Role Player,Limited Scaling,Role Player,-0.0219999999999999,0,1,Hides,False,"Low CII 18.4, low TII 50.0","{'self_created': np.float64(7.42), 'pressure_appetite': np.float64(27.95), 'difficulty_embrace': np.float64(14.41), 'defensive_survival': np.float64(35.66), 'force_multiplication': np.float64(9.54)}","{'scaling_efficiency': np.float64(29.69901639344262), 'pressure_appetite': np.float64(44.50273224043719), 'creation_tools': np.float64(46.76832378159847), 'opportunity_response': np.float64(89.6257142857143), 'age_trajectory': np.float64(71.66)}",Medium
De'Aaron Fox,2019-20,62.43,76.11,Luxury Amplifier,High Scaling,Latent Engine,0.03566666666666663,3,0,Steps Up,True,"Medium CII 62.4, high TII 76.1, has tools","{'self_created': np.float64(65.05), 'pressure_appetite': np.float64(67.87), 'difficulty_embrace': np.float64(45.51), 'defensive_survival': np.float64(68.78), 'force_multiplication': np.float64(65.27)}","{'scaling_efficiency': np.float64(71.54588381484933), 'pressure_appetite': np.float64(78.06896551724138), 'creation_tools': np.float64(74.34007569386038), 'opportunity_response': np.float64(68.42857142857143), 'age_trajectory': np.int64(100)}",Medium
De'Andre Hunter,2019-20,19.74,42.55,Role Player,Limited Scaling,Role Player,-0.0569999999999999,0,1,Hides,True,"Low CII 19.7, low TII 42.5","{'self_created': np.float64(14.53), 'pressure_appetite': np.float64(12.67), 'difficulty_embrace': np.float64(23.8), 'defensive_survival': np.float64(41.44), 'force_multiplication': np.float64(12.4)}","{'scaling_efficiency': np.float64(26.41924148191508), 'pressure_appetite': np.float64(17.200000000000042), 'creation_tools': np.float64(57.81943935335307), 'opportunity_response': np.float64(58.42857142857143), 'age_trajectory': np.int64(100)}",Medium
De'Anthony Melton,2019-20,23.18,45.22,Role Player,Limited Scaling,Role Player,0.01450000000000005,1,1,Steps Up,False,"Low CII 23.2, low TII 45.2","{'self_created': np.float64(14.86), 'pressure_appetite': np.float64(31.31), 'difficulty_embrace': np.float64(16.9), 'defensive_survival': np.float64(40.6), 'force_multiplication': np.float64(14.26)}","{'scaling_efficiency': np.float64(19.024723492723492), 'pressure_appetite': np.float64(51.109909909909945), 'creation_tools': np.float64(47.89897824653922), 'opportunity_response': np.float64(47.714285714285715), 'age_trajectory': np.int64(100)}",Medium
DeAndre Jordan,2019-20,17.17,38.71,Role Player,Limited Scaling,Role Player,-0.0007999999999999793,3,2,Mixed,False,"Low CII 17.2, low TII 38.7, no creation tools","{'self_created': np.float64(7.27), 'pressure_appetite': np.float64(34.65), 'difficulty_embrace': np.float64(0.4), 'defensive_survival': np.float64(32.43), 'force_multiplication': np.float64(13.86)}","{'scaling_efficiency': np.float64(19.770100040016004), 'pressure_appetite': np.float64(57.84705882352938), 'creation_tools': np.float64(9.533333333333333), 'opportunity_response': np.float64(82.74285714285713), 'age_trajectory': np.float64(40.01)}",High
DeAndre' Bembry,2019-20,10.56,34.01,Role Player,Low Scaling,Role Player,-0.0385,0,2,Hides,False,"Low CII 10.6, low TII 34.0","{'self_created': np.float64(8.67), 'pressure_appetite': np.float64(15.45), 'difficulty_embrace': np.float64(2.97), 'defensive_survival': np.float64(18.5), 'force_multiplication': np.float64(7.27)}","{'scaling_efficiency': np.float64(10.84592874045929), 'pressure_appetite': np.float64(41.91727493917274), 'creation_tools': np.float64(21.963156489229124), 'opportunity_response': np.float64(49.25714285714285), 'age_trajectory': np.float64(85.0)}",Medium
DeMar DeRozan,2019-20,65.62,75.99,Luxury Amplifier,High Scaling,Strong Creator,0.06899999999999995,5,0,Steps Up,True,"Positive career leverage (+0.069, 5+/0-), CII 65.6, TII 76.0: Can be #1 (Age 30 > 28, reclassified from Latent Engine)","{'self_created': np.float64(75.31), 'pressure_appetite': np.float64(67.04), 'difficulty_embrace': np.float64(54.09), 'defensive_survival': np.float64(61.77), 'force_multiplication': np.float64(61.87)}","{'scaling_efficiency': np.float64(76.05681385505426), 'pressure_appetite': np.float64(72.5007633587786), 'creation_tools': np.float64(86.55), 'opportunity_response': np.float64(86.0), 'age_trajectory': np.float64(48.34)}",High
Deandre Ayton,2019-20,20.37,40.6,Role Player,Limited Scaling,Role Player,-0.07899999999999995,0,2,Hides,True,"Low CII 20.4, low TII 40.6","{'self_created': np.float64(6.43), 'pressure_appetite': np.float64(22.17), 'difficulty_embrace': np.float64(18.0), 'defensive_survival': np.float64(40.06), 'force_multiplication': np.float64(32.85)}","{'scaling_efficiency': np.float64(24.981498016627715), 'pressure_appetite': np.float64(16.8), 'creation_tools': np.float64(40.61704853412171), 'opportunity_response': np.float64(71.85714285714286), 'age_trajectory': np.int64(100)}",Medium
Dejounte Murray,2019-20,36.33,54.4,Role Player,Moderate Scaling,Role Player,-0.016,1,1,Mixed,True,"Low CII 36.3, low TII 54.4","{'self_created': np.float64(40.29), 'pressure_appetite': np.float64(21.83), 'difficulty_embrace': np.float64(45.17), 'defensive_survival': np.float64(44.59), 'force_multiplication': np.float64(30.68)}","{'scaling_efficiency': np.float64(49.05340241796201), 'pressure_appetite': np.float64(21.600000000000037), 'creation_tools': np.float64(84.19581713208436), 'opportunity_response': np.float64(52.942857142857136), 'age_trajectory': np.float64(95.0)}",Medium
Dennis Schröder,2019-20,46.51,60.8,Fragile Star,Moderate Scaling,Luxury Amplifier,-0.01819999999999998,2,3,Mixed,True,"Negative career leverage (-0.018, 2+/3-) BUT has creation tools: Thrives as #2","{'self_created': np.float64(52.93), 'pressure_appetite': np.float64(34.19), 'difficulty_embrace': np.float64(50.71), 'defensive_survival': np.float64(55.34), 'force_multiplication': np.float64(36.42)}","{'scaling_efficiency': np.float64(64.28487664564662), 'pressure_appetite': np.float64(22.0), 'creation_tools': np.float64(84.75), 'opportunity_response': np.float64(74.9), 'age_trajectory': np.float64(78.33)}",High
Derrick Favors,2019-20,15.65,41.86,Role Player,Limited Scaling,Role Player,-0.027249999999999948,0,4,Hides,False,"Low CII 15.7, low TII 41.9, no creation tools","{'self_created': np.float64(9.85), 'pressure_appetite': np.float64(15.56), 'difficulty_embrace': np.float64(4.8), 'defensive_survival': np.float64(44.54), 'force_multiplication': np.float64(11.63)}","{'scaling_efficiency': np.float64(18.72134777376655), 'pressure_appetite': np.float64(54.33333333333333), 'creation_tools': np.float64(17.052905751279734), 'opportunity_response': np.float64(85.00571428571428), 'age_trajectory': np.float64(64.99000000000001)}",High
Derrick Rose,2019-20,68.33,73.98,Luxury Amplifier,High Scaling,Strong Creator,0.059999999999999956,4,0,Steps Up,True,"Positive career leverage (+0.060, 4+/0-), CII 68.3, TII 74.0: Can be #1 (Age 31 > 28, reclassified from Latent Engine)","{'self_created': np.float64(64.62), 'pressure_appetite': np.float64(90.0), 'difficulty_embrace': np.float64(52.34), 'defensive_survival': np.float64(65.81), 'force_multiplication': np.float64(61.0)}","{'scaling_efficiency': np.float64(74.95247524752475), 'pressure_appetite': np.float64(84.7), 'creation_tools': np.float64(84.12079610400065), 'opportunity_response': np.float64(63.28571428571429), 'age_trajectory': np.float64(40.01)}",High
Derrick White,2019-20,28.2,60.11,Role Player,Moderate Scaling,Developing Prospect,0.0030000000000000478,1,1,Mixed,False,"Low CII 28.2, moderate TII 60.1","{'self_created': np.float64(42.27), 'pressure_appetite': np.float64(14.83), 'difficulty_embrace': np.float64(22.34), 'defensive_survival': np.float64(28.55), 'force_multiplication': np.float64(30.6)}","{'scaling_efficiency': np.float64(73.36321888182835), 'pressure_appetite': np.float64(18.400000000000038), 'creation_tools': np.float64(66.64533519925364), 'opportunity_response': np.float64(77.78857142857143), 'age_trajectory': np.float64(85.0)}",Medium
Devin Booker,2019-20,72.08,78.84,Strong Creator,High Scaling,Latent Engine,0.030399999999999944,4,1,Steps Up,True,"Positive career leverage (+0.030, 4+/1-), CII 72.1, TII 78.8: Can be #1","{'self_created': np.float64(79.69), 'pressure_appetite': np.float64(70.31), 'difficulty_embrace': np.float64(67.03), 'defensive_survival': np.float64(70.28), 'force_multiplication': np.float64(66.45)}","{'scaling_efficiency': np.float64(72.33978291953724), 'pressure_appetite': np.float64(71.38095238095238), 'creation_tools': np.float64(84.45), 'opportunity_response': np.float64(86.0), 'age_trajectory': np.float64(95.0)}",High
Devonte' Graham,2019-20,67.6,72.64,Luxury Amplifier,High Scaling,Latent Engine,-0.005999999999999998,1,1,Mixed,True,"CII 67.6, TII 72.6: High potential (limited career data)","{'self_created': np.float64(63.5), 'pressure_appetite': np.float64(74.0), 'difficulty_embrace': np.float64(66.07), 'defensive_survival': np.float64(82.03), 'force_multiplication': np.float64(45.34)}","{'scaling_efficiency': np.float64(60.42023645999938), 'pressure_appetite': np.float64(86.12057613168724), 'creation_tools': np.float64(76.65), 'opportunity_response': np.float64(61.0), 'age_trajectory': np.float64(85.0)}",Medium
Dewayne Dedmon,2019-20,17.84,31.5,Role Player,Low Scaling,Role Player,-0.018,3,1,Mixed,False,"Low CII 17.8, low TII 31.5, no creation tools","{'self_created': np.float64(1.15), 'pressure_appetite': np.float64(44.19), 'difficulty_embrace': np.float64(7.39), 'defensive_survival': np.float64(22.11), 'force_multiplication': np.float64(16.48)}","{'scaling_efficiency': np.float64(2.351762190495895), 'pressure_appetite': np.float64(60.4223463687151), 'creation_tools': np.float64(19.69348912204206), 'opportunity_response': np.float64(46.08571428571429), 'age_trajectory': np.float64(48.34)}",High
Dillon Brooks,2019-20,27.96,39.51,Role Player,Limited Scaling,Role Player,-0.07749999999999996,0,2,Hides,True,"Low CII 28.0, low TII 39.5","{'self_created': np.float64(27.88), 'pressure_appetite': np.float64(19.83), 'difficulty_embrace': np.float64(42.86), 'defensive_survival': np.float64(27.16), 'force_multiplication': np.float64(19.91)}","{'scaling_efficiency': np.float64(23.836403999921416), 'pressure_appetite': np.float64(4.800000000000004), 'creation_tools': np.float64(68.95), 'opportunity_response': np.float64(55.771428571428565), 'age_trajectory': np.float64(90.0)}",Medium
Domantas Sabonis,2019-20,24.55,43.59,Role Player,Limited Scaling,Role Player,-0.04999999999999995,0,2,Hides,True,"Low CII 24.6, low TII 43.6","{'self_created': np.float64(16.08), 'pressure_appetite': np.float64(23.35), 'difficulty_embrace': np.float64(13.8), 'defensive_survival': np.float64(39.78), 'force_multiplication': np.float64(51.58)}","{'scaling_efficiency': np.float64(34.961934019698454), 'pressure_appetite': np.float64(18.400000000000002), 'creation_tools': np.float64(36.376284304327754), 'opportunity_response': np.float64(81.5), 'age_trajectory': np.float64(90.0)}",Medium
Donovan Mitchell,2019-20,75.73,78.39,Strong Creator,High Scaling,Franchise Engine,0.12366666666666666,3,0,Steps Up,True,CII 75.7 >= 74: Already elite creator,"{'self_created': np.float64(72.01), 'pressure_appetite': np.float64(90.0), 'difficulty_embrace': np.float64(69.21), 'defensive_survival': np.float64(79.92), 'force_multiplication': np.float64(58.0)}","{'scaling_efficiency': np.float64(64.33974156168004), 'pressure_appetite': np.float64(87.93267326732673), 'creation_tools': np.float64(85.23333333333333), 'opportunity_response': np.float64(70.39999999999999), 'age_trajectory': np.float64(95.0)}",Medium
Donte DiVincenzo,2019-20,16.97,36.36,Role Player,Limited Scaling,Role Player,-0.09,0,1,Hides,False,"Low CII 17.0, low TII 36.4","{'self_created': np.float64(20.07), 'pressure_appetite': np.float64(10.0), 'difficulty_embrace': np.float64(15.56), 'defensive_survival': np.float64(27.62), 'force_multiplication': np.float64(11.94)}","{'scaling_efficiency': np.float64(25.72698743601676), 'pressure_appetite': np.float64(4.0000000000000036), 'creation_tools': np.float64(48.15189701897019), 'opportunity_response': np.float64(56.71428571428571), 'age_trajectory': np.float64(95.0)}",Medium
Dorian Finney-Smith,2019-20,13.8,44.28,Role Player,Limited Scaling,Role Player,-0.02049999999999995,0,4,Hides,False,"Low CII 13.8, low TII 44.3, no creation tools","{'self_created': np.float64(2.33), 'pressure_appetite': np.float64(22.68), 'difficulty_embrace': np.float64(4.06), 'defensive_survival': np.float64(41.15), 'force_multiplication': np.float64(4.45)}","{'scaling_efficiency': np.float64(15.559562262098963), 'pressure_appetite': np.float64(60.78645833333337), 'creation_tools': np.float64(24.242276422764228), 'opportunity_response': np.float64(82.69142857142856), 'age_trajectory': np.float64(71.66)}",High
Draymond Green,2019-20,13.5,31.13,Role Player,Low Scaling,Role Player,-0.008000000000000021,2,3,Mixed,False,"Low CII 13.5, low TII 31.1, no creation tools","{'self_created': np.float64(4.55), 'pressure_appetite': np.float64(11.67), 'difficulty_embrace': np.float64(13.77), 'defensive_survival': np.float64(39.47), 'force_multiplication': np.float64(5.42)}","{'scaling_efficiency': np.float64(12.213279755070799), 'pressure_appetite': np.float64(21.6), 'creation_tools': np.float64(44.67578695017719), 'opportunity_response': np.float64(55.34285714285714), 'age_trajectory': np.float64(48.34)}",High
Duncan Robinson,2019-20,18.52,50.66,Role Player,Moderate Scaling,Role Player,0.008,1,0,Mixed,False,"Low CII 18.5, low TII 50.7","{'self_created': np.float64(4.59), 'pressure_appetite': np.float64(38.89), 'difficulty_embrace': np.float64(9.43), 'defensive_survival': np.float64(30.89), 'force_multiplication': np.float64(8.96)}","{'scaling_efficiency': np.float64(27.421786066058175), 'pressure_appetite': np.float64(58.65732484076433), 'creation_tools': np.float64(32.16602713479364), 'opportunity_response': np.float64(90.00285714285714), 'age_trajectory': np.float64(78.33)}",Medium
Dwayne Bacon,2019-20,30.33,50.0,Role Player,Moderate Scaling,Role Player,-0.037333333333333364,1,2,Hides,False,"Low CII 30.3, low TII 50.0","{'self_created': np.float64(8.41), 'pressure_appetite': np.float64(48.55), 'difficulty_embrace': np.float64(15.61), 'defensive_survival': np.float64(63.41), 'force_multiplication': np.float64(30.34)}","{'scaling_efficiency': np.float64(22.84), 'pressure_appetite': np.float64(75.31428571428569), 'creation_tools': np.float64(42.034673291177356), 'opportunity_response': np.float64(46.08571428571429), 'age_trajectory': np.float64(90.0)}",Medium
Dwight Howard,2019-20,12.28,27.24,Role Player,Low Scaling,Role Player,-0.058499999999999955,0,4,Hides,False,"Low CII 12.3, low TII 27.2, no creation tools","{'self_created': np.float64(21.11), 'pressure_appetite': np.float64(10.5), 'difficulty_embrace': np.float64(0.8), 'defensive_survival': np.float64(18.45), 'force_multiplication': np.float64(3.94)}","{'scaling_efficiency': np.float64(17.516863921676997), 'pressure_appetite': np.float64(22.800000000000004), 'creation_tools': np.float64(9.066666666666666), 'opportunity_response': np.float64(79.82), 'age_trajectory': np.float64(25.0)}",High
Dwight Powell,2019-20,9.84,33.7,Role Player,Low Scaling,Role Player,-0.06474999999999997,0,4,Hides,False,"Low CII 9.8, low TII 33.7, no creation tools","{'self_created': np.float64(0.96), 'pressure_appetite': np.float64(10.0), 'difficulty_embrace': np.float64(0.0), 'defensive_survival': np.float64(42.69), 'force_multiplication': np.float64(6.47)}","{'scaling_efficiency': np.float64(19.495095447870778), 'pressure_appetite': np.float64(25.600000000000005), 'creation_tools': np.float64(9.5), 'opportunity_response': np.float64(86.9857142857143), 'age_trajectory': np.float64(64.99000000000001)}",High
E'Twaun Moore,2019-20,24.52,42.3,Role Player,Limited Scaling,Role Player,-0.04800000000000001,0,5,Hides,False,"Low CII 24.5, low TII 42.3, no creation tools","{'self_created': np.float64(16.85), 'pressure_appetite': np.float64(35.8), 'difficulty_embrace': np.float64(19.51), 'defensive_survival': np.float64(32.68), 'force_multiplication': np.float64(17.13)}","{'scaling_efficiency': np.float64(28.723971218368504), 'pressure_appetite': np.float64(49.32312925170068), 'creation_tools': np.float64(51.801684088269454), 'opportunity_response': np.float64(46.6), 'age_trajectory': np.float64(40.01)}",High
Elfrid Payton,2019-20,35.35,54.6,Role Player,Moderate Scaling,Strong Creator,0.01419999999999998,3,2,Steps Up,False,"Positive career leverage (+0.014), CII 35.4 still developing (Age 26 > 25, reclassified from Developing Engine)","{'self_created': np.float64(26.07), 'pressure_appetite': np.float64(51.1), 'difficulty_embrace': np.float64(25.03), 'defensive_survival': np.float64(44.08), 'force_multiplication': np.float64(31.39)}","{'scaling_efficiency': np.float64(31.88), 'pressure_appetite': np.float64(65.02105263157893), 'creation_tools': np.float64(63.68089430894308), 'opportunity_response': np.float64(54.74285714285714), 'age_trajectory': np.float64(78.33)}",High
Eric Bledsoe,2019-20,42.3,56.9,Fragile Star,Moderate Scaling,Strong Creator,0.026399999999999944,4,1,Steps Up,False,"Positive career leverage (+0.026), CII 42.3 still developing (Age 30 > 25, reclassified from Developing Engine)","{'self_created': np.float64(57.36), 'pressure_appetite': np.float64(28.08), 'difficulty_embrace': np.float64(32.43), 'defensive_survival': np.float64(48.72), 'force_multiplication': np.float64(42.8)}","{'scaling_efficiency': np.float64(71.57366260934823), 'pressure_appetite': np.float64(22.0), 'creation_tools': np.float64(75.12203845214418), 'opportunity_response': np.float64(67.14285714285714), 'age_trajectory': np.float64(48.34)}",High
Eric Gordon,2019-20,17.15,28.69,Role Player,Low Scaling,Role Player,-0.0696,0,5,Hides,False,"Low CII 17.1, low TII 28.7, no creation tools","{'self_created': np.float64(17.35), 'pressure_appetite': np.float64(11.5), 'difficulty_embrace': np.float64(18.46), 'defensive_survival': np.float64(31.79), 'force_multiplication': np.float64(6.05)}","{'scaling_efficiency': np.float64(20.94836016696482), 'pressure_appetite': np.float64(0.0), 'creation_tools': np.float64(50.65074683304972), 'opportunity_response': np.float64(55.17142857142857), 'age_trajectory': np.float64(40.01)}",High
Eric Paschall,2019-20,28.23,55.28,Role Player,Moderate Scaling,Developing Prospect,-0.0279999999999999,0,1,Hides,True,"Low CII 28.2, moderate TII 55.3","{'self_created': np.float64(25.27), 'pressure_appetite': np.float64(30.05), 'difficulty_embrace': np.float64(22.07), 'defensive_survival': np.float64(32.53), 'force_multiplication': np.float64(38.44)}","{'scaling_efficiency': np.float64(45.198371371498986), 'pressure_appetite': np.float64(42.231884057971044), 'creation_tools': np.float64(55.310810651584774), 'opportunity_response': np.float64(70.65714285714286), 'age_trajectory': np.float64(95.0)}",Medium
Evan Fournier,2019-20,50.5,71.83,Fragile Star,High Scaling,Latent Engine,0.032199999999999965,4,1,Steps Up,True,"Positive career leverage (+0.032, 4+/1-), CII 50.5, TII 71.8: Can be #1","{'self_created': np.float64(46.75), 'pressure_appetite': np.float64(67.15), 'difficulty_embrace': np.float64(42.5), 'defensive_survival': np.float64(48.59), 'force_multiplication': np.float64(39.04)}","{'scaling_efficiency': np.float64(63.64019946298426), 'pressure_appetite': np.float64(71.08185654008436), 'creation_tools': np.float64(72.55), 'opportunity_response': np.float64(88.60571428571428), 'age_trajectory': np.float64(71.66)}",High
Frank Jackson,2019-20,19.26,33.7,Role Player,Low Scaling,Role Player,-0.035,0,2,Hides,True,"Low CII 19.3, low TII 33.7","{'self_created': np.float64(14.48), 'pressure_appetite': np.float64(16.17), 'difficulty_embrace': np.float64(18.31), 'defensive_survival': np.float64(40.38), 'force_multiplication': np.float64(11.56)}","{'scaling_efficiency': np.float64(16.53411865495823), 'pressure_appetite': np.float64(13.599999999999998), 'creation_tools': np.float64(44.79224838800111), 'opportunity_response': np.float64(42.57142857142857), 'age_trajectory': np.int64(100)}",Medium
Frank Kaminsky,2019-20,13.95,26.86,Role Player,Low Scaling,Role Player,-0.059799999999999964,0,5,Hides,False,"Low CII 13.9, low TII 26.9, no creation tools","{'self_created': np.float64(2.88), 'pressure_appetite': np.float64(20.68), 'difficulty_embrace': np.float64(5.59), 'defensive_survival': np.float64(34.56), 'force_multiplication': np.float64(16.1)}","{'scaling_efficiency': np.float64(10.863391954720036), 'pressure_appetite': np.float64(21.20000000000004), 'creation_tools': np.float64(19.646907380838517), 'opportunity_response': np.float64(48.05714285714285), 'age_trajectory': np.float64(71.66)}",High
Frank Ntilikina,2019-20,22.78,51.39,Role Player,Moderate Scaling,Role Player,-0.04533333333333337,1,2,Hides,True,"Low CII 22.8, low TII 51.4","{'self_created': np.float64(23.25), 'pressure_appetite': np.float64(11.5), 'difficulty_embrace': np.float64(34.11), 'defensive_survival': np.float64(31.18), 'force_multiplication': np.float64(14.27)}","{'scaling_efficiency': np.float64(41.519109482567174), 'pressure_appetite': np.float64(22.800000000000004), 'creation_tools': np.float64(79.5288189987163), 'opportunity_response': np.float64(48.82857142857143), 'age_trajectory': np.int64(100)}",Medium
Fred VanVleet,2019-20,48.45,69.32,Fragile Star,High Scaling,Strong Creator,-0.025333333333333263,1,2,Hides,False,"CII 48.5, TII 69.3","{'self_created': np.float64(50.18), 'pressure_appetite': np.float64(45.99), 'difficulty_embrace': np.float64(37.97), 'defensive_survival': np.float64(68.24), 'force_multiplication': np.float64(40.73)}","{'scaling_efficiency': np.float64(66.56310256719782), 'pressure_appetite': np.float64(67.4256880733945), 'creation_tools': np.float64(73.06313865890952), 'opportunity_response': np.float64(67.0), 'age_trajectory': np.float64(78.33)}",Medium
Garrett Temple,2019-20,15.85,32.4,Role Player,Low Scaling,Role Player,-0.03375,0,4,Hides,False,"Low CII 15.8, low TII 32.4, no creation tools","{'self_created': np.float64(14.52), 'pressure_appetite': np.float64(10.0), 'difficulty_embrace': np.float64(22.73), 'defensive_survival': np.float64(26.29), 'force_multiplication': np.float64(5.02)}","{'scaling_efficiency': np.float64(26.474236780132735), 'pressure_appetite': np.float64(11.200000000000006), 'creation_tools': np.float64(54.625158084914176), 'opportunity_response': np.float64(54.91428571428571), 'age_trajectory': np.float64(25.0)}",High
Gary Harris,2019-20,19.22,44.18,Role Player,Limited Scaling,Role Player,-0.02539999999999994,1,4,Hides,False,"Low CII 19.2, low TII 44.2, no creation tools","{'self_created': np.float64(10.96), 'pressure_appetite': np.float64(12.37), 'difficulty_embrace': np.float64(22.14), 'defensive_survival': np.float64(47.16), 'force_multiplication': np.float64(13.39)}","{'scaling_efficiency': np.float64(31.792684365781714), 'pressure_appetite': np.float64(25.20000000000004), 'creation_tools': np.float64(55.51341463414634), 'opportunity_response': np.float64(58.25714285714285), 'age_trajectory': np.float64(85.0)}",High
Gary Trent Jr.,2019-20,23.66,54.59,Role Player,Moderate Scaling,Role Player,-0.046,0,1,Hides,True,"Low CII 23.7, low TII 54.6","{'self_created': np.float64(23.92), 'pressure_appetite': np.float64(10.67), 'difficulty_embrace': np.float64(27.81), 'defensive_survival': np.float64(52.4), 'force_multiplication': np.float64(3.96)}","{'scaling_efficiency': np.float64(51.43752168525401), 'pressure_appetite': np.float64(21.6), 'creation_tools': np.float64(68.1349593495935), 'opportunity_response': np.float64(67.55428571428571), 'age_trajectory': np.int64(100)}",Medium
George Hill,2019-20,25.43,46.96,Role Player,Limited Scaling,Role Player,-0.006600000000000003,2,3,Mixed,False,"Low CII 25.4, low TII 47.0, no creation tools","{'self_created': np.float64(41.55), 'pressure_appetite': np.float64(10.83), 'difficulty_embrace': np.float64(17.93), 'defensive_survival': np.float64(30.55), 'force_multiplication': np.float64(20.87)}","{'scaling_efficiency': np.float64(46.78634644864589), 'pressure_appetite': np.float64(21.200000000000003), 'creation_tools': np.float64(63.9040650406504), 'opportunity_response': np.float64(82.27142857142857), 'age_trajectory': np.float64(25.0)}",High
Giannis Antetokounmpo,2019-20,68.42,74.92,Luxury Amplifier,High Scaling,Fragile Star,-0.007199999999999998,2,3,Mixed,False,"Negative career leverage (-0.007, 2+/3-), NO creation tools: Fundamental skill gaps","{'self_created': np.float64(66.14), 'pressure_appetite': np.float64(84.92), 'difficulty_embrace': np.float64(41.8), 'defensive_survival': np.float64(64.65), 'force_multiplication': np.float64(92.92)}","{'scaling_efficiency': np.float64(73.27097459924947), 'pressure_appetite': np.float64(76.30578512396694), 'creation_tools': np.float64(63.33422025129342), 'opportunity_response': np.float64(84.66285714285715), 'age_trajectory': np.float64(85.0)}",High
Glenn Robinson III,2019-20,18.57,48.55,Role Player,Limited Scaling,Role Player,-0.045,0,1,Hides,True,"Low CII 18.6, low TII 48.5","{'self_created': np.float64(9.3), 'pressure_appetite': np.float64(12.5), 'difficulty_embrace': np.float64(28.44), 'defensive_survival': np.float64(40.66), 'force_multiplication': np.float64(8.66)}","{'scaling_efficiency': np.float64(39.386889055472246), 'pressure_appetite': np.float64(22.0), 'creation_tools': np.float64(63.23841463414634), 'opportunity_response': np.float64(71.68571428571428), 'age_trajectory': np.float64(78.33)}",Medium
Goran Dragic,2019-20,39.51,54.44,Role Player,Moderate Scaling,Luxury Amplifier,-0.049799999999999955,1,4,Hides,True,"Negative career leverage (-0.050, 1+/4-) BUT has creation tools: Thrives as #2","{'self_created': np.float64(53.15), 'pressure_appetite': np.float64(25.97), 'difficulty_embrace': np.float64(40.29), 'defensive_survival': np.float64(36.16), 'force_multiplication': np.float64(35.93)}","{'scaling_efficiency': np.float64(68.08458564792252), 'pressure_appetite': np.float64(16.80000000000004), 'creation_tools': np.float64(79.81732231838447), 'opportunity_response': np.float64(75.67142857142858), 'age_trajectory': np.float64(25.0)}",High
Gordon Hayward,2019-20,34.72,55.96,Role Player,Moderate Scaling,Luxury Amplifier,-0.017999999999999974,2,2,Mixed,True,"Negative career leverage (-0.018, 2+/2-) BUT has creation tools: Thrives as #2","{'self_created': np.float64(43.66), 'pressure_appetite': np.float64(21.14), 'difficulty_embrace': np.float64(39.91), 'defensive_survival': np.float64(39.86), 'force_multiplication': np.float64(23.74)}","{'scaling_efficiency': np.float64(58.7306106293883), 'pressure_appetite': np.float64(21.20000000000004), 'creation_tools': np.float64(77.65), 'opportunity_response': np.float64(84.5), 'age_trajectory': np.float64(48.34)}",High
Gorgui Dieng,2019-20,28.34,47.11,Role Player,Limited Scaling,Role Player,0.007333333333333335,1,2,Mixed,False,"Low CII 28.3, low TII 47.1","{'self_created': np.float64(1.41), 'pressure_appetite': np.float64(63.0), 'difficulty_embrace': np.float64(12.19), 'defensive_survival': np.float64(51.6), 'force_multiplication': np.float64(19.91)}","{'scaling_efficiency': np.float64(19.05423568136931), 'pressure_appetite': np.float64(84.5), 'creation_tools': np.float64(30.721544715447155), 'opportunity_response': np.float64(61.91428571428571), 'age_trajectory': np.float64(48.34)}",Medium
Harrison Barnes,2019-20,32.22,52.99,Role Player,Moderate Scaling,Strong Creator,0.01159999999999998,3,2,Steps Up,False,"Positive career leverage (+0.012), CII 32.2 still developing (Age 28 > 25, reclassified from Developing Engine)","{'self_created': np.float64(24.05), 'pressure_appetite': np.float64(51.43), 'difficulty_embrace': np.float64(12.1), 'defensive_survival': np.float64(39.47), 'force_multiplication': np.float64(38.09)}","{'scaling_efficiency': np.float64(28.377664646721016), 'pressure_appetite': np.float64(66.85581395348837), 'creation_tools': np.float64(48.89952732085461), 'opportunity_response': np.float64(76.57142857142857), 'age_trajectory': np.float64(64.99000000000001)}",High
Ian Mahinmi,2019-20,10.37,18.64,Role Player,Low Scaling,Role Player,-0.043999999999999956,0,2,Hides,False,"Low CII 10.4, low TII 18.6","{'self_created': np.float64(8.1), 'pressure_appetite': np.float64(10.0), 'difficulty_embrace': np.float64(1.4), 'defensive_survival': np.float64(29.69), 'force_multiplication': np.float64(7.05)}","{'scaling_efficiency': np.float64(8.916623376623381), 'pressure_appetite': np.float64(12.799999999999997), 'creation_tools': np.float64(11.866666666666667), 'opportunity_response': np.float64(49.25714285714285), 'age_trajectory': np.float64(30.0)}",Medium
Isaac Bonga,2019-20,15.13,36.07,Role Player,Limited Scaling,Role Player,-0.0479999999999999,0,1,Hides,False,"Low CII 15.1, low TII 36.1","{'self_created': np.float64(18.22), 'pressure_appetite': np.float64(10.0), 'difficulty_embrace': np.float64(2.89), 'defensive_survival': np.float64(39.81), 'force_multiplication': np.float64(6.17)}","{'scaling_efficiency': np.float64(22.449974136103453), 'pressure_appetite': np.float64(20.800000000000047), 'creation_tools': np.float64(16.445137290995554), 'opportunity_response': np.float64(72.32), 'age_trajectory': np.int64(100)}",Medium
Isaiah Thomas,2019-20,31.47,42.68,Role Player,Limited Scaling,Strong Creator,0.025499999999999974,3,1,Steps Up,True,"Positive career leverage (+0.025), CII 31.5 still developing (Age 31 > 25, reclassified from Developing Engine)","{'self_created': np.float64(36.68), 'pressure_appetite': np.float64(17.17), 'difficulty_embrace': np.float64(47.83), 'defensive_survival': np.float64(32.32), 'force_multiplication': np.float64(17.57)}","{'scaling_efficiency': np.float64(43.37125285720448), 'pressure_appetite': np.float64(2.8000000000000025), 'creation_tools': np.float64(86.75), 'opportunity_response': np.float64(50.8), 'age_trajectory': np.float64(40.01)}",High
Ish Smith,2019-20,35.89,49.26,Role Player,Limited Scaling,Luxury Amplifier,-0.01579999999999998,1,4,Mixed,True,"Negative career leverage (-0.016, 1+/4-) BUT has creation tools: Thrives as #2","{'self_created': np.float64(40.13), 'pressure_appetite': np.float64(15.17), 'difficulty_embrace': np.float64(46.87), 'defensive_survival': np.float64(55.63), 'force_multiplication': np.float64(23.43)}","{'scaling_efficiency': np.float64(50.61333333333334), 'pressure_appetite': np.float64(18.00000000000004), 'creation_tools': np.float64(87.7), 'opportunity_response': np.float64(53.542857142857144), 'age_trajectory': np.float64(40.01)}",High
JJ Redick,2019-20,30.87,58.04,Role Player,Moderate Scaling,Luxury Amplifier,-0.03419999999999998,0,5,Hides,True,"Negative career leverage (-0.034, 0+/5-) BUT has creation tools: Thrives as #2","{'self_created': np.float64(17.54), 'pressure_appetite': np.float64(36.45), 'difficulty_embrace': np.float64(38.17), 'defensive_survival': np.float64(47.14), 'force_multiplication': np.float64(17.92)}","{'scaling_efficiency': np.float64(53.498718570489395), 'pressure_appetite': np.float64(49.75296108291032), 'creation_tools': np.float64(72.66666666666667), 'opportunity_response': np.float64(86.79714285714286), 'age_trajectory': np.int64(20)}",High
Ja Morant,2019-20,63.97,79.49,Luxury Amplifier,High Scaling,Latent Engine,0.143,1,0,Steps Up,True,"Medium CII 64.0, high TII 79.5, has tools","{'self_created': np.float64(55.76), 'pressure_appetite': np.float64(89.83), 'difficulty_embrace': np.float64(36.56), 'defensive_survival': np.float64(73.68), 'force_multiplication': np.float64(64.19)}","{'scaling_efficiency': np.float64(72.85321329195206), 'pressure_appetite': np.float64(93.3), 'creation_tools': np.float64(68.62212906504064), 'opportunity_response': np.float64(70.57142857142857), 'age_trajectory': np.int64(100)}",Medium
JaMychal Green,2019-20,17.86,38.88,Role Player,Limited Scaling,Role Player,-0.018250000000000002,2,2,Mixed,False,"Low CII 17.9, low TII 38.9, no creation tools","{'self_created': np.float64(0.63), 'pressure_appetite': np.float64(37.79), 'difficulty_embrace': np.float64(3.79), 'defensive_survival': np.float64(44.77), 'force_multiplication': np.float64(7.53)}","{'scaling_efficiency': np.float64(11.560500472500467), 'pressure_appetite': np.float64(69.85454545454542), 'creation_tools': np.float64(16.990354767184037), 'opportunity_response': np.float64(64.74285714285713), 'age_trajectory': np.float64(48.34)}",High
Jabari Parker,2019-20,18.24,34.55,Role Player,Low Scaling,Fragile Star,-0.07219999999999999,0,5,Hides,False,"Fragile Star: high usage (23.3%), low CII (18.2), extreme hiding (-0.072), no creation tools","{'self_created': np.float64(18.66), 'pressure_appetite': np.float64(21.17), 'difficulty_embrace': np.float64(10.33), 'defensive_survival': np.float64(21.04), 'force_multiplication': np.float64(21.26)}","{'scaling_efficiency': np.float64(23.152952009364018), 'pressure_appetite': np.float64(13.599999999999998), 'creation_tools': np.float64(29.940732405178128), 'opportunity_response': np.float64(64.74285714285713), 'age_trajectory': np.float64(85.0)}",High
Jae Crowder,2019-20,20.36,47.47,Role Player,Limited Scaling,Role Player,-0.046199999999999984,0,5,Hides,False,"Low CII 20.4, low TII 47.5, no creation tools","{'self_created': np.float64(10.31), 'pressure_appetite': np.float64(30.86), 'difficulty_embrace': np.float64(16.77), 'defensive_survival': np.float64(36.88), 'force_multiplication': np.float64(6.69)}","{'scaling_efficiency': np.float64(30.30405677114135), 'pressure_appetite': np.float64(51.74122807017544), 'creation_tools': np.float64(52.61063329054343), 'opportunity_response': np.float64(61.68571428571428), 'age_trajectory': np.float64(56.67)}",High
Jahlil Okafor,2019-20,18.91,35.33,Role Player,Limited Scaling,Role Player,-0.07449999999999998,0,4,Hides,False,"Low CII 18.9, low TII 35.3, no creation tools","{'self_created': np.float64(31.04), 'pressure_appetite': np.float64(16.0), 'difficulty_embrace': np.float64(2.0), 'defensive_survival': np.float64(19.98), 'force_multiplication': np.float64(22.03)}","{'scaling_efficiency': np.float64(26.02761904761905), 'pressure_appetite': np.float64(16.400000000000002), 'creation_tools': np.float64(14.568855534709193), 'opportunity_response': np.float64(76.70857142857143), 'age_trajectory': np.float64(90.0)}",High
Jakob Poeltl,2019-20,7.95,31.39,Role Player,Low Scaling,Role Player,-0.0305,1,1,Hides,False,"Low CII 8.0, low TII 31.4","{'self_created': np.float64(5.95), 'pressure_appetite': np.float64(10.0), 'difficulty_embrace': np.float64(2.7), 'defensive_survival': np.float64(16.44), 'force_multiplication': np.float64(6.58)}","{'scaling_efficiency': np.float64(18.295999999999996), 'pressure_appetite': np.float64(14.8), 'creation_tools': np.float64(12.6), 'opportunity_response': np.float64(71.18857142857144), 'age_trajectory': np.float64(90.0)}",Medium
Jalen Brunson,2019-20,45.1,71.0,Fragile Star,High Scaling,Latent Engine,0.00999999999999995,1,1,Mixed,True,"Medium CII 45.1, high TII 71.0, has tools","{'self_created': np.float64(44.01), 'pressure_appetite': np.float64(51.33), 'difficulty_embrace': np.float64(30.99), 'defensive_survival': np.float64(66.43), 'force_multiplication': np.float64(28.98)}","{'scaling_efficiency': np.float64(68.9287643893225), 'pressure_appetite': np.float64(76.31055276381908), 'creation_tools': np.float64(69.44025003064101), 'opportunity_response': np.float64(52.34285714285714), 'age_trajectory': np.float64(95.0)}",Medium
Jamal Murray,2019-20,61.38,75.8,Luxury Amplifier,High Scaling,Latent Engine,0.030999999999999975,3,1,Steps Up,True,"Positive career leverage (+0.031, 3+/1-), CII 61.4, TII 75.8: Can be #1","{'self_created': np.float64(55.42), 'pressure_appetite': np.float64(67.24), 'difficulty_embrace': np.float64(67.97), 'defensive_survival': np.float64(65.32), 'force_multiplication': np.float64(45.47)}","{'scaling_efficiency': np.float64(66.70886850152905), 'pressure_appetite': np.float64(70.06774193548384), 'creation_tools': np.float64(90.1), 'opportunity_response': np.float64(71.68571428571428), 'age_trajectory': np.float64(95.0)}",High
James Ennis III,2019-20,7.51,24.45,Role Player,Low Scaling,Role Player,-0.055749999999999994,0,4,Hides,False,"Low CII 7.5, low TII 24.4, no creation tools","{'self_created': np.float64(6.24), 'pressure_appetite': np.float64(10.0), 'difficulty_embrace': np.float64(5.86), 'defensive_survival': np.float64(12.31), 'force_multiplication': np.float64(1.24)}","{'scaling_efficiency': np.float64(12.768347962018224), 'pressure_appetite': np.float64(9.200000000000003), 'creation_tools': np.float64(23.76205513379637), 'opportunity_response': np.float64(52.68571428571428), 'age_trajectory': np.float64(56.67)}",High
James Harden,2019-20,78.93,72.69,Strong Creator,High Scaling,Franchise Engine,0.08539999999999998,5,0,Steps Up,False,CII 78.9 >= 74: Already elite creator,"{'self_created': np.float64(100.0), 'pressure_appetite': np.float64(72.02), 'difficulty_embrace': np.float64(70.9), 'defensive_survival': np.float64(64.0), 'force_multiplication': np.float64(71.46)}","{'scaling_efficiency': np.float64(84.54878796195824), 'pressure_appetite': np.float64(62.79101123595507), 'creation_tools': np.float64(69.45), 'opportunity_response': np.float64(86.0), 'age_trajectory': np.float64(48.34)}",High
James Johnson,2019-20,21.81,34.54,Role Player,Low Scaling,Role Player,-0.015999999999999976,1,2,Mixed,False,"Low CII 21.8, low TII 34.5, no creation tools","{'self_created': np.float64(24.87), 'pressure_appetite': np.float64(21.23), 'difficulty_embrace': np.float64(9.86), 'defensive_survival': np.float64(38.56), 'force_multiplication': np.float64(12.85)}","{'scaling_efficiency': np.float64(30.07258678955452), 'pressure_appetite': np.float64(25.200000000000003), 'creation_tools': np.float64(33.369931812221346), 'opportunity_response': np.float64(63.62857142857143), 'age_trajectory': np.float64(30.0)}",High
Jaren Jackson Jr.,2019-20,16.39,37.51,Role Player,Limited Scaling,Role Player,-0.06149999999999996,0,2,Hides,False,"Low CII 16.4, low TII 37.5","{'self_created': np.float64(8.11), 'pressure_appetite': np.float64(19.5), 'difficulty_embrace': np.float64(6.8), 'defensive_survival': np.float64(29.66), 'force_multiplication': np.float64(32.71)}","{'scaling_efficiency': np.float64(27.778984518324105), 'pressure_appetite': np.float64(7.600000000000038), 'creation_tools': np.float64(21.958321377331423), 'opportunity_response': np.float64(85.87142857142857), 'age_trajectory': np.int64(100)}",Medium
Jarrett Culver,2019-20,16.64,31.82,Role Player,Low Scaling,Role Player,-0.089,0,1,Hides,False,"Low CII 16.6, low TII 31.8","{'self_created': np.float64(15.18), 'pressure_appetite': np.float64(10.0), 'difficulty_embrace': np.float64(12.16), 'defensive_survival': np.float64(33.57), 'force_multiplication': np.float64(21.16)}","{'scaling_efficiency': np.float64(15.892398153371843), 'pressure_appetite': np.float64(4.400000000000004), 'creation_tools': np.float64(41.14340898221816), 'opportunity_response': np.float64(51.48571428571428), 'age_trajectory': np.int64(100)}",Medium
Jaxson Hayes,2019-20,5.62,32.74,Role Player,Low Scaling,Role Player,-0.06,0,1,Hides,False,"Low CII 5.6, low TII 32.7","{'self_created': np.float64(0.39), 'pressure_appetite': np.float64(10.0), 'difficulty_embrace': np.float64(0.4), 'defensive_survival': np.float64(15.73), 'force_multiplication': np.float64(5.64)}","{'scaling_efficiency': np.float64(18.148457866334578), 'pressure_appetite': np.float64(16.0), 'creation_tools': np.float64(8.033333333333333), 'opportunity_response': np.float64(77.93428571428572), 'age_trajectory': np.int64(100)}",Medium
Jaylen Brown,2019-20,32.51,51.17,Role Player,Moderate Scaling,Fragile Star,-0.05899999999999997,1,3,Hides,True,"Fragile Star: high usage (24.5%), high minutes (33.9), low CII (32.5), extreme hiding (-0.059)","{'self_created': np.float64(37.32), 'pressure_appetite': np.float64(23.17), 'difficulty_embrace': np.float64(28.86), 'defensive_survival': np.float64(41.99), 'force_multiplication': np.float64(34.5)}","{'scaling_efficiency': np.float64(48.389678272002634), 'pressure_appetite': np.float64(13.599999999999998), 'creation_tools': np.float64(57.635714285714286), 'opportunity_response': np.float64(81.5), 'age_trajectory': np.float64(95.0)}",High
Jayson Tatum,2019-20,61.14,71.71,Luxury Amplifier,High Scaling,Latent Engine,-0.005666666666666733,2,1,Mixed,True,"Medium CII 61.1, high TII 71.7, has tools","{'self_created': np.float64(62.42), 'pressure_appetite': np.float64(55.76), 'difficulty_embrace': np.float64(60.03), 'defensive_survival': np.float64(73.67), 'force_multiplication': np.float64(54.14)}","{'scaling_efficiency': np.float64(58.32254021474471), 'pressure_appetite': np.float64(66.8285714285714), 'creation_tools': np.float64(79.1), 'opportunity_response': np.float64(77.89999999999999), 'age_trajectory': np.int64(100)}",Medium
Jeff Teague,2019-20,34.27,54.91,Role Player,Moderate Scaling,Role Player,-0.0206,2,3,Hides,False,"Low CII 34.3, low TII 54.9, no creation tools","{'self_created': np.float64(52.01), 'pressure_appetite': np.float64(19.25), 'difficulty_embrace': np.float64(24.33), 'defensive_survival': np.float64(34.09), 'force_multiplication': np.float64(38.78)}","{'scaling_efficiency': np.float64(76.26666666666668), 'pressure_appetite': np.float64(22.400000000000002), 'creation_tools': np.float64(70.96585365853659), 'opportunity_response': np.float64(58.25714285714285), 'age_trajectory': np.float64(35.0)}",High
Jerami Grant,2019-20,13.9,33.88,Role Player,Low Scaling,Role Player,-0.050999999999999934,0,5,Hides,False,"Low CII 13.9, low TII 33.9, no creation tools","{'self_created': np.float64(4.04), 'pressure_appetite': np.float64(10.0), 'difficulty_embrace': np.float64(11.49), 'defensive_survival': np.float64(38.07), 'force_multiplication': np.float64(21.76)}","{'scaling_efficiency': np.float64(16.727994644817517), 'pressure_appetite': np.float64(9.200000000000038), 'creation_tools': np.float64(33.96392678333563), 'opportunity_response': np.float64(79.58), 'age_trajectory': np.float64(78.33)}",High
Jeremy Lamb,2019-20,38.17,53.95,Role Player,Moderate Scaling,Luxury Amplifier,-0.0015000000000000248,2,2,Mixed,True,"Negative career leverage (-0.002, 2+/2-) BUT has creation tools: Thrives as #2","{'self_created': np.float64(42.2), 'pressure_appetite': np.float64(29.45), 'difficulty_embrace': np.float64(45.13), 'defensive_survival': np.float64(48.42), 'force_multiplication': np.float64(18.57)}","{'scaling_efficiency': np.float64(44.13039664535644), 'pressure_appetite': np.float64(43.784615384615414), 'creation_tools': np.float64(75.0), 'opportunity_response': np.float64(55.08571428571429), 'age_trajectory': np.float64(64.99000000000001)}",High
Jimmy Butler III,2019-20,61.91,74.36,Luxury Amplifier,High Scaling,Strong Creator,0.10439999999999997,5,0,Steps Up,True,"Positive career leverage (+0.104, 5+/0-), CII 61.9, TII 74.4: Can be #1 (Age 30 > 28, reclassified from Latent Engine)","{'self_created': np.float64(59.57), 'pressure_appetite': np.float64(83.33), 'difficulty_embrace': np.float64(37.71), 'defensive_survival': np.float64(51.89), 'force_multiplication': np.float64(78.79)}","{'scaling_efficiency': np.float64(72.91357098186367), 'pressure_appetite': np.float64(82.39999999999999), 'creation_tools': np.float64(74.13237160420384), 'opportunity_response': np.float64(81.5), 'age_trajectory': np.float64(48.34)}",High
Joe Ingles,2019-20,26.66,55.82,Role Player,Moderate Scaling,Role Player,-0.05039999999999996,0,5,Hides,False,"Low CII 26.7, low TII 55.8, no creation tools","{'self_created': np.float64(42.48), 'pressure_appetite': np.float64(10.0), 'difficulty_embrace': np.float64(23.27), 'defensive_survival': np.float64(38.18), 'force_multiplication': np.float64(10.34)}","{'scaling_efficiency': np.float64(77.78484498733607), 'pressure_appetite': np.float64(16.80000000000004), 'creation_tools': np.float64(62.03362997143485), 'opportunity_response': np.float64(82.50285714285714), 'age_trajectory': np.float64(35.0)}",High
Joel Embiid,2019-20,59.44,73.77,Luxury Amplifier,High Scaling,Latent Engine,0.03999999999999997,3,1,Steps Up,True,"Positive career leverage (+0.040, 3+/1-), CII 59.4, TII 73.8: Can be #1","{'self_created': np.float64(41.5), 'pressure_appetite': np.float64(86.55), 'difficulty_embrace': np.float64(32.94), 'defensive_survival': np.float64(71.93), 'force_multiplication': np.float64(79.78)}","{'scaling_efficiency': np.float64(62.60074035133832), 'pressure_appetite': np.float64(86.77142857142857), 'creation_tools': np.float64(64.46626016260163), 'opportunity_response': np.float64(83.81428571428572), 'age_trajectory': np.float64(78.33)}",High
John Collins,2019-20,13.41,37.97,Role Player,Limited Scaling,Fragile Star,-0.04666666666666667,1,2,Hides,False,"Fragile Star: high usage (22.4%), high minutes (33.2), low CII (13.4), no creation tools","{'self_created': np.float64(4.58), 'pressure_appetite': np.float64(18.33), 'difficulty_embrace': np.float64(7.86), 'defensive_survival': np.float64(24.14), 'force_multiplication': np.float64(22.64)}","{'scaling_efficiency': np.float64(21.77359422492401), 'pressure_appetite': np.float64(10.400000000000006), 'creation_tools': np.float64(27.446747967479677), 'opportunity_response': np.float64(89.0), 'age_trajectory': np.int64(100)}",Medium
Jonas Valančiūnas,2019-20,14.43,31.08,Role Player,Low Scaling,Role Player,-0.0668,1,4,Hides,False,"Low CII 14.4, low TII 31.1, no creation tools","{'self_created': np.float64(22.67), 'pressure_appetite': np.float64(10.0), 'difficulty_embrace': np.float64(5.4), 'defensive_survival': np.float64(9.68), 'force_multiplication': np.float64(25.96)}","{'scaling_efficiency': np.float64(23.53360390557634), 'pressure_appetite': np.float64(0.0), 'creation_tools': np.float64(22.427700073209262), 'opportunity_response': np.float64(86.89142857142856), 'age_trajectory': np.float64(64.99000000000001)}",High
Jonathan Isaac,2019-20,16.02,40.59,Role Player,Limited Scaling,Role Player,-0.06899999999999995,0,2,Hides,True,"Low CII 16.0, low TII 40.6","{'self_created': np.float64(16.93), 'pressure_appetite': np.float64(10.0), 'difficulty_embrace': np.float64(20.77), 'defensive_survival': np.float64(22.67), 'force_multiplication': np.float64(8.82)}","{'scaling_efficiency': np.float64(28.88209740723441), 'pressure_appetite': np.float64(0.0), 'creation_tools': np.float64(63.36922696851278), 'opportunity_response': np.float64(61.68571428571428), 'age_trajectory': np.int64(100)}",Medium
Jordan Clarkson,2019-20,40.65,56.9,Fragile Star,Moderate Scaling,Fragile Star,-0.018799999999999997,2,3,Mixed,False,"Negative career leverage (-0.019, 2+/3-), NO creation tools: Fundamental skill gaps","{'self_created': np.float64(49.11), 'pressure_appetite': np.float64(44.62), 'difficulty_embrace': np.float64(25.56), 'defensive_survival': np.float64(41.06), 'force_multiplication': np.float64(34.91)}","{'scaling_efficiency': np.float64(56.130331447262535), 'pressure_appetite': np.float64(47.93700787401575), 'creation_tools': np.float64(53.85185007361884), 'opportunity_response': np.float64(72.07142857142857), 'age_trajectory': np.float64(64.99000000000001)}",High
Jordan McRae,2019-20,48.01,58.46,Fragile Star,Moderate Scaling,Strong Creator,-0.0019999999999999983,1,1,Mixed,True,"CII 48.0, TII 58.5","{'self_created': np.float64(33.75), 'pressure_appetite': np.float64(67.8), 'difficulty_embrace': np.float64(36.89), 'defensive_survival': np.float64(65.45), 'force_multiplication': np.float64(37.38)}","{'scaling_efficiency': np.float64(37.63295114926914), 'pressure_appetite': np.float64(79.33305439330542), 'creation_tools': np.float64(71.46588937646698), 'opportunity_response': np.float64(49.171428571428564), 'age_trajectory': np.float64(56.67)}",Medium
Josh Hart,2019-20,18.22,42.7,Role Player,Limited Scaling,Role Player,-0.001333333333333333,2,1,Mixed,False,"Low CII 18.2, low TII 42.7","{'self_created': np.float64(10.25), 'pressure_appetite': np.float64(28.23), 'difficulty_embrace': np.float64(7.99), 'defensive_survival': np.float64(34.22), 'force_multiplication': np.float64(13.54)}","{'scaling_efficiency': np.float64(21.232397515527936), 'pressure_appetite': np.float64(49.92), 'creation_tools': np.float64(31.661382113821137), 'opportunity_response': np.float64(60.142857142857146), 'age_trajectory': np.float64(85.0)}",Medium
Josh Okogie,2019-20,23.45,43.4,Role Player,Limited Scaling,Role Player,-0.029499999999999953,1,1,Hides,False,"Low CII 23.4, low TII 43.4","{'self_created': np.float64(14.39), 'pressure_appetite': np.float64(35.86), 'difficulty_embrace': np.float64(3.94), 'defensive_survival': np.float64(41.36), 'force_multiplication': np.float64(31.73)}","{'scaling_efficiency': np.float64(14.602394647469149), 'pressure_appetite': np.float64(65.02702702702703), 'creation_tools': np.float64(20.01207426939134), 'opportunity_response': np.float64(58.42857142857143), 'age_trajectory': np.int64(100)}",Medium
Josh Richardson,2019-20,37.2,58.18,Role Player,Moderate Scaling,Luxury Amplifier,-0.029400000000000003,1,4,Hides,True,"Negative career leverage (-0.029, 1+/4-) BUT has creation tools: Thrives as #2","{'self_created': np.float64(33.55), 'pressure_appetite': np.float64(36.53), 'difficulty_embrace': np.float64(42.24), 'defensive_survival': np.float64(47.56), 'force_multiplication': np.float64(24.19)}","{'scaling_efficiency': np.float64(39.13954545454546), 'pressure_appetite': np.float64(53.343333333333334), 'creation_tools': np.float64(83.3), 'opportunity_response': np.float64(57.4), 'age_trajectory': np.float64(78.33)}",High
Jrue Holiday,2019-20,47.47,58.28,Fragile Star,Moderate Scaling,Strong Creator,0.031199999999999978,5,0,Steps Up,False,"Positive career leverage (+0.031), CII 47.5: Stepping up consistently","{'self_created': np.float64(50.33), 'pressure_appetite': np.float64(50.99), 'difficulty_embrace': np.float64(39.44), 'defensive_survival': np.float64(47.33), 'force_multiplication': np.float64(46.33)}","{'scaling_efficiency': np.float64(53.20013125696464), 'pressure_appetite': np.float64(56.69377593360996), 'creation_tools': np.float64(70.98333333333333), 'opportunity_response': np.float64(60.74285714285715), 'age_trajectory': np.float64(48.34)}",High
Julius Randle,2019-20,39.28,54.19,Role Player,Moderate Scaling,Luxury Amplifier,-0.017799999999999983,1,4,Mixed,True,"Negative career leverage (-0.018, 1+/4-) BUT has creation tools: Thrives as #2","{'self_created': np.float64(33.99), 'pressure_appetite': np.float64(43.8), 'difficulty_embrace': np.float64(25.71), 'defensive_survival': np.float64(45.75), 'force_multiplication': np.float64(61.26)}","{'scaling_efficiency': np.float64(39.62534905570459), 'pressure_appetite': np.float64(52.006150061500605), 'creation_tools': np.float64(59.86360213602136), 'opportunity_response': np.float64(58.85714285714286), 'age_trajectory': np.float64(85.0)}",High
Justise Winslow,2019-20,35.02,63.75,Role Player,Moderate Scaling,Luxury Amplifier,0.0073999999999999995,3,2,Mixed,True,"Mixed career leverage (+0.007), low CII but has tools","{'self_created': np.float64(13.07), 'pressure_appetite': np.float64(55.44), 'difficulty_embrace': np.float64(26.53), 'defensive_survival': np.float64(61.37), 'force_multiplication': np.float64(27.29)}","{'scaling_efficiency': np.float64(35.57334056791463), 'pressure_appetite': np.float64(79.76842105263158), 'creation_tools': np.float64(76.86497646555412), 'opportunity_response': np.float64(58.42857142857143), 'age_trajectory': np.float64(90.0)}",High
Jusuf Nurkić,2019-20,32.86,51.05,Role Player,Moderate Scaling,Fragile Star,-0.011000000000000003,1,2,Mixed,False,"Fragile Star: high usage (23.2%), low CII (32.9), no creation tools","{'self_created': np.float64(5.97), 'pressure_appetite': np.float64(69.11), 'difficulty_embrace': np.float64(6.0), 'defensive_survival': np.float64(53.48), 'force_multiplication': np.float64(45.68)}","{'scaling_efficiency': np.float64(18.654575937986966), 'pressure_appetite': np.float64(84.68275862068964), 'creation_tools': np.float64(25.583067003083823), 'opportunity_response': np.float64(71.08571428571429), 'age_trajectory': np.float64(85.0)}",Medium
Karl-Anthony Towns,2019-20,34.62,61.26,Role Player,Moderate Scaling,Fragile Star,-0.04039999999999998,0,5,Hides,False,"Fragile Star: high usage (27.8%), high minutes (33.9), low CII (34.6), no creation tools","{'self_created': np.float64(31.74), 'pressure_appetite': np.float64(47.4), 'difficulty_embrace': np.float64(17.46), 'defensive_survival': np.float64(33.92), 'force_multiplication': np.float64(46.73)}","{'scaling_efficiency': np.float64(62.28608725922488), 'pressure_appetite': np.float64(46.436450839328536), 'creation_tools': np.float64(45.317046850324616), 'opportunity_response': np.float64(86.0), 'age_trajectory': np.float64(90.0)}",High
Kawhi Leonard,2019-20,70.68,69.87,Strong Creator,High Scaling,Strong Creator,0.04725,3,1,Steps Up,True,"Positive career leverage (+0.047), CII 70.7: Stepping up consistently","{'self_created': np.float64(83.36), 'pressure_appetite': np.float64(62.13), 'difficulty_embrace': np.float64(70.63), 'defensive_survival': np.float64(61.87), 'force_multiplication': np.float64(67.34)}","{'scaling_efficiency': np.float64(65.83280442466722), 'pressure_appetite': np.float64(57.223241590214066), 'creation_tools': np.float64(86.25), 'opportunity_response': np.float64(86.0), 'age_trajectory': np.float64(56.67)}",High
Kelly Olynyk,2019-20,9.65,33.41,Role Player,Low Scaling,Role Player,-0.027999999999999973,1,3,Hides,False,"Low CII 9.7, low TII 33.4, no creation tools","{'self_created': np.float64(1.99), 'pressure_appetite': np.float64(11.0), 'difficulty_embrace': np.float64(7.26), 'defensive_survival': np.float64(29.37), 'force_multiplication': np.float64(4.49)}","{'scaling_efficiency': np.float64(20.208797851937092), 'pressure_appetite': np.float64(16.400000000000002), 'creation_tools': np.float64(27.707551120965753), 'opportunity_response': np.float64(80.29142857142857), 'age_trajectory': np.float64(56.67)}",High
Kelly Oubre Jr.,2019-20,29.72,57.08,Role Player,Moderate Scaling,Fragile Star,-0.05374999999999995,0,4,Hides,False,"Fragile Star: high minutes (34.5), low CII (29.7), extreme hiding (-0.054), no creation tools","{'self_created': np.float64(20.23), 'pressure_appetite': np.float64(33.82), 'difficulty_embrace': np.float64(20.16), 'defensive_survival': np.float64(53.49), 'force_multiplication': np.float64(31.37)}","{'scaling_efficiency': np.float64(36.60643294469118), 'pressure_appetite': np.float64(55.611872146118756), 'creation_tools': np.float64(58.54768905223298), 'opportunity_response': np.float64(76.57142857142857), 'age_trajectory': np.float64(90.0)}",High
Kemba Walker,2019-20,67.58,71.17,Luxury Amplifier,High Scaling,Strong Creator,0.08539999999999995,5,0,Steps Up,True,"Positive career leverage (+0.085, 5+/0-), CII 67.6, TII 71.2: Can be #1 (Age 30 > 28, reclassified from Latent Engine)","{'self_created': np.float64(78.79), 'pressure_appetite': np.float64(60.81), 'difficulty_embrace': np.float64(68.76), 'defensive_survival': np.float64(67.36), 'force_multiplication': np.float64(48.81)}","{'scaling_efficiency': np.float64(71.84160948810448), 'pressure_appetite': np.float64(66.47761194029847), 'creation_tools': np.float64(84.46666666666667), 'opportunity_response': np.float64(75.15714285714286), 'age_trajectory': np.float64(48.34)}",High
Kendrick Nunn,2019-20,30.39,46.07,Role Player,Limited Scaling,Role Player,-0.1229999999999999,0,1,Hides,True,"Low CII 30.4, low TII 46.1","{'self_created': np.float64(38.17), 'pressure_appetite': np.float64(12.17), 'difficulty_embrace': np.float64(42.46), 'defensive_survival': np.float64(38.53), 'force_multiplication': np.float64(16.21)}","{'scaling_efficiency': np.float64(39.742626585651855), 'pressure_appetite': np.float64(0.0), 'creation_tools': np.float64(83.65082678792889), 'opportunity_response': np.float64(56.114285714285714), 'age_trajectory': np.float64(90.0)}",Medium
Kenrich Williams,2019-20,5.78,26.6,Role Player,Low Scaling,Role Player,-0.038,0,2,Hides,False,"Low CII 5.8, low TII 26.6","{'self_created': np.float64(0.97), 'pressure_appetite': np.float64(10.0), 'difficulty_embrace': np.float64(2.99), 'defensive_survival': np.float64(14.08), 'force_multiplication': np.float64(2.8)}","{'scaling_efficiency': np.float64(4.301132075471698), 'pressure_appetite': np.float64(22.400000000000002), 'creation_tools': np.float64(19.099733669750492), 'opportunity_response': np.float64(49.25714285714285), 'age_trajectory': np.float64(85.0)}",Medium
Kent Bazemore,2019-20,19.3,31.88,Role Player,Low Scaling,Role Player,-0.017600000000000022,1,4,Mixed,False,"Low CII 19.3, low TII 31.9, no creation tools","{'self_created': np.float64(11.17), 'pressure_appetite': np.float64(19.24), 'difficulty_embrace': np.float64(14.21), 'defensive_survival': np.float64(41.41), 'force_multiplication': np.float64(20.88)}","{'scaling_efficiency': np.float64(13.716494618187978), 'pressure_appetite': np.float64(26.4), 'creation_tools': np.float64(42.4811035040175), 'opportunity_response': np.float64(52.25714285714285), 'age_trajectory': np.float64(48.34)}",High
Kentavious Caldwell-Pope,2019-20,16.53,41.35,Role Player,Limited Scaling,Luxury Amplifier,-0.0035999999999999596,2,3,Mixed,True,"Negative career leverage (-0.004, 2+/3-) BUT has creation tools: Thrives as #2","{'self_created': np.float64(5.76), 'pressure_appetite': np.float64(10.33), 'difficulty_embrace': np.float64(19.04), 'defensive_survival': np.float64(48.17), 'force_multiplication': np.float64(11.81)}","{'scaling_efficiency': np.float64(24.605763880580774), 'pressure_appetite': np.float64(24.00000000000004), 'creation_tools': np.float64(50.7331672964617), 'opportunity_response': np.float64(71.04285714285714), 'age_trajectory': np.float64(71.66)}",High
Kevin Huerter,2019-20,21.85,46.83,Role Player,Limited Scaling,Role Player,-0.036,0,1,Hides,True,"Low CII 21.9, low TII 46.8","{'self_created': np.float64(28.13), 'pressure_appetite': np.float64(10.0), 'difficulty_embrace': np.float64(29.81), 'defensive_survival': np.float64(29.21), 'force_multiplication': np.float64(5.72)}","{'scaling_efficiency': np.float64(41.82723299845152), 'pressure_appetite': np.float64(11.200000000000006), 'creation_tools': np.float64(63.983333333333334), 'opportunity_response': np.float64(57.91428571428571), 'age_trajectory': np.int64(100)}",Medium
Kevin Knox II,2019-20,9.44,29.49,Role Player,Low Scaling,Role Player,-0.09799999999999989,0,2,Hides,False,"Low CII 9.4, low TII 29.5","{'self_created': np.float64(7.65), 'pressure_appetite': np.float64(10.0), 'difficulty_embrace': np.float64(15.13), 'defensive_survival': np.float64(9.46), 'force_multiplication': np.float64(1.98)}","{'scaling_efficiency': np.float64(10.56320590877333), 'pressure_appetite': np.float64(0.0), 'creation_tools': np.float64(46.82902249952732), 'opportunity_response': np.float64(46.34285714285714), 'age_trajectory': np.int64(100)}",Medium
Kevin Love,2019-20,35.86,62.14,Role Player,Moderate Scaling,Luxury Amplifier,-0.0376,1,4,Hides,True,"Negative career leverage (-0.038, 1+/4-) BUT has creation tools: Thrives as #2","{'self_created': np.float64(18.37), 'pressure_appetite': np.float64(48.0), 'difficulty_embrace': np.float64(32.77), 'defensive_survival': np.float64(56.13), 'force_multiplication': np.float64(33.72)}","{'scaling_efficiency': np.float64(47.07798339264531), 'pressure_appetite': np.float64(68.33333333333333), 'creation_tools': np.float64(67.91151761517615), 'opportunity_response': np.float64(88.98285714285714), 'age_trajectory': np.float64(40.01)}",High
Kevin Porter Jr.,2019-20,42.48,61.35,Fragile Star,Moderate Scaling,Developing Prospect,0.0339999999999999,1,0,Steps Up,False,"Low CII 42.5, moderate TII 61.4","{'self_created': np.float64(30.35), 'pressure_appetite': np.float64(57.77), 'difficulty_embrace': np.float64(24.8), 'defensive_survival': np.float64(68.66), 'force_multiplication': np.float64(36.77)}","{'scaling_efficiency': np.float64(41.5368193069307), 'pressure_appetite': np.float64(80.16633663366335), 'creation_tools': np.float64(56.05070031393383), 'opportunity_response': np.float64(50.885714285714286), 'age_trajectory': np.int64(100)}",Medium
Khris Middleton,2019-20,67.87,76.78,Luxury Amplifier,High Scaling,Latent Engine,0.0254,4,1,Steps Up,True,"Positive career leverage (+0.025, 4+/1-), CII 67.9, TII 76.8: Can be #1","{'self_created': np.float64(70.31), 'pressure_appetite': np.float64(78.5), 'difficulty_embrace': np.float64(64.74), 'defensive_survival': np.float64(59.84), 'force_multiplication': np.float64(52.28)}","{'scaling_efficiency': np.float64(70.3027020811774), 'pressure_appetite': np.float64(75.56153846153846), 'creation_tools': np.float64(88.35), 'opportunity_response': np.float64(84.19142857142856), 'age_trajectory': np.float64(64.99000000000001)}",High
Kris Dunn,2019-20,15.48,35.0,Role Player,Limited Scaling,Role Player,-0.01875,1,3,Mixed,False,"Low CII 15.5, low TII 35.0, no creation tools","{'self_created': np.float64(18.26), 'pressure_appetite': np.float64(11.33), 'difficulty_embrace': np.float64(7.26), 'defensive_survival': np.float64(23.86), 'force_multiplication': np.float64(21.35)}","{'scaling_efficiency': np.float64(18.382660098522166), 'pressure_appetite': np.float64(25.20000000000004), 'creation_tools': np.float64(37.51285393888422), 'opportunity_response': np.float64(52.34285714285714), 'age_trajectory': np.float64(78.33)}",High
Kristaps Porziņģis,2019-20,29.82,53.07,Role Player,Moderate Scaling,Luxury Amplifier,-0.017249999999999974,1,3,Mixed,True,"Negative career leverage (-0.017, 1+/3-) BUT has creation tools: Thrives as #2","{'self_created': np.float64(9.76), 'pressure_appetite': np.float64(48.61), 'difficulty_embrace': np.float64(26.01), 'defensive_survival': np.float64(39.01), 'force_multiplication': np.float64(36.91)}","{'scaling_efficiency': np.float64(31.92302630557928), 'pressure_appetite': np.float64(50.384030418250944), 'creation_tools': np.float64(58.284572938885276), 'opportunity_response': np.float64(68.25714285714285), 'age_trajectory': np.float64(90.0)}",High
Ky Bowman,2019-20,25.78,49.45,Role Player,Limited Scaling,Role Player,-0.065,0,1,Hides,True,"Low CII 25.8, low TII 49.5","{'self_created': np.float64(23.77), 'pressure_appetite': np.float64(10.5), 'difficulty_embrace': np.float64(37.64), 'defensive_survival': np.float64(46.99), 'force_multiplication': np.float64(14.44)}","{'scaling_efficiency': np.float64(43.46666666666667), 'pressure_appetite': np.float64(14.0), 'creation_tools': np.float64(79.2520325203252), 'opportunity_response': np.float64(50.371428571428574), 'age_trajectory': np.float64(95.0)}",Medium
Kyle Anderson,2019-20,16.24,37.72,Role Player,Limited Scaling,Role Player,-0.03233333333333333,0,2,Hides,True,"Low CII 16.2, low TII 37.7","{'self_created': np.float64(16.64), 'pressure_appetite': np.float64(10.0), 'difficulty_embrace': np.float64(17.67), 'defensive_survival': np.float64(32.9), 'force_multiplication': np.float64(2.8)}","{'scaling_efficiency': np.float64(24.62473172598546), 'pressure_appetite': np.float64(22.400000000000002), 'creation_tools': np.float64(48.53587550054605), 'opportunity_response': np.float64(47.971428571428575), 'age_trajectory': np.float64(78.33)}",Medium
Kyle Kuzma,2019-20,19.52,34.96,Role Player,Low Scaling,Fragile Star,-0.05366666666666663,0,3,Hides,False,"Fragile Star: high usage (22.1%), low CII (19.5), extreme hiding (-0.054), no creation tools","{'self_created': np.float64(16.85), 'pressure_appetite': np.float64(13.0), 'difficulty_embrace': np.float64(22.26), 'defensive_survival': np.float64(33.05), 'force_multiplication': np.float64(18.08)}","{'scaling_efficiency': np.float64(25.645162767078236), 'pressure_appetite': np.float64(0.0), 'creation_tools': np.float64(51.9989166022882), 'opportunity_response': np.float64(52.42857142857143), 'age_trajectory': np.float64(90.0)}",Medium
Kyle Lowry,2019-20,63.43,73.58,Luxury Amplifier,High Scaling,Strong Creator,0.032999999999999974,3,2,Steps Up,False,"Positive career leverage (+0.033, 3+/2-), CII 63.4, TII 73.6: Can be #1 (Age 34 > 28, reclassified from Latent Engine)","{'self_created': np.float64(69.96), 'pressure_appetite': np.float64(65.77), 'difficulty_embrace': np.float64(47.8), 'defensive_survival': np.float64(76.23), 'force_multiplication': np.float64(50.1)}","{'scaling_efficiency': np.float64(75.14386634440064), 'pressure_appetite': np.float64(83.28888888888889), 'creation_tools': np.float64(77.43333333333334), 'opportunity_response': np.float64(81.5), 'age_trajectory': np.float64(25.0)}",High
Kyrie Irving,2019-20,82.15,80.55,Franchise Engine,Elite Scaling,Franchise Engine,0.09999999999999995,5,0,Steps Up,True,CII 82.2 >= 74: Already elite creator,"{'self_created': np.float64(93.33), 'pressure_appetite': np.float64(90.0), 'difficulty_embrace': np.float64(77.07), 'defensive_survival': np.float64(72.55), 'force_multiplication': np.float64(53.57)}","{'scaling_efficiency': np.float64(75.44592912270747), 'pressure_appetite': np.float64(80.42955974842766), 'creation_tools': np.float64(92.03333333333333), 'opportunity_response': np.float64(86.0), 'age_trajectory': np.float64(64.99000000000001)}",High
LaMarcus Aldridge,2019-20,41.01,57.54,Fragile Star,Moderate Scaling,Luxury Amplifier,-0.03819999999999994,0,5,Hides,True,"Negative career leverage (-0.038, 0+/5-) BUT has creation tools: Thrives as #2","{'self_created': np.float64(31.46), 'pressure_appetite': np.float64(39.67), 'difficulty_embrace': np.float64(48.46), 'defensive_survival': np.float64(49.08), 'force_multiplication': np.float64(46.02)}","{'scaling_efficiency': np.float64(51.65119346623341), 'pressure_appetite': np.float64(54.217514124293814), 'creation_tools': np.float64(75.66566763125257), 'opportunity_response': np.float64(72.37142857142857), 'age_trajectory': np.float64(25.0)}",High
Landry Shamet,2019-20,13.58,41.81,Role Player,Limited Scaling,Role Player,-0.048499999999999946,0,2,Hides,False,"Low CII 13.6, low TII 41.8","{'self_created': np.float64(6.31), 'pressure_appetite': np.float64(10.0), 'difficulty_embrace': np.float64(10.46), 'defensive_survival': np.float64(43.95), 'force_multiplication': np.float64(5.03)}","{'scaling_efficiency': np.float64(25.10199849737039), 'pressure_appetite': np.float64(21.6), 'creation_tools': np.float64(42.251773835920176), 'opportunity_response': np.float64(72.83428571428571), 'age_trajectory': np.float64(95.0)}",Medium
Langston Galloway,2019-20,11.5,36.05,Role Player,Limited Scaling,Role Player,-0.03325,1,3,Hides,False,"Low CII 11.5, low TII 36.0, no creation tools","{'self_created': np.float64(4.69), 'pressure_appetite': np.float64(10.33), 'difficulty_embrace': np.float64(13.76), 'defensive_survival': np.float64(29.29), 'force_multiplication': np.float64(3.61)}","{'scaling_efficiency': np.float64(16.59029353311482), 'pressure_appetite': np.float64(21.200000000000003), 'creation_tools': np.float64(42.87807333442462), 'opportunity_response': np.float64(71.3257142857143), 'age_trajectory': np.float64(64.99000000000001)}",High
Larry Nance Jr.,2019-20,14.55,37.33,Role Player,Limited Scaling,Role Player,-0.029599999999999998,1,4,Hides,False,"Low CII 14.6, low TII 37.3, no creation tools","{'self_created': np.float64(12.76), 'pressure_appetite': np.float64(11.83), 'difficulty_embrace': np.float64(10.37), 'defensive_survival': np.float64(33.17), 'force_multiplication': np.float64(7.1)}","{'scaling_efficiency': np.float64(19.406222222222222), 'pressure_appetite': np.float64(24.40000000000004), 'creation_tools': np.float64(31.722357723577236), 'opportunity_response': np.float64(79.29714285714286), 'age_trajectory': np.float64(71.66)}",High
Lauri Markkanen,2019-20,21.43,42.13,Role Player,Limited Scaling,Role Player,-0.039666666666666635,0,3,Hides,False,"Low CII 21.4, low TII 42.1","{'self_created': np.float64(7.84), 'pressure_appetite': np.float64(37.27), 'difficulty_embrace': np.float64(5.26), 'defensive_survival': np.float64(38.2), 'force_multiplication': np.float64(29.8)}","{'scaling_efficiency': np.float64(12.032342008652401), 'pressure_appetite': np.float64(52.547049441786314), 'creation_tools': np.float64(25.007715797253667), 'opportunity_response': np.float64(72.54285714285714), 'age_trajectory': np.float64(95.0)}",Medium
LeBron James,2019-20,67.15,69.25,Luxury Amplifier,High Scaling,Strong Creator,0.07620000000000002,5,0,Steps Up,True,"Positive career leverage (+0.076), CII 67.2: Stepping up consistently","{'self_created': np.float64(78.15), 'pressure_appetite': np.float64(69.79), 'difficulty_embrace': np.float64(56.96), 'defensive_survival': np.float64(51.69), 'force_multiplication': np.float64(71.16)}","{'scaling_efficiency': np.float64(78.19134199134197), 'pressure_appetite': np.float64(65.05454545454546), 'creation_tools': np.float64(79.05), 'opportunity_response': np.float64(78.15714285714286), 'age_trajectory': np.int64(20)}",High
Lonnie Walker IV,2019-20,19.76,38.11,Role Player,Limited Scaling,Role Player,-0.04,0,1,Hides,True,"Low CII 19.8, low TII 38.1","{'self_created': np.float64(10.74), 'pressure_appetite': np.float64(19.05), 'difficulty_embrace': np.float64(17.97), 'defensive_survival': np.float64(45.96), 'force_multiplication': np.float64(12.87)}","{'scaling_efficiency': np.float64(16.812951406649617), 'pressure_appetite': np.float64(24.000000000000004), 'creation_tools': np.float64(51.64858945310764), 'opportunity_response': np.float64(44.885714285714286), 'age_trajectory': np.int64(100)}",Medium
Lonzo Ball,2019-20,24.92,51.53,Role Player,Moderate Scaling,Role Player,-0.011333333333333367,1,2,Mixed,False,"Low CII 24.9, low TII 51.5","{'self_created': np.float64(23.92), 'pressure_appetite': np.float64(21.06), 'difficulty_embrace': np.float64(29.14), 'defensive_survival': np.float64(36.7), 'force_multiplication': np.float64(11.42)}","{'scaling_efficiency': np.float64(40.675812836138896), 'pressure_appetite': np.float64(25.999999999999996), 'creation_tools': np.float64(70.26394016978844), 'opportunity_response': np.float64(58.51428571428571), 'age_trajectory': np.int64(100)}",Medium
Lou Williams,2019-20,61.64,64.89,Luxury Amplifier,Moderate Scaling,Strong Creator,0.012199999999999961,3,2,Steps Up,True,"Positive career leverage (+0.012), CII 61.6: Stepping up consistently","{'self_created': np.float64(61.28), 'pressure_appetite': np.float64(59.32), 'difficulty_embrace': np.float64(59.23), 'defensive_survival': np.float64(75.59), 'force_multiplication': np.float64(52.43)}","{'scaling_efficiency': np.float64(55.665419817052864), 'pressure_appetite': np.float64(72.32103321033208), 'creation_tools': np.float64(86.35), 'opportunity_response': np.float64(65.6), 'age_trajectory': np.float64(30.0)}",High
Luguentz Dort,2019-20,5.9,25.89,Role Player,Low Scaling,Role Player,-0.08,0,1,Hides,False,"Low CII 5.9, low TII 25.9","{'self_created': np.float64(3.25), 'pressure_appetite': np.float64(10.0), 'difficulty_embrace': np.float64(1.77), 'defensive_survival': np.float64(10.77), 'force_multiplication': np.float64(4.57)}","{'scaling_efficiency': np.float64(6.764163069544364), 'pressure_appetite': np.float64(8.000000000000004), 'creation_tools': np.float64(21.41314265660642), 'opportunity_response': np.float64(50.542857142857144), 'age_trajectory': np.int64(100)}",Medium
Luka Dončić,2019-20,72.84,74.33,Strong Creator,High Scaling,Latent Engine,0.032,1,1,Steps Up,False,"CII 72.8, TII 74.3: High potential (limited career data)","{'self_created': np.float64(94.49), 'pressure_appetite': np.float64(65.49), 'difficulty_embrace': np.float64(68.3), 'defensive_survival': np.float64(49.03), 'force_multiplication': np.float64(71.03)}","{'scaling_efficiency': np.float64(80.79820271601247), 'pressure_appetite': np.float64(51.69577464788732), 'creation_tools': np.float64(71.31666666666666), 'opportunity_response': np.float64(86.0), 'age_trajectory': np.int64(100)}",Medium
Luke Kennard,2019-20,38.88,67.82,Role Player,High Scaling,Developing Prospect,-0.04700000000000001,1,2,Hides,True,"Low CII 38.9, moderate TII 67.8","{'self_created': np.float64(39.35), 'pressure_appetite': np.float64(36.68), 'difficulty_embrace': np.float64(40.24), 'defensive_survival': np.float64(54.77), 'force_multiplication': np.float64(16.4)}","{'scaling_efficiency': np.float64(58.803035944954075), 'pressure_appetite': np.float64(54.58721934369602), 'creation_tools': np.float64(74.28333333333333), 'opportunity_response': np.float64(84.5), 'age_trajectory': np.float64(90.0)}",Medium
Malcolm Brogdon,2019-20,65.83,72.93,Luxury Amplifier,High Scaling,Luxury Amplifier,-0.015500000000000048,2,2,Mixed,True,"Negative career leverage (-0.016, 2+/2-) BUT has creation tools: Thrives as #2","{'self_created': np.float64(64.14), 'pressure_appetite': np.float64(67.77), 'difficulty_embrace': np.float64(64.1), 'defensive_survival': np.float64(77.07), 'force_multiplication': np.float64(52.69)}","{'scaling_efficiency': np.float64(61.4436825887022), 'pressure_appetite': np.float64(82.33413654618471), 'creation_tools': np.float64(90.6), 'opportunity_response': np.float64(57.48571428571428), 'age_trajectory': np.float64(71.66)}",High
Malik Beasley,2019-20,20.43,41.97,Role Player,Limited Scaling,Role Player,-0.06399999999999989,0,2,Hides,False,"Low CII 20.4, low TII 42.0","{'self_created': np.float64(14.11), 'pressure_appetite': np.float64(16.33), 'difficulty_embrace': np.float64(25.8), 'defensive_survival': np.float64(39.48), 'force_multiplication': np.float64(10.31)}","{'scaling_efficiency': np.float64(33.22711653615847), 'pressure_appetite': np.float64(12.000000000000043), 'creation_tools': np.float64(60.129049405878675), 'opportunity_response': np.float64(49.857142857142854), 'age_trajectory': np.float64(95.0)}",Medium
Marc Gasol,2019-20,6.88,25.13,Role Player,Low Scaling,Role Player,-0.01659999999999998,2,3,Mixed,False,"Low CII 6.9, low TII 25.1, no creation tools","{'self_created': np.float64(1.33), 'pressure_appetite': np.float64(10.0), 'difficulty_embrace': np.float64(5.0), 'defensive_survival': np.float64(14.9), 'force_multiplication': np.float64(7.48)}","{'scaling_efficiency': np.float64(13.242594089787211), 'pressure_appetite': np.float64(22.0), 'creation_tools': np.float64(23.55798031664527), 'opportunity_response': np.float64(59.62857142857142), 'age_trajectory': np.int64(20)}",High
Marco Belinelli,2019-20,25.43,45.39,Role Player,Limited Scaling,Luxury Amplifier,-0.017599999999999984,1,4,Mixed,True,"Negative career leverage (-0.018, 1+/4-) BUT has creation tools: Thrives as #2","{'self_created': np.float64(8.28), 'pressure_appetite': np.float64(28.61), 'difficulty_embrace': np.float64(30.86), 'defensive_survival': np.float64(58.94), 'force_multiplication': np.float64(7.83)}","{'scaling_efficiency': np.float64(25.503606492084046), 'pressure_appetite': np.float64(59.81526104417671), 'creation_tools': np.float64(68.22779900088157), 'opportunity_response': np.float64(44.285714285714285), 'age_trajectory': np.float64(25.0)}",High
Marcus Morris Sr.,2019-20,55.38,65.02,Luxury Amplifier,High Scaling,Luxury Amplifier,-0.02699999999999998,2,3,Hides,True,"Negative career leverage (-0.027, 2+/3-) BUT has creation tools: Thrives as #2","{'self_created': np.float64(48.91), 'pressure_appetite': np.float64(65.22), 'difficulty_embrace': np.float64(52.53), 'defensive_survival': np.float64(68.01), 'force_multiplication': np.float64(36.92)}","{'scaling_efficiency': np.float64(44.8376477541371), 'pressure_appetite': np.float64(79.75185185185185), 'creation_tools': np.float64(78.7), 'opportunity_response': np.float64(73.74285714285713), 'age_trajectory': np.float64(48.34)}",High
Marcus Smart,2019-20,34.89,58.32,Role Player,Moderate Scaling,Role Player,-0.030749999999999975,1,3,Hides,False,"Low CII 34.9, low TII 58.3, no creation tools","{'self_created': np.float64(31.51), 'pressure_appetite': np.float64(39.82), 'difficulty_embrace': np.float64(29.84), 'defensive_survival': np.float64(49.81), 'force_multiplication': np.float64(20.47)}","{'scaling_efficiency': np.float64(38.88297390902794), 'pressure_appetite': np.float64(63.05573770491803), 'creation_tools': np.float64(71.46666666666667), 'opportunity_response': np.float64(58.42857142857143), 'age_trajectory': np.float64(78.33)}",High
Markelle Fultz,2019-20,43.34,65.7,Fragile Star,High Scaling,Developing Prospect,-0.0089999999999999,0,1,Mixed,True,"Low CII 43.3, moderate TII 65.7","{'self_created': np.float64(39.92), 'pressure_appetite': np.float64(39.26), 'difficulty_embrace': np.float64(41.11), 'defensive_survival': np.float64(62.46), 'force_multiplication': np.float64(39.62)}","{'scaling_efficiency': np.float64(50.850265049415995), 'pressure_appetite': np.float64(62.228571428571456), 'creation_tools': np.float64(83.40365853658537), 'opportunity_response': np.float64(54.74285714285714), 'age_trajectory': np.int64(100)}",Medium
Markieff Morris,2019-20,12.85,29.59,Role Player,Low Scaling,Role Player,-0.051500000000000004,0,4,Hides,False,"Low CII 12.8, low TII 29.6, no creation tools","{'self_created': np.float64(5.75), 'pressure_appetite': np.float64(13.5), 'difficulty_embrace': np.float64(15.24), 'defensive_survival': np.float64(20.29), 'force_multiplication': np.float64(16.55)}","{'scaling_efficiency': np.float64(20.04589015183789), 'pressure_appetite': np.float64(7.600000000000002), 'creation_tools': np.float64(35.76691217902278), 'opportunity_response': np.float64(64.57142857142857), 'age_trajectory': np.float64(48.34)}",High
Marquese Chriss,2019-20,8.63,32.49,Role Player,Low Scaling,Role Player,-0.031999999999999966,1,2,Hides,False,"Low CII 8.6, low TII 32.5","{'self_created': np.float64(6.17), 'pressure_appetite': np.float64(10.5), 'difficulty_embrace': np.float64(2.6), 'defensive_survival': np.float64(15.08), 'force_multiplication': np.float64(13.74)}","{'scaling_efficiency': np.float64(18.469082748948104), 'pressure_appetite': np.float64(7.600000000000002), 'creation_tools': np.float64(14.374372569812655), 'opportunity_response': np.float64(81.14), 'age_trajectory': np.int64(100)}",Medium
Marvin Williams,2019-20,16.34,37.88,Role Player,Limited Scaling,Role Player,-0.02159999999999996,1,4,Hides,False,"Low CII 16.3, low TII 37.9, no creation tools","{'self_created': np.float64(1.56), 'pressure_appetite': np.float64(25.67), 'difficulty_embrace': np.float64(6.47), 'defensive_survival': np.float64(50.23), 'force_multiplication': np.float64(6.25)}","{'scaling_efficiency': np.float64(15.994158379373843), 'pressure_appetite': np.float64(64.0666666666667), 'creation_tools': np.float64(23.798780487804876), 'opportunity_response': np.float64(65.38571428571429), 'age_trajectory': np.float64(25.0)}",High
Mason Plumlee,2019-20,19.64,41.79,Role Player,Limited Scaling,Role Player,-0.03759999999999996,0,5,Hides,False,"Low CII 19.6, low TII 41.8, no creation tools","{'self_created': np.float64(10.2), 'pressure_appetite': np.float64(31.0), 'difficulty_embrace': np.float64(2.5), 'defensive_survival': np.float64(45.54), 'force_multiplication': np.float64(14.96)}","{'scaling_efficiency': np.float64(22.445157794840824), 'pressure_appetite': np.float64(60.75144508670523), 'creation_tools': np.float64(16.463405235208423), 'opportunity_response': np.float64(78.31142857142858), 'age_trajectory': np.float64(48.34)}",High
Matthew Dellavedova,2019-20,30.28,46.49,Role Player,Limited Scaling,Role Player,-0.007500000000000022,2,1,Mixed,False,"Low CII 30.3, low TII 46.5, no creation tools","{'self_created': np.float64(13.7), 'pressure_appetite': np.float64(51.67), 'difficulty_embrace': np.float64(8.34), 'defensive_survival': np.float64(62.33), 'force_multiplication': np.float64(22.36)}","{'scaling_efficiency': np.float64(19.92), 'pressure_appetite': np.float64(84.96249999999999), 'creation_tools': np.float64(35.5109756097561), 'opportunity_response': np.float64(43.34285714285714), 'age_trajectory': np.float64(56.67)}",High
Maurice Harkless,2019-20,11.49,34.46,Role Player,Low Scaling,Role Player,-0.03199999999999995,0,4,Hides,False,"Low CII 11.5, low TII 34.5, no creation tools","{'self_created': np.float64(10.43), 'pressure_appetite': np.float64(10.14), 'difficulty_embrace': np.float64(3.29), 'defensive_survival': np.float64(22.76), 'force_multiplication': np.float64(17.52)}","{'scaling_efficiency': np.float64(17.54414000814), 'pressure_appetite': np.float64(40.8761904761905), 'creation_tools': np.float64(16.519376693766937), 'opportunity_response': np.float64(56.71428571428571), 'age_trajectory': np.float64(71.66)}",High
Maxi Kleber,2019-20,12.44,39.9,Role Player,Limited Scaling,Role Player,-0.03666666666666667,0,3,Hides,False,"Low CII 12.4, low TII 39.9","{'self_created': np.float64(0.6), 'pressure_appetite': np.float64(20.84), 'difficulty_embrace': np.float64(3.59), 'defensive_survival': np.float64(38.43), 'force_multiplication': np.float64(5.65)}","{'scaling_efficiency': np.float64(15.534431070454179), 'pressure_appetite': np.float64(54.51741293532338), 'creation_tools': np.float64(16.646468875136513), 'opportunity_response': np.float64(78.54285714285714), 'age_trajectory': np.float64(64.99000000000001)}",Medium
Michael Porter Jr.,2019-20,17.5,41.12,Role Player,Limited Scaling,Role Player,-0.087,0,1,Hides,False,"Low CII 17.5, low TII 41.1","{'self_created': np.float64(17.96), 'pressure_appetite': np.float64(14.0), 'difficulty_embrace': np.float64(17.0), 'defensive_survival': np.float64(27.79), 'force_multiplication': np.float64(10.39)}","{'scaling_efficiency': np.float64(30.22952834335036), 'pressure_appetite': np.float64(5.200000000000005), 'creation_tools': np.float64(45.68310021962779), 'opportunity_response': np.float64(77.46285714285715), 'age_trajectory': np.int64(100)}",Medium
Mikal Bridges,2019-20,9.81,43.17,Role Player,Limited Scaling,Role Player,-0.025,0,2,Hides,False,"Low CII 9.8, low TII 43.2","{'self_created': np.float64(2.33), 'pressure_appetite': np.float64(10.0), 'difficulty_embrace': np.float64(6.99), 'defensive_survival': np.float64(30.72), 'force_multiplication': np.float64(6.03)}","{'scaling_efficiency': np.float64(21.0679674796748), 'pressure_appetite': np.float64(26.799999999999997), 'creation_tools': np.float64(36.947967479674794), 'opportunity_response': np.float64(88.4), 'age_trajectory': np.float64(95.0)}",Medium
Mike Conley,2019-20,38.72,48.45,Role Player,Limited Scaling,Strong Creator,0.05599999999999994,4,1,Steps Up,True,"Positive career leverage (+0.056), CII 38.7 still developing (Age 32 > 25, reclassified from Developing Engine)","{'self_created': np.float64(50.08), 'pressure_appetite': np.float64(25.89), 'difficulty_embrace': np.float64(44.89), 'defensive_survival': np.float64(38.26), 'force_multiplication': np.float64(25.1)}","{'scaling_efficiency': np.float64(52.09790930091788), 'pressure_appetite': np.float64(22.0), 'creation_tools': np.float64(77.21666666666667), 'opportunity_response': np.float64(55.85714285714286), 'age_trajectory': np.float64(35.0)}",High
Miles Bridges,2019-20,17.64,33.08,Role Player,Low Scaling,Role Player,-0.062,0,2,Hides,False,"Low CII 17.6, low TII 33.1","{'self_created': np.float64(14.18), 'pressure_appetite': np.float64(15.17), 'difficulty_embrace': np.float64(10.9), 'defensive_survival': np.float64(36.38), 'force_multiplication': np.float64(19.59)}","{'scaling_efficiency': np.float64(14.673538755403637), 'pressure_appetite': np.float64(14.0), 'creation_tools': np.float64(32.91016260162602), 'opportunity_response': np.float64(57.31428571428572), 'age_trajectory': np.int64(100)}",Medium
Mitchell Robinson,2019-20,13.12,39.98,Role Player,Limited Scaling,Role Player,-0.02949999999999995,0,2,Hides,False,"Low CII 13.1, low TII 40.0","{'self_created': np.float64(15.86), 'pressure_appetite': np.float64(14.67), 'difficulty_embrace': np.float64(0.3), 'defensive_survival': np.float64(24.59), 'force_multiplication': np.float64(9.41)}","{'scaling_efficiency': np.float64(17.178153350218743), 'pressure_appetite': np.float64(42.651162790697676), 'creation_tools': np.float64(7.9), 'opportunity_response': np.float64(83.87428571428572), 'age_trajectory': np.int64(100)}",Medium
Monte Morris,2019-20,29.79,51.32,Role Player,Moderate Scaling,Role Player,-0.08399999999999999,0,2,Hides,True,"Low CII 29.8, low TII 51.3","{'self_created': np.float64(36.22), 'pressure_appetite': np.float64(10.0), 'difficulty_embrace': np.float64(37.4), 'defensive_survival': np.float64(48.53), 'force_multiplication': np.float64(16.66)}","{'scaling_efficiency': np.float64(57.36221122112212), 'pressure_appetite': np.float64(8.400000000000002), 'creation_tools': np.float64(79.91829268292682), 'opportunity_response': np.float64(50.2), 'age_trajectory': np.float64(85.0)}",Medium
Montrezl Harrell,2019-20,23.59,34.32,Role Player,Low Scaling,Fragile Star,-0.07533333333333334,0,3,Hides,False,"Fragile Star: high usage (24.5%), low CII (23.6), extreme hiding (-0.075), no creation tools","{'self_created': np.float64(25.18), 'pressure_appetite': np.float64(19.5), 'difficulty_embrace': np.float64(5.27), 'defensive_survival': np.float64(31.89), 'force_multiplication': np.float64(53.28)}","{'scaling_efficiency': np.float64(25.037608064912714), 'pressure_appetite': np.float64(4.800000000000004), 'creation_tools': np.float64(24.97485481997677), 'opportunity_response': np.float64(85.21142857142857), 'age_trajectory': np.float64(78.33)}",Medium
Moritz Wagner,2019-20,6.57,29.91,Role Player,Low Scaling,Role Player,-0.157,0,1,Hides,False,"Low CII 6.6, low TII 29.9","{'self_created': np.float64(1.15), 'pressure_appetite': np.float64(10.0), 'difficulty_embrace': np.float64(1.4), 'defensive_survival': np.float64(18.82), 'force_multiplication': np.float64(6.25)}","{'scaling_efficiency': np.float64(20.200007924244225), 'pressure_appetite': np.float64(0.0), 'creation_tools': np.float64(12.105077894354363), 'opportunity_response': np.float64(79.53714285714285), 'age_trajectory': np.float64(95.0)}",Medium
Myles Turner,2019-20,14.63,37.72,Role Player,Limited Scaling,Luxury Amplifier,-0.04539999999999996,0,5,Hides,True,"Negative career leverage (-0.045, 0+/5-) BUT has creation tools: Thrives as #2","{'self_created': np.float64(3.0), 'pressure_appetite': np.float64(13.67), 'difficulty_embrace': np.float64(16.17), 'defensive_survival': np.float64(37.57), 'force_multiplication': np.float64(14.45)}","{'scaling_efficiency': np.float64(19.56596957123097), 'pressure_appetite': np.float64(16.80000000000004), 'creation_tools': np.float64(39.094805781391145), 'opportunity_response': np.float64(72.2), 'age_trajectory': np.float64(90.0)}",High
Nemanja Bjelica,2019-20,19.48,46.28,Role Player,Limited Scaling,Role Player,-0.03124999999999998,1,3,Hides,False,"Low CII 19.5, low TII 46.3, no creation tools","{'self_created': np.float64(12.75), 'pressure_appetite': np.float64(23.02), 'difficulty_embrace': np.float64(8.83), 'defensive_survival': np.float64(44.18), 'force_multiplication': np.float64(15.08)}","{'scaling_efficiency': np.float64(29.949331944806033), 'pressure_appetite': np.float64(54.97205588822355), 'creation_tools': np.float64(39.66460737062461), 'opportunity_response': np.float64(80.80571428571429), 'age_trajectory': np.float64(35.0)}",High
Nicolas Batum,2019-20,8.17,22.47,Role Player,Low Scaling,Role Player,-0.03659999999999996,0,5,Hides,False,"Low CII 8.2, low TII 22.5, no creation tools","{'self_created': np.float64(8.5), 'pressure_appetite': np.float64(10.0), 'difficulty_embrace': np.float64(7.24), 'defensive_survival': np.float64(10.92), 'force_multiplication': np.float64(0.35)}","{'scaling_efficiency': np.float64(9.811889290012031), 'pressure_appetite': np.float64(2.8000000000000025), 'creation_tools': np.float64(36.11323105166535), 'opportunity_response': np.float64(50.71428571428571), 'age_trajectory': np.float64(40.01)}",High
Nicolo Melli,2019-20,9.86,28.22,Role Player,Low Scaling,Role Player,-0.064,0,1,Hides,False,"Low CII 9.9, low TII 28.2","{'self_created': np.float64(2.31), 'pressure_appetite': np.float64(10.0), 'difficulty_embrace': np.float64(9.87), 'defensive_survival': np.float64(28.62), 'force_multiplication': np.float64(3.97)}","{'scaling_efficiency': np.float64(12.096553893364026), 'pressure_appetite': np.float64(14.399999999999999), 'creation_tools': np.float64(37.65952454461254), 'opportunity_response': np.float64(51.91428571428571), 'age_trajectory': np.float64(56.67)}",Medium
Nikola Jokić,2019-20,51.25,65.86,Fragile Star,High Scaling,Strong Creator,0.008200000000000002,2,3,Mixed,True,Mixed career leverage (+0.008) but has tools/CII,"{'self_created': np.float64(35.1), 'pressure_appetite': np.float64(79.33), 'difficulty_embrace': np.float64(27.13), 'defensive_survival': np.float64(60.02), 'force_multiplication': np.float64(64.57)}","{'scaling_efficiency': np.float64(38.77902317777915), 'pressure_appetite': np.float64(83.26315789473684), 'creation_tools': np.float64(60.076829268292684), 'opportunity_response': np.float64(86.0), 'age_trajectory': np.float64(85.0)}",High
Nikola Vučević,2019-20,23.9,42.33,Role Player,Limited Scaling,Luxury Amplifier,-0.01239999999999998,1,4,Mixed,True,"Negative career leverage (-0.012, 1+/4-) BUT has creation tools: Thrives as #2","{'self_created': np.float64(6.5), 'pressure_appetite': np.float64(41.35), 'difficulty_embrace': np.float64(17.6), 'defensive_survival': np.float64(26.75), 'force_multiplication': np.float64(40.84)}","{'scaling_efficiency': np.float64(23.39666367512615), 'pressure_appetite': np.float64(43.92248062015507), 'creation_tools': np.float64(41.85268166635154), 'opportunity_response': np.float64(68.6), 'age_trajectory': np.float64(56.67)}",High
Norman Powell,2019-20,21.95,44.27,Role Player,Limited Scaling,Role Player,-0.0624999999999999,0,2,Hides,False,"Low CII 21.9, low TII 44.3","{'self_created': np.float64(11.87), 'pressure_appetite': np.float64(22.98), 'difficulty_embrace': np.float64(14.16), 'defensive_survival': np.float64(48.43), 'force_multiplication': np.float64(25.51)}","{'scaling_efficiency': np.float64(35.816955223880605), 'pressure_appetite': np.float64(22.000000000000036), 'creation_tools': np.float64(37.72886178861789), 'opportunity_response': np.float64(88.77714285714286), 'age_trajectory': np.float64(71.66)}",Medium
OG Anunoby,2019-20,11.84,38.82,Role Player,Limited Scaling,Role Player,-0.04999999999999993,0,3,Hides,False,"Low CII 11.8, low TII 38.8","{'self_created': np.float64(9.17), 'pressure_appetite': np.float64(10.0), 'difficulty_embrace': np.float64(4.66), 'defensive_survival': np.float64(27.62), 'force_multiplication': np.float64(15.12)}","{'scaling_efficiency': np.float64(19.405403831186764), 'pressure_appetite': np.float64(18.00000000000004), 'creation_tools': np.float64(30.485354402839803), 'opportunity_response': np.float64(82.69142857142856), 'age_trajectory': np.int64(100)}",Medium
Otto Porter Jr.,2019-20,22.96,42.63,Role Player,Limited Scaling,Role Player,-0.05659999999999994,0,5,Hides,False,"Low CII 23.0, low TII 42.6, no creation tools","{'self_created': np.float64(29.44), 'pressure_appetite': np.float64(15.33), 'difficulty_embrace': np.float64(25.43), 'defensive_survival': np.float64(27.97), 'force_multiplication': np.float64(10.16)}","{'scaling_efficiency': np.float64(40.112116066374725), 'pressure_appetite': np.float64(12.399999999999999), 'creation_tools': np.float64(58.71587792743599), 'opportunity_response': np.float64(57.22857142857143), 'age_trajectory': np.float64(71.66)}",High
P.J. Tucker,2019-20,15.39,34.92,Role Player,Low Scaling,Role Player,0.0054,3,2,Mixed,False,"Mixed career leverage, no tools, low CII","{'self_created': np.float64(0.71), 'pressure_appetite': np.float64(29.83), 'difficulty_embrace': np.float64(5.09), 'defensive_survival': np.float64(41.09), 'force_multiplication': np.float64(5.35)}","{'scaling_efficiency': np.float64(9.661564050972508), 'pressure_appetite': np.float64(62.31999999999999), 'creation_tools': np.float64(22.39973366975049), 'opportunity_response': np.float64(66.39999999999999), 'age_trajectory': np.int64(20)}",High
P.J. Washington,2019-20,14.82,32.95,Role Player,Low Scaling,Role Player,-0.038,0,1,Hides,False,"Low CII 14.8, low TII 33.0","{'self_created': np.float64(2.02), 'pressure_appetite': np.float64(20.28), 'difficulty_embrace': np.float64(4.66), 'defensive_survival': np.float64(42.84), 'force_multiplication': np.float64(17.83)}","{'scaling_efficiency': np.float64(11.315395770392755), 'pressure_appetite': np.float64(24.800000000000004), 'creation_tools': np.float64(24.03978437610463), 'opportunity_response': np.float64(56.971428571428575), 'age_trajectory': np.int64(100)}",Medium
Pascal Siakam,2019-20,56.79,70.24,Luxury Amplifier,High Scaling,Latent Engine,-0.038,1,2,Hides,True,"Medium CII 56.8, high TII 70.2, has tools","{'self_created': np.float64(45.02), 'pressure_appetite': np.float64(74.17), 'difficulty_embrace': np.float64(37.74), 'defensive_survival': np.float64(72.47), 'force_multiplication': np.float64(63.27)}","{'scaling_efficiency': np.float64(53.947507498088726), 'pressure_appetite': np.float64(83.76906474820143), 'creation_tools': np.float64(73.1298327191905), 'opportunity_response': np.float64(71.0), 'age_trajectory': np.float64(78.33)}",Medium
Pat Connaughton,2019-20,8.49,29.76,Role Player,Low Scaling,Role Player,-0.048999999999999946,0,2,Hides,False,"Low CII 8.5, low TII 29.8","{'self_created': np.float64(1.75), 'pressure_appetite': np.float64(10.0), 'difficulty_embrace': np.float64(3.06), 'defensive_survival': np.float64(30.4), 'force_multiplication': np.float64(2.9)}","{'scaling_efficiency': np.float64(14.66714780390012), 'pressure_appetite': np.float64(23.20000000000004), 'creation_tools': np.float64(22.26668733636489), 'opportunity_response': np.float64(52.94285714285714), 'age_trajectory': np.float64(71.66)}",Medium
Patrick Beverley,2019-20,16.22,37.86,Role Player,Limited Scaling,Role Player,-0.04624999999999995,0,4,Hides,False,"Low CII 16.2, low TII 37.9, no creation tools","{'self_created': np.float64(18.1), 'pressure_appetite': np.float64(10.0), 'difficulty_embrace': np.float64(10.11), 'defensive_survival': np.float64(37.93), 'force_multiplication': np.float64(5.8)}","{'scaling_efficiency': np.float64(30.807656063700033), 'pressure_appetite': np.float64(25.200000000000003), 'creation_tools': np.float64(46.93606094457891), 'opportunity_response': np.float64(59.542857142857144), 'age_trajectory': np.float64(40.01)}",High
Patrick McCaw,2019-20,20.97,47.21,Role Player,Limited Scaling,Role Player,0.006,1,0,Mixed,False,"Low CII 21.0, low TII 47.2","{'self_created': np.float64(6.44), 'pressure_appetite': np.float64(28.87), 'difficulty_embrace': np.float64(11.46), 'defensive_survival': np.float64(58.6), 'force_multiplication': np.float64(7.37)}","{'scaling_efficiency': np.float64(19.92775623268697), 'pressure_appetite': np.float64(67.02), 'creation_tools': np.float64(38.36993181222135), 'opportunity_response': np.float64(52.0), 'age_trajectory': np.float64(90.0)}",Medium
Patty Mills,2019-20,30.09,55.37,Role Player,Moderate Scaling,Luxury Amplifier,-0.01599999999999996,2,3,Mixed,True,"Negative career leverage (-0.016, 2+/3-) BUT has creation tools: Thrives as #2","{'self_created': np.float64(28.95), 'pressure_appetite': np.float64(32.38), 'difficulty_embrace': np.float64(30.69), 'defensive_survival': np.float64(37.28), 'force_multiplication': np.float64(15.79)}","{'scaling_efficiency': np.float64(52.69358376511226), 'pressure_appetite': np.float64(46.747841105354055), 'creation_tools': np.float64(62.597520957074856), 'opportunity_response': np.float64(75.71428571428572), 'age_trajectory': np.float64(40.01)}",High
Paul George,2019-20,61.7,70.33,Luxury Amplifier,High Scaling,Strong Creator,0.0314,4,1,Steps Up,True,"Positive career leverage (+0.031, 4+/1-), CII 61.7, TII 70.3: Can be #1 (Age 30 > 28, reclassified from Latent Engine)","{'self_created': np.float64(63.79), 'pressure_appetite': np.float64(70.77), 'difficulty_embrace': np.float64(53.11), 'defensive_survival': np.float64(66.38), 'force_multiplication': np.float64(42.94)}","{'scaling_efficiency': np.float64(62.94438848244069), 'pressure_appetite': np.float64(71.93424657534247), 'creation_tools': np.float64(80.23333333333333), 'opportunity_response': np.float64(83.90857142857143), 'age_trajectory': np.float64(48.34)}",High
Paul Millsap,2019-20,17.6,29.0,Role Player,Low Scaling,Role Player,-0.02859999999999998,1,3,Hides,False,"Low CII 17.6, low TII 29.0, no creation tools","{'self_created': np.float64(13.21), 'pressure_appetite': np.float64(13.83), 'difficulty_embrace': np.float64(12.97), 'defensive_survival': np.float64(31.7), 'force_multiplication': np.float64(28.28)}","{'scaling_efficiency': np.float64(18.314593108851422), 'pressure_appetite': np.float64(10.400000000000006), 'creation_tools': np.float64(36.49429037183773), 'opportunity_response': np.float64(77.41142857142857), 'age_trajectory': np.int64(20)}",High
RJ Barrett,2019-20,25.01,41.43,Role Player,Limited Scaling,Role Player,-0.055,0,1,Hides,False,"Low CII 25.0, low TII 41.4","{'self_created': np.float64(19.53), 'pressure_appetite': np.float64(24.06), 'difficulty_embrace': np.float64(18.01), 'defensive_survival': np.float64(35.21), 'force_multiplication': np.float64(42.56)}","{'scaling_efficiency': np.float64(26.776885448583556), 'pressure_appetite': np.float64(18.000000000000004), 'creation_tools': np.float64(51.69792578695018), 'opportunity_response': np.float64(57.05714285714286), 'age_trajectory': np.int64(100)}",Medium
Rajon Rondo,2019-20,21.51,38.17,Role Player,Limited Scaling,Role Player,-0.057249999999999954,0,4,Hides,False,"Low CII 21.5, low TII 38.2, no creation tools","{'self_created': np.float64(29.19), 'pressure_appetite': np.float64(10.0), 'difficulty_embrace': np.float64(23.74), 'defensive_survival': np.float64(24.76), 'force_multiplication': np.float64(17.89)}","{'scaling_efficiency': np.float64(51.71225229222124), 'pressure_appetite': np.float64(1.200000000000001), 'creation_tools': np.float64(62.85143160127254), 'opportunity_response': np.float64(48.57142857142857), 'age_trajectory': np.float64(25.0)}",High
Reggie Bullock Jr.,2019-20,20.04,37.91,Role Player,Limited Scaling,Luxury Amplifier,-0.030749999999999972,1,3,Hides,True,"Negative career leverage (-0.031, 1+/3-) BUT has creation tools: Thrives as #2","{'self_created': np.float64(7.12), 'pressure_appetite': np.float64(16.51), 'difficulty_embrace': np.float64(30.21), 'defensive_survival': np.float64(49.01), 'force_multiplication': np.float64(3.85)}","{'scaling_efficiency': np.float64(15.272361773538245), 'pressure_appetite': np.float64(27.599999999999998), 'creation_tools': np.float64(65.37482863063926), 'opportunity_response': np.float64(51.22857142857143), 'age_trajectory': np.float64(56.67)}",High
Reggie Jackson,2019-20,44.13,58.46,Fragile Star,Moderate Scaling,Strong Creator,0.0954,5,0,Steps Up,False,"Positive career leverage (+0.095), CII 44.1 still developing (Age 30 > 25, reclassified from Developing Engine)","{'self_created': np.float64(43.01), 'pressure_appetite': np.float64(60.22), 'difficulty_embrace': np.float64(32.33), 'defensive_survival': np.float64(42.43), 'force_multiplication': np.float64(33.43)}","{'scaling_efficiency': np.float64(48.33340907627108), 'pressure_appetite': np.float64(67.19475982532751), 'creation_tools': np.float64(72.95495615436504), 'opportunity_response': np.float64(51.57142857142857), 'age_trajectory': np.float64(48.34)}",High
Richaun Holmes,2019-20,13.42,37.35,Role Player,Limited Scaling,Role Player,-0.057999999999999934,0,3,Hides,False,"Low CII 13.4, low TII 37.4","{'self_created': np.float64(7.22), 'pressure_appetite': np.float64(12.83), 'difficulty_embrace': np.float64(5.7), 'defensive_survival': np.float64(35.66), 'force_multiplication': np.float64(15.59)}","{'scaling_efficiency': np.float64(21.16897435897436), 'pressure_appetite': np.float64(24.40000000000004), 'creation_tools': np.float64(18.877736085053158), 'opportunity_response': np.float64(88.58857142857143), 'age_trajectory': np.float64(78.33)}",Medium
Ricky Rubio,2019-20,44.85,65.44,Fragile Star,High Scaling,Luxury Amplifier,-0.036999999999999984,0,5,Hides,True,"Negative career leverage (-0.037, 0+/5-) BUT has creation tools: Thrives as #2","{'self_created': np.float64(43.45), 'pressure_appetite': np.float64(36.82), 'difficulty_embrace': np.float64(47.39), 'defensive_survival': np.float64(62.99), 'force_multiplication': np.float64(36.81)}","{'scaling_efficiency': np.float64(60.914724041386236), 'pressure_appetite': np.float64(61.76214405360133), 'creation_tools': np.float64(87.1), 'opportunity_response': np.float64(57.57142857142857), 'age_trajectory': np.float64(56.67)}",High
Robert Covington,2019-20,14.13,37.31,Role Player,Limited Scaling,Role Player,-0.013599999999999963,1,4,Mixed,False,"Low CII 14.1, low TII 37.3, no creation tools","{'self_created': np.float64(3.2), 'pressure_appetite': np.float64(24.5), 'difficulty_embrace': np.float64(7.9), 'defensive_survival': np.float64(31.62), 'force_multiplication': np.float64(7.26)}","{'scaling_efficiency': np.float64(16.03771962749598), 'pressure_appetite': np.float64(47.883629191321496), 'creation_tools': np.float64(26.93962813296772), 'opportunity_response': np.float64(63.14285714285714), 'age_trajectory': np.float64(56.67)}",High
Rodney Hood,2019-20,31.36,61.37,Role Player,Moderate Scaling,Luxury Amplifier,-0.03319999999999998,1,4,Hides,True,"Negative career leverage (-0.033, 1+/4-) BUT has creation tools: Thrives as #2","{'self_created': np.float64(45.52), 'pressure_appetite': np.float64(10.0), 'difficulty_embrace': np.float64(33.86), 'defensive_survival': np.float64(51.13), 'force_multiplication': np.float64(7.61)}","{'scaling_efficiency': np.float64(71.29063065172983), 'pressure_appetite': np.float64(15.2), 'creation_tools': np.float64(77.7), 'opportunity_response': np.float64(89.81428571428572), 'age_trajectory': np.float64(71.66)}",High
Royce O'Neale,2019-20,11.11,39.54,Role Player,Limited Scaling,Role Player,-0.049999999999999996,0,3,Hides,False,"Low CII 11.1, low TII 39.5","{'self_created': np.float64(1.77), 'pressure_appetite': np.float64(10.0), 'difficulty_embrace': np.float64(4.44), 'defensive_survival': np.float64(45.41), 'force_multiplication': np.float64(3.8)}","{'scaling_efficiency': np.float64(16.07733333333333), 'pressure_appetite': np.float64(52.78), 'creation_tools': np.float64(25.464505776636713), 'opportunity_response': np.float64(61.771428571428565), 'age_trajectory': np.float64(71.66)}",Medium
Rudy Gay,2019-20,30.0,42.59,Role Player,Limited Scaling,Luxury Amplifier,-0.02419999999999996,2,3,Hides,True,"Negative career leverage (-0.024, 2+/3-) BUT has creation tools: Thrives as #2","{'self_created': np.float64(25.74), 'pressure_appetite': np.float64(24.11), 'difficulty_embrace': np.float64(32.44), 'defensive_survival': np.float64(52.11), 'force_multiplication': np.float64(19.46)}","{'scaling_efficiency': np.float64(36.880198600767336), 'pressure_appetite': np.float64(22.80000000000004), 'creation_tools': np.float64(72.37817015373945), 'opportunity_response': np.float64(55.68571428571428), 'age_trajectory': np.float64(30.0)}",High
Rudy Gobert,2019-20,19.29,44.09,Role Player,Limited Scaling,Role Player,-0.007799999999999999,2,3,Mixed,False,"Low CII 19.3, low TII 44.1, no creation tools","{'self_created': np.float64(6.97), 'pressure_appetite': np.float64(34.8), 'difficulty_embrace': np.float64(0.0), 'defensive_survival': np.float64(40.03), 'force_multiplication': np.float64(24.94)}","{'scaling_efficiency': np.float64(20.016146483562213), 'pressure_appetite': np.float64(61.55555555555555), 'creation_tools': np.float64(12.0), 'opportunity_response': np.float64(92.0), 'age_trajectory': np.float64(64.99000000000001)}",High
Rui Hachimura,2019-20,19.73,44.27,Role Player,Limited Scaling,Role Player,-0.0569999999999999,0,1,Hides,True,"Low CII 19.7, low TII 44.3","{'self_created': np.float64(17.73), 'pressure_appetite': np.float64(15.33), 'difficulty_embrace': np.float64(27.59), 'defensive_survival': np.float64(23.67), 'force_multiplication': np.float64(15.1)}","{'scaling_efficiency': np.float64(28.545337432293962), 'pressure_appetite': np.float64(17.200000000000042), 'creation_tools': np.float64(64.44345076784101), 'opportunity_response': np.float64(56.8), 'age_trajectory': np.int64(100)}",Medium
Russell Westbrook,2019-20,52.07,48.54,Fragile Star,Limited Scaling,Strong Creator,0.05759999999999994,4,1,Steps Up,True,"Positive career leverage (+0.058), CII 52.1: Stepping up consistently","{'self_created': np.float64(62.0), 'pressure_appetite': np.float64(33.67), 'difficulty_embrace': np.float64(59.37), 'defensive_survival': np.float64(51.49), 'force_multiplication': np.float64(54.54)}","{'scaling_efficiency': np.float64(52.26043514562154), 'pressure_appetite': np.float64(4.800000000000004), 'creation_tools': np.float64(85.05), 'opportunity_response': np.float64(71.0), 'age_trajectory': np.float64(40.01)}",High
Serge Ibaka,2019-20,15.5,31.06,Role Player,Low Scaling,Fragile Star,-0.06939999999999998,0,5,Hides,True,"Fragile Star: high usage (23.6%), low CII (15.5), extreme hiding (-0.069)","{'self_created': np.float64(1.48), 'pressure_appetite': np.float64(17.67), 'difficulty_embrace': np.float64(15.6), 'defensive_survival': np.float64(35.75), 'force_multiplication': np.float64(21.57)}","{'scaling_efficiency': np.float64(23.075190700150852), 'pressure_appetite': np.float64(4.0000000000000036), 'creation_tools': np.float64(33.818768085985944), 'opportunity_response': np.float64(76.95714285714286), 'age_trajectory': np.float64(48.34)}",High
Seth Curry,2019-20,29.19,59.19,Role Player,Moderate Scaling,Luxury Amplifier,-0.055249999999999945,0,4,Hides,True,"Negative career leverage (-0.055, 0+/4-) BUT has creation tools: Thrives as #2","{'self_created': np.float64(36.17), 'pressure_appetite': np.float64(18.38), 'difficulty_embrace': np.float64(31.7), 'defensive_survival': np.float64(42.62), 'force_multiplication': np.float64(10.12)}","{'scaling_efficiency': np.float64(66.71871774513696), 'pressure_appetite': np.float64(24.80000000000004), 'creation_tools': np.float64(72.63773096821878), 'opportunity_response': np.float64(85.19428571428571), 'age_trajectory': np.float64(56.67)}",High
Shabazz Napier,2019-20,43.9,65.18,Fragile Star,High Scaling,Role Player,0.00499999999999995,1,0,Mixed,False,"Low CII 43.9, moderate TII 65.2 (Age 28 > 25, reclassified from Developing Prospect)","{'self_created': np.float64(50.5), 'pressure_appetite': np.float64(45.88), 'difficulty_embrace': np.float64(36.06), 'defensive_survival': np.float64(41.65), 'force_multiplication': np.float64(38.25)}","{'scaling_efficiency': np.float64(69.3615679461945), 'pressure_appetite': np.float64(59.04568527918779), 'creation_tools': np.float64(72.39983904915192), 'opportunity_response': np.float64(57.57142857142857), 'age_trajectory': np.float64(64.99000000000001)}",Medium
Shai Gilgeous-Alexander,2019-20,49.98,63.84,Fragile Star,Moderate Scaling,Strong Creator,-0.034,0,2,Hides,True,"CII 50.0, TII 63.8","{'self_created': np.float64(62.05), 'pressure_appetite': np.float64(34.42), 'difficulty_embrace': np.float64(43.27), 'defensive_survival': np.float64(63.51), 'force_multiplication': np.float64(45.78)}","{'scaling_efficiency': np.float64(68.62269503546096), 'pressure_appetite': np.float64(27.599999999999998), 'creation_tools': np.float64(76.45), 'opportunity_response': np.float64(73.74285714285715), 'age_trajectory': np.int64(100)}",Medium
Shake Milton,2019-20,30.89,58.84,Role Player,Moderate Scaling,Developing Prospect,0.002,1,0,Mixed,False,"Low CII 30.9, moderate TII 58.8","{'self_created': np.float64(33.17), 'pressure_appetite': np.float64(40.31), 'difficulty_embrace': np.float64(15.6), 'defensive_survival': np.float64(40.62), 'force_multiplication': np.float64(16.47)}","{'scaling_efficiency': np.float64(40.81851158564288), 'pressure_appetite': np.float64(55.04516129032258), 'creation_tools': np.float64(55.92989771833202), 'opportunity_response': np.float64(80.95142857142858), 'age_trajectory': np.float64(95.0)}",Medium
Spencer Dinwiddie,2019-20,62.5,65.38,Luxury Amplifier,High Scaling,Strong Creator,0.06724999999999995,4,0,Steps Up,False,"Positive career leverage (+0.067), CII 62.5: Stepping up consistently","{'self_created': np.float64(60.96), 'pressure_appetite': np.float64(74.2), 'difficulty_embrace': np.float64(47.04), 'defensive_survival': np.float64(63.88), 'force_multiplication': np.float64(66.76)}","{'scaling_efficiency': np.float64(56.48591501764075), 'pressure_appetite': np.float64(74.94494773519165), 'creation_tools': np.float64(69.37086059884989), 'opportunity_response': np.float64(57.74285714285714), 'age_trajectory': np.float64(71.66)}",High
Steven Adams,2019-20,15.56,33.07,Role Player,Low Scaling,Role Player,-0.058499999999999976,0,4,Hides,False,"Low CII 15.6, low TII 33.1, no creation tools","{'self_created': np.float64(15.57), 'pressure_appetite': np.float64(10.5), 'difficulty_embrace': np.float64(1.7), 'defensive_survival': np.float64(36.28), 'force_multiplication': np.float64(24.82)}","{'scaling_efficiency': np.float64(21.345974430239018), 'pressure_appetite': np.float64(14.0), 'creation_tools': np.float64(16.910027100271), 'opportunity_response': np.float64(79.67428571428572), 'age_trajectory': np.float64(78.33)}",High
Svi Mykhailiuk,2019-20,9.32,36.99,Role Player,Limited Scaling,Role Player,-0.075,0,1,Hides,False,"Low CII 9.3, low TII 37.0","{'self_created': np.float64(5.42), 'pressure_appetite': np.float64(10.0), 'difficulty_embrace': np.float64(8.46), 'defensive_survival': np.float64(18.9), 'force_multiplication': np.float64(6.72)}","{'scaling_efficiency': np.float64(25.35560557960557), 'pressure_appetite': np.float64(10.000000000000004), 'creation_tools': np.float64(37.12246858832225), 'opportunity_response': np.float64(66.37142857142857), 'age_trajectory': np.float64(95.0)}",Medium
T.J. Warren,2019-20,40.9,67.78,Fragile Star,High Scaling,Luxury Amplifier,-0.02839999999999998,0,5,Hides,True,"Negative career leverage (-0.028, 0+/5-) BUT has creation tools: Thrives as #2","{'self_created': np.float64(35.49), 'pressure_appetite': np.float64(44.36), 'difficulty_embrace': np.float64(38.53), 'defensive_survival': np.float64(55.6), 'force_multiplication': np.float64(31.22)}","{'scaling_efficiency': np.float64(53.142387029843896), 'pressure_appetite': np.float64(59.94032023289665), 'creation_tools': np.float64(78.35), 'opportunity_response': np.float64(89.0), 'age_trajectory': np.float64(78.33)}",High
Taj Gibson,2019-20,23.95,43.85,Role Player,Limited Scaling,Luxury Amplifier,-0.05824999999999997,1,3,Hides,True,"Negative career leverage (-0.058, 1+/3-) BUT has creation tools: Thrives as #2","{'self_created': np.float64(8.77), 'pressure_appetite': np.float64(34.82), 'difficulty_embrace': np.float64(14.5), 'defensive_survival': np.float64(56.88), 'force_multiplication': np.float64(11.82)}","{'scaling_efficiency': np.float64(27.81958168456755), 'pressure_appetite': np.float64(68.45517241379311), 'creation_tools': np.float64(29.406560134566867), 'opportunity_response': np.float64(70.05714285714285), 'age_trajectory': np.int64(20)}",High
Taurean Prince,2019-20,15.23,32.42,Role Player,Low Scaling,Role Player,-0.052999999999999936,0,3,Hides,False,"Low CII 15.2, low TII 32.4","{'self_created': np.float64(13.03), 'pressure_appetite': np.float64(11.67), 'difficulty_embrace': np.float64(21.97), 'defensive_survival': np.float64(22.0), 'force_multiplication': np.float64(7.14)}","{'scaling_efficiency': np.float64(14.86363636363636), 'pressure_appetite': np.float64(4.0000000000000036), 'creation_tools': np.float64(53.75487804878048), 'opportunity_response': np.float64(55.85714285714286), 'age_trajectory': np.float64(78.33)}",Medium
Terrence Ross,2019-20,28.04,41.8,Role Player,Limited Scaling,Luxury Amplifier,-0.010000000000000002,1,4,Mixed,True,"Negative career leverage (-0.010, 1+/4-) BUT has creation tools: Thrives as #2","{'self_created': np.float64(18.45), 'pressure_appetite': np.float64(28.78), 'difficulty_embrace': np.float64(35.43), 'defensive_survival': np.float64(43.95), 'force_multiplication': np.float64(16.35)}","{'scaling_efficiency': np.float64(27.819885529426415), 'pressure_appetite': np.float64(25.999999999999996), 'creation_tools': np.float64(65.58703703703704), 'opportunity_response': np.float64(54.48571428571428), 'age_trajectory': np.float64(56.67)}",High
Terry Rozier,2019-20,56.98,72.32,Luxury Amplifier,High Scaling,Luxury Amplifier,-0.054500000000000035,1,3,Hides,True,"Negative career leverage (-0.055, 1+/3-) BUT has creation tools: Thrives as #2","{'self_created': np.float64(45.9), 'pressure_appetite': np.float64(72.67), 'difficulty_embrace': np.float64(45.09), 'defensive_survival': np.float64(78.29), 'force_multiplication': np.float64(42.78)}","{'scaling_efficiency': np.float64(60.54142032462806), 'pressure_appetite': np.float64(86.91724137931033), 'creation_tools': np.float64(75.36666666666667), 'opportunity_response': np.float64(63.48571428571428), 'age_trajectory': np.float64(78.33)}",High
Thaddeus Young,2019-20,14.38,21.84,Role Player,Low Scaling,Role Player,-0.050999999999999976,0,5,Hides,False,"Low CII 14.4, low TII 21.8, no creation tools","{'self_created': np.float64(10.18), 'pressure_appetite': np.float64(11.67), 'difficulty_embrace': np.float64(6.76), 'defensive_survival': np.float64(36.08), 'force_multiplication': np.float64(16.47)}","{'scaling_efficiency': np.float64(10.072469345698096), 'pressure_appetite': np.float64(7.200000000000002), 'creation_tools': np.float64(28.335094850948508), 'opportunity_response': np.float64(52.34285714285714), 'age_trajectory': np.float64(35.0)}",High
Thomas Bryant,2019-20,17.4,51.21,Role Player,Moderate Scaling,Role Player,0.002999999999999999,1,1,Mixed,True,"Low CII 17.4, low TII 51.2","{'self_created': np.float64(2.55), 'pressure_appetite': np.float64(28.36), 'difficulty_embrace': np.float64(17.57), 'defensive_survival': np.float64(27.32), 'force_multiplication': np.float64(19.31)}","{'scaling_efficiency': np.float64(30.875968099246787), 'pressure_appetite': np.float64(44.52612612612616), 'creation_tools': np.float64(39.99399033179522), 'opportunity_response': np.float64(85.47714285714285), 'age_trajectory': np.int64(100)}",Medium
Thon Maker,2019-20,21.74,44.85,Role Player,Limited Scaling,Role Player,0.0519999999999999,1,0,Steps Up,False,"Low CII 21.7, low TII 44.9","{'self_created': np.float64(0.68), 'pressure_appetite': np.float64(58.67), 'difficulty_embrace': np.float64(6.79), 'defensive_survival': np.float64(26.58), 'force_multiplication': np.float64(15.23)}","{'scaling_efficiency': np.float64(13.547553884711775), 'pressure_appetite': np.float64(74.69999999999999), 'creation_tools': np.float64(18.695528455284553), 'opportunity_response': np.float64(59.16285714285715), 'age_trajectory': np.float64(95.0)}",Medium
Tim Hardaway Jr.,2019-20,34.16,59.49,Role Player,Moderate Scaling,Luxury Amplifier,-0.00249999999999995,1,3,Mixed,True,"Negative career leverage (-0.002, 1+/3-) BUT has creation tools: Thrives as #2","{'self_created': np.float64(28.92), 'pressure_appetite': np.float64(37.26), 'difficulty_embrace': np.float64(33.9), 'defensive_survival': np.float64(50.04), 'force_multiplication': np.float64(18.78)}","{'scaling_efficiency': np.float64(46.3237238071194), 'pressure_appetite': np.float64(53.362745098039255), 'creation_tools': np.float64(67.05), 'opportunity_response': np.float64(82.31428571428572), 'age_trajectory': np.float64(64.99000000000001)}",High
Tobias Harris,2019-20,39.75,58.86,Role Player,Moderate Scaling,Fragile Star,-0.05619999999999994,0,5,Hides,True,"Fragile Star: high usage (23.6%), high minutes (34.3), low CII (39.8), extreme hiding (-0.056)","{'self_created': np.float64(36.93), 'pressure_appetite': np.float64(40.51), 'difficulty_embrace': np.float64(36.33), 'defensive_survival': np.float64(49.22), 'force_multiplication': np.float64(38.98)}","{'scaling_efficiency': np.float64(44.06125749898074), 'pressure_appetite': np.float64(51.03672316384184), 'creation_tools': np.float64(73.55), 'opportunity_response': np.float64(73.39999999999999), 'age_trajectory': np.float64(71.66)}",High
Tomas Satoransky,2019-20,24.41,41.72,Role Player,Limited Scaling,Role Player,-0.0245,0,2,Hides,False,"Low CII 24.4, low TII 41.7","{'self_created': np.float64(28.76), 'pressure_appetite': np.float64(13.83), 'difficulty_embrace': np.float64(18.53), 'defensive_survival': np.float64(43.6), 'force_multiplication': np.float64(20.75)}","{'scaling_efficiency': np.float64(31.024154584360012), 'pressure_appetite': np.float64(23.200000000000003), 'creation_tools': np.float64(58.730019709287994), 'opportunity_response': np.float64(55.771428571428565), 'age_trajectory': np.float64(64.99000000000001)}",Medium
Tony Snell,2019-20,10.97,45.15,Role Player,Limited Scaling,Role Player,-0.032,0,3,Hides,False,"Low CII 11.0, low TII 45.1","{'self_created': np.float64(4.84), 'pressure_appetite': np.float64(11.91), 'difficulty_embrace': np.float64(11.44), 'defensive_survival': np.float64(25.82), 'force_multiplication': np.float64(3.8)}","{'scaling_efficiency': np.float64(19.987414691663716), 'pressure_appetite': np.float64(42.07272727272727), 'creation_tools': np.float64(50.13089430894309), 'opportunity_response': np.float64(80.71142857142857), 'age_trajectory': np.float64(64.99000000000001)}",Medium
Torrey Craig,2019-20,6.96,27.05,Role Player,Low Scaling,Role Player,-0.024333333333333332,0,3,Hides,False,"Low CII 7.0, low TII 27.1","{'self_created': np.float64(4.64), 'pressure_appetite': np.float64(10.0), 'difficulty_embrace': np.float64(3.39), 'defensive_survival': np.float64(14.16), 'force_multiplication': np.float64(2.65)}","{'scaling_efficiency': np.float64(10.787151969981243), 'pressure_appetite': np.float64(21.200000000000003), 'creation_tools': np.float64(24.585583977790996), 'opportunity_response': np.float64(52.85714285714286), 'age_trajectory': np.float64(56.67)}",Medium
Trae Young,2019-20,84.76,83.98,Franchise Engine,Elite Scaling,Franchise Engine,0.0999999999999999,2,0,Steps Up,True,CII 84.8 >= 74: Already elite creator,"{'self_created': np.float64(96.63), 'pressure_appetite': np.float64(90.0), 'difficulty_embrace': np.float64(75.4), 'defensive_survival': np.float64(74.6), 'force_multiplication': np.float64(70.04)}","{'scaling_efficiency': np.float64(83.28968423985192), 'pressure_appetite': np.float64(84.0126843657817), 'creation_tools': np.float64(75.45), 'opportunity_response': np.float64(86.0), 'age_trajectory': np.int64(100)}",Medium
Treveon Graham,2019-20,5.89,23.8,Role Player,Low Scaling,Role Player,-0.076,0,1,Hides,False,"Low CII 5.9, low TII 23.8","{'self_created': np.float64(2.7), 'pressure_appetite': np.float64(10.0), 'difficulty_embrace': np.float64(3.37), 'defensive_survival': np.float64(11.6), 'force_multiplication': np.float64(1.7)}","{'scaling_efficiency': np.float64(6.232482517482517), 'pressure_appetite': np.float64(9.600000000000005), 'creation_tools': np.float64(24.38661663539712), 'opportunity_response': np.float64(45.48571428571428), 'age_trajectory': np.float64(78.33)}",Medium
Trevor Ariza,2019-20,7.05,31.2,Role Player,Low Scaling,Role Player,-0.04399999999999996,0,5,Hides,False,"Low CII 7.0, low TII 31.2, no creation tools","{'self_created': np.float64(2.71), 'pressure_appetite': np.float64(10.0), 'difficulty_embrace': np.float64(4.23), 'defensive_survival': np.float64(18.02), 'force_multiplication': np.float64(1.85)}","{'scaling_efficiency': np.float64(26.47409647979139), 'pressure_appetite': np.float64(14.8), 'creation_tools': np.float64(32.619623375720934), 'opportunity_response': np.float64(73.58857142857143), 'age_trajectory': np.int64(20)}",High
Trey Burke,2019-20,32.37,57.41,Role Player,Moderate Scaling,Luxury Amplifier,-0.013999999999999976,1,3,Mixed,True,"Negative career leverage (-0.014, 1+/3-) BUT has creation tools: Thrives as #2","{'self_created': np.float64(31.99), 'pressure_appetite': np.float64(36.27), 'difficulty_embrace': np.float64(30.13), 'defensive_survival': np.float64(36.41), 'force_multiplication': np.float64(22.16)}","{'scaling_efficiency': np.float64(54.64088689306765), 'pressure_appetite': np.float64(49.74829931972789), 'creation_tools': np.float64(73.66312427409989), 'opportunity_response': np.float64(44.542857142857144), 'age_trajectory': np.float64(71.66)}",High
Trey Lyles,2019-20,11.87,39.6,Role Player,Limited Scaling,Role Player,-0.05466666666666664,0,3,Hides,False,"Low CII 11.9, low TII 39.6","{'self_created': np.float64(1.67), 'pressure_appetite': np.float64(20.67), 'difficulty_embrace': np.float64(10.27), 'defensive_survival': np.float64(24.86), 'force_multiplication': np.float64(4.15)}","{'scaling_efficiency': np.float64(10.164766603415565), 'pressure_appetite': np.float64(46.08333333333333), 'creation_tools': np.float64(39.4168818747011), 'opportunity_response': np.float64(54.31428571428572), 'age_trajectory': np.float64(90.0)}",Medium
Tristan Thompson,2019-20,18.24,30.87,Role Player,Low Scaling,Role Player,-0.03619999999999998,0,5,Hides,False,"Low CII 18.2, low TII 30.9, no creation tools","{'self_created': np.float64(15.39), 'pressure_appetite': np.float64(22.56), 'difficulty_embrace': np.float64(4.77), 'defensive_survival': np.float64(25.95), 'force_multiplication': np.float64(31.41)}","{'scaling_efficiency': np.float64(12.232610168897923), 'pressure_appetite': np.float64(27.199999999999996), 'creation_tools': np.float64(30.997435206396265), 'opportunity_response': np.float64(56.885714285714286), 'age_trajectory': np.float64(56.67)}",High
Troy Brown Jr.,2019-20,30.57,57.18,Role Player,Moderate Scaling,Developing Prospect,0.011,2,0,Steps Up,True,"Low CII 30.6, moderate TII 57.2","{'self_created': np.float64(20.96), 'pressure_appetite': np.float64(42.96), 'difficulty_embrace': np.float64(25.93), 'defensive_survival': np.float64(37.75), 'force_multiplication': np.float64(26.97)}","{'scaling_efficiency': np.float64(38.21485853227234), 'pressure_appetite': np.float64(59.993103448275875), 'creation_tools': np.float64(63.763092234370625), 'opportunity_response': np.float64(53.114285714285714), 'age_trajectory': np.int64(100)}",Medium
Tyler Herro,2019-20,41.21,64.11,Fragile Star,Moderate Scaling,Developing Prospect,-0.0209999999999999,0,1,Hides,True,"Low CII 41.2, moderate TII 64.1","{'self_created': np.float64(36.72), 'pressure_appetite': np.float64(34.42), 'difficulty_embrace': np.float64(47.56), 'defensive_survival': np.float64(65.81), 'force_multiplication': np.float64(22.07)}","{'scaling_efficiency': np.float64(51.439319248826294), 'pressure_appetite': np.float64(57.22535211267609), 'creation_tools': np.float64(76.5), 'opportunity_response': np.float64(60.48571428571428), 'age_trajectory': np.int64(100)}",Medium
Tyler Johnson,2019-20,25.13,45.98,Role Player,Limited Scaling,Role Player,-0.004666666666666634,1,2,Mixed,True,"Low CII 25.1, low TII 46.0","{'self_created': np.float64(8.42), 'pressure_appetite': np.float64(41.88), 'difficulty_embrace': np.float64(28.97), 'defensive_survival': np.float64(34.19), 'force_multiplication': np.float64(12.07)}","{'scaling_efficiency': np.float64(13.553977676725918), 'pressure_appetite': np.float64(58.31186440677966), 'creation_tools': np.float64(69.25006200909468), 'opportunity_response': np.float64(46.6), 'age_trajectory': np.float64(64.99000000000001)}",Medium
Victor Oladipo,2019-20,57.81,60.86,Luxury Amplifier,Moderate Scaling,Strong Creator,0.05059999999999998,4,1,Steps Up,True,"Positive career leverage (+0.051), CII 57.8: Stepping up consistently","{'self_created': np.float64(41.71), 'pressure_appetite': np.float64(84.17), 'difficulty_embrace': np.float64(54.03), 'defensive_survival': np.float64(58.45), 'force_multiplication': np.float64(46.81)}","{'scaling_efficiency': np.float64(33.618055153782706), 'pressure_appetite': np.float64(81.6), 'creation_tools': np.float64(78.25), 'opportunity_response': np.float64(54.82857142857143), 'age_trajectory': np.float64(64.99000000000001)}",High
Vince Carter,2019-20,15.27,27.27,Role Player,Low Scaling,Luxury Amplifier,-0.038199999999999935,0,5,Hides,True,"Negative career leverage (-0.038, 0+/5-) BUT has creation tools: Thrives as #2","{'self_created': np.float64(6.98), 'pressure_appetite': np.float64(13.33), 'difficulty_embrace': np.float64(18.73), 'defensive_survival': np.float64(37.95), 'force_multiplication': np.float64(4.02)}","{'scaling_efficiency': np.float64(9.281305671334236), 'pressure_appetite': np.float64(22.800000000000004), 'creation_tools': np.float64(51.288852311836), 'opportunity_response': np.float64(43.51428571428571), 'age_trajectory': np.int64(20)}",High
Wayne Ellington,2019-20,27.11,40.81,Role Player,Limited Scaling,Role Player,-0.01899999999999996,1,4,Mixed,False,"Low CII 27.1, low TII 40.8, no creation tools","{'self_created': np.float64(5.22), 'pressure_appetite': np.float64(50.0), 'difficulty_embrace': np.float64(15.33), 'defensive_survival': np.float64(59.74), 'force_multiplication': np.float64(10.15)}","{'scaling_efficiency': np.float64(8.778916754478399), 'pressure_appetite': np.float64(80.10958904109589), 'creation_tools': np.float64(40.03043211938969), 'opportunity_response': np.float64(44.285714285714285), 'age_trajectory': np.float64(35.0)}",High
Wendell Carter Jr.,2019-20,16.43,38.11,Role Player,Limited Scaling,Role Player,-0.0435,0,2,Hides,False,"Low CII 16.4, low TII 38.1","{'self_created': np.float64(10.65), 'pressure_appetite': np.float64(14.93), 'difficulty_embrace': np.float64(7.8), 'defensive_survival': np.float64(44.63), 'force_multiplication': np.float64(12.44)}","{'scaling_efficiency': np.float64(16.689660753190164), 'pressure_appetite': np.float64(24.800000000000004), 'creation_tools': np.float64(23.01559771153267), 'opportunity_response': np.float64(82.03142857142858), 'age_trajectory': np.int64(100)}",Medium
Wesley Matthews,2019-20,9.55,28.26,Role Player,Low Scaling,Role Player,-0.030399999999999962,0,5,Hides,False,"Low CII 9.6, low TII 28.3, no creation tools","{'self_created': np.float64(4.84), 'pressure_appetite': np.float64(10.0), 'difficulty_embrace': np.float64(11.09), 'defensive_survival': np.float64(20.52), 'force_multiplication': np.float64(2.99)}","{'scaling_efficiency': np.float64(18.177147363808974), 'pressure_appetite': np.float64(13.2), 'creation_tools': np.float64(43.60975279264987), 'opportunity_response': np.float64(51.91428571428571), 'age_trajectory': np.float64(30.0)}",High
Will Barton,2019-20,41.58,58.81,Fragile Star,Moderate Scaling,Role Player,-0.001000000000000038,4,1,Mixed,False,"Low CII 41.6, low TII 58.8, no creation tools","{'self_created': np.float64(41.11), 'pressure_appetite': np.float64(43.99), 'difficulty_embrace': np.float64(34.87), 'defensive_survival': np.float64(53.15), 'force_multiplication': np.float64(33.08)}","{'scaling_efficiency': np.float64(49.265191811600246), 'pressure_appetite': np.float64(61.027411167512696), 'creation_tools': np.float64(71.08333333333334), 'opportunity_response': np.float64(59.28571428571428), 'age_trajectory': np.float64(56.67)}",High
Willie Cauley-Stein,2019-20,10.75,29.3,Role Player,Low Scaling,Role Player,-0.04439999999999998,1,4,Hides,False,"Low CII 10.8, low TII 29.3, no creation tools","{'self_created': np.float64(2.94), 'pressure_appetite': np.float64(10.0), 'difficulty_embrace': np.float64(8.4), 'defensive_survival': np.float64(33.94), 'force_multiplication': np.float64(5.98)}","{'scaling_efficiency': np.float64(16.13662063086104), 'pressure_appetite': np.float64(4.800000000000004), 'creation_tools': np.float64(27.532610659439925), 'opportunity_response': np.float64(66.14), 'age_trajectory': np.float64(78.33)}",High
Wilson Chandler,2019-20,11.58,30.61,Role Player,Low Scaling,Role Player,-0.032333333333333304,0,3,Hides,False,"Low CII 11.6, low TII 30.6","{'self_created': np.float64(4.44), 'pressure_appetite': np.float64(20.14), 'difficulty_embrace': np.float64(8.47), 'defensive_survival': np.float64(20.66), 'force_multiplication': np.float64(4.25)}","{'scaling_efficiency': np.float64(10.451681361175567), 'pressure_appetite': np.float64(46.890625), 'creation_tools': np.float64(27.008943089430893), 'opportunity_response': np.float64(49.0), 'age_trajectory': np.float64(30.0)}",Medium
Zach LaVine,2019-20,69.95,74.6,Luxury Amplifier,High Scaling,Latent Engine,0.051000000000000024,3,2,Steps Up,True,"Positive career leverage (+0.051, 3+/2-), CII 70.0, TII 74.6: Can be #1","{'self_created': np.float64(61.47), 'pressure_appetite': np.float64(90.0), 'difficulty_embrace': np.float64(55.23), 'defensive_survival': np.float64(74.82), 'force_multiplication': np.float64(67.4)}","{'scaling_efficiency': np.float64(59.52516025641023), 'pressure_appetite': np.float64(84.7), 'creation_tools': np.float64(76.56666666666666), 'opportunity_response': np.float64(78.32857142857142), 'age_trajectory': np.float64(85.0)}",High
Zion Williamson,2019-20,24.69,41.79,Role Player,Limited Scaling,Role Player,-0.0309999999999999,0,1,Hides,False,"Low CII 24.7, low TII 41.8","{'self_created': np.float64(7.0), 'pressure_appetite': np.float64(45.27), 'difficulty_embrace': np.float64(3.56), 'defensive_survival': np.float64(37.86), 'force_multiplication': np.float64(48.84)}","{'scaling_efficiency': np.float64(25.130990299297704), 'pressure_appetite': np.float64(27.600000000000044), 'creation_tools': np.float64(25.095770122649682), 'opportunity_response': np.float64(82.21142857142857), 'age_trajectory': np.int64(100)}",Medium
