player_name,season,cii,tii,cii_archetype,tii_archetype,archetype_2d,career_leverage_mean,career_positive_seasons,career_negative_seasons,career_pattern,has_creation_tools,reasoning,cii_components,tii_components,confidence
Aaron Gordon,2023-24,22.75,44.33,Role Player,Limited Scaling,Role Player,-0.05577777777777773,0,9,Hides,False,"Low CII 22.8, low TII 44.3, no creation tools","{'self_created': np.float64(20.81), 'pressure_appetite': np.float64(19.43), 'difficulty_embrace': np.float64(8.71), 'defensive_survival': np.float64(45.54), 'force_multiplication': np.float64(30.76)}","{'scaling_efficiency': np.float64(34.19284285130162), 'pressure_appetite': np.float64(26.000000000000043), 'creation_tools': np.float64(36.5745117278759), 'opportunity_response': np.float64(91.7), 'age_trajectory': np.float64(64.99000000000001)}",High
Aaron Holiday,2023-24,26.47,50.18,Role Player,Moderate Scaling,Role Player,-0.026000000000000002,0,2,Hides,False,"Low CII 26.5, low TII 50.2","{'self_created': np.float64(34.79), 'pressure_appetite': np.float64(25.38), 'difficulty_embrace': np.float64(17.99), 'defensive_survival': np.float64(32.12), 'force_multiplication': np.float64(12.68)}","{'scaling_efficiency': np.float64(40.481672753233184), 'pressure_appetite': np.float64(46.39662447257383), 'creation_tools': np.float64(50.60982299063497), 'opportunity_response': np.float64(60.971428571428575), 'age_trajectory': np.float64(71.66)}",Medium
Aaron Nesmith,2023-24,19.17,52.68,Role Player,Moderate Scaling,Role Player,-0.016,1,1,Mixed,False,"Low CII 19.2, low TII 52.7","{'self_created': np.float64(4.3), 'pressure_appetite': np.float64(36.85), 'difficulty_embrace': np.float64(9.31), 'defensive_survival': np.float64(33.6), 'force_multiplication': np.float64(17.66)}","{'scaling_efficiency': np.float64(32.65182523478971), 'pressure_appetite': np.float64(56.31898734177214), 'creation_tools': np.float64(32.957739014099), 'opportunity_response': np.float64(88.11714285714285), 'age_trajectory': np.float64(90.0)}",Medium
Aaron Wiggins,2023-24,11.65,36.48,Role Player,Limited Scaling,Role Player,-0.05266666666666659,0,3,Hides,False,"Low CII 11.7, low TII 36.5","{'self_created': np.float64(7.62), 'pressure_appetite': np.float64(11.33), 'difficulty_embrace': np.float64(2.99), 'defensive_survival': np.float64(34.91), 'force_multiplication': np.float64(6.99)}","{'scaling_efficiency': np.float64(23.84503654710946), 'pressure_appetite': np.float64(18.000000000000004), 'creation_tools': np.float64(24.05298019851364), 'opportunity_response': np.float64(76.80285714285714), 'age_trajectory': np.float64(85.0)}",Medium
Al Horford,2023-24,10.87,37.05,Role Player,Limited Scaling,Role Player,-0.031374999999999986,0,8,Hides,False,"Low CII 10.9, low TII 37.0, no creation tools","{'self_created': np.float64(0.93), 'pressure_appetite': np.float64(16.76), 'difficulty_embrace': np.float64(3.59), 'defensive_survival': np.float64(34.39), 'force_multiplication': np.float64(5.24)}","{'scaling_efficiency': np.float64(20.80564463623287), 'pressure_appetite': np.float64(49.76190476190476), 'creation_tools': np.float64(16.409253945480632), 'opportunity_response': np.float64(87.26857142857142), 'age_trajectory': np.int64(20)}",High
Alec Burks,2023-24,25.93,37.1,Role Player,Limited Scaling,Fragile Star,0.02399999999999999,7,2,Steps Up,False,"Fragile Star: high usage (23.4%), low CII (25.9), no creation tools","{'self_created': np.float64(24.27), 'pressure_appetite': np.float64(24.91), 'difficulty_embrace': np.float64(29.03), 'defensive_survival': np.float64(32.0), 'force_multiplication': np.float64(18.18)}","{'scaling_efficiency': np.float64(34.416002548176465), 'pressure_appetite': np.float64(18.800000000000004), 'creation_tools': np.float64(57.81283093600167), 'opportunity_response': np.float64(46.77142857142857), 'age_trajectory': np.float64(35.0)}",High
Aleksej Pokusevski,2023-24,6.71,25.99,Role Player,Low Scaling,Role Player,0.0004999999999999727,2,2,Mixed,False,"Mixed career leverage, no tools, low CII","{'self_created': np.float64(2.97), 'pressure_appetite': np.float64(10.0), 'difficulty_embrace': np.float64(6.76), 'defensive_survival': np.float64(11.45), 'force_multiplication': np.float64(2.53)}","{'scaling_efficiency': np.float64(10.295039722663587), 'pressure_appetite': np.float64(4.400000000000044), 'creation_tools': np.float64(26.438012856872753), 'opportunity_response': np.float64(43.42857142857143), 'age_trajectory': np.int64(100)}",High
Alex Caruso,2023-24,22.81,53.84,Role Player,Moderate Scaling,Role Player,-0.02959999999999998,1,4,Hides,False,"Low CII 22.8, low TII 53.8, no creation tools","{'self_created': np.float64(20.04), 'pressure_appetite': np.float64(24.58), 'difficulty_embrace': np.float64(10.19), 'defensive_survival': np.float64(50.28), 'force_multiplication': np.float64(10.71)}","{'scaling_efficiency': np.float64(37.7883894572568), 'pressure_appetite': np.float64(59.6073059360731), 'creation_tools': np.float64(47.0436574228756), 'opportunity_response': np.float64(89.06), 'age_trajectory': np.float64(48.34)}",High
Alperen Sengun,2023-24,43.83,55.28,Fragile Star,Moderate Scaling,Developing Prospect,-0.003999999999999962,1,2,Mixed,False,"Low CII 43.8, moderate TII 55.3","{'self_created': np.float64(18.92), 'pressure_appetite': np.float64(83.5), 'difficulty_embrace': np.float64(8.79), 'defensive_survival': np.float64(53.96), 'force_multiplication': np.float64(74.31)}","{'scaling_efficiency': np.float64(22.655507341661185), 'pressure_appetite': np.float64(82.84074074074073), 'creation_tools': np.float64(29.994956338452273), 'opportunity_response': np.float64(78.5), 'age_trajectory': np.int64(100)}",Medium
Amen Thompson,2023-24,24.83,44.61,Role Player,Limited Scaling,Role Player,-0.03,0,1,Hides,False,"Low CII 24.8, low TII 44.6","{'self_created': np.float64(31.28), 'pressure_appetite': np.float64(21.76), 'difficulty_embrace': np.float64(7.07), 'defensive_survival': np.float64(39.03), 'force_multiplication': np.float64(27.39)}","{'scaling_efficiency': np.float64(20.959318970047292), 'pressure_appetite': np.float64(48.878612716763), 'creation_tools': np.float64(30.876810470416842), 'opportunity_response': np.float64(66.2), 'age_trajectory': np.int64(100)}",Medium
Andre Drummond,2023-24,15.66,22.18,Role Player,Low Scaling,Role Player,-0.04885714285714283,0,7,Hides,False,"Low CII 15.7, low TII 22.2, no creation tools","{'self_created': np.float64(21.7), 'pressure_appetite': np.float64(14.17), 'difficulty_embrace': np.float64(0.6), 'defensive_survival': np.float64(28.36), 'force_multiplication': np.float64(12.3)}","{'scaling_efficiency': np.float64(13.801115453179065), 'pressure_appetite': np.float64(9.600000000000005), 'creation_tools': np.float64(7.8), 'opportunity_response': np.float64(61.65714285714286), 'age_trajectory': np.float64(48.34)}",High
Andrew Nembhard,2023-24,29.22,61.97,Role Player,Moderate Scaling,Developing Prospect,-0.00550000000000005,1,1,Mixed,True,"Low CII 29.2, moderate TII 62.0","{'self_created': np.float64(35.72), 'pressure_appetite': np.float64(18.45), 'difficulty_embrace': np.float64(30.23), 'defensive_survival': np.float64(42.04), 'force_multiplication': np.float64(15.39)}","{'scaling_efficiency': np.float64(71.28698064282696), 'pressure_appetite': np.float64(27.599999999999998), 'creation_tools': np.float64(72.09623541887592), 'opportunity_response': np.float64(68.42857142857143), 'age_trajectory': np.float64(90.0)}",Medium
Andrew Wiggins,2023-24,19.79,38.17,Role Player,Limited Scaling,Role Player,-0.029333333333333315,3,6,Hides,False,"Low CII 19.8, low TII 38.2, no creation tools","{'self_created': np.float64(17.41), 'pressure_appetite': np.float64(15.83), 'difficulty_embrace': np.float64(19.54), 'defensive_survival': np.float64(31.62), 'force_multiplication': np.float64(19.61)}","{'scaling_efficiency': np.float64(32.2116630128406), 'pressure_appetite': np.float64(11.60000000000004), 'creation_tools': np.float64(59.1113110742758), 'opportunity_response': np.float64(54.142857142857146), 'age_trajectory': np.float64(56.67)}",High
Anfernee Simons,2023-24,73.51,79.32,Strong Creator,High Scaling,Latent Engine,0.036999999999999963,3,0,Steps Up,True,"CII 73.5, TII 79.3: High potential (limited career data)","{'self_created': np.float64(73.92), 'pressure_appetite': np.float64(83.17), 'difficulty_embrace': np.float64(64.1), 'defensive_survival': np.float64(86.5), 'force_multiplication': np.float64(47.49)}","{'scaling_efficiency': np.float64(69.75959984609463), 'pressure_appetite': np.float64(89.31449275362317), 'creation_tools': np.float64(79.31666666666666), 'opportunity_response': np.float64(77.98571428571428), 'age_trajectory': np.float64(85.0)}",Medium
Anthony Davis,2023-24,32.74,53.73,Role Player,Moderate Scaling,Fragile Star,-0.0009999999999999894,3,6,Mixed,False,"Fragile Star: high usage (26.1%), high minutes (35.5), low CII (32.7), no creation tools","{'self_created': np.float64(22.82), 'pressure_appetite': np.float64(36.37), 'difficulty_embrace': np.float64(20.17), 'defensive_survival': np.float64(44.75), 'force_multiplication': np.float64(60.51)}","{'scaling_efficiency': np.float64(63.12826607972609), 'pressure_appetite': np.float64(24.400000000000006), 'creation_tools': np.float64(58.95490452605676), 'opportunity_response': np.float64(86.0), 'age_trajectory': np.float64(40.01)}",High
Anthony Edwards,2023-24,72.49,76.48,Strong Creator,High Scaling,Luxury Amplifier,-0.0025000000000000248,2,2,Mixed,True,"Negative career leverage (-0.003, 2+/2-) BUT has creation tools: Thrives as #2","{'self_created': np.float64(74.4), 'pressure_appetite': np.float64(80.34), 'difficulty_embrace': np.float64(66.66), 'defensive_survival': np.float64(69.12), 'force_multiplication': np.float64(63.87)}","{'scaling_efficiency': np.float64(66.1003942978465), 'pressure_appetite': np.float64(76.00318471337579), 'creation_tools': np.float64(79.35), 'opportunity_response': np.float64(78.5), 'age_trajectory': np.int64(100)}",High
Ausar Thompson,2023-24,16.79,39.16,Role Player,Limited Scaling,Role Player,-0.014,0,1,Mixed,False,"Low CII 16.8, low TII 39.2","{'self_created': np.float64(8.74), 'pressure_appetite': np.float64(27.62), 'difficulty_embrace': np.float64(9.17), 'defensive_survival': np.float64(21.96), 'force_multiplication': np.float64(21.34)}","{'scaling_efficiency': np.float64(11.302265190386176), 'pressure_appetite': np.float64(47.768115942028984), 'creation_tools': np.float64(29.761417462000708), 'opportunity_response': np.float64(52.51428571428572), 'age_trajectory': np.int64(100)}",Medium
Austin Reaves,2023-24,47.79,78.03,Fragile Star,High Scaling,Latent Engine,0.0013333333333333333,2,1,Mixed,True,"Medium CII 47.8, high TII 78.0, has tools","{'self_created': np.float64(55.4), 'pressure_appetite': np.float64(45.09), 'difficulty_embrace': np.float64(35.21), 'defensive_survival': np.float64(63.52), 'force_multiplication': np.float64(33.3)}","{'scaling_efficiency': np.float64(78.13556689002233), 'pressure_appetite': np.float64(70.02424242424239), 'creation_tools': np.float64(77.26666666666667), 'opportunity_response': np.float64(92.0), 'age_trajectory': np.float64(78.33)}",Medium
Ayo Dosunmu,2023-24,21.13,48.16,Role Player,Limited Scaling,Role Player,-0.03649999999999995,0,2,Hides,False,"Low CII 21.1, low TII 48.2","{'self_created': np.float64(23.13), 'pressure_appetite': np.float64(14.86), 'difficulty_embrace': np.float64(14.11), 'defensive_survival': np.float64(39.85), 'force_multiplication': np.float64(16.75)}","{'scaling_efficiency': np.float64(37.85645011503869), 'pressure_appetite': np.float64(23.6), 'creation_tools': np.float64(48.041869918699184), 'opportunity_response': np.float64(81.93714285714286), 'age_trajectory': np.float64(90.0)}",Medium
Bam Adebayo,2023-24,29.76,51.23,Role Player,Moderate Scaling,Fragile Star,-0.05433333333333334,0,6,Hides,True,"Fragile Star: high usage (24.7%), high minutes (34.0), low CII (29.8), extreme hiding (-0.054)","{'self_created': np.float64(31.98), 'pressure_appetite': np.float64(22.5), 'difficulty_embrace': np.float64(25.59), 'defensive_survival': np.float64(29.03), 'force_multiplication': np.float64(50.7)}","{'scaling_efficiency': np.float64(53.20701378568133), 'pressure_appetite': np.float64(11.200000000000006), 'creation_tools': np.float64(62.66743194759883), 'opportunity_response': np.float64(80.64285714285714), 'age_trajectory': np.float64(78.33)}",High
Ben Sheppard,2023-24,10.05,30.7,Role Player,Low Scaling,Role Player,-0.034,0,1,Hides,False,"Low CII 10.1, low TII 30.7","{'self_created': np.float64(1.35), 'pressure_appetite': np.float64(10.0), 'difficulty_embrace': np.float64(4.97), 'defensive_survival': np.float64(38.83), 'force_multiplication': np.float64(3.3)}","{'scaling_efficiency': np.float64(8.225532934131737), 'pressure_appetite': np.float64(26.4), 'creation_tools': np.float64(25.73008130081301), 'opportunity_response': np.float64(43.25714285714286), 'age_trajectory': np.int64(100)}",Medium
Ben Simmons,2023-24,16.33,32.83,Role Player,Low Scaling,Role Player,-0.05949999999999996,0,6,Hides,False,"Low CII 16.3, low TII 32.8, no creation tools","{'self_created': np.float64(22.22), 'pressure_appetite': np.float64(10.0), 'difficulty_embrace': np.float64(3.8), 'defensive_survival': np.float64(40.02), 'force_multiplication': np.float64(4.02)}","{'scaling_efficiency': np.float64(25.047671592775036), 'pressure_appetite': np.float64(17.600000000000044), 'creation_tools': np.float64(25.613369467028004), 'opportunity_response': np.float64(57.48571428571428), 'age_trajectory': np.float64(71.66)}",High
Bennedict Mathurin,2023-24,30.54,54.1,Role Player,Moderate Scaling,Role Player,-0.03199999999999995,0,2,Hides,False,"Low CII 30.5, low TII 54.1","{'self_created': np.float64(29.33), 'pressure_appetite': np.float64(28.71), 'difficulty_embrace': np.float64(27.91), 'defensive_survival': np.float64(33.53), 'force_multiplication': np.float64(39.54)}","{'scaling_efficiency': np.float64(52.88762944831481), 'pressure_appetite': np.float64(24.000000000000004), 'creation_tools': np.float64(61.40370889992086), 'opportunity_response': np.float64(66.37142857142857), 'age_trajectory': np.int64(100)}",Medium
Bilal Coulibaly,2023-24,10.27,31.4,Role Player,Low Scaling,Role Player,-0.065,0,1,Hides,False,"Low CII 10.3, low TII 31.4","{'self_created': np.float64(7.56), 'pressure_appetite': np.float64(10.0), 'difficulty_embrace': np.float64(5.96), 'defensive_survival': np.float64(16.9), 'force_multiplication': np.float64(17.72)}","{'scaling_efficiency': np.float64(13.316582056492216), 'pressure_appetite': np.float64(14.0), 'creation_tools': np.float64(28.780666198748314), 'opportunity_response': np.float64(54.31428571428572), 'age_trajectory': np.int64(100)}",Medium
Bismack Biyombo,2023-24,13.38,30.82,Role Player,Low Scaling,Role Player,-0.03383333333333332,0,5,Hides,False,"Low CII 13.4, low TII 30.8, no creation tools","{'self_created': np.float64(4.13), 'pressure_appetite': np.float64(26.0), 'difficulty_embrace': np.float64(0.0), 'defensive_survival': np.float64(33.3), 'force_multiplication': np.float64(6.45)}","{'scaling_efficiency': np.float64(12.078009879342462), 'pressure_appetite': np.float64(54.0), 'creation_tools': np.float64(8.0), 'opportunity_response': np.float64(53.971428571428575), 'age_trajectory': np.float64(40.01)}",High
Bobby Portis,2023-24,22.36,42.69,Role Player,Limited Scaling,Fragile Star,-0.07228571428571427,0,7,Hides,True,"Fragile Star: high usage (22.4%), low CII (22.4), extreme hiding (-0.072)","{'self_created': np.float64(23.88), 'pressure_appetite': np.float64(14.83), 'difficulty_embrace': np.float64(30.29), 'defensive_survival': np.float64(23.76), 'force_multiplication': np.float64(18.67)}","{'scaling_efficiency': np.float64(43.24536433969052), 'pressure_appetite': np.float64(2.0000000000000018), 'creation_tools': np.float64(61.820731707317066), 'opportunity_response': np.float64(74.6), 'age_trajectory': np.float64(56.67)}",High
Bogdan Bogdanović,2023-24,26.56,46.86,Role Player,Limited Scaling,Role Player,-0.009285714285714302,3,4,Mixed,False,"Low CII 26.6, low TII 46.9, no creation tools","{'self_created': np.float64(21.5), 'pressure_appetite': np.float64(27.87), 'difficulty_embrace': np.float64(26.64), 'defensive_survival': np.float64(42.36), 'force_multiplication': np.float64(14.64)}","{'scaling_efficiency': np.float64(43.19165162612802), 'pressure_appetite': np.float64(24.800000000000004), 'creation_tools': np.float64(63.70552696352651), 'opportunity_response': np.float64(73.05714285714285), 'age_trajectory': np.float64(40.01)}",High
Bradley Beal,2023-24,43.39,69.74,Fragile Star,High Scaling,Strong Creator,0.047333333333333276,7,2,Steps Up,True,"Positive career leverage (+0.047), CII 43.4 still developing (Age 31 > 25, reclassified from Developing Engine)","{'self_created': np.float64(47.48), 'pressure_appetite': np.float64(40.89), 'difficulty_embrace': np.float64(38.64), 'defensive_survival': np.float64(53.16), 'force_multiplication': np.float64(32.21)}","{'scaling_efficiency': np.float64(74.02678286625654), 'pressure_appetite': np.float64(53.44940476190476), 'creation_tools': np.float64(84.08719512195123), 'opportunity_response': np.float64(89.0), 'age_trajectory': np.float64(40.01)}",High
Brandin Podziemski,2023-24,28.01,53.82,Role Player,Moderate Scaling,Role Player,0.0229999999999999,1,0,Steps Up,False,"Low CII 28.0, low TII 53.8","{'self_created': np.float64(19.93), 'pressure_appetite': np.float64(46.26), 'difficulty_embrace': np.float64(13.07), 'defensive_survival': np.float64(41.98), 'force_multiplication': np.float64(15.56)}","{'scaling_efficiency': np.float64(27.518086534342434), 'pressure_appetite': np.float64(65.68724832214762), 'creation_tools': np.float64(55.339275386042445), 'opportunity_response': np.float64(53.8), 'age_trajectory': np.int64(100)}",Medium
Brandon Ingram,2023-24,62.96,74.49,Luxury Amplifier,High Scaling,Latent Engine,0.014124999999999985,5,3,Steps Up,True,"Positive career leverage (+0.014, 5+/3-), CII 63.0, TII 74.5: Can be #1","{'self_created': np.float64(60.5), 'pressure_appetite': np.float64(67.59), 'difficulty_embrace': np.float64(66.31), 'defensive_survival': np.float64(61.51), 'force_multiplication': np.float64(54.29)}","{'scaling_efficiency': np.float64(67.72789126074679), 'pressure_appetite': np.float64(68.15092936802971), 'creation_tools': np.float64(89.0), 'opportunity_response': np.float64(76.7), 'age_trajectory': np.float64(78.33)}",High
Brandon Miller,2023-24,27.81,47.07,Role Player,Limited Scaling,Role Player,-0.1159999999999999,0,1,Hides,True,"Low CII 27.8, low TII 47.1","{'self_created': np.float64(30.14), 'pressure_appetite': np.float64(13.17), 'difficulty_embrace': np.float64(39.3), 'defensive_survival': np.float64(42.26), 'force_multiplication': np.float64(12.73)}","{'scaling_efficiency': np.float64(40.080439753411625), 'pressure_appetite': np.float64(0.0), 'creation_tools': np.float64(79.05), 'opportunity_response': np.float64(61.599999999999994), 'age_trajectory': np.int64(100)}",Medium
Brook Lopez,2023-24,13.85,31.61,Role Player,Low Scaling,Role Player,-0.03687499999999999,2,6,Hides,False,"Low CII 13.8, low TII 31.6, no creation tools","{'self_created': np.float64(2.54), 'pressure_appetite': np.float64(17.24), 'difficulty_embrace': np.float64(7.14), 'defensive_survival': np.float64(42.7), 'force_multiplication': np.float64(9.41)}","{'scaling_efficiency': np.float64(17.017399822257328), 'pressure_appetite': np.float64(27.599999999999998), 'creation_tools': np.float64(25.583208255159473), 'opportunity_response': np.float64(83.25714285714285), 'age_trajectory': np.int64(20)}",High
Bruce Brown,2023-24,28.78,52.99,Role Player,Moderate Scaling,Role Player,-0.025599999999999956,1,4,Hides,False,"Low CII 28.8, low TII 53.0, no creation tools","{'self_created': np.float64(18.21), 'pressure_appetite': np.float64(40.56), 'difficulty_embrace': np.float64(15.16), 'defensive_survival': np.float64(51.31), 'force_multiplication': np.float64(24.51)}","{'scaling_efficiency': np.float64(30.286174550582945), 'pressure_appetite': np.float64(67.72670807453417), 'creation_tools': np.float64(53.40068928950159), 'opportunity_response': np.float64(60.82857142857143), 'age_trajectory': np.float64(71.66)}",High
CJ McCollum,2023-24,46.69,60.19,Fragile Star,Moderate Scaling,Luxury Amplifier,-0.029111111111111088,1,8,Hides,True,"Negative career leverage (-0.029, 1+/8-) BUT has creation tools: Thrives as #2","{'self_created': np.float64(55.58), 'pressure_appetite': np.float64(35.8), 'difficulty_embrace': np.float64(51.49), 'defensive_survival': np.float64(54.62), 'force_multiplication': np.float64(25.72)}","{'scaling_efficiency': np.float64(67.65422377497087), 'pressure_appetite': np.float64(27.199999999999996), 'creation_tools': np.float64(81.23333333333333), 'opportunity_response': np.float64(89.0), 'age_trajectory': np.float64(35.0)}",High
Cade Cunningham,2023-24,60.22,71.01,Luxury Amplifier,High Scaling,Latent Engine,0.039,2,1,Steps Up,True,"Medium CII 60.2, high TII 71.0, has tools","{'self_created': np.float64(61.67), 'pressure_appetite': np.float64(57.63), 'difficulty_embrace': np.float64(61.31), 'defensive_survival': np.float64(66.53), 'force_multiplication': np.float64(50.74)}","{'scaling_efficiency': np.float64(57.6088171494917), 'pressure_appetite': np.float64(61.6062639821029), 'creation_tools': np.float64(89.35), 'opportunity_response': np.float64(69.71428571428572), 'age_trajectory': np.int64(100)}",Medium
Caleb Martin,2023-24,15.86,35.03,Role Player,Limited Scaling,Role Player,-0.08024999999999997,0,4,Hides,False,"Low CII 15.9, low TII 35.0, no creation tools","{'self_created': np.float64(13.41), 'pressure_appetite': np.float64(11.5), 'difficulty_embrace': np.float64(16.11), 'defensive_survival': np.float64(31.07), 'force_multiplication': np.float64(10.77)}","{'scaling_efficiency': np.float64(20.303713012099344), 'pressure_appetite': np.float64(16.400000000000002), 'creation_tools': np.float64(50.83021680216802), 'opportunity_response': np.float64(54.48571428571428), 'age_trajectory': np.float64(64.99000000000001)}",High
Cam Reddish,2023-24,9.41,29.77,Role Player,Low Scaling,Role Player,-0.06219999999999999,0,5,Hides,False,"Low CII 9.4, low TII 29.8, no creation tools","{'self_created': np.float64(1.71), 'pressure_appetite': np.float64(10.0), 'difficulty_embrace': np.float64(3.39), 'defensive_survival': np.float64(34.99), 'force_multiplication': np.float64(4.75)}","{'scaling_efficiency': np.float64(7.003067661089834), 'pressure_appetite': np.float64(24.80000000000004), 'creation_tools': np.float64(25.903000859276887), 'opportunity_response': np.float64(48.57142857142857), 'age_trajectory': np.float64(90.0)}",High
Cam Thomas,2023-24,57.55,67.32,Luxury Amplifier,High Scaling,Strong Creator,0.03649999999999995,2,0,Steps Up,True,"CII 57.5, TII 67.3","{'self_created': np.float64(57.17), 'pressure_appetite': np.float64(58.41), 'difficulty_embrace': np.float64(62.84), 'defensive_survival': np.float64(55.22), 'force_multiplication': np.float64(49.46)}","{'scaling_efficiency': np.float64(56.625132666913494), 'pressure_appetite': np.float64(54.80540540540541), 'creation_tools': np.float64(82.2), 'opportunity_response': np.float64(67.91428571428571), 'age_trajectory': np.int64(100)}",Medium
Cam Whitmore,2023-24,20.29,39.87,Role Player,Limited Scaling,Role Player,-0.072,0,1,Hides,False,"Low CII 20.3, low TII 39.9","{'self_created': np.float64(17.51), 'pressure_appetite': np.float64(23.83), 'difficulty_embrace': np.float64(17.56), 'defensive_survival': np.float64(24.69), 'force_multiplication': np.float64(18.62)}","{'scaling_efficiency': np.float64(35.933793103448295), 'pressure_appetite': np.float64(11.200000000000006), 'creation_tools': np.float64(36.44910728519049), 'opportunity_response': np.float64(60.028571428571425), 'age_trajectory': np.int64(100)}",Medium
Cameron Johnson,2023-24,24.26,56.36,Role Player,Moderate Scaling,Role Player,-0.050999999999999976,1,4,Hides,False,"Low CII 24.3, low TII 56.4, no creation tools","{'self_created': np.float64(11.85), 'pressure_appetite': np.float64(41.45), 'difficulty_embrace': np.float64(18.44), 'defensive_survival': np.float64(32.55), 'force_multiplication': np.float64(17.73)}","{'scaling_efficiency': np.float64(46.88527863777089), 'pressure_appetite': np.float64(55.54736842105264), 'creation_tools': np.float64(49.13305519897304), 'opportunity_response': np.float64(80.52285714285715), 'age_trajectory': np.float64(64.99000000000001)}",High
Caris LeVert,2023-24,38.3,55.1,Role Player,Moderate Scaling,Fragile Star,0.0010000000000000373,2,6,Mixed,False,"Fragile Star: high usage (22.4%), low CII (38.3), no creation tools","{'self_created': np.float64(31.89), 'pressure_appetite': np.float64(44.8), 'difficulty_embrace': np.float64(29.61), 'defensive_survival': np.float64(51.82), 'force_multiplication': np.float64(38.33)}","{'scaling_efficiency': np.float64(45.73890747276355), 'pressure_appetite': np.float64(57.17261904761905), 'creation_tools': np.float64(65.33170731707317), 'opportunity_response': np.float64(55.68571428571428), 'age_trajectory': np.float64(56.67)}",High
Cason Wallace,2023-24,16.02,49.55,Role Player,Limited Scaling,Role Player,-0.02,0,1,Hides,False,"Low CII 16.0, low TII 49.5","{'self_created': np.float64(4.18), 'pressure_appetite': np.float64(16.72), 'difficulty_embrace': np.float64(10.86), 'defensive_survival': np.float64(52.23), 'force_multiplication': np.float64(5.83)}","{'scaling_efficiency': np.float64(22.853028496437943), 'pressure_appetite': np.float64(56.498687664041995), 'creation_tools': np.float64(37.4154631585686), 'opportunity_response': np.float64(73.92285714285714), 'age_trajectory': np.int64(100)}",Medium
Cedi Osman,2023-24,7.41,31.0,Role Player,Low Scaling,Role Player,-0.025599999999999946,1,4,Hides,False,"Low CII 7.4, low TII 31.0, no creation tools","{'self_created': np.float64(2.51), 'pressure_appetite': np.float64(10.0), 'difficulty_embrace': np.float64(5.76), 'defensive_survival': np.float64(18.91), 'force_multiplication': np.float64(1.7)}","{'scaling_efficiency': np.float64(20.92088337832883), 'pressure_appetite': np.float64(13.600000000000039), 'creation_tools': np.float64(24.938495378104466), 'opportunity_response': np.float64(71.09428571428572), 'age_trajectory': np.float64(56.67)}",High
Chet Holmgren,2023-24,25.56,51.35,Role Player,Moderate Scaling,Role Player,-0.0169999999999999,0,1,Mixed,False,"Low CII 25.6, low TII 51.4","{'self_created': np.float64(14.06), 'pressure_appetite': np.float64(35.64), 'difficulty_embrace': np.float64(11.86), 'defensive_survival': np.float64(45.34), 'force_multiplication': np.float64(32.54)}","{'scaling_efficiency': np.float64(21.75852167732765), 'pressure_appetite': np.float64(54.87619047619051), 'creation_tools': np.float64(38.22750677506775), 'opportunity_response': np.float64(89.72), 'age_trajectory': np.int64(100)}",Medium
Chris Boucher,2023-24,15.63,29.27,Role Player,Low Scaling,Role Player,-0.050749999999999955,0,4,Hides,False,"Low CII 15.6, low TII 29.3, no creation tools","{'self_created': np.float64(10.94), 'pressure_appetite': np.float64(19.86), 'difficulty_embrace': np.float64(1.6), 'defensive_survival': np.float64(43.09), 'force_multiplication': np.float64(6.02)}","{'scaling_efficiency': np.float64(17.271230182686395), 'pressure_appetite': np.float64(27.599999999999998), 'creation_tools': np.float64(9.463127403729127), 'opportunity_response': np.float64(75.2942857142857), 'age_trajectory': np.float64(40.01)}",High
Chris Paul,2023-24,38.21,53.36,Role Player,Moderate Scaling,Strong Creator,0.039666666666666635,7,2,Steps Up,True,"Positive career leverage (+0.040), CII 38.2 still developing (Age 39 > 25, reclassified from Developing Engine)","{'self_created': np.float64(50.97), 'pressure_appetite': np.float64(11.17), 'difficulty_embrace': np.float64(56.77), 'defensive_survival': np.float64(49.22), 'force_multiplication': np.float64(13.92)}","{'scaling_efficiency': np.float64(66.88000000000001), 'pressure_appetite': np.float64(21.200000000000003), 'creation_tools': np.float64(89.75), 'opportunity_response': np.float64(53.62857142857142), 'age_trajectory': np.int64(20)}",High
Christian Braun,2023-24,11.39,32.94,Role Player,Low Scaling,Role Player,-0.05399999999999995,0,2,Hides,False,"Low CII 11.4, low TII 32.9","{'self_created': np.float64(7.35), 'pressure_appetite': np.float64(10.0), 'difficulty_embrace': np.float64(7.33), 'defensive_survival': np.float64(24.0), 'force_multiplication': np.float64(16.18)}","{'scaling_efficiency': np.float64(25.574167838952224), 'pressure_appetite': np.float64(2.0000000000000018), 'creation_tools': np.float64(35.58117244330338), 'opportunity_response': np.float64(54.31428571428572), 'age_trajectory': np.float64(95.0)}",Medium
Christian Wood,2023-24,5.02,22.79,Role Player,Low Scaling,Role Player,-0.057599999999999985,0,5,Hides,False,"Low CII 5.0, low TII 22.8, no creation tools","{'self_created': np.float64(1.05), 'pressure_appetite': np.float64(10.0), 'difficulty_embrace': np.float64(4.39), 'defensive_survival': np.float64(6.76), 'force_multiplication': np.float64(3.16)}","{'scaling_efficiency': np.float64(12.312984528510649), 'pressure_appetite': np.float64(0.0), 'creation_tools': np.float64(16.56422059307298), 'opportunity_response': np.float64(61.91428571428571), 'age_trajectory': np.float64(64.99000000000001)}",High
Clint Capela,2023-24,10.24,26.72,Role Player,Low Scaling,Role Player,-0.05757142857142854,0,7,Hides,False,"Low CII 10.2, low TII 26.7, no creation tools","{'self_created': np.float64(12.38), 'pressure_appetite': np.float64(11.33), 'difficulty_embrace': np.float64(0.2), 'defensive_survival': np.float64(16.04), 'force_multiplication': np.float64(12.52)}","{'scaling_efficiency': np.float64(14.373351971136586), 'pressure_appetite': np.float64(16.400000000000002), 'creation_tools': np.float64(8.266666666666666), 'opportunity_response': np.float64(78.8257142857143), 'age_trajectory': np.float64(48.34)}",High
Coby White,2023-24,41.52,69.1,Fragile Star,High Scaling,Luxury Amplifier,-0.05919999999999999,0,5,Hides,True,"Negative career leverage (-0.059, 0+/5-) BUT has creation tools: Thrives as #2","{'self_created': np.float64(44.3), 'pressure_appetite': np.float64(40.02), 'difficulty_embrace': np.float64(33.74), 'defensive_survival': np.float64(54.47), 'force_multiplication': np.float64(33.1)}","{'scaling_efficiency': np.float64(64.51854862824248), 'pressure_appetite': np.float64(56.62202380952381), 'creation_tools': np.float64(77.425), 'opportunity_response': np.float64(74.0), 'age_trajectory': np.float64(90.0)}",High
Cody Martin,2023-24,27.05,55.93,Role Player,Moderate Scaling,Role Player,-0.0253333333333333,1,2,Hides,False,"Low CII 27.1, moderate TII 55.9 (Age 28 > 25, reclassified from Developing Prospect)","{'self_created': np.float64(13.12), 'pressure_appetite': np.float64(35.05), 'difficulty_embrace': np.float64(21.79), 'defensive_survival': np.float64(57.59), 'force_multiplication': np.float64(13.55)}","{'scaling_efficiency': np.float64(36.01981424148607), 'pressure_appetite': np.float64(66.58216560509554), 'creation_tools': np.float64(69.33915902853296), 'opportunity_response': np.float64(54.05714285714286), 'age_trajectory': np.float64(64.99000000000001)}",Medium
Cole Anthony,2023-24,35.58,55.71,Role Player,Moderate Scaling,Developing Engine,0.017249999999999998,2,2,Steps Up,True,"Positive career leverage (+0.017), CII 35.6 still developing","{'self_created': np.float64(37.04), 'pressure_appetite': np.float64(40.62), 'difficulty_embrace': np.float64(27.81), 'defensive_survival': np.float64(35.17), 'force_multiplication': np.float64(34.71)}","{'scaling_efficiency': np.float64(46.716854472026895), 'pressure_appetite': np.float64(47.83620689655172), 'creation_tools': np.float64(66.02073170731707), 'opportunity_response': np.float64(50.2), 'age_trajectory': np.float64(90.0)}",High
Collin Sexton,2023-24,38.36,59.1,Role Player,Moderate Scaling,Fragile Star,-0.014799999999999999,1,4,Mixed,False,"Fragile Star: high usage (26.7%), low CII (38.4), no creation tools","{'self_created': np.float64(49.37), 'pressure_appetite': np.float64(29.74), 'difficulty_embrace': np.float64(27.44), 'defensive_survival': np.float64(41.95), 'force_multiplication': np.float64(43.37)}","{'scaling_efficiency': np.float64(72.69718924163028), 'pressure_appetite': np.float64(16.400000000000002), 'creation_tools': np.float64(62.653891477117014), 'opportunity_response': np.float64(81.08), 'age_trajectory': np.float64(85.0)}",High
Corey Kispert,2023-24,13.23,42.48,Role Player,Limited Scaling,Role Player,-0.06533333333333327,0,3,Hides,False,"Low CII 13.2, low TII 42.5","{'self_created': np.float64(6.02), 'pressure_appetite': np.float64(16.17), 'difficulty_embrace': np.float64(10.37), 'defensive_survival': np.float64(26.28), 'force_multiplication': np.float64(13.68)}","{'scaling_efficiency': np.float64(32.50789694959927), 'pressure_appetite': np.float64(18.400000000000038), 'creation_tools': np.float64(33.369154641808194), 'opportunity_response': np.float64(86.3257142857143), 'age_trajectory': np.float64(85.0)}",Medium
D'Angelo Russell,2023-24,47.13,72.25,Fragile Star,High Scaling,Latent Engine,0.0421111111111111,7,2,Steps Up,True,"Positive career leverage (+0.042, 7+/2-), CII 47.1, TII 72.2: Can be #1","{'self_created': np.float64(51.15), 'pressure_appetite': np.float64(44.46), 'difficulty_embrace': np.float64(42.5), 'defensive_survival': np.float64(62.02), 'force_multiplication': np.float64(28.63)}","{'scaling_efficiency': np.float64(70.92668675330904), 'pressure_appetite': np.float64(65.17117117117117), 'creation_tools': np.float64(79.76666666666667), 'opportunity_response': np.float64(81.5), 'age_trajectory': np.float64(64.99000000000001)}",High
Dalano Banton,2023-24,19.21,29.49,Role Player,Low Scaling,Role Player,-0.1109999999999999,0,1,Hides,False,"Low CII 19.2, low TII 29.5","{'self_created': np.float64(20.38), 'pressure_appetite': np.float64(16.5), 'difficulty_embrace': np.float64(14.06), 'defensive_survival': np.float64(29.8), 'force_multiplication': np.float64(16.88)}","{'scaling_efficiency': np.float64(18.490797927461138), 'pressure_appetite': np.float64(0.0), 'creation_tools': np.float64(38.984146341463415), 'opportunity_response': np.float64(47.62857142857143), 'age_trajectory': np.float64(90.0)}",Medium
Damian Lillard,2023-24,77.1,77.37,Strong Creator,High Scaling,Franchise Engine,0.05466666666666662,9,0,Steps Up,True,CII 77.1 >= 74: Already elite creator,"{'self_created': np.float64(87.99), 'pressure_appetite': np.float64(76.37), 'difficulty_embrace': np.float64(68.89), 'defensive_survival': np.float64(78.8), 'force_multiplication': np.float64(60.12)}","{'scaling_efficiency': np.float64(79.24518051838965), 'pressure_appetite': np.float64(85.03357664233576), 'creation_tools': np.float64(82.18333333333334), 'opportunity_response': np.float64(86.0), 'age_trajectory': np.float64(30.0)}",High
Daniel Gafford,2023-24,14.26,42.67,Role Player,Limited Scaling,Role Player,-0.030333333333333268,0,3,Hides,False,"Low CII 14.3, low TII 42.7","{'self_created': np.float64(5.21), 'pressure_appetite': np.float64(20.31), 'difficulty_embrace': np.float64(1.9), 'defensive_survival': np.float64(37.94), 'force_multiplication': np.float64(15.46)}","{'scaling_efficiency': np.float64(19.297130144605116), 'pressure_appetite': np.float64(52.393103448275895), 'creation_tools': np.float64(12.569946733950099), 'opportunity_response': np.float64(85.1), 'age_trajectory': np.float64(85.0)}",Medium
Danté Exum,2023-24,35.9,58.24,Role Player,Moderate Scaling,Role Player,0.102,1,0,Steps Up,False,"Low CII 35.9, moderate TII 58.2 (Age 28 > 25, reclassified from Developing Prospect)","{'self_created': np.float64(19.07), 'pressure_appetite': np.float64(65.0), 'difficulty_embrace': np.float64(5.19), 'defensive_survival': np.float64(68.97), 'force_multiplication': np.float64(25.49)}","{'scaling_efficiency': np.float64(29.957419040662288), 'pressure_appetite': np.float64(93.2), 'creation_tools': np.float64(36.76207426939134), 'opportunity_response': np.float64(80.66857142857143), 'age_trajectory': np.float64(64.99000000000001)}",Medium
Darius Garland,2023-24,56.79,74.5,Luxury Amplifier,High Scaling,Latent Engine,0.02279999999999994,4,1,Steps Up,True,"Positive career leverage (+0.023, 4+/1-), CII 56.8, TII 74.5: Can be #1","{'self_created': np.float64(59.11), 'pressure_appetite': np.float64(61.25), 'difficulty_embrace': np.float64(55.67), 'defensive_survival': np.float64(55.09), 'force_multiplication': np.float64(43.46)}","{'scaling_efficiency': np.float64(70.90290532137423), 'pressure_appetite': np.float64(65.84899598393574), 'creation_tools': np.float64(84.45), 'opportunity_response': np.float64(72.54285714285714), 'age_trajectory': np.float64(90.0)}",High
David Roddy,2023-24,19.56,37.96,Role Player,Limited Scaling,Role Player,0.003,1,0,Mixed,False,"Low CII 19.6, low TII 38.0","{'self_created': np.float64(5.64), 'pressure_appetite': np.float64(39.35), 'difficulty_embrace': np.float64(4.37), 'defensive_survival': np.float64(38.21), 'force_multiplication': np.float64(14.28)}","{'scaling_efficiency': np.float64(8.369717514124295), 'pressure_appetite': np.float64(59.616949152542375), 'creation_tools': np.float64(20.333354003031555), 'opportunity_response': np.float64(46.51428571428572), 'age_trajectory': np.float64(95.0)}",Medium
Davion Mitchell,2023-24,16.72,36.41,Role Player,Limited Scaling,Role Player,-0.04133333333333333,1,2,Hides,False,"Low CII 16.7, low TII 36.4","{'self_created': np.float64(16.83), 'pressure_appetite': np.float64(10.0), 'difficulty_embrace': np.float64(15.23), 'defensive_survival': np.float64(37.62), 'force_multiplication': np.float64(4.77)}","{'scaling_efficiency': np.float64(32.25695852534563), 'pressure_appetite': np.float64(4.440892098500626e-14), 'creation_tools': np.float64(53.58304297328688), 'opportunity_response': np.float64(50.114285714285714), 'age_trajectory': np.float64(85.0)}",Medium
De'Aaron Fox,2023-24,75.36,75.37,Strong Creator,High Scaling,Franchise Engine,0.06799999999999999,7,0,Steps Up,True,CII 75.4 >= 74: Already elite creator,"{'self_created': np.float64(77.66), 'pressure_appetite': np.float64(87.5), 'difficulty_embrace': np.float64(69.24), 'defensive_survival': np.float64(71.08), 'force_multiplication': np.float64(56.76)}","{'scaling_efficiency': np.float64(68.7029446407538), 'pressure_appetite': np.float64(77.16666666666667), 'creation_tools': np.float64(79.31666666666666), 'opportunity_response': np.float64(78.5), 'age_trajectory': np.float64(78.33)}",High
De'Andre Hunter,2023-24,19.32,47.09,Role Player,Limited Scaling,Luxury Amplifier,-0.05839999999999994,0,5,Hides,True,"Negative career leverage (-0.058, 0+/5-) BUT has creation tools: Thrives as #2","{'self_created': np.float64(18.25), 'pressure_appetite': np.float64(10.5), 'difficulty_embrace': np.float64(29.73), 'defensive_survival': np.float64(24.8), 'force_multiplication': np.float64(15.53)}","{'scaling_efficiency': np.float64(47.15438055371961), 'pressure_appetite': np.float64(0.0), 'creation_tools': np.float64(63.796102343376376), 'opportunity_response': np.float64(82.31428571428572), 'age_trajectory': np.float64(78.33)}",High
DeMar DeRozan,2023-24,74.73,77.47,Strong Creator,High Scaling,Franchise Engine,0.0855555555555555,9,0,Steps Up,True,CII 74.7 >= 74: Already elite creator,"{'self_created': np.float64(74.49), 'pressure_appetite': np.float64(82.0), 'difficulty_embrace': np.float64(65.21), 'defensive_survival': np.float64(80.71), 'force_multiplication': np.float64(67.31)}","{'scaling_efficiency': np.float64(71.06600912079753), 'pressure_appetite': np.float64(92.93650793650792), 'creation_tools': np.float64(90.95), 'opportunity_response': np.float64(81.5), 'age_trajectory': np.float64(25.0)}",High
Deandre Ayton,2023-24,22.46,46.01,Role Player,Limited Scaling,Fragile Star,-0.06549999999999993,0,6,Hides,True,"Fragile Star: high minutes (32.4), low CII (22.5), extreme hiding (-0.065)","{'self_created': np.float64(11.49), 'pressure_appetite': np.float64(19.67), 'difficulty_embrace': np.float64(31.3), 'defensive_survival': np.float64(33.69), 'force_multiplication': np.float64(27.77)}","{'scaling_efficiency': np.float64(28.88689508089556), 'pressure_appetite': np.float64(18.80000000000004), 'creation_tools': np.float64(57.34859361152853), 'opportunity_response': np.float64(84.5), 'age_trajectory': np.float64(85.0)}",High
Dejounte Murray,2023-24,67.03,74.7,Luxury Amplifier,High Scaling,Latent Engine,0.020833333333333315,4,2,Steps Up,True,"Positive career leverage (+0.021, 4+/2-), CII 67.0, TII 74.7: Can be #1","{'self_created': np.float64(67.17), 'pressure_appetite': np.float64(77.67), 'difficulty_embrace': np.float64(65.23), 'defensive_survival': np.float64(63.99), 'force_multiplication': np.float64(48.15)}","{'scaling_efficiency': np.float64(67.2320455123003), 'pressure_appetite': np.float64(74.87374517374516), 'creation_tools': np.float64(87.71666666666667), 'opportunity_response': np.float64(74.0), 'age_trajectory': np.float64(71.66)}",High
Deni Avdija,2023-24,24.1,49.13,Role Player,Limited Scaling,Role Player,-0.032,0,4,Hides,False,"Low CII 24.1, low TII 49.1, no creation tools","{'self_created': np.float64(26.95), 'pressure_appetite': np.float64(23.03), 'difficulty_embrace': np.float64(13.07), 'defensive_survival': np.float64(27.02), 'force_multiplication': np.float64(35.93)}","{'scaling_efficiency': np.float64(40.71554817275746), 'pressure_appetite': np.float64(24.800000000000004), 'creation_tools': np.float64(43.93304297328688), 'opportunity_response': np.float64(82.88), 'age_trajectory': np.float64(95.0)}",High
Dennis Schröder,2023-24,49.08,70.93,Fragile Star,High Scaling,Luxury Amplifier,-0.0051111111111111105,5,4,Mixed,True,"Negative career leverage (-0.005, 5+/4-) BUT has creation tools: Thrives as #2","{'self_created': np.float64(39.27), 'pressure_appetite': np.float64(65.18), 'difficulty_embrace': np.float64(38.17), 'defensive_survival': np.float64(64.5), 'force_multiplication': np.float64(36.99)}","{'scaling_efficiency': np.float64(65.3738847070827), 'pressure_appetite': np.float64(80.95049504950492), 'creation_tools': np.float64(83.46965306286727), 'opportunity_response': np.float64(63.65714285714286), 'age_trajectory': np.float64(48.34)}",High
Dennis Smith Jr.,2023-24,19.47,39.37,Role Player,Limited Scaling,Role Player,0.005750000000000025,2,2,Mixed,False,"Mixed career leverage, no tools, low CII","{'self_created': np.float64(17.92), 'pressure_appetite': np.float64(24.55), 'difficulty_embrace': np.float64(12.04), 'defensive_survival': np.float64(23.81), 'force_multiplication': np.float64(19.75)}","{'scaling_efficiency': np.float64(18.633652243941725), 'pressure_appetite': np.float64(43.08045977011498), 'creation_tools': np.float64(40.482800672834315), 'opportunity_response': np.float64(47.199999999999996), 'age_trajectory': np.float64(78.33)}",High
Dereck Lively II,2023-24,8.21,32.14,Role Player,Low Scaling,Role Player,-0.076,0,1,Hides,False,"Low CII 8.2, low TII 32.1","{'self_created': np.float64(0.48), 'pressure_appetite': np.float64(10.0), 'difficulty_embrace': np.float64(0.4), 'defensive_survival': np.float64(32.5), 'force_multiplication': np.float64(6.13)}","{'scaling_efficiency': np.float64(17.705648682913086), 'pressure_appetite': np.float64(9.600000000000005), 'creation_tools': np.float64(9.033333333333333), 'opportunity_response': np.float64(84.15714285714286), 'age_trajectory': np.int64(100)}",Medium
Derrick Jones Jr.,2023-24,8.53,32.61,Role Player,Low Scaling,Role Player,-0.0469999999999999,0,2,Hides,False,"Low CII 8.5, low TII 32.6","{'self_created': np.float64(1.17), 'pressure_appetite': np.float64(11.87), 'difficulty_embrace': np.float64(2.39), 'defensive_survival': np.float64(28.12), 'force_multiplication': np.float64(5.2)}","{'scaling_efficiency': np.float64(15.392033319959493), 'pressure_appetite': np.float64(25.60000000000004), 'creation_tools': np.float64(14.627581022385566), 'opportunity_response': np.float64(76.65714285714286), 'age_trajectory': np.float64(71.66)}",Medium
Derrick White,2023-24,31.55,60.22,Role Player,Moderate Scaling,Role Player,-0.01799999999999998,2,4,Mixed,False,"Low CII 31.6, low TII 60.2, no creation tools","{'self_created': np.float64(37.68), 'pressure_appetite': np.float64(21.52), 'difficulty_embrace': np.float64(26.41), 'defensive_survival': np.float64(54.27), 'force_multiplication': np.float64(14.41)}","{'scaling_efficiency': np.float64(68.28333299671233), 'pressure_appetite': np.float64(25.999999999999996), 'creation_tools': np.float64(68.82736238837798), 'opportunity_response': np.float64(92.0), 'age_trajectory': np.float64(56.67)}",High
Desmond Bane,2023-24,56.4,68.81,Luxury Amplifier,High Scaling,Strong Creator,-0.004000000000000035,1,2,Mixed,True,"CII 56.4, TII 68.8","{'self_created': np.float64(69.71), 'pressure_appetite': np.float64(43.79), 'difficulty_embrace': np.float64(61.86), 'defensive_survival': np.float64(58.82), 'force_multiplication': np.float64(33.43)}","{'scaling_efficiency': np.float64(69.09320794703551), 'pressure_appetite': np.float64(47.61904761904761), 'creation_tools': np.float64(77.2), 'opportunity_response': np.float64(86.0), 'age_trajectory': np.float64(78.33)}",Medium
Devin Booker,2023-24,69.82,75.89,Luxury Amplifier,High Scaling,Latent Engine,0.016666666666666646,6,3,Steps Up,True,"Positive career leverage (+0.017, 6+/3-), CII 69.8, TII 75.9: Can be #1","{'self_created': np.float64(86.21), 'pressure_appetite': np.float64(51.63), 'difficulty_embrace': np.float64(79.54), 'defensive_survival': np.float64(66.57), 'force_multiplication': np.float64(51.53)}","{'scaling_efficiency': np.float64(76.18927373088272), 'pressure_appetite': np.float64(56.85697808535183), 'creation_tools': np.float64(93.75), 'opportunity_response': np.float64(86.0), 'age_trajectory': np.float64(71.66)}",High
Devin Vassell,2023-24,40.94,64.56,Fragile Star,Moderate Scaling,Developing Prospect,-0.04933333333333329,0,3,Hides,True,"Low CII 40.9, moderate TII 64.6","{'self_created': np.float64(37.63), 'pressure_appetite': np.float64(38.36), 'difficulty_embrace': np.float64(51.76), 'defensive_survival': np.float64(47.62), 'force_multiplication': np.float64(25.71)}","{'scaling_efficiency': np.float64(53.40085037464025), 'pressure_appetite': np.float64(46.17321688500728), 'creation_tools': np.float64(77.6), 'opportunity_response': np.float64(79.87142857142857), 'age_trajectory': np.float64(95.0)}",Medium
Devonte' Graham,2023-24,36.21,54.44,Role Player,Moderate Scaling,Strong Creator,0.0158,3,1,Steps Up,False,"Positive career leverage (+0.016), CII 36.2 still developing (Age 29 > 25, reclassified from Developing Engine)","{'self_created': np.float64(15.17), 'pressure_appetite': np.float64(65.0), 'difficulty_embrace': np.float64(18.56), 'defensive_survival': np.float64(62.8), 'force_multiplication': np.float64(22.78)}","{'scaling_efficiency': np.float64(33.73043478260869), 'pressure_appetite': np.float64(90.5), 'creation_tools': np.float64(48.13373983739838), 'opportunity_response': np.float64(42.65714285714286), 'age_trajectory': np.float64(56.67)}",High
Dillon Brooks,2023-24,26.79,52.85,Role Player,Moderate Scaling,Role Player,-0.04149999999999993,1,5,Hides,False,"Low CII 26.8, low TII 52.9, no creation tools","{'self_created': np.float64(14.73), 'pressure_appetite': np.float64(34.62), 'difficulty_embrace': np.float64(19.21), 'defensive_survival': np.float64(54.06), 'force_multiplication': np.float64(17.69)}","{'scaling_efficiency': np.float64(34.971027525933195), 'pressure_appetite': np.float64(63.38636363636367), 'creation_tools': np.float64(56.95916481892092), 'opportunity_response': np.float64(57.48571428571428), 'age_trajectory': np.float64(64.99000000000001)}",High
Domantas Sabonis,2023-24,23.66,39.57,Role Player,Limited Scaling,Fragile Star,-0.053333333333333295,0,6,Hides,False,"Fragile Star: high minutes (35.7), low CII (23.7), extreme hiding (-0.053), no creation tools","{'self_created': np.float64(25.13), 'pressure_appetite': np.float64(20.0), 'difficulty_embrace': np.float64(10.19), 'defensive_survival': np.float64(26.38), 'force_multiplication': np.float64(51.29)}","{'scaling_efficiency': np.float64(28.802770562770565), 'pressure_appetite': np.float64(16.0), 'creation_tools': np.float64(35.425092387287506), 'opportunity_response': np.float64(89.0), 'age_trajectory': np.float64(64.99000000000001)}",High
Donovan Mitchell,2023-24,79.82,79.04,Strong Creator,High Scaling,Franchise Engine,0.09457142857142853,7,0,Steps Up,True,CII 79.8 >= 74: Already elite creator,"{'self_created': np.float64(89.12), 'pressure_appetite': np.float64(81.56), 'difficulty_embrace': np.float64(75.27), 'defensive_survival': np.float64(78.12), 'force_multiplication': np.float64(59.24)}","{'scaling_efficiency': np.float64(73.48411134260563), 'pressure_appetite': np.float64(81.4860465116279), 'creation_tools': np.float64(82.78333333333333), 'opportunity_response': np.float64(86.0), 'age_trajectory': np.float64(71.66)}",High
Donte DiVincenzo,2023-24,17.87,47.36,Role Player,Limited Scaling,Role Player,-0.041499999999999954,0,4,Hides,False,"Low CII 17.9, low TII 47.4, no creation tools","{'self_created': np.float64(8.11), 'pressure_appetite': np.float64(30.01), 'difficulty_embrace': np.float64(12.81), 'defensive_survival': np.float64(26.73), 'force_multiplication': np.float64(13.66)}","{'scaling_efficiency': np.float64(28.052184533563047), 'pressure_appetite': np.float64(41.83572567783098), 'creation_tools': np.float64(45.13888824055705), 'opportunity_response': np.float64(81.93714285714286), 'age_trajectory': np.float64(71.66)}",High
Dorian Finney-Smith,2023-24,15.54,35.25,Role Player,Limited Scaling,Role Player,-0.014857142857142814,1,6,Mixed,False,"Low CII 15.5, low TII 35.2, no creation tools","{'self_created': np.float64(1.39), 'pressure_appetite': np.float64(32.82), 'difficulty_embrace': np.float64(3.84), 'defensive_survival': np.float64(36.83), 'force_multiplication': np.float64(6.24)}","{'scaling_efficiency': np.float64(9.451451122520895), 'pressure_appetite': np.float64(64.61818181818182), 'creation_tools': np.float64(19.806146834195616), 'opportunity_response': np.float64(55.34285714285714), 'age_trajectory': np.float64(40.01)}",High
Draymond Green,2023-24,10.22,34.04,Role Player,Low Scaling,Role Player,-0.008888888888888878,3,6,Mixed,False,"Low CII 10.2, low TII 34.0, no creation tools","{'self_created': np.float64(2.01), 'pressure_appetite': np.float64(16.41), 'difficulty_embrace': np.float64(2.9), 'defensive_survival': np.float64(29.22), 'force_multiplication': np.float64(5.47)}","{'scaling_efficiency': np.float64(21.284723014595706), 'pressure_appetite': np.float64(40.80630630630634), 'creation_tools': np.float64(20.376246978686005), 'opportunity_response': np.float64(72.55142857142857), 'age_trajectory': np.float64(25.0)}",High
Duop Reath,2023-24,5.3,22.01,Role Player,Low Scaling,Role Player,-0.166,0,1,Hides,False,"Low CII 5.3, low TII 22.0","{'self_created': np.float64(0.67), 'pressure_appetite': np.float64(10.0), 'difficulty_embrace': np.float64(2.39), 'defensive_survival': np.float64(10.04), 'force_multiplication': np.float64(6.13)}","{'scaling_efficiency': np.float64(11.706174621849748), 'pressure_appetite': np.float64(0.0), 'creation_tools': np.float64(13.237217258311198), 'opportunity_response': np.float64(62.34285714285714), 'age_trajectory': np.float64(64.99000000000001)}",Medium
Evan Mobley,2023-24,20.92,47.1,Role Player,Limited Scaling,Role Player,-0.03166666666666667,0,3,Hides,False,"Low CII 20.9, low TII 47.1","{'self_created': np.float64(9.2), 'pressure_appetite': np.float64(32.33), 'difficulty_embrace': np.float64(4.4), 'defensive_survival': np.float64(36.71), 'force_multiplication': np.float64(36.87)}","{'scaling_efficiency': np.float64(22.96421568627451), 'pressure_appetite': np.float64(49.53333333333333), 'creation_tools': np.float64(23.49593495934959), 'opportunity_response': np.float64(90.85142857142857), 'age_trajectory': np.float64(95.0)}",Medium
Franz Wagner,2023-24,41.45,64.61,Fragile Star,Moderate Scaling,Developing Prospect,0.009666666666666634,2,1,Mixed,False,"Low CII 41.5, moderate TII 64.6","{'self_created': np.float64(41.1), 'pressure_appetite': np.float64(53.25), 'difficulty_embrace': np.float64(20.96), 'defensive_survival': np.float64(44.24), 'force_multiplication': np.float64(49.84)}","{'scaling_efficiency': np.float64(60.74999999999998), 'pressure_appetite': np.float64(57.52), 'creation_tools': np.float64(50.49146341463414), 'opportunity_response': np.float64(79.35714285714286), 'age_trajectory': np.int64(100)}",Medium
Fred VanVleet,2023-24,59.1,73.2,Luxury Amplifier,High Scaling,Luxury Amplifier,-0.0018571428571428558,4,3,Mixed,True,"Negative career leverage (-0.002, 4+/3-) BUT has creation tools: Thrives as #2","{'self_created': np.float64(69.77), 'pressure_appetite': np.float64(49.71), 'difficulty_embrace': np.float64(66.31), 'defensive_survival': np.float64(62.4), 'force_multiplication': np.float64(31.23)}","{'scaling_efficiency': np.float64(77.44261168384878), 'pressure_appetite': np.float64(63.676288659793784), 'creation_tools': np.float64(88.31666666666666), 'opportunity_response': np.float64(77.0), 'age_trajectory': np.float64(48.34)}",High
GG Jackson,2023-24,24.31,45.1,Role Player,Limited Scaling,Role Player,-0.034,0,1,Hides,False,"Low CII 24.3, low TII 45.1","{'self_created': np.float64(17.25), 'pressure_appetite': np.float64(33.76), 'difficulty_embrace': np.float64(15.11), 'defensive_survival': np.float64(38.91), 'force_multiplication': np.float64(18.34)}","{'scaling_efficiency': np.float64(33.807574964412005), 'pressure_appetite': np.float64(26.4), 'creation_tools': np.float64(42.259230033476804), 'opportunity_response': np.float64(66.02857142857142), 'age_trajectory': np.int64(100)}",Medium
Gary Payton II,2023-24,13.69,38.57,Role Player,Limited Scaling,Role Player,-0.0335,0,2,Hides,False,"Low CII 13.7, low TII 38.6","{'self_created': np.float64(0.62), 'pressure_appetite': np.float64(26.86), 'difficulty_embrace': np.float64(0.0), 'defensive_survival': np.float64(41.88), 'force_multiplication': np.float64(5.08)}","{'scaling_efficiency': np.float64(19.223615232893337), 'pressure_appetite': np.float64(63.641025641025635), 'creation_tools': np.float64(7.0), 'opportunity_response': np.float64(76.61428571428571), 'age_trajectory': np.float64(40.01)}",Medium
Gary Trent Jr.,2023-24,24.69,44.83,Role Player,Limited Scaling,Luxury Amplifier,-0.038199999999999956,0,5,Hides,True,"Negative career leverage (-0.038, 0+/5-) BUT has creation tools: Thrives as #2","{'self_created': np.float64(20.91), 'pressure_appetite': np.float64(17.17), 'difficulty_embrace': np.float64(33.56), 'defensive_survival': np.float64(43.12), 'force_multiplication': np.float64(9.48)}","{'scaling_efficiency': np.float64(36.138651383540804), 'pressure_appetite': np.float64(19.200000000000003), 'creation_tools': np.float64(62.11666666666667), 'opportunity_response': np.float64(55.08571428571429), 'age_trajectory': np.float64(85.0)}",High
Georges Niang,2023-24,15.91,41.38,Role Player,Limited Scaling,Role Player,-0.04466666666666667,0,3,Hides,False,"Low CII 15.9, low TII 41.4","{'self_created': np.float64(4.27), 'pressure_appetite': np.float64(21.76), 'difficulty_embrace': np.float64(10.81), 'defensive_survival': np.float64(42.13), 'force_multiplication': np.float64(7.07)}","{'scaling_efficiency': np.float64(23.860736103787563), 'pressure_appetite': np.float64(52.878612716763), 'creation_tools': np.float64(33.99103106348983), 'opportunity_response': np.float64(68.02571428571429), 'age_trajectory': np.float64(40.01)}",Medium
Giannis Antetokounmpo,2023-24,47.09,58.69,Fragile Star,Moderate Scaling,Luxury Amplifier,-0.0172222222222222,2,7,Mixed,True,"Negative career leverage (-0.017, 2+/7-) BUT has creation tools: Thrives as #2","{'self_created': np.float64(52.97), 'pressure_appetite': np.float64(45.38), 'difficulty_embrace': np.float64(28.84), 'defensive_survival': np.float64(44.21), 'force_multiplication': np.float64(74.58)}","{'scaling_efficiency': np.float64(75.29459329406782), 'pressure_appetite': np.float64(21.600000000000037), 'creation_tools': np.float64(60.65447154471544), 'opportunity_response': np.float64(86.0), 'age_trajectory': np.float64(56.67)}",High
Gradey Dick,2023-24,11.29,31.87,Role Player,Low Scaling,Role Player,-0.09,0,1,Hides,False,"Low CII 11.3, low TII 31.9","{'self_created': np.float64(5.63), 'pressure_appetite': np.float64(10.0), 'difficulty_embrace': np.float64(17.8), 'defensive_survival': np.float64(20.4), 'force_multiplication': np.float64(4.82)}","{'scaling_efficiency': np.float64(16.63608976439645), 'pressure_appetite': np.float64(4.0000000000000036), 'creation_tools': np.float64(42.59337179299936), 'opportunity_response': np.float64(49.08571428571429), 'age_trajectory': np.int64(100)}",Medium
Grant Williams,2023-24,15.28,44.67,Role Player,Limited Scaling,Role Player,-0.006666666666666633,1,2,Mixed,False,"Low CII 15.3, low TII 44.7","{'self_created': np.float64(3.56), 'pressure_appetite': np.float64(19.68), 'difficulty_embrace': np.float64(8.16), 'defensive_survival': np.float64(46.59), 'force_multiplication': np.float64(6.75)}","{'scaling_efficiency': np.float64(16.839095224514367), 'pressure_appetite': np.float64(53.904458598726144), 'creation_tools': np.float64(33.149508052405366), 'opportunity_response': np.float64(73.4), 'age_trajectory': np.float64(85.0)}",Medium
Harrison Barnes,2023-24,16.18,46.64,Role Player,Limited Scaling,Role Player,0.0008888888888888885,4,4,Mixed,False,"Mixed career leverage, no tools, low CII","{'self_created': np.float64(8.74), 'pressure_appetite': np.float64(21.76), 'difficulty_embrace': np.float64(11.71), 'defensive_survival': np.float64(29.3), 'force_multiplication': np.float64(13.81)}","{'scaling_efficiency': np.float64(32.313974948128795), 'pressure_appetite': np.float64(44.09523809523813), 'creation_tools': np.float64(45.116555801921656), 'opportunity_response': np.float64(89.34285714285714), 'age_trajectory': np.float64(35.0)}",High
Herbert Jones,2023-24,21.7,51.0,Role Player,Moderate Scaling,Role Player,0.019333333333333334,3,0,Steps Up,False,"Low CII 21.7, low TII 51.0","{'self_created': np.float64(8.72), 'pressure_appetite': np.float64(33.61), 'difficulty_embrace': np.float64(4.49), 'defensive_survival': np.float64(51.41), 'force_multiplication': np.float64(20.69)}","{'scaling_efficiency': np.float64(23.59479569427944), 'pressure_appetite': np.float64(67.87659574468084), 'creation_tools': np.float64(24.174603586461398), 'opportunity_response': np.float64(90.75714285714285), 'age_trajectory': np.float64(85.0)}",Medium
Immanuel Quickley,2023-24,47.06,70.28,Fragile Star,High Scaling,Luxury Amplifier,-0.052500000000000005,0,3,Hides,True,"Negative career leverage (-0.053, 0+/3-) BUT has creation tools: Thrives as #2","{'self_created': np.float64(51.28), 'pressure_appetite': np.float64(47.17), 'difficulty_embrace': np.float64(44.46), 'defensive_survival': np.float64(48.86), 'force_multiplication': np.float64(36.65)}","{'scaling_efficiency': np.float64(68.89871578306366), 'pressure_appetite': np.float64(54.0), 'creation_tools': np.float64(80.63333333333333), 'opportunity_response': np.float64(76.52857142857142), 'age_trajectory': np.float64(85.0)}",High
Isaac Okoro,2023-24,9.06,36.56,Role Player,Limited Scaling,Role Player,-0.047333333333333304,0,3,Hides,False,"Low CII 9.1, low TII 36.6","{'self_created': np.float64(2.62), 'pressure_appetite': np.float64(10.0), 'difficulty_embrace': np.float64(2.27), 'defensive_survival': np.float64(23.64), 'force_multiplication': np.float64(17.77)}","{'scaling_efficiency': np.float64(21.371871243056322), 'pressure_appetite': np.float64(15.600000000000001), 'creation_tools': np.float64(23.547680535628885), 'opportunity_response': np.float64(80.24000000000001), 'age_trajectory': np.float64(95.0)}",Medium
Isaiah Hartenstein,2023-24,13.22,33.23,Role Player,Low Scaling,Role Player,-0.009000000000000001,1,1,Mixed,False,"Low CII 13.2, low TII 33.2","{'self_created': np.float64(17.94), 'pressure_appetite': np.float64(10.0), 'difficulty_embrace': np.float64(2.5), 'defensive_survival': np.float64(24.45), 'force_multiplication': np.float64(11.68)}","{'scaling_efficiency': np.float64(20.8729924692826), 'pressure_appetite': np.float64(13.599999999999998), 'creation_tools': np.float64(14.262433417437624), 'opportunity_response': np.float64(85.85428571428572), 'age_trajectory': np.float64(78.33)}",Medium
Isaiah Joe,2023-24,12.33,45.45,Role Player,Limited Scaling,Role Player,-0.0365,0,2,Hides,False,"Low CII 12.3, low TII 45.5","{'self_created': np.float64(6.06), 'pressure_appetite': np.float64(10.67), 'difficulty_embrace': np.float64(18.09), 'defensive_survival': np.float64(26.17), 'force_multiplication': np.float64(2.98)}","{'scaling_efficiency': np.float64(32.11607674573092), 'pressure_appetite': np.float64(18.800000000000004), 'creation_tools': np.float64(50.98254621718192), 'opportunity_response': np.float64(79.44285714285715), 'age_trajectory': np.float64(90.0)}",Medium
Isaiah Livers,2023-24,11.74,35.33,Role Player,Limited Scaling,Role Player,0.020666666666666698,1,2,Steps Up,False,"Low CII 11.7, low TII 35.3","{'self_created': np.float64(1.84), 'pressure_appetite': np.float64(21.42), 'difficulty_embrace': np.float64(9.64), 'defensive_survival': np.float64(23.09), 'force_multiplication': np.float64(4.45)}","{'scaling_efficiency': np.float64(4.430413739266197), 'pressure_appetite': np.float64(48.71038251366124), 'creation_tools': np.float64(30.24402905504465), 'opportunity_response': np.float64(48.48571428571428), 'age_trajectory': np.float64(85.0)}",Medium
Isaiah Stewart,2023-24,16.1,47.72,Role Player,Limited Scaling,Role Player,-0.022249999999999975,1,3,Hides,False,"Low CII 16.1, low TII 47.7, no creation tools","{'self_created': np.float64(1.31), 'pressure_appetite': np.float64(40.37), 'difficulty_embrace': np.float64(2.69), 'defensive_survival': np.float64(26.03), 'force_multiplication': np.float64(11.75)}","{'scaling_efficiency': np.float64(16.768753599341835), 'pressure_appetite': np.float64(62.67412587412588), 'creation_tools': np.float64(24.875712092785264), 'opportunity_response': np.float64(83.63428571428571), 'age_trajectory': np.float64(95.0)}",High
Ivica Zubac,2023-24,12.21,34.88,Role Player,Low Scaling,Role Player,-0.0225,1,3,Hides,False,"Low CII 12.2, low TII 34.9, no creation tools","{'self_created': np.float64(4.25), 'pressure_appetite': np.float64(16.21), 'difficulty_embrace': np.float64(0.3), 'defensive_survival': np.float64(32.73), 'force_multiplication': np.float64(19.13)}","{'scaling_efficiency': np.float64(21.342665098302806), 'pressure_appetite': np.float64(25.200000000000003), 'creation_tools': np.float64(9.9), 'opportunity_response': np.float64(86.89142857142856), 'age_trajectory': np.float64(71.66)}",High
Ja Morant,2023-24,54.97,71.23,Fragile Star,High Scaling,Latent Engine,0.06639999999999995,4,1,Steps Up,True,"Positive career leverage (+0.066, 4+/1-), CII 55.0, TII 71.2: Can be #1","{'self_created': np.float64(66.85), 'pressure_appetite': np.float64(48.06), 'difficulty_embrace': np.float64(46.64), 'defensive_survival': np.float64(63.76), 'force_multiplication': np.float64(40.09)}","{'scaling_efficiency': np.float64(75.24109485564477), 'pressure_appetite': np.float64(55.75225225225229), 'creation_tools': np.float64(69.72055592177543), 'opportunity_response': np.float64(78.5), 'age_trajectory': np.float64(90.0)}",High
Jabari Smith Jr.,2023-24,24.52,56.52,Role Player,Moderate Scaling,Developing Prospect,-0.01449999999999995,0,2,Mixed,True,"Low CII 24.5, moderate TII 56.5","{'self_created': np.float64(15.19), 'pressure_appetite': np.float64(26.08), 'difficulty_embrace': np.float64(23.4), 'defensive_survival': np.float64(46.02), 'force_multiplication': np.float64(18.57)}","{'scaling_efficiency': np.float64(36.19051879465671), 'pressure_appetite': np.float64(52.390804597701184), 'creation_tools': np.float64(57.087033922063355), 'opportunity_response': np.float64(74.34285714285714), 'age_trajectory': np.int64(100)}",Medium
Jabari Walker,2023-24,19.55,39.88,Role Player,Limited Scaling,Role Player,0.0129999999999999,1,0,Steps Up,False,"Low CII 19.6, low TII 39.9","{'self_created': np.float64(9.3), 'pressure_appetite': np.float64(41.91), 'difficulty_embrace': np.float64(4.39), 'defensive_survival': np.float64(26.54), 'force_multiplication': np.float64(14.25)}","{'scaling_efficiency': np.float64(10.176731698622469), 'pressure_appetite': np.float64(61.50566037735847), 'creation_tools': np.float64(18.810183054660737), 'opportunity_response': np.float64(51.22857142857143), 'age_trajectory': np.int64(100)}",Medium
Jaden Ivey,2023-24,38.66,57.64,Role Player,Moderate Scaling,Developing Prospect,-0.0005,1,1,Mixed,True,"Low CII 38.7, moderate TII 57.6","{'self_created': np.float64(30.45), 'pressure_appetite': np.float64(48.17), 'difficulty_embrace': np.float64(25.7), 'defensive_survival': np.float64(54.47), 'force_multiplication': np.float64(41.69)}","{'scaling_efficiency': np.float64(41.88077494128339), 'pressure_appetite': np.float64(61.185792349726775), 'creation_tools': np.float64(57.12843529254965), 'opportunity_response': np.float64(55.68571428571428), 'age_trajectory': np.int64(100)}",Medium
Jaden McDaniels,2023-24,15.54,43.64,Role Player,Limited Scaling,Role Player,-0.047499999999999924,0,4,Hides,False,"Low CII 15.5, low TII 43.6, no creation tools","{'self_created': np.float64(12.86), 'pressure_appetite': np.float64(12.83), 'difficulty_embrace': np.float64(14.26), 'defensive_survival': np.float64(31.32), 'force_multiplication': np.float64(9.23)}","{'scaling_efficiency': np.float64(27.117860805860797), 'pressure_appetite': np.float64(24.40000000000004), 'creation_tools': np.float64(45.50534709193246), 'opportunity_response': np.float64(72.02857142857142), 'age_trajectory': np.float64(95.0)}",High
Jaime Jaquez Jr.,2023-24,25.04,46.03,Role Player,Limited Scaling,Role Player,0.0,0,0,Mixed,False,"Low CII 25.0, low TII 46.0","{'self_created': np.float64(20.57), 'pressure_appetite': np.float64(38.5), 'difficulty_embrace': np.float64(8.47), 'defensive_survival': np.float64(31.66), 'force_multiplication': np.float64(28.06)}","{'scaling_efficiency': np.float64(19.82146593001841), 'pressure_appetite': np.float64(54.0), 'creation_tools': np.float64(32.04487041279253), 'opportunity_response': np.float64(71.17142857142858), 'age_trajectory': np.float64(95.0)}",Medium
Jake LaRavia,2023-24,23.15,44.98,Role Player,Limited Scaling,Role Player,-0.015,0,1,Mixed,False,"Low CII 23.1, low TII 45.0","{'self_created': np.float64(13.56), 'pressure_appetite': np.float64(34.86), 'difficulty_embrace': np.float64(12.33), 'defensive_survival': np.float64(43.93), 'force_multiplication': np.float64(13.14)}","{'scaling_efficiency': np.float64(19.977265818148528), 'pressure_appetite': np.float64(55.656716417910445), 'creation_tools': np.float64(37.30332686162683), 'opportunity_response': np.float64(50.71428571428571), 'age_trajectory': np.int64(100)}",Medium
Jakob Poeltl,2023-24,10.56,33.01,Role Player,Low Scaling,Role Player,-0.036833333333333336,1,5,Hides,False,"Low CII 10.6, low TII 33.0, no creation tools","{'self_created': np.float64(0.88), 'pressure_appetite': np.float64(10.5), 'difficulty_embrace': np.float64(3.3), 'defensive_survival': np.float64(35.66), 'force_multiplication': np.float64(16.67)}","{'scaling_efficiency': np.float64(20.386021126760564), 'pressure_appetite': np.float64(17.200000000000003), 'creation_tools': np.float64(15.289430894308943), 'opportunity_response': np.float64(86.89142857142856), 'age_trajectory': np.float64(64.99000000000001)}",High
Jalen Brunson,2023-24,78.65,80.63,Strong Creator,Elite Scaling,Franchise Engine,0.0238333333333333,4,2,Steps Up,True,CII 78.7 >= 74: Already elite creator,"{'self_created': np.float64(89.44), 'pressure_appetite': np.float64(83.18), 'difficulty_embrace': np.float64(74.39), 'defensive_survival': np.float64(68.84), 'force_multiplication': np.float64(58.15)}","{'scaling_efficiency': np.float64(82.353792402667), 'pressure_appetite': np.float64(73.51575562700964), 'creation_tools': np.float64(87.38333333333333), 'opportunity_response': np.float64(86.0), 'age_trajectory': np.float64(71.66)}",High
Jalen Duren,2023-24,16.68,36.91,Role Player,Limited Scaling,Role Player,-0.04449999999999995,0,2,Hides,False,"Low CII 16.7, low TII 36.9","{'self_created': np.float64(17.22), 'pressure_appetite': np.float64(10.17), 'difficulty_embrace': np.float64(3.0), 'defensive_survival': np.float64(34.77), 'force_multiplication': np.float64(31.52)}","{'scaling_efficiency': np.float64(24.234893127671807), 'pressure_appetite': np.float64(8.000000000000039), 'creation_tools': np.float64(21.121794007995327), 'opportunity_response': np.float64(89.43714285714286), 'age_trajectory': np.int64(100)}",Medium
Jalen Green,2023-24,42.87,47.95,Fragile Star,Limited Scaling,Role Player,-0.051666666666666666,0,3,Hides,True,"Low CII 42.9, low TII 48.0","{'self_created': np.float64(55.47), 'pressure_appetite': np.float64(20.17), 'difficulty_embrace': np.float64(52.61), 'defensive_survival': np.float64(47.03), 'force_multiplication': np.float64(36.14)}","{'scaling_efficiency': np.float64(46.66091300602929), 'pressure_appetite': np.float64(0.0), 'creation_tools': np.float64(76.13333333333333), 'opportunity_response': np.float64(58.17142857142857), 'age_trajectory': np.int64(100)}",Medium
Jalen Johnson,2023-24,14.3,39.09,Role Player,Limited Scaling,Role Player,-0.0699999999999999,0,1,Hides,False,"Low CII 14.3, low TII 39.1","{'self_created': np.float64(10.18), 'pressure_appetite': np.float64(12.33), 'difficulty_embrace': np.float64(10.94), 'defensive_survival': np.float64(25.53), 'force_multiplication': np.float64(21.41)}","{'scaling_efficiency': np.float64(19.103032442494346), 'pressure_appetite': np.float64(12.000000000000043), 'creation_tools': np.float64(38.40008837044893), 'opportunity_response': np.float64(84.5), 'age_trajectory': np.int64(100)}",Medium
Jalen Suggs,2023-24,23.66,56.73,Role Player,Moderate Scaling,Developing Prospect,-0.020666666666666632,1,2,Hides,False,"Low CII 23.7, moderate TII 56.7","{'self_created': np.float64(26.38), 'pressure_appetite': np.float64(16.67), 'difficulty_embrace': np.float64(19.21), 'defensive_survival': np.float64(40.82), 'force_multiplication': np.float64(16.09)}","{'scaling_efficiency': np.float64(57.02787933714906), 'pressure_appetite': np.float64(19.60000000000004), 'creation_tools': np.float64(60.52659941259098), 'opportunity_response': np.float64(87.45714285714286), 'age_trajectory': np.float64(95.0)}",Medium
Jalen Williams,2023-24,58.17,81.29,Luxury Amplifier,Elite Scaling,Latent Engine,0.005000000000000051,1,1,Mixed,True,"Medium CII 58.2, high TII 81.3, has tools","{'self_created': np.float64(62.99), 'pressure_appetite': np.float64(61.46), 'difficulty_embrace': np.float64(40.31), 'defensive_survival': np.float64(75.38), 'force_multiplication': np.float64(45.43)}","{'scaling_efficiency': np.float64(72.59513244485177), 'pressure_appetite': np.float64(79.73103448275862), 'creation_tools': np.float64(84.0), 'opportunity_response': np.float64(88.51142857142858), 'age_trajectory': np.float64(95.0)}",Medium
Jamal Murray,2023-24,62.68,75.21,Luxury Amplifier,High Scaling,Latent Engine,0.025142857142857102,5,2,Steps Up,True,"Positive career leverage (+0.025, 5+/2-), CII 62.7, TII 75.2: Can be #1","{'self_created': np.float64(74.71), 'pressure_appetite': np.float64(44.95), 'difficulty_embrace': np.float64(68.86), 'defensive_survival': np.float64(72.77), 'force_multiplication': np.float64(43.45)}","{'scaling_efficiency': np.float64(73.12148567685757), 'pressure_appetite': np.float64(56.81684981684981), 'creation_tools': np.float64(95.25), 'opportunity_response': np.float64(85.7), 'age_trajectory': np.float64(71.66)}",High
James Harden,2023-24,49.78,62.22,Fragile Star,Moderate Scaling,Strong Creator,0.051333333333333314,8,1,Steps Up,False,"Positive career leverage (+0.051), CII 49.8: Stepping up consistently","{'self_created': np.float64(82.62), 'pressure_appetite': np.float64(18.0), 'difficulty_embrace': np.float64(51.06), 'defensive_survival': np.float64(45.61), 'force_multiplication': np.float64(34.44)}","{'scaling_efficiency': np.float64(86.50993606329276), 'pressure_appetite': np.float64(18.400000000000002), 'creation_tools': np.float64(76.85), 'opportunity_response': np.float64(92.0), 'age_trajectory': np.float64(25.0)}",High
Jaren Jackson Jr.,2023-24,44.34,54.76,Fragile Star,Moderate Scaling,Role Player,-0.039,1,4,Hides,False,"Low CII 44.3, low TII 54.8, no creation tools","{'self_created': np.float64(25.33), 'pressure_appetite': np.float64(76.57), 'difficulty_embrace': np.float64(13.07), 'defensive_survival': np.float64(54.44), 'force_multiplication': np.float64(68.17)}","{'scaling_efficiency': np.float64(28.990955977311938), 'pressure_appetite': np.float64(79.04503311258276), 'creation_tools': np.float64(35.07186507295536), 'opportunity_response': np.float64(68.6), 'age_trajectory': np.float64(90.0)}",High
Jarred Vanderbilt,2023-24,6.68,30.05,Role Player,Low Scaling,Role Player,-0.02799999999999997,0,3,Hides,False,"Low CII 6.7, low TII 30.1","{'self_created': np.float64(5.95), 'pressure_appetite': np.float64(10.0), 'difficulty_embrace': np.float64(0.4), 'defensive_survival': np.float64(13.42), 'force_multiplication': np.float64(3.01)}","{'scaling_efficiency': np.float64(16.058655693756034), 'pressure_appetite': np.float64(21.200000000000003), 'creation_tools': np.float64(9.050831319124002), 'opportunity_response': np.float64(64.14285714285714), 'age_trajectory': np.float64(85.0)}",Medium
Jarrett Allen,2023-24,13.17,35.78,Role Player,Limited Scaling,Role Player,-0.03416666666666667,1,5,Hides,False,"Low CII 13.2, low TII 35.8, no creation tools","{'self_created': np.float64(0.88), 'pressure_appetite': np.float64(15.0), 'difficulty_embrace': np.float64(4.9), 'defensive_survival': np.float64(37.7), 'force_multiplication': np.float64(25.19)}","{'scaling_efficiency': np.float64(21.63366318782289), 'pressure_appetite': np.float64(15.600000000000001), 'creation_tools': np.float64(18.85035542502022), 'opportunity_response': np.float64(91.88857142857142), 'age_trajectory': np.float64(78.33)}",High
Jaylen Brown,2023-24,43.85,55.2,Fragile Star,Moderate Scaling,Luxury Amplifier,-0.055624999999999945,1,7,Hides,True,"Negative career leverage (-0.056, 1+/7-) BUT has creation tools: Thrives as #2","{'self_created': np.float64(54.15), 'pressure_appetite': np.float64(29.37), 'difficulty_embrace': np.float64(43.56), 'defensive_survival': np.float64(46.69), 'force_multiplication': np.float64(45.5)}","{'scaling_efficiency': np.float64(60.898598483344585), 'pressure_appetite': np.float64(12.400000000000041), 'creation_tools': np.float64(74.45), 'opportunity_response': np.float64(78.5), 'age_trajectory': np.float64(71.66)}",High
Jayson Tatum,2023-24,72.7,74.48,Strong Creator,High Scaling,Latent Engine,0.015714285714285656,6,1,Steps Up,True,"Positive career leverage (+0.016, 6+/1-), CII 72.7, TII 74.5: Can be #1","{'self_created': np.float64(84.21), 'pressure_appetite': np.float64(71.33), 'difficulty_embrace': np.float64(65.7), 'defensive_survival': np.float64(64.87), 'force_multiplication': np.float64(67.29)}","{'scaling_efficiency': np.float64(68.7956223905733), 'pressure_appetite': np.float64(67.9), 'creation_tools': np.float64(80.65), 'opportunity_response': np.float64(86.0), 'age_trajectory': np.float64(78.33)}",High
Jeff Green,2023-24,7.48,28.14,Role Player,Low Scaling,Role Player,-0.051666666666666645,1,5,Hides,False,"Low CII 7.5, low TII 28.1, no creation tools","{'self_created': np.float64(2.47), 'pressure_appetite': np.float64(10.0), 'difficulty_embrace': np.float64(8.47), 'defensive_survival': np.float64(14.94), 'force_multiplication': np.float64(3.07)}","{'scaling_efficiency': np.float64(17.42866457929526), 'pressure_appetite': np.float64(14.399999999999999), 'creation_tools': np.float64(33.783525887890455), 'opportunity_response': np.float64(70.34), 'age_trajectory': np.int64(20)}",High
Jerami Grant,2023-24,43.76,62.3,Fragile Star,Moderate Scaling,Luxury Amplifier,-0.02844444444444442,2,7,Hides,True,"Negative career leverage (-0.028, 2+/7-) BUT has creation tools: Thrives as #2","{'self_created': np.float64(29.66), 'pressure_appetite': np.float64(61.28), 'difficulty_embrace': np.float64(25.86), 'defensive_survival': np.float64(62.45), 'force_multiplication': np.float64(49.99)}","{'scaling_efficiency': np.float64(46.38582521299932), 'pressure_appetite': np.float64(77.23921568627452), 'creation_tools': np.float64(60.76477761836441), 'opportunity_response': np.float64(80.55714285714285), 'age_trajectory': np.float64(48.34)}",High
Jeremy Sochan,2023-24,23.23,46.02,Role Player,Limited Scaling,Role Player,-0.03399999999999995,0,2,Hides,False,"Low CII 23.2, low TII 46.0","{'self_created': np.float64(12.17), 'pressure_appetite': np.float64(33.65), 'difficulty_embrace': np.float64(11.81), 'defensive_survival': np.float64(41.04), 'force_multiplication': np.float64(26.53)}","{'scaling_efficiency': np.float64(18.04797330959645), 'pressure_appetite': np.float64(56.844919786096256), 'creation_tools': np.float64(39.692737272292504), 'opportunity_response': np.float64(56.37142857142857), 'age_trajectory': np.int64(100)}",Medium
Jimmy Butler III,2023-24,47.16,68.55,Fragile Star,High Scaling,Strong Creator,0.08811111111111108,9,0,Steps Up,True,"Positive career leverage (+0.088), CII 47.2: Stepping up consistently","{'self_created': np.float64(50.89), 'pressure_appetite': np.float64(58.47), 'difficulty_embrace': np.float64(28.09), 'defensive_survival': np.float64(39.14), 'force_multiplication': np.float64(57.91)}","{'scaling_efficiency': np.float64(72.9559295430764), 'pressure_appetite': np.float64(65.41276595744681), 'creation_tools': np.float64(72.29095312229718), 'opportunity_response': np.float64(89.0), 'age_trajectory': np.float64(25.0)}",High
Joel Embiid,2023-24,66.21,71.84,Luxury Amplifier,High Scaling,Strong Creator,0.03674999999999996,7,1,Steps Up,True,"Positive career leverage (+0.037, 7+/1-), CII 66.2, TII 71.8: Can be #1 (Age 30 > 28, reclassified from Latent Engine)","{'self_created': np.float64(60.11), 'pressure_appetite': np.float64(83.84), 'difficulty_embrace': np.float64(58.89), 'defensive_survival': np.float64(62.37), 'force_multiplication': np.float64(60.85)}","{'scaling_efficiency': np.float64(68.09006462959951), 'pressure_appetite': np.float64(71.64573643410851), 'creation_tools': np.float64(78.85), 'opportunity_response': np.float64(86.0), 'age_trajectory': np.float64(48.34)}",High
John Collins,2023-24,14.29,36.44,Role Player,Limited Scaling,Role Player,-0.056285714285714286,1,6,Hides,False,"Low CII 14.3, low TII 36.4, no creation tools","{'self_created': np.float64(3.78), 'pressure_appetite': np.float64(17.83), 'difficulty_embrace': np.float64(6.59), 'defensive_survival': np.float64(39.37), 'force_multiplication': np.float64(14.76)}","{'scaling_efficiency': np.float64(19.209444708127567), 'pressure_appetite': np.float64(19.200000000000003), 'creation_tools': np.float64(23.924183927768926), 'opportunity_response': np.float64(88.4), 'age_trajectory': np.float64(78.33)}",High
John Konchar,2023-24,16.8,38.98,Role Player,Limited Scaling,Role Player,0.0129999999999999,1,0,Steps Up,False,"Low CII 16.8, low TII 39.0","{'self_created': np.float64(1.53), 'pressure_appetite': np.float64(34.62), 'difficulty_embrace': np.float64(1.37), 'defensive_survival': np.float64(45.66), 'force_multiplication': np.float64(5.65)}","{'scaling_efficiency': np.float64(10.982219382321624), 'pressure_appetite': np.float64(73.99999999999997), 'creation_tools': np.float64(16.492547425474257), 'opportunity_response': np.float64(49.25714285714285), 'age_trajectory': np.float64(64.99000000000001)}",Medium
Jonas Valančiūnas,2023-24,29.75,47.66,Role Player,Limited Scaling,Luxury Amplifier,-0.06233333333333332,1,8,Hides,True,"Negative career leverage (-0.062, 1+/8-) BUT has creation tools: Thrives as #2","{'self_created': np.float64(18.37), 'pressure_appetite': np.float64(41.92), 'difficulty_embrace': np.float64(12.0), 'defensive_survival': np.float64(55.9), 'force_multiplication': np.float64(29.73)}","{'scaling_efficiency': np.float64(31.353142243692968), 'pressure_appetite': np.float64(65.15942028985506), 'creation_tools': np.float64(29.19916342641687), 'opportunity_response': np.float64(84.15714285714286), 'age_trajectory': np.float64(35.0)}",High
Jonathan Isaac,2023-24,13.4,35.7,Role Player,Limited Scaling,Role Player,-0.056666666666666636,0,3,Hides,False,"Low CII 13.4, low TII 35.7","{'self_created': np.float64(6.65), 'pressure_appetite': np.float64(17.67), 'difficulty_embrace': np.float64(8.39), 'defensive_survival': np.float64(32.15), 'force_multiplication': np.float64(4.82)}","{'scaling_efficiency': np.float64(16.43627450980392), 'pressure_appetite': np.float64(27.199999999999996), 'creation_tools': np.float64(22.997154471544714), 'opportunity_response': np.float64(76.89714285714285), 'age_trajectory': np.float64(78.33)}",Medium
Jonathan Kuminga,2023-24,21.52,40.51,Role Player,Limited Scaling,Role Player,-0.07449999999999996,0,2,Hides,False,"Low CII 21.5, low TII 40.5","{'self_created': np.float64(24.93), 'pressure_appetite': np.float64(16.0), 'difficulty_embrace': np.float64(14.54), 'defensive_survival': np.float64(23.17), 'force_multiplication': np.float64(36.6)}","{'scaling_efficiency': np.float64(32.15163499791347), 'pressure_appetite': np.float64(0.0), 'creation_tools': np.float64(41.46646941785873), 'opportunity_response': np.float64(83.79714285714286), 'age_trajectory': np.int64(100)}",Medium
Jordan Clarkson,2023-24,48.75,56.53,Fragile Star,Moderate Scaling,Luxury Amplifier,-0.022666666666666675,4,5,Hides,True,"Negative career leverage (-0.023, 4+/5-) BUT has creation tools: Thrives as #2","{'self_created': np.float64(38.87), 'pressure_appetite': np.float64(62.49), 'difficulty_embrace': np.float64(38.03), 'defensive_survival': np.float64(63.3), 'force_multiplication': np.float64(43.66)}","{'scaling_efficiency': np.float64(42.390818915801624), 'pressure_appetite': np.float64(74.07450980392154), 'creation_tools': np.float64(66.02460545193688), 'opportunity_response': np.float64(57.22857142857143), 'age_trajectory': np.float64(35.0)}",High
Jordan Goodwin,2023-24,16.82,40.76,Role Player,Limited Scaling,Role Player,-0.0715,0,2,Hides,True,"Low CII 16.8, low TII 40.8","{'self_created': np.float64(12.25), 'pressure_appetite': np.float64(11.67), 'difficulty_embrace': np.float64(21.9), 'defensive_survival': np.float64(32.33), 'force_multiplication': np.float64(10.02)}","{'scaling_efficiency': np.float64(35.92271398326444), 'pressure_appetite': np.float64(11.200000000000006), 'creation_tools': np.float64(58.24974984365228), 'opportunity_response': np.float64(46.85714285714286), 'age_trajectory': np.float64(85.0)}",Medium
Jordan Poole,2023-24,40.82,50.29,Fragile Star,Moderate Scaling,Luxury Amplifier,-0.013749999999999976,0,4,Mixed,True,"Negative career leverage (-0.014, 0+/4-) BUT has creation tools: Thrives as #2","{'self_created': np.float64(44.08), 'pressure_appetite': np.float64(34.56), 'difficulty_embrace': np.float64(48.3), 'defensive_survival': np.float64(40.34), 'force_multiplication': np.float64(32.45)}","{'scaling_efficiency': np.float64(41.6402986756833), 'pressure_appetite': np.float64(23.6), 'creation_tools': np.float64(74.38333333333333), 'opportunity_response': np.float64(56.8), 'age_trajectory': np.float64(85.0)}",High
Josh Giddey,2023-24,22.32,36.52,Role Player,Limited Scaling,Fragile Star,-0.0319999999999999,0,3,Hides,False,"Fragile Star: high usage (22.3%), low CII (22.3), no creation tools","{'self_created': np.float64(19.9), 'pressure_appetite': np.float64(22.84), 'difficulty_embrace': np.float64(13.87), 'defensive_survival': np.float64(35.08), 'force_multiplication': np.float64(26.08)}","{'scaling_efficiency': np.float64(18.685422063617484), 'pressure_appetite': np.float64(19.20000000000004), 'creation_tools': np.float64(41.18729264646907), 'opportunity_response': np.float64(52.51428571428572), 'age_trajectory': np.int64(100)}",Medium
Josh Green,2023-24,24.25,53.27,Role Player,Moderate Scaling,Role Player,-0.006500000000000051,1,1,Mixed,False,"Low CII 24.2, low TII 53.3","{'self_created': np.float64(2.72), 'pressure_appetite': np.float64(47.52), 'difficulty_embrace': np.float64(6.77), 'defensive_survival': np.float64(57.49), 'force_multiplication': np.float64(15.76)}","{'scaling_efficiency': np.float64(19.24087921980495), 'pressure_appetite': np.float64(79.9410852713178), 'creation_tools': np.float64(36.15467952353942), 'opportunity_response': np.float64(71.89142857142856), 'age_trajectory': np.float64(95.0)}",Medium
Josh Hart,2023-24,18.16,44.47,Role Player,Limited Scaling,Role Player,-0.0167142857142857,2,5,Mixed,False,"Low CII 18.2, low TII 44.5, no creation tools","{'self_created': np.float64(14.19), 'pressure_appetite': np.float64(10.73), 'difficulty_embrace': np.float64(13.79), 'defensive_survival': np.float64(45.62), 'force_multiplication': np.float64(16.17)}","{'scaling_efficiency': np.float64(42.87696296579011), 'pressure_appetite': np.float64(27.199999999999996), 'creation_tools': np.float64(50.95363714163457), 'opportunity_response': np.float64(59.62857142857143), 'age_trajectory': np.float64(56.67)}",High
Josh Richardson,2023-24,15.94,36.23,Role Player,Limited Scaling,Role Player,-0.04249999999999999,1,7,Hides,False,"Low CII 15.9, low TII 36.2, no creation tools","{'self_created': np.float64(15.35), 'pressure_appetite': np.float64(10.0), 'difficulty_embrace': np.float64(16.46), 'defensive_survival': np.float64(35.99), 'force_multiplication': np.float64(1.41)}","{'scaling_efficiency': np.float64(29.330395824969877), 'pressure_appetite': np.float64(4.800000000000004), 'creation_tools': np.float64(55.255777982308125), 'opportunity_response': np.float64(68.94285714285714), 'age_trajectory': np.float64(48.34)}",High
Jrue Holiday,2023-24,33.56,66.33,Role Player,High Scaling,Strong Creator,0.023888888888888873,8,1,Steps Up,False,"Positive career leverage (+0.024), CII 33.6 still developing (Age 34 > 25, reclassified from Developing Engine)","{'self_created': np.float64(40.24), 'pressure_appetite': np.float64(22.76), 'difficulty_embrace': np.float64(29.69), 'defensive_survival': np.float64(55.8), 'force_multiplication': np.float64(14.92)}","{'scaling_efficiency': np.float64(74.83533643247756), 'pressure_appetite': np.float64(55.761904761904795), 'creation_tools': np.float64(73.83333333333334), 'opportunity_response': np.float64(84.5), 'age_trajectory': np.float64(25.0)}",High
Julian Champagnie,2023-24,6.49,27.39,Role Player,Low Scaling,Role Player,-0.083,0,1,Hides,False,"Low CII 6.5, low TII 27.4","{'self_created': np.float64(0.89), 'pressure_appetite': np.float64(10.0), 'difficulty_embrace': np.float64(1.89), 'defensive_survival': np.float64(21.74), 'force_multiplication': np.float64(0.85)}","{'scaling_efficiency': np.float64(12.761585903083692), 'pressure_appetite': np.float64(6.800000000000002), 'creation_tools': np.float64(21.31869918699187), 'opportunity_response': np.float64(53.971428571428575), 'age_trajectory': np.float64(95.0)}",Medium
Julius Randle,2023-24,47.19,63.14,Fragile Star,Moderate Scaling,Luxury Amplifier,-0.016666666666666632,2,7,Mixed,True,"Negative career leverage (-0.017, 2+/7-) BUT has creation tools: Thrives as #2","{'self_created': np.float64(46.01), 'pressure_appetite': np.float64(50.53), 'difficulty_embrace': np.float64(36.61), 'defensive_survival': np.float64(61.96), 'force_multiplication': np.float64(41.34)}","{'scaling_efficiency': np.float64(58.19905459876763), 'pressure_appetite': np.float64(60.05923344947739), 'creation_tools': np.float64(66.11954193932183), 'opportunity_response': np.float64(78.5), 'age_trajectory': np.float64(56.67)}",High
Justin Holiday,2023-24,21.64,46.98,Role Player,Limited Scaling,Luxury Amplifier,-0.04425,1,7,Hides,True,"Negative career leverage (-0.044, 1+/7-) BUT has creation tools: Thrives as #2","{'self_created': np.float64(1.25), 'pressure_appetite': np.float64(41.28), 'difficulty_embrace': np.float64(13.27), 'defensive_survival': np.float64(51.0), 'force_multiplication': np.float64(6.38)}","{'scaling_efficiency': np.float64(25.977140881590312), 'pressure_appetite': np.float64(78.23846153846154), 'creation_tools': np.float64(42.36654158849281), 'opportunity_response': np.float64(61.04857142857143), 'age_trajectory': np.int64(20)}",High
KJ Martin,2023-24,8.86,28.4,Role Player,Low Scaling,Role Player,-0.04466666666666667,0,3,Hides,False,"Low CII 8.9, low TII 28.4","{'self_created': np.float64(1.06), 'pressure_appetite': np.float64(10.0), 'difficulty_embrace': np.float64(0.0), 'defensive_survival': np.float64(38.12), 'force_multiplication': np.float64(3.2)}","{'scaling_efficiency': np.float64(13.841411669695127), 'pressure_appetite': np.float64(25.600000000000005), 'creation_tools': np.float64(6.0), 'opportunity_response': np.float64(47.628571428571426), 'age_trajectory': np.float64(95.0)}",Medium
Karl-Anthony Towns,2023-24,31.5,57.47,Role Player,Moderate Scaling,Fragile Star,-0.023666666666666655,2,7,Hides,False,"Fragile Star: high usage (26.8%), high minutes (32.7), low CII (31.5), no creation tools","{'self_created': np.float64(16.2), 'pressure_appetite': np.float64(51.83), 'difficulty_embrace': np.float64(15.2), 'defensive_survival': np.float64(37.7), 'force_multiplication': np.float64(49.83)}","{'scaling_efficiency': np.float64(57.13148839137645), 'pressure_appetite': np.float64(52.798507462686565), 'creation_tools': np.float64(38.671562917121705), 'opportunity_response': np.float64(86.0), 'age_trajectory': np.float64(64.99000000000001)}",High
Keegan Murray,2023-24,16.03,45.71,Role Player,Limited Scaling,Role Player,-0.08399999999999995,0,2,Hides,True,"Low CII 16.0, low TII 45.7","{'self_created': np.float64(11.29), 'pressure_appetite': np.float64(10.17), 'difficulty_embrace': np.float64(24.46), 'defensive_survival': np.float64(31.18), 'force_multiplication': np.float64(5.36)}","{'scaling_efficiency': np.float64(35.211253344034226), 'pressure_appetite': np.float64(9.200000000000038), 'creation_tools': np.float64(59.88375353978259), 'opportunity_response': np.float64(75.80000000000001), 'age_trajectory': np.float64(95.0)}",Medium
Keita Bates-Diop,2023-24,14.2,33.3,Role Player,Low Scaling,Role Player,-0.030333333333333268,0,3,Hides,False,"Low CII 14.2, low TII 33.3","{'self_created': np.float64(5.78), 'pressure_appetite': np.float64(21.41), 'difficulty_embrace': np.float64(3.09), 'defensive_survival': np.float64(40.41), 'force_multiplication': np.float64(4.35)}","{'scaling_efficiency': np.float64(9.307933476394851), 'pressure_appetite': np.float64(59.8385416666667), 'creation_tools': np.float64(13.973577235772357), 'opportunity_response': np.float64(41.714285714285715), 'age_trajectory': np.float64(64.99000000000001)}",Medium
Keldon Johnson,2023-24,23.15,41.82,Role Player,Limited Scaling,Role Player,-0.017999999999999974,1,3,Mixed,False,"Low CII 23.1, low TII 41.8, no creation tools","{'self_created': np.float64(21.88), 'pressure_appetite': np.float64(25.23), 'difficulty_embrace': np.float64(12.96), 'defensive_survival': np.float64(34.35), 'force_multiplication': np.float64(25.35)}","{'scaling_efficiency': np.float64(26.368135566626123), 'pressure_appetite': np.float64(23.600000000000037), 'creation_tools': np.float64(40.830549163982205), 'opportunity_response': np.float64(72.28571428571429), 'age_trajectory': np.float64(90.0)}",High
Kelly Olynyk,2023-24,26.41,44.11,Role Player,Limited Scaling,Role Player,-0.026571428571428548,1,6,Hides,False,"Low CII 26.4, low TII 44.1, no creation tools","{'self_created': np.float64(23.2), 'pressure_appetite': np.float64(28.04), 'difficulty_embrace': np.float64(8.36), 'defensive_survival': np.float64(51.69), 'force_multiplication': np.float64(30.14)}","{'scaling_efficiency': np.float64(26.73990802248339), 'pressure_appetite': np.float64(58.54385964912281), 'creation_tools': np.float64(29.835356344791517), 'opportunity_response': np.float64(83.21428571428572), 'age_trajectory': np.float64(30.0)}",High
Kelly Oubre Jr.,2023-24,23.94,38.48,Role Player,Limited Scaling,Role Player,-0.05624999999999997,0,8,Hides,False,"Low CII 23.9, low TII 38.5, no creation tools","{'self_created': np.float64(21.3), 'pressure_appetite': np.float64(24.35), 'difficulty_embrace': np.float64(16.91), 'defensive_survival': np.float64(35.15), 'force_multiplication': np.float64(28.1)}","{'scaling_efficiency': np.float64(29.89526801492245), 'pressure_appetite': np.float64(21.200000000000003), 'creation_tools': np.float64(45.885107169253516), 'opportunity_response': np.float64(56.885714285714286), 'age_trajectory': np.float64(64.99000000000001)}",High
Kentavious Caldwell-Pope,2023-24,21.35,59.2,Role Player,Moderate Scaling,Luxury Amplifier,-0.016374999999999973,2,6,Mixed,True,"Negative career leverage (-0.016, 2+/6-) BUT has creation tools: Thrives as #2","{'self_created': np.float64(8.15), 'pressure_appetite': np.float64(25.48), 'difficulty_embrace': np.float64(23.7), 'defensive_survival': np.float64(45.31), 'force_multiplication': np.float64(9.94)}","{'scaling_efficiency': np.float64(49.9390401640108), 'pressure_appetite': np.float64(55.14285714285714), 'creation_tools': np.float64(68.9609756097561), 'opportunity_response': np.float64(84.29428571428572), 'age_trajectory': np.float64(40.01)}",High
Keon Ellis,2023-24,12.7,52.52,Role Player,Moderate Scaling,Role Player,-0.0279999999999999,0,1,Hides,False,"Low CII 12.7, low TII 52.5","{'self_created': np.float64(5.48), 'pressure_appetite': np.float64(11.34), 'difficulty_embrace': np.float64(11.87), 'defensive_survival': np.float64(36.6), 'force_multiplication': np.float64(3.6)}","{'scaling_efficiency': np.float64(36.339212007504685), 'pressure_appetite': np.float64(44.56910569105695), 'creation_tools': np.float64(48.70900257783065), 'opportunity_response': np.float64(78.21714285714286), 'age_trajectory': np.float64(90.0)}",Medium
Kevin Durant,2023-24,64.59,71.1,Luxury Amplifier,High Scaling,Strong Creator,0.04337499999999998,7,1,Steps Up,True,"Positive career leverage (+0.043, 7+/1-), CII 64.6, TII 71.1: Can be #1 (Age 35 > 28, reclassified from Latent Engine)","{'self_created': np.float64(63.15), 'pressure_appetite': np.float64(71.78), 'difficulty_embrace': np.float64(69.87), 'defensive_survival': np.float64(55.14), 'force_multiplication': np.float64(54.52)}","{'scaling_efficiency': np.float64(68.38567298425956), 'pressure_appetite': np.float64(69.63886925795053), 'creation_tools': np.float64(91.35), 'opportunity_response': np.float64(86.0), 'age_trajectory': np.int64(20)}",High
Kevin Huerter,2023-24,16.75,39.77,Role Player,Limited Scaling,Role Player,-0.04033333333333332,0,5,Hides,False,"Low CII 16.8, low TII 39.8, no creation tools","{'self_created': np.float64(7.23), 'pressure_appetite': np.float64(18.17), 'difficulty_embrace': np.float64(14.43), 'defensive_survival': np.float64(43.5), 'force_multiplication': np.float64(6.26)}","{'scaling_efficiency': np.float64(21.59776380966963), 'pressure_appetite': np.float64(25.20000000000004), 'creation_tools': np.float64(49.034508200573335), 'opportunity_response': np.float64(57.91428571428571), 'age_trajectory': np.float64(85.0)}",High
Kevon Looney,2023-24,13.19,39.28,Role Player,Limited Scaling,Role Player,-0.027666666666666614,1,5,Hides,False,"Low CII 13.2, low TII 39.3, no creation tools","{'self_created': np.float64(15.61), 'pressure_appetite': np.float64(14.64), 'difficulty_embrace': np.float64(4.4), 'defensive_survival': np.float64(22.8), 'force_multiplication': np.float64(5.5)}","{'scaling_efficiency': np.float64(21.91059540124867), 'pressure_appetite': np.float64(44.557575757575755), 'creation_tools': np.float64(17.438950480413894), 'opportunity_response': np.float64(77.18), 'age_trajectory': np.float64(64.99000000000001)}",High
Keyonte George,2023-24,53.69,70.45,Fragile Star,High Scaling,Developing Star,0.111,1,0,Steps Up,False,"Medium CII 53.7, high TII 70.5, developing tools","{'self_created': np.float64(38.11), 'pressure_appetite': np.float64(79.17), 'difficulty_embrace': np.float64(39.11), 'defensive_survival': np.float64(68.08), 'force_multiplication': np.float64(44.31)}","{'scaling_efficiency': np.float64(49.03133440152922), 'pressure_appetite': np.float64(90.1), 'creation_tools': np.float64(75.47052845528455), 'opportunity_response': np.float64(54.142857142857146), 'age_trajectory': np.int64(100)}",Medium
Khris Middleton,2023-24,44.25,57.04,Fragile Star,Moderate Scaling,Luxury Amplifier,0.0028750000000000043,5,3,Mixed,True,"Mixed career leverage (+0.003), low CII but has tools","{'self_created': np.float64(60.5), 'pressure_appetite': np.float64(19.17), 'difficulty_embrace': np.float64(59.3), 'defensive_survival': np.float64(47.12), 'force_multiplication': np.float64(23.82)}","{'scaling_efficiency': np.float64(72.38852969465773), 'pressure_appetite': np.float64(10.000000000000004), 'creation_tools': np.float64(83.25), 'opportunity_response': np.float64(84.45714285714286), 'age_trajectory': np.float64(35.0)}",High
Killian Hayes,2023-24,21.71,52.07,Role Player,Moderate Scaling,Luxury Amplifier,-0.030499999999999975,1,2,Hides,True,"Negative career leverage (-0.030, 1+/2-) BUT has creation tools: Thrives as #2","{'self_created': np.float64(18.15), 'pressure_appetite': np.float64(10.0), 'difficulty_embrace': np.float64(42.94), 'defensive_survival': np.float64(26.65), 'force_multiplication': np.float64(11.8)}","{'scaling_efficiency': np.float64(47.86666666666667), 'pressure_appetite': np.float64(13.600000000000039), 'creation_tools': np.float64(82.85), 'opportunity_response': np.float64(51.57142857142857), 'age_trajectory': np.int64(100)}",High
Klay Thompson,2023-24,25.18,45.08,Role Player,Limited Scaling,Fragile Star,-0.05957142857142856,0,7,Hides,True,"Fragile Star: high usage (23.4%), low CII (25.2), extreme hiding (-0.060)","{'self_created': np.float64(15.09), 'pressure_appetite': np.float64(27.03), 'difficulty_embrace': np.float64(36.09), 'defensive_survival': np.float64(34.85), 'force_multiplication': np.float64(14.46)}","{'scaling_efficiency': np.float64(37.25337146125249), 'pressure_appetite': np.float64(20.8), 'creation_tools': np.float64(73.32207629768605), 'opportunity_response': np.float64(76.95714285714286), 'age_trajectory': np.float64(25.0)}",High
Kris Dunn,2023-24,18.43,30.3,Role Player,Low Scaling,Role Player,-0.037333333333333336,1,5,Hides,False,"Low CII 18.4, low TII 30.3, no creation tools","{'self_created': np.float64(28.0), 'pressure_appetite': np.float64(10.0), 'difficulty_embrace': np.float64(5.07), 'defensive_survival': np.float64(37.32), 'force_multiplication': np.float64(9.18)}","{'scaling_efficiency': np.float64(24.554666666666677), 'pressure_appetite': np.float64(14.399999999999999), 'creation_tools': np.float64(37.08948016752895), 'opportunity_response': np.float64(47.199999999999996), 'age_trajectory': np.float64(48.34)}",High
Kris Murray,2023-24,7.45,25.05,Role Player,Low Scaling,Role Player,-0.074,0,1,Hides,False,"Low CII 7.5, low TII 25.1","{'self_created': np.float64(5.9), 'pressure_appetite': np.float64(10.0), 'difficulty_embrace': np.float64(2.46), 'defensive_survival': np.float64(12.01), 'force_multiplication': np.float64(8.9)}","{'scaling_efficiency': np.float64(7.41718940603381), 'pressure_appetite': np.float64(10.400000000000006), 'creation_tools': np.float64(16.44536107125777), 'opportunity_response': np.float64(49.599999999999994), 'age_trajectory': np.float64(95.0)}",Medium
Kristaps Porziņģis,2023-24,23.17,43.97,Role Player,Limited Scaling,Fragile Star,-0.02662499999999996,2,6,Hides,False,"Fragile Star: high usage (24.7%), low CII (23.2), no creation tools","{'self_created': np.float64(6.68), 'pressure_appetite': np.float64(31.48), 'difficulty_embrace': np.float64(13.66), 'defensive_survival': np.float64(43.82), 'force_multiplication': np.float64(39.89)}","{'scaling_efficiency': np.float64(36.90346598202824), 'pressure_appetite': np.float64(22.400000000000038), 'creation_tools': np.float64(38.80598235739442), 'opportunity_response': np.float64(86.90857142857143), 'age_trajectory': np.float64(64.99000000000001)}",High
Kyle Anderson,2023-24,16.23,31.5,Role Player,Low Scaling,Role Player,-0.048857142857142835,0,6,Hides,False,"Low CII 16.2, low TII 31.5, no creation tools","{'self_created': np.float64(18.13), 'pressure_appetite': np.float64(10.0), 'difficulty_embrace': np.float64(11.99), 'defensive_survival': np.float64(21.55), 'force_multiplication': np.float64(26.62)}","{'scaling_efficiency': np.float64(20.704000000000004), 'pressure_appetite': np.float64(18.000000000000004), 'creation_tools': np.float64(42.01016260162602), 'opportunity_response': np.float64(50.371428571428574), 'age_trajectory': np.float64(48.34)}",High
Kyle Kuzma,2023-24,51.22,61.11,Fragile Star,Moderate Scaling,Luxury Amplifier,-0.018571428571428555,2,5,Mixed,True,"Negative career leverage (-0.019, 2+/5-) BUT has creation tools: Thrives as #2","{'self_created': np.float64(35.31), 'pressure_appetite': np.float64(80.44), 'difficulty_embrace': np.float64(36.99), 'defensive_survival': np.float64(52.18), 'force_multiplication': np.float64(52.92)}","{'scaling_efficiency': np.float64(41.71041602465333), 'pressure_appetite': np.float64(73.40338983050847), 'creation_tools': np.float64(67.04149786413119), 'opportunity_response': np.float64(68.94285714285715), 'age_trajectory': np.float64(64.99000000000001)}",High
Kyle Lowry,2023-24,26.91,60.98,Role Player,Moderate Scaling,Strong Creator,0.031111111111111103,6,3,Steps Up,False,"Positive career leverage (+0.031), CII 26.9 still developing (Age 38 > 25, reclassified from Developing Engine)","{'self_created': np.float64(24.29), 'pressure_appetite': np.float64(32.21), 'difficulty_embrace': np.float64(19.7), 'defensive_survival': np.float64(43.83), 'force_multiplication': np.float64(10.55)}","{'scaling_efficiency': np.float64(67.46664865749835), 'pressure_appetite': np.float64(56.675), 'creation_tools': np.float64(67.67225609756098), 'opportunity_response': np.float64(73.58857142857143), 'age_trajectory': np.int64(20)}",High
Kyrie Irving,2023-24,69.78,75.36,Luxury Amplifier,High Scaling,Strong Creator,0.07388888888888885,9,0,Steps Up,True,"Positive career leverage (+0.074, 9+/0-), CII 69.8, TII 75.4: Can be #1 (Age 32 > 28, reclassified from Latent Engine)","{'self_created': np.float64(76.19), 'pressure_appetite': np.float64(65.95), 'difficulty_embrace': np.float64(65.69), 'defensive_survival': np.float64(83.54), 'force_multiplication': np.float64(47.62)}","{'scaling_efficiency': np.float64(70.5870901457519), 'pressure_appetite': np.float64(78.46277372262772), 'creation_tools': np.float64(90.85), 'opportunity_response': np.float64(86.0), 'age_trajectory': np.float64(35.0)}",High
LaMelo Ball,2023-24,48.07,57.11,Fragile Star,Moderate Scaling,Luxury Amplifier,-0.06974999999999995,0,4,Hides,True,"Negative career leverage (-0.070, 0+/4-) BUT has creation tools: Thrives as #2","{'self_created': np.float64(68.05), 'pressure_appetite': np.float64(30.67), 'difficulty_embrace': np.float64(51.16), 'defensive_survival': np.float64(43.13), 'force_multiplication': np.float64(32.88)}","{'scaling_efficiency': np.float64(69.09685965513303), 'pressure_appetite': np.float64(3.600000000000003), 'creation_tools': np.float64(70.25), 'opportunity_response': np.float64(76.18571428571428), 'age_trajectory': np.int64(100)}",High
Lamar Stevens,2023-24,19.18,31.35,Role Player,Low Scaling,Role Player,-0.06149999999999996,0,2,Hides,False,"Low CII 19.2, low TII 31.4","{'self_created': np.float64(15.46), 'pressure_appetite': np.float64(19.83), 'difficulty_embrace': np.float64(14.5), 'defensive_survival': np.float64(32.35), 'force_multiplication': np.float64(18.34)}","{'scaling_efficiency': np.float64(16.32820837998704), 'pressure_appetite': np.float64(18.400000000000038), 'creation_tools': np.float64(37.39988930875224), 'opportunity_response': np.float64(43.6), 'age_trajectory': np.float64(78.33)}",Medium
Lauri Markkanen,2023-24,22.24,43.56,Role Player,Limited Scaling,Fragile Star,-0.02699999999999999,0,7,Hides,False,"Fragile Star: high usage (24.1%), high minutes (33.1), low CII (22.2), no creation tools","{'self_created': np.float64(7.08), 'pressure_appetite': np.float64(34.78), 'difficulty_embrace': np.float64(13.21), 'defensive_survival': np.float64(42.61), 'force_multiplication': np.float64(23.86)}","{'scaling_efficiency': np.float64(30.22983251052488), 'pressure_appetite': np.float64(26.799999999999997), 'creation_tools': np.float64(36.39690146071585), 'opportunity_response': np.float64(89.0), 'age_trajectory': np.float64(71.66)}",High
LeBron James,2023-24,61.26,72.47,Luxury Amplifier,High Scaling,Strong Creator,0.06155555555555556,9,0,Steps Up,True,"Positive career leverage (+0.062, 9+/0-), CII 61.3, TII 72.5: Can be #1 (Age 39 > 28, reclassified from Latent Engine)","{'self_created': np.float64(59.62), 'pressure_appetite': np.float64(78.09), 'difficulty_embrace': np.float64(36.7), 'defensive_survival': np.float64(64.13), 'force_multiplication': np.float64(68.95)}","{'scaling_efficiency': np.float64(77.4388775406725), 'pressure_appetite': np.float64(81.04035087719298), 'creation_tools': np.float64(70.39501497646555), 'opportunity_response': np.float64(86.0), 'age_trajectory': np.int64(20)}",High
Luguentz Dort,2023-24,11.54,43.2,Role Player,Limited Scaling,Role Player,-0.034799999999999956,1,4,Hides,False,"Low CII 11.5, low TII 43.2, no creation tools","{'self_created': np.float64(4.88), 'pressure_appetite': np.float64(12.33), 'difficulty_embrace': np.float64(9.93), 'defensive_survival': np.float64(25.66), 'force_multiplication': np.float64(11.59)}","{'scaling_efficiency': np.float64(26.436350877192975), 'pressure_appetite': np.float64(24.80000000000004), 'creation_tools': np.float64(41.9050919982884), 'opportunity_response': np.float64(81.27714285714286), 'age_trajectory': np.float64(85.0)}",High
Luka Dončić,2023-24,70.02,66.04,Strong Creator,High Scaling,Luxury Amplifier,-0.010166666666666635,2,4,Mixed,True,"Negative career leverage (-0.010, 2+/4-) BUT has creation tools: Thrives as #2","{'self_created': np.float64(100.0), 'pressure_appetite': np.float64(40.98), 'difficulty_embrace': np.float64(81.2), 'defensive_survival': np.float64(52.59), 'force_multiplication': np.float64(56.42)}","{'scaling_efficiency': np.float64(82.84174056061664), 'pressure_appetite': np.float64(8.400000000000038), 'creation_tools': np.float64(88.43333333333334), 'opportunity_response': np.float64(86.0), 'age_trajectory': np.float64(85.0)}",High
Luke Kennard,2023-24,22.92,63.01,Role Player,Moderate Scaling,Role Player,-0.035500000000000004,1,5,Hides,False,"Low CII 22.9, low TII 63.0, no creation tools","{'self_created': np.float64(10.17), 'pressure_appetite': np.float64(32.83), 'difficulty_embrace': np.float64(18.91), 'defensive_survival': np.float64(46.67), 'force_multiplication': np.float64(8.75)}","{'scaling_efficiency': np.float64(62.14926803990154), 'pressure_appetite': np.float64(55.34939759036145), 'creation_tools': np.float64(55.55871779802135), 'opportunity_response': np.float64(86.13714285714286), 'age_trajectory': np.float64(64.99000000000001)}",High
Malaki Branham,2023-24,30.56,56.97,Role Player,Moderate Scaling,Developing Prospect,0.002,1,1,Mixed,False,"Low CII 30.6, moderate TII 57.0","{'self_created': np.float64(10.67), 'pressure_appetite': np.float64(51.35), 'difficulty_embrace': np.float64(18.81), 'defensive_survival': np.float64(59.6), 'force_multiplication': np.float64(18.19)}","{'scaling_efficiency': np.float64(31.955098870056503), 'pressure_appetite': np.float64(76.99583333333331), 'creation_tools': np.float64(53.74837398373984), 'opportunity_response': np.float64(49.25714285714285), 'age_trajectory': np.int64(100)}",Medium
Malcolm Brogdon,2023-24,50.25,67.6,Fragile Star,High Scaling,Luxury Amplifier,-0.0015000000000000508,5,3,Mixed,True,"Negative career leverage (-0.002, 5+/3-) BUT has creation tools: Thrives as #2","{'self_created': np.float64(51.24), 'pressure_appetite': np.float64(55.94), 'difficulty_embrace': np.float64(43.7), 'defensive_survival': np.float64(59.19), 'force_multiplication': np.float64(32.73)}","{'scaling_efficiency': np.float64(69.31647764182188), 'pressure_appetite': np.float64(68.63539823008847), 'creation_tools': np.float64(76.8), 'opportunity_response': np.float64(68.6), 'age_trajectory': np.float64(40.01)}",High
Malik Beasley,2023-24,15.51,54.46,Role Player,Moderate Scaling,Role Player,-0.04716666666666658,0,6,Hides,False,"Low CII 15.5, low TII 54.5, no creation tools","{'self_created': np.float64(8.87), 'pressure_appetite': np.float64(18.45), 'difficulty_embrace': np.float64(17.39), 'defensive_survival': np.float64(29.14), 'force_multiplication': np.float64(3.85)}","{'scaling_efficiency': np.float64(47.173632902256024), 'pressure_appetite': np.float64(43.41784037558689), 'creation_tools': np.float64(49.64119432039391), 'opportunity_response': np.float64(82.40857142857143), 'age_trajectory': np.float64(71.66)}",High
Malik Monk,2023-24,47.15,69.38,Fragile Star,High Scaling,Fragile Star,-0.02349999999999995,1,3,Hides,False,"Negative career leverage (-0.023, 1+/3-), NO creation tools: Fundamental skill gaps","{'self_created': np.float64(37.43), 'pressure_appetite': np.float64(58.51), 'difficulty_embrace': np.float64(35.44), 'defensive_survival': np.float64(69.07), 'force_multiplication': np.float64(38.42)}","{'scaling_efficiency': np.float64(63.988478407557324), 'pressure_appetite': np.float64(75.74412955465588), 'creation_tools': np.float64(67.36915012672394), 'opportunity_response': np.float64(66.28571428571429), 'age_trajectory': np.float64(78.33)}",High
Marcus Morris Sr.,2023-24,21.36,37.86,Role Player,Limited Scaling,Luxury Amplifier,-0.044374999999999984,2,6,Hides,True,"Negative career leverage (-0.044, 2+/6-) BUT has creation tools: Thrives as #2","{'self_created': np.float64(17.91), 'pressure_appetite': np.float64(10.0), 'difficulty_embrace': np.float64(30.16), 'defensive_survival': np.float64(46.97), 'force_multiplication': np.float64(4.07)}","{'scaling_efficiency': np.float64(37.36602836879434), 'pressure_appetite': np.float64(15.2), 'creation_tools': np.float64(63.26594399277326), 'opportunity_response': np.float64(51.31428571428572), 'age_trajectory': np.float64(25.0)}",High
Marcus Sasser,2023-24,33.34,54.17,Role Player,Moderate Scaling,Role Player,-0.061,0,1,Hides,True,"Low CII 33.3, low TII 54.2","{'self_created': np.float64(42.4), 'pressure_appetite': np.float64(15.67), 'difficulty_embrace': np.float64(37.63), 'defensive_survival': np.float64(48.57), 'force_multiplication': np.float64(18.91)}","{'scaling_efficiency': np.float64(59.21750878563061), 'pressure_appetite': np.float64(15.600000000000001), 'creation_tools': np.float64(79.58333333333334), 'opportunity_response': np.float64(47.285714285714285), 'age_trajectory': np.float64(95.0)}",Medium
Marcus Smart,2023-24,24.95,39.68,Role Player,Limited Scaling,Fragile Star,-0.032874999999999946,1,7,Hides,False,"Fragile Star: high usage (22.5%), low CII (24.9), no creation tools","{'self_created': np.float64(34.48), 'pressure_appetite': np.float64(13.0), 'difficulty_embrace': np.float64(26.49), 'defensive_survival': np.float64(33.37), 'force_multiplication': np.float64(10.56)}","{'scaling_efficiency': np.float64(45.016430976430996), 'pressure_appetite': np.float64(0.0), 'creation_tools': np.float64(61.77818428184281), 'opportunity_response': np.float64(59.885714285714286), 'age_trajectory': np.float64(48.34)}",High
Mark Williams,2023-24,26.76,48.52,Role Player,Limited Scaling,Role Player,0.02349999999999995,2,0,Steps Up,False,"Low CII 26.8, low TII 48.5","{'self_created': np.float64(20.04), 'pressure_appetite': np.float64(57.83), 'difficulty_embrace': np.float64(0.0), 'defensive_survival': np.float64(28.46), 'force_multiplication': np.float64(20.19)}","{'scaling_efficiency': np.float64(18.64), 'pressure_appetite': np.float64(72.55555555555553), 'creation_tools': np.float64(8.5), 'opportunity_response': np.float64(87.26857142857142), 'age_trajectory': np.int64(100)}",Medium
Markelle Fultz,2023-24,33.41,57.61,Role Player,Moderate Scaling,Role Player,0.008333333333333333,2,1,Mixed,True,"Low CII 33.4, moderate TII 57.6 (Age 26 > 25, reclassified from Developing Prospect)","{'self_created': np.float64(20.38), 'pressure_appetite': np.float64(41.64), 'difficulty_embrace': np.float64(22.19), 'defensive_survival': np.float64(63.46), 'force_multiplication': np.float64(29.28)}","{'scaling_efficiency': np.float64(42.93333333333334), 'pressure_appetite': np.float64(69.17802197802197), 'creation_tools': np.float64(61.132301438399), 'opportunity_response': np.float64(49.171428571428564), 'age_trajectory': np.float64(78.33)}",Medium
Marvin Bagley III,2023-24,15.99,32.41,Role Player,Low Scaling,Role Player,-0.07449999999999996,0,4,Hides,False,"Low CII 16.0, low TII 32.4, no creation tools","{'self_created': np.float64(15.26), 'pressure_appetite': np.float64(14.83), 'difficulty_embrace': np.float64(4.2), 'defensive_survival': np.float64(34.72), 'force_multiplication': np.float64(16.57)}","{'scaling_efficiency': np.float64(19.902030433795144), 'pressure_appetite': np.float64(10.000000000000039), 'creation_tools': np.float64(15.765120357085925), 'opportunity_response': np.float64(81.89428571428572), 'age_trajectory': np.float64(85.0)}",High
Matisse Thybulle,2023-24,12.48,36.69,Role Player,Limited Scaling,Role Player,-0.028999999999999932,0,3,Hides,False,"Low CII 12.5, low TII 36.7","{'self_created': np.float64(1.3), 'pressure_appetite': np.float64(19.29), 'difficulty_embrace': np.float64(3.56), 'defensive_survival': np.float64(40.72), 'force_multiplication': np.float64(4.5)}","{'scaling_efficiency': np.float64(9.373130615742443), 'pressure_appetite': np.float64(60.952380952380985), 'creation_tools': np.float64(19.388753387533875), 'opportunity_response': np.float64(50.62857142857143), 'age_trajectory': np.float64(71.66)}",Medium
Max Strus,2023-24,12.19,34.08,Role Player,Low Scaling,Role Player,-0.04166666666666664,0,3,Hides,False,"Low CII 12.2, low TII 34.1","{'self_created': np.float64(4.42), 'pressure_appetite': np.float64(13.67), 'difficulty_embrace': np.float64(8.19), 'defensive_survival': np.float64(32.86), 'force_multiplication': np.float64(8.79)}","{'scaling_efficiency': np.float64(21.117545142326527), 'pressure_appetite': np.float64(22.0), 'creation_tools': np.float64(30.414607370624605), 'opportunity_response': np.float64(64.42857142857143), 'age_trajectory': np.float64(64.99000000000001)}",Medium
Maxi Kleber,2023-24,9.52,31.82,Role Player,Low Scaling,Role Player,-0.02316666666666667,0,6,Hides,False,"Low CII 9.5, low TII 31.8, no creation tools","{'self_created': np.float64(0.5), 'pressure_appetite': np.float64(20.0), 'difficulty_embrace': np.float64(5.4), 'defensive_survival': np.float64(18.85), 'force_multiplication': np.float64(4.6)}","{'scaling_efficiency': np.float64(12.731330960854086), 'pressure_appetite': np.float64(49.17333333333333), 'creation_tools': np.float64(20.213821138211383), 'opportunity_response': np.float64(54.400000000000006), 'age_trajectory': np.float64(35.0)}",High
Michael Porter Jr.,2023-24,20.56,47.67,Role Player,Limited Scaling,Luxury Amplifier,-0.09574999999999997,0,4,Hides,True,"Negative career leverage (-0.096, 0+/4-) BUT has creation tools: Thrives as #2","{'self_created': np.float64(14.93), 'pressure_appetite': np.float64(10.0), 'difficulty_embrace': np.float64(35.96), 'defensive_survival': np.float64(38.04), 'force_multiplication': np.float64(6.82)}","{'scaling_efficiency': np.float64(42.66756262511496), 'pressure_appetite': np.float64(0.0), 'creation_tools': np.float64(66.25892296546728), 'opportunity_response': np.float64(91.88857142857142), 'age_trajectory': np.float64(78.33)}",High
Mikal Bridges,2023-24,45.97,65.57,Fragile Star,High Scaling,Luxury Amplifier,-0.015833333333333314,2,4,Mixed,True,"Negative career leverage (-0.016, 2+/4-) BUT has creation tools: Thrives as #2","{'self_created': np.float64(32.71), 'pressure_appetite': np.float64(62.66), 'difficulty_embrace': np.float64(35.79), 'defensive_survival': np.float64(64.54), 'force_multiplication': np.float64(36.56)}","{'scaling_efficiency': np.float64(44.87709320695104), 'pressure_appetite': np.float64(79.94117647058823), 'creation_tools': np.float64(69.38333333333333), 'opportunity_response': np.float64(73.82857142857142), 'age_trajectory': np.float64(71.66)}",High
Mike Conley,2023-24,30.18,66.45,Role Player,High Scaling,Strong Creator,0.029666666666666633,6,3,Steps Up,False,"Positive career leverage (+0.030), CII 30.2 still developing (Age 36 > 25, reclassified from Developing Engine)","{'self_created': np.float64(35.87), 'pressure_appetite': np.float64(20.78), 'difficulty_embrace': np.float64(32.61), 'defensive_survival': np.float64(43.22), 'force_multiplication': np.float64(12.17)}","{'scaling_efficiency': np.float64(84.25717714391212), 'pressure_appetite': np.float64(42.80042462845014), 'creation_tools': np.float64(75.41666666666666), 'opportunity_response': np.float64(89.24857142857142), 'age_trajectory': np.int64(20)}",High
Miles Bridges,2023-24,36.08,50.59,Role Player,Moderate Scaling,Luxury Amplifier,-0.036,1,4,Hides,True,"Negative career leverage (-0.036, 1+/4-) BUT has creation tools: Thrives as #2","{'self_created': np.float64(30.72), 'pressure_appetite': np.float64(34.98), 'difficulty_embrace': np.float64(32.49), 'defensive_survival': np.float64(56.15), 'force_multiplication': np.float64(31.99)}","{'scaling_efficiency': np.float64(42.39672686460567), 'pressure_appetite': np.float64(26.799999999999997), 'creation_tools': np.float64(61.19048242961769), 'opportunity_response': np.float64(74.0), 'age_trajectory': np.float64(78.33)}",High
Miles McBride,2023-24,21.13,56.43,Role Player,Moderate Scaling,Developing Prospect,-0.039,0,1,Hides,False,"Low CII 21.1, moderate TII 56.4","{'self_created': np.float64(25.85), 'pressure_appetite': np.float64(14.9), 'difficulty_embrace': np.float64(21.14), 'defensive_survival': np.float64(31.03), 'force_multiplication': np.float64(7.66)}","{'scaling_efficiency': np.float64(57.5666126607406), 'pressure_appetite': np.float64(24.400000000000006), 'creation_tools': np.float64(63.15537378544517), 'opportunity_response': np.float64(72.88571428571429), 'age_trajectory': np.float64(95.0)}",Medium
Mo Bamba,2023-24,11.86,28.09,Role Player,Low Scaling,Role Player,-0.045,0,2,Hides,False,"Low CII 11.9, low TII 28.1","{'self_created': np.float64(8.18), 'pressure_appetite': np.float64(10.33), 'difficulty_embrace': np.float64(3.09), 'defensive_survival': np.float64(39.61), 'force_multiplication': np.float64(2.65)}","{'scaling_efficiency': np.float64(12.451389860415283), 'pressure_appetite': np.float64(21.200000000000003), 'creation_tools': np.float64(12.477800512904459), 'opportunity_response': np.float64(58.142857142857146), 'age_trajectory': np.float64(78.33)}",Medium
Moritz Wagner,2023-24,7.36,26.69,Role Player,Low Scaling,Role Player,-0.11033333333333334,0,3,Hides,False,"Low CII 7.4, low TII 26.7","{'self_created': np.float64(1.17), 'pressure_appetite': np.float64(10.67), 'difficulty_embrace': np.float64(0.9), 'defensive_survival': np.float64(18.91), 'force_multiplication': np.float64(13.21)}","{'scaling_efficiency': np.float64(20.434161575016972), 'pressure_appetite': np.float64(0.0), 'creation_tools': np.float64(10.20140428677014), 'opportunity_response': np.float64(75.68857142857144), 'age_trajectory': np.float64(71.66)}",Medium
Myles Turner,2023-24,17.46,39.26,Role Player,Limited Scaling,Fragile Star,-0.04188888888888886,1,8,Hides,False,"Fragile Star: high usage (23.4%), low CII (17.5), no creation tools","{'self_created': np.float64(2.29), 'pressure_appetite': np.float64(24.06), 'difficulty_embrace': np.float64(11.97), 'defensive_survival': np.float64(36.22), 'force_multiplication': np.float64(29.31)}","{'scaling_efficiency': np.float64(33.00754839814973), 'pressure_appetite': np.float64(18.000000000000004), 'creation_tools': np.float64(28.465975262316725), 'opportunity_response': np.float64(84.45714285714286), 'age_trajectory': np.float64(64.99000000000001)}",High
Naz Reid,2023-24,16.2,34.73,Role Player,Low Scaling,Fragile Star,-0.017,1,2,Mixed,False,"Fragile Star: high usage (22.3%), low CII (16.2), no creation tools","{'self_created': np.float64(4.8), 'pressure_appetite': np.float64(25.46), 'difficulty_embrace': np.float64(4.27), 'defensive_survival': np.float64(35.33), 'force_multiplication': np.float64(22.41)}","{'scaling_efficiency': np.float64(17.877414328660095), 'pressure_appetite': np.float64(21.6), 'creation_tools': np.float64(19.108237631703673), 'opportunity_response': np.float64(74.31714285714285), 'age_trajectory': np.float64(90.0)}",Medium
Nic Claxton,2023-24,13.63,34.69,Role Player,Low Scaling,Role Player,-0.071,0,1,Hides,False,"Low CII 13.6, low TII 34.7","{'self_created': np.float64(10.14), 'pressure_appetite': np.float64(10.0), 'difficulty_embrace': np.float64(2.1), 'defensive_survival': np.float64(34.26), 'force_multiplication': np.float64(25.29)}","{'scaling_efficiency': np.float64(22.092199730094464), 'pressure_appetite': np.float64(11.600000000000005), 'creation_tools': np.float64(15.725912028351054), 'opportunity_response': np.float64(90.09714285714286), 'age_trajectory': np.float64(85.0)}",Medium
Nick Richards,2023-24,11.8,35.61,Role Player,Limited Scaling,Role Player,-0.04399999999999995,0,2,Hides,False,"Low CII 11.8, low TII 35.6","{'self_created': np.float64(14.52), 'pressure_appetite': np.float64(10.8), 'difficulty_embrace': np.float64(2.2), 'defensive_survival': np.float64(19.96), 'force_multiplication': np.float64(13.12)}","{'scaling_efficiency': np.float64(18.15226112134772), 'pressure_appetite': np.float64(27.599999999999998), 'creation_tools': np.float64(12.137727300937131), 'opportunity_response': np.float64(86.70285714285714), 'age_trajectory': np.float64(78.33)}",Medium
Nick Smith Jr.,2023-24,24.39,43.89,Role Player,Limited Scaling,Role Player,-0.039,0,1,Hides,True,"Low CII 24.4, low TII 43.9","{'self_created': np.float64(16.23), 'pressure_appetite': np.float64(23.92), 'difficulty_embrace': np.float64(22.2), 'defensive_survival': np.float64(51.13), 'force_multiplication': np.float64(14.34)}","{'scaling_efficiency': np.float64(29.564827091404798), 'pressure_appetite': np.float64(24.400000000000006), 'creation_tools': np.float64(62.1799404330677), 'opportunity_response': np.float64(43.25714285714286), 'age_trajectory': np.int64(100)}",Medium
Nickeil Alexander-Walker,2023-24,22.18,53.02,Role Player,Moderate Scaling,Role Player,0.026999999999999965,2,1,Steps Up,False,"Low CII 22.2, low TII 53.0","{'self_created': np.float64(6.82), 'pressure_appetite': np.float64(32.75), 'difficulty_embrace': np.float64(13.07), 'defensive_survival': np.float64(56.81), 'force_multiplication': np.float64(8.07)}","{'scaling_efficiency': np.float64(29.50640003474785), 'pressure_appetite': np.float64(66.61958041958042), 'creation_tools': np.float64(44.769989766331236), 'opportunity_response': np.float64(67.05714285714285), 'age_trajectory': np.float64(85.0)}",Medium
Nikola Jokić,2023-24,81.93,74.43,Franchise Engine,High Scaling,Franchise Engine,0.03977777777777776,6,3,Steps Up,False,CII 81.9 >= 74: Already elite creator,"{'self_created': np.float64(94.6), 'pressure_appetite': np.float64(84.0), 'difficulty_embrace': np.float64(80.25), 'defensive_survival': np.float64(62.85), 'force_multiplication': np.float64(70.75)}","{'scaling_efficiency': np.float64(77.4465204440834), 'pressure_appetite': np.float64(87.87777777777778), 'creation_tools': np.float64(53.31558265582656), 'opportunity_response': np.float64(86.0), 'age_trajectory': np.float64(56.67)}",High
Nikola Jović,2023-24,14.51,46.18,Role Player,Limited Scaling,Role Player,-0.012,0,1,Mixed,False,"Low CII 14.5, low TII 46.2","{'self_created': np.float64(3.46), 'pressure_appetite': np.float64(30.62), 'difficulty_embrace': np.float64(5.93), 'defensive_survival': np.float64(24.97), 'force_multiplication': np.float64(8.83)}","{'scaling_efficiency': np.float64(26.220210526315785), 'pressure_appetite': np.float64(48.73684210526315), 'creation_tools': np.float64(31.585356344791517), 'opportunity_response': np.float64(65.38571428571429), 'age_trajectory': np.int64(100)}",Medium
Nikola Vučević,2023-24,17.28,28.96,Role Player,Low Scaling,Luxury Amplifier,-0.04088888888888884,1,8,Hides,True,"Negative career leverage (-0.041, 1+/8-) BUT has creation tools: Thrives as #2","{'self_created': np.float64(5.13), 'pressure_appetite': np.float64(19.33), 'difficulty_embrace': np.float64(19.9), 'defensive_survival': np.float64(27.96), 'force_multiplication': np.float64(27.33)}","{'scaling_efficiency': np.float64(19.118224516276225), 'pressure_appetite': np.float64(9.200000000000003), 'creation_tools': np.float64(44.30107121672075), 'opportunity_response': np.float64(60.39999999999999), 'age_trajectory': np.float64(30.0)}",High
Norman Powell,2023-24,22.78,51.3,Role Player,Moderate Scaling,Role Player,-0.06366666666666662,0,6,Hides,False,"Low CII 22.8, low TII 51.3, no creation tools","{'self_created': np.float64(14.36), 'pressure_appetite': np.float64(18.53), 'difficulty_embrace': np.float64(22.29), 'defensive_survival': np.float64(50.98), 'force_multiplication': np.float64(17.32)}","{'scaling_efficiency': np.float64(60.908157182814435), 'pressure_appetite': np.float64(21.6), 'creation_tools': np.float64(53.11032688824297), 'opportunity_response': np.float64(86.70285714285714), 'age_trajectory': np.float64(40.01)}",High
OG Anunoby,2023-24,14.67,45.84,Role Player,Limited Scaling,Role Player,-0.0491428571428571,1,6,Hides,False,"Low CII 14.7, low TII 45.8, no creation tools","{'self_created': np.float64(9.65), 'pressure_appetite': np.float64(10.0), 'difficulty_embrace': np.float64(16.0), 'defensive_survival': np.float64(32.04), 'force_multiplication': np.float64(12.66)}","{'scaling_efficiency': np.float64(47.40317234199929), 'pressure_appetite': np.float64(7.600000000000038), 'creation_tools': np.float64(46.06702617604211), 'opportunity_response': np.float64(84.5), 'age_trajectory': np.float64(78.33)}",High
Obi Toppin,2023-24,7.62,35.79,Role Player,Limited Scaling,Role Player,-0.04949999999999995,0,2,Hides,False,"Low CII 7.6, low TII 35.8","{'self_created': np.float64(1.36), 'pressure_appetite': np.float64(12.5), 'difficulty_embrace': np.float64(3.76), 'defensive_survival': np.float64(19.53), 'force_multiplication': np.float64(4.06)}","{'scaling_efficiency': np.float64(20.204394752534284), 'pressure_appetite': np.float64(22.0), 'creation_tools': np.float64(20.56382113821138), 'opportunity_response': np.float64(81.89428571428572), 'age_trajectory': np.float64(78.33)}",Medium
Ochai Agbaji,2023-24,6.12,25.29,Role Player,Low Scaling,Role Player,-0.018,1,1,Mixed,False,"Low CII 6.1, low TII 25.3","{'self_created': np.float64(1.69), 'pressure_appetite': np.float64(10.0), 'difficulty_embrace': np.float64(5.86), 'defensive_survival': np.float64(12.1), 'force_multiplication': np.float64(1.25)}","{'scaling_efficiency': np.float64(4.690030208450844), 'pressure_appetite': np.float64(10.000000000000004), 'creation_tools': np.float64(25.143030472289453), 'opportunity_response': np.float64(49.0), 'age_trajectory': np.float64(90.0)}",Medium
Omer Yurtseven,2023-24,11.35,21.89,Role Player,Low Scaling,Role Player,-0.087,0,1,Hides,False,"Low CII 11.3, low TII 21.9","{'self_created': np.float64(10.24), 'pressure_appetite': np.float64(10.0), 'difficulty_embrace': np.float64(3.1), 'defensive_survival': np.float64(31.62), 'force_multiplication': np.float64(4.17)}","{'scaling_efficiency': np.float64(11.1773185925136), 'pressure_appetite': np.float64(5.200000000000005), 'creation_tools': np.float64(11.915851308802106), 'opportunity_response': np.float64(46.77142857142857), 'age_trajectory': np.float64(78.33)}",Medium
Onuralp Bitim,2023-24,8.8,26.75,Role Player,Low Scaling,Role Player,-0.0679999999999999,0,1,Hides,False,"Low CII 8.8, low TII 26.8","{'self_created': np.float64(2.03), 'pressure_appetite': np.float64(10.0), 'difficulty_embrace': np.float64(13.37), 'defensive_survival': np.float64(19.05), 'force_multiplication': np.float64(1.6)}","{'scaling_efficiency': np.float64(8.80026845637584), 'pressure_appetite': np.float64(12.800000000000043), 'creation_tools': np.float64(31.27793692366454), 'opportunity_response': np.float64(41.028571428571425), 'age_trajectory': np.float64(85.0)}",Medium
Onyeka Okongwu,2023-24,7.98,34.69,Role Player,Low Scaling,Role Player,-0.048,0,1,Hides,False,"Low CII 8.0, low TII 34.7","{'self_created': np.float64(0.6), 'pressure_appetite': np.float64(10.0), 'difficulty_embrace': np.float64(0.7), 'defensive_survival': np.float64(28.3), 'force_multiplication': np.float64(9.12)}","{'scaling_efficiency': np.float64(17.977027014460408), 'pressure_appetite': np.float64(20.8), 'creation_tools': np.float64(8.433333333333334), 'opportunity_response': np.float64(86.04285714285714), 'age_trajectory': np.float64(95.0)}",Medium
P.J. Washington,2023-24,18.79,39.77,Role Player,Limited Scaling,Role Player,-0.017800000000000017,2,3,Mixed,False,"Low CII 18.8, low TII 39.8, no creation tools","{'self_created': np.float64(4.94), 'pressure_appetite': np.float64(34.26), 'difficulty_embrace': np.float64(8.9), 'defensive_survival': np.float64(34.0), 'force_multiplication': np.float64(18.65)}","{'scaling_efficiency': np.float64(14.285527614571096), 'pressure_appetite': np.float64(49.69369369369369), 'creation_tools': np.float64(30.013150955833883), 'opportunity_response': np.float64(57.05714285714286), 'age_trajectory': np.float64(85.0)}",High
Paolo Banchero,2023-24,67.0,72.05,Luxury Amplifier,High Scaling,Latent Engine,0.024,1,1,Steps Up,True,"CII 67.0, TII 72.0: High potential (limited career data)","{'self_created': np.float64(58.36), 'pressure_appetite': np.float64(80.82), 'difficulty_embrace': np.float64(59.73), 'defensive_survival': np.float64(68.19), 'force_multiplication': np.float64(71.13)}","{'scaling_efficiency': np.float64(51.94912328069461), 'pressure_appetite': np.float64(73.78356164383561), 'creation_tools': np.float64(86.86666666666667), 'opportunity_response': np.float64(71.0), 'age_trajectory': np.int64(100)}",Medium
Pascal Siakam,2023-24,36.52,55.32,Role Player,Moderate Scaling,Luxury Amplifier,-0.03428571428571429,1,6,Hides,True,"Negative career leverage (-0.034, 1+/6-) BUT has creation tools: Thrives as #2","{'self_created': np.float64(39.86), 'pressure_appetite': np.float64(32.51), 'difficulty_embrace': np.float64(23.67), 'defensive_survival': np.float64(46.93), 'force_multiplication': np.float64(46.6)}","{'scaling_efficiency': np.float64(65.82499999999999), 'pressure_appetite': np.float64(22.800000000000004), 'creation_tools': np.float64(58.42642276422764), 'opportunity_response': np.float64(89.0), 'age_trajectory': np.float64(48.34)}",High
Patrick Beverley,2023-24,27.35,43.47,Role Player,Limited Scaling,Role Player,-0.033874999999999926,0,8,Hides,False,"Low CII 27.4, low TII 43.5, no creation tools","{'self_created': np.float64(23.45), 'pressure_appetite': np.float64(31.24), 'difficulty_embrace': np.float64(10.4), 'defensive_survival': np.float64(57.59), 'force_multiplication': np.float64(17.88)}","{'scaling_efficiency': np.float64(31.872329938489464), 'pressure_appetite': np.float64(65.53900709219862), 'creation_tools': np.float64(41.52381075938419), 'opportunity_response': np.float64(48.14285714285714), 'age_trajectory': np.int64(20)}",High
Patrick Williams,2023-24,22.06,57.34,Role Player,Moderate Scaling,Developing Prospect,-0.06499999999999993,0,3,Hides,True,"Low CII 22.1, moderate TII 57.3","{'self_created': np.float64(15.38), 'pressure_appetite': np.float64(21.6), 'difficulty_embrace': np.float64(20.96), 'defensive_survival': np.float64(47.57), 'force_multiplication': np.float64(7.19)}","{'scaling_efficiency': np.float64(39.82000349395239), 'pressure_appetite': np.float64(54.46216768916159), 'creation_tools': np.float64(63.59805476582373), 'opportunity_response': np.float64(60.4), 'age_trajectory': np.int64(100)}",Medium
Paul George,2023-24,53.14,65.8,Fragile Star,High Scaling,Strong Creator,0.018444444444444444,6,3,Steps Up,True,"Positive career leverage (+0.018), CII 53.1: Stepping up consistently","{'self_created': np.float64(57.45), 'pressure_appetite': np.float64(42.48), 'difficulty_embrace': np.float64(55.63), 'defensive_survival': np.float64(69.99), 'force_multiplication': np.float64(36.6)}","{'scaling_efficiency': np.float64(66.01063162297825), 'pressure_appetite': np.float64(55.962121212121204), 'creation_tools': np.float64(83.05), 'opportunity_response': np.float64(86.0), 'age_trajectory': np.float64(25.0)}",High
Payton Pritchard,2023-24,23.77,54.55,Role Player,Moderate Scaling,Role Player,-0.125,0,2,Hides,True,"Low CII 23.8, low TII 54.5","{'self_created': np.float64(37.45), 'pressure_appetite': np.float64(10.0), 'difficulty_embrace': np.float64(26.0), 'defensive_survival': np.float64(27.68), 'force_multiplication': np.float64(6.87)}","{'scaling_efficiency': np.float64(65.41279833620193), 'pressure_appetite': np.float64(11.999999999999996), 'creation_tools': np.float64(63.81178861788618), 'opportunity_response': np.float64(75.52571428571429), 'age_trajectory': np.float64(78.33)}",Medium
Precious Achiuwa,2023-24,17.82,35.84,Role Player,Limited Scaling,Role Player,-0.012999999999999933,1,2,Mixed,False,"Low CII 17.8, low TII 35.8","{'self_created': np.float64(13.05), 'pressure_appetite': np.float64(23.74), 'difficulty_embrace': np.float64(2.99), 'defensive_survival': np.float64(35.81), 'force_multiplication': np.float64(20.03)}","{'scaling_efficiency': np.float64(12.033686180310026), 'pressure_appetite': np.float64(49.05485232067514), 'creation_tools': np.float64(17.479762272306267), 'opportunity_response': np.float64(49.77142857142857), 'age_trajectory': np.float64(90.0)}",Medium
Quentin Grimes,2023-24,21.56,43.82,Role Player,Limited Scaling,Role Player,-0.016999999999999935,1,2,Mixed,False,"Low CII 21.6, low TII 43.8","{'self_created': np.float64(5.0), 'pressure_appetite': np.float64(36.94), 'difficulty_embrace': np.float64(9.16), 'defensive_survival': np.float64(52.87), 'force_multiplication': np.float64(10.59)}","{'scaling_efficiency': np.float64(12.638451612903228), 'pressure_appetite': np.float64(68.93548387096774), 'creation_tools': np.float64(32.80924468922109), 'opportunity_response': np.float64(48.22857142857143), 'age_trajectory': np.float64(90.0)}",Medium
RJ Barrett,2023-24,22.09,38.24,Role Player,Limited Scaling,Fragile Star,-0.039,1,4,Hides,False,"Fragile Star: high usage (25.7%), low CII (22.1), no creation tools","{'self_created': np.float64(17.62), 'pressure_appetite': np.float64(25.17), 'difficulty_embrace': np.float64(7.97), 'defensive_survival': np.float64(32.54), 'force_multiplication': np.float64(40.33)}","{'scaling_efficiency': np.float64(19.979753667340304), 'pressure_appetite': np.float64(13.599999999999998), 'creation_tools': np.float64(38.17677707127265), 'opportunity_response': np.float64(81.38857142857142), 'age_trajectory': np.float64(90.0)}",High
Reggie Jackson,2023-24,44.43,58.36,Fragile Star,Moderate Scaling,Strong Creator,0.07237500000000001,7,1,Steps Up,True,"Positive career leverage (+0.072), CII 44.4 still developing (Age 34 > 25, reclassified from Developing Engine)","{'self_created': np.float64(29.18), 'pressure_appetite': np.float64(65.4), 'difficulty_embrace': np.float64(30.91), 'defensive_survival': np.float64(63.86), 'force_multiplication': np.float64(35.68)}","{'scaling_efficiency': np.float64(46.1128847044297), 'pressure_appetite': np.float64(80.48899521531101), 'creation_tools': np.float64(71.98703660481581), 'opportunity_response': np.float64(50.028571428571425), 'age_trajectory': np.float64(25.0)}",High
Richaun Holmes,2023-24,10.89,24.51,Role Player,Low Scaling,Role Player,-0.05433333333333326,0,6,Hides,False,"Low CII 10.9, low TII 24.5, no creation tools","{'self_created': np.float64(8.4), 'pressure_appetite': np.float64(10.0), 'difficulty_embrace': np.float64(1.4), 'defensive_survival': np.float64(34.94), 'force_multiplication': np.float64(3.52)}","{'scaling_efficiency': np.float64(13.822187222271266), 'pressure_appetite': np.float64(13.600000000000039), 'creation_tools': np.float64(9.947817563282015), 'opportunity_response': np.float64(67.60571428571428), 'age_trajectory': np.float64(48.34)}",High
Ricky Council IV,2023-24,26.05,48.11,Role Player,Limited Scaling,Role Player,-0.003,0,1,Mixed,False,"Low CII 26.1, low TII 48.1","{'self_created': np.float64(11.26), 'pressure_appetite': np.float64(41.63), 'difficulty_embrace': np.float64(4.47), 'defensive_survival': np.float64(55.76), 'force_multiplication': np.float64(30.06)}","{'scaling_efficiency': np.float64(28.030476190476193), 'pressure_appetite': np.float64(64.74038461538461), 'creation_tools': np.float64(14.694402751719824), 'opportunity_response': np.float64(70.4857142857143), 'age_trajectory': np.int64(100)}",Medium
Rudy Gobert,2023-24,15.51,32.22,Role Player,Low Scaling,Role Player,-0.006777777777777789,4,5,Mixed,False,"Low CII 15.5, low TII 32.2, no creation tools","{'self_created': np.float64(14.34), 'pressure_appetite': np.float64(15.14), 'difficulty_embrace': np.float64(0.6), 'defensive_survival': np.float64(35.77), 'force_multiplication': np.float64(19.4)}","{'scaling_efficiency': np.float64(20.185937720605537), 'pressure_appetite': np.float64(26.799999999999997), 'creation_tools': np.float64(10.8), 'opportunity_response': np.float64(92.0), 'age_trajectory': np.float64(35.0)}",High
Rui Hachimura,2023-24,16.1,43.29,Role Player,Limited Scaling,Role Player,-0.06549999999999995,0,4,Hides,False,"Low CII 16.1, low TII 43.3, no creation tools","{'self_created': np.float64(5.38), 'pressure_appetite': np.float64(15.5), 'difficulty_embrace': np.float64(14.09), 'defensive_survival': np.float64(38.7), 'force_multiplication': np.float64(19.91)}","{'scaling_efficiency': np.float64(31.29526765080413), 'pressure_appetite': np.float64(20.400000000000045), 'creation_tools': np.float64(39.41172607879925), 'opportunity_response': np.float64(87.26857142857142), 'age_trajectory': np.float64(78.33)}",High
Russell Westbrook,2023-24,22.52,29.76,Role Player,Low Scaling,Fragile Star,0.020444444444444418,5,4,Steps Up,False,"Fragile Star: high usage (23.9%), low CII (22.5), no creation tools","{'self_created': np.float64(24.78), 'pressure_appetite': np.float64(19.17), 'difficulty_embrace': np.float64(17.23), 'defensive_survival': np.float64(22.65), 'force_multiplication': np.float64(34.46)}","{'scaling_efficiency': np.float64(25.587874528200427), 'pressure_appetite': np.float64(6.400000000000046), 'creation_tools': np.float64(54.72546178181447), 'opportunity_response': np.float64(50.28571428571429), 'age_trajectory': np.int64(20)}",High
Saddiq Bey,2023-24,21.66,42.21,Role Player,Limited Scaling,Role Player,-0.02275,1,2,Hides,False,"Low CII 21.7, low TII 42.2, no creation tools","{'self_created': np.float64(14.73), 'pressure_appetite': np.float64(29.62), 'difficulty_embrace': np.float64(11.64), 'defensive_survival': np.float64(35.01), 'force_multiplication': np.float64(22.54)}","{'scaling_efficiency': np.float64(17.974165644171787), 'pressure_appetite': np.float64(49.11860940695296), 'creation_tools': np.float64(35.8952541273879), 'opportunity_response': np.float64(59.02857142857143), 'age_trajectory': np.float64(85.0)}",High
Sam Hauser,2023-24,12.37,46.91,Role Player,Limited Scaling,Role Player,-0.0139999999999999,0,1,Mixed,False,"Low CII 12.4, low TII 46.9","{'self_created': np.float64(2.07), 'pressure_appetite': np.float64(24.58), 'difficulty_embrace': np.float64(7.43), 'defensive_survival': np.float64(24.04), 'force_multiplication': np.float64(5.08)}","{'scaling_efficiency': np.float64(27.39701573644288), 'pressure_appetite': np.float64(47.6073059360731), 'creation_tools': np.float64(32.70688272636151), 'opportunity_response': np.float64(82.74285714285713), 'age_trajectory': np.float64(78.33)}",Medium
Santi Aldama,2023-24,10.98,34.32,Role Player,Low Scaling,Role Player,-0.06999999999999995,0,2,Hides,False,"Low CII 11.0, low TII 34.3","{'self_created': np.float64(4.44), 'pressure_appetite': np.float64(16.09), 'difficulty_embrace': np.float64(8.51), 'defensive_survival': np.float64(22.01), 'force_multiplication': np.float64(6.19)}","{'scaling_efficiency': np.float64(16.489871112447112), 'pressure_appetite': np.float64(22.80000000000004), 'creation_tools': np.float64(30.597260116668966), 'opportunity_response': np.float64(53.71428571428571), 'age_trajectory': np.float64(95.0)}",Medium
Scoot Henderson,2023-24,45.77,63.13,Fragile Star,Moderate Scaling,Strong Creator,-0.004,0,1,Mixed,True,"CII 45.8, TII 63.1","{'self_created': np.float64(33.51), 'pressure_appetite': np.float64(50.08), 'difficulty_embrace': np.float64(46.47), 'defensive_survival': np.float64(62.08), 'force_multiplication': np.float64(45.87)}","{'scaling_efficiency': np.float64(41.34674435083852), 'pressure_appetite': np.float64(64.38974358974359), 'creation_tools': np.float64(81.56666666666666), 'opportunity_response': np.float64(55.42857142857143), 'age_trajectory': np.int64(100)}",Medium
Scottie Barnes,2023-24,43.78,67.96,Fragile Star,High Scaling,Developing Prospect,-0.0019999999999999996,1,2,Mixed,False,"Low CII 43.8, moderate TII 68.0","{'self_created': np.float64(33.06), 'pressure_appetite': np.float64(62.92), 'difficulty_embrace': np.float64(25.84), 'defensive_survival': np.float64(55.68), 'force_multiplication': np.float64(46.11)}","{'scaling_efficiency': np.float64(52.14874377130866), 'pressure_appetite': np.float64(75.91666666666667), 'creation_tools': np.float64(61.24308943089431), 'opportunity_response': np.float64(73.91428571428571), 'age_trajectory': np.int64(100)}",Medium
Shaedon Sharpe,2023-24,37.57,49.99,Role Player,Limited Scaling,Role Player,-0.042,0,1,Hides,True,"Low CII 37.6, low TII 50.0","{'self_created': np.float64(37.59), 'pressure_appetite': np.float64(26.55), 'difficulty_embrace': np.float64(44.71), 'defensive_survival': np.float64(56.05), 'force_multiplication': np.float64(23.11)}","{'scaling_efficiency': np.float64(38.748605307735744), 'pressure_appetite': np.float64(23.200000000000003), 'creation_tools': np.float64(68.31666666666666), 'opportunity_response': np.float64(59.37142857142857), 'age_trajectory': np.int64(100)}",Medium
Shai Gilgeous-Alexander,2023-24,77.89,81.03,Strong Creator,Elite Scaling,Franchise Engine,0.032833333333333305,4,2,Steps Up,True,CII 77.9 >= 74: Already elite creator,"{'self_created': np.float64(97.62), 'pressure_appetite': np.float64(64.37), 'difficulty_embrace': np.float64(71.73), 'defensive_survival': np.float64(76.37), 'force_multiplication': np.float64(67.05)}","{'scaling_efficiency': np.float64(82.28577518118762), 'pressure_appetite': np.float64(69.50347003154575), 'creation_tools': np.float64(87.85), 'opportunity_response': np.float64(86.0), 'age_trajectory': np.float64(85.0)}",High
Simone Fontecchio,2023-24,9.69,37.33,Role Player,Limited Scaling,Role Player,-0.026500000000000003,0,2,Hides,False,"Low CII 9.7, low TII 37.3","{'self_created': np.float64(3.36), 'pressure_appetite': np.float64(13.0), 'difficulty_embrace': np.float64(7.63), 'defensive_survival': np.float64(22.05), 'force_multiplication': np.float64(6.03)}","{'scaling_efficiency': np.float64(27.058602375960863), 'pressure_appetite': np.float64(23.6), 'creation_tools': np.float64(25.60207853965332), 'opportunity_response': np.float64(77.97714285714285), 'age_trajectory': np.float64(64.99000000000001)}",Medium
Stephen Curry,2023-24,76.47,75.37,Strong Creator,High Scaling,Franchise Engine,0.07787499999999997,8,0,Steps Up,True,CII 76.5 >= 74: Already elite creator,"{'self_created': np.float64(74.62), 'pressure_appetite': np.float64(90.0), 'difficulty_embrace': np.float64(67.03), 'defensive_survival': np.float64(87.6), 'force_multiplication': np.float64(50.34)}","{'scaling_efficiency': np.float64(71.86676909930489), 'pressure_appetite': np.float64(92.12119205298013), 'creation_tools': np.float64(79.4), 'opportunity_response': np.float64(86.0), 'age_trajectory': np.int64(20)}",High
Talen Horton-Tucker,2023-24,27.56,45.01,Role Player,Limited Scaling,Fragile Star,-0.04,0,3,Hides,False,"Fragile Star: high usage (23.4%), low CII (27.6), no creation tools","{'self_created': np.float64(25.69), 'pressure_appetite': np.float64(29.56), 'difficulty_embrace': np.float64(20.3), 'defensive_survival': np.float64(38.47), 'force_multiplication': np.float64(26.31)}","{'scaling_efficiency': np.float64(40.27168831168831), 'pressure_appetite': np.float64(23.200000000000003), 'creation_tools': np.float64(52.14358626919602), 'opportunity_response': np.float64(47.971428571428575), 'age_trajectory': np.float64(95.0)}",Medium
Tari Eason,2023-24,26.44,42.41,Role Player,Limited Scaling,Role Player,-0.01049999999999995,1,1,Mixed,False,"Low CII 26.4, low TII 42.4","{'self_created': np.float64(14.81), 'pressure_appetite': np.float64(56.18), 'difficulty_embrace': np.float64(9.3), 'defensive_survival': np.float64(27.05), 'force_multiplication': np.float64(20.34)}","{'scaling_efficiency': np.float64(9.754127530429733), 'pressure_appetite': np.float64(68.41702127659575), 'creation_tools': np.float64(27.14270887389725), 'opportunity_response': np.float64(49.68571428571428), 'age_trajectory': np.float64(95.0)}",Medium
Taylor Hendricks,2023-24,10.73,33.71,Role Player,Low Scaling,Role Player,-0.06,0,1,Hides,False,"Low CII 10.7, low TII 33.7","{'self_created': np.float64(4.2), 'pressure_appetite': np.float64(10.0), 'difficulty_embrace': np.float64(5.07), 'defensive_survival': np.float64(38.36), 'force_multiplication': np.float64(2.0)}","{'scaling_efficiency': np.float64(13.75945893719806), 'pressure_appetite': np.float64(16.0), 'creation_tools': np.float64(28.917434507678408), 'opportunity_response': np.float64(65.34285714285714), 'age_trajectory': np.int64(100)}",Medium
Terance Mann,2023-24,13.62,45.67,Role Player,Limited Scaling,Role Player,-0.0029999999999999766,1,3,Mixed,False,"Low CII 13.6, low TII 45.7, no creation tools","{'self_created': np.float64(13.89), 'pressure_appetite': np.float64(11.28), 'difficulty_embrace': np.float64(7.93), 'defensive_survival': np.float64(24.32), 'force_multiplication': np.float64(13.95)}","{'scaling_efficiency': np.float64(35.33182795698925), 'pressure_appetite': np.float64(27.199999999999996), 'creation_tools': np.float64(41.348629930743755), 'opportunity_response': np.float64(85.57142857142857), 'age_trajectory': np.float64(71.66)}",High
Terry Rozier,2023-24,68.36,75.74,Luxury Amplifier,High Scaling,Luxury Amplifier,-0.001500000000000036,5,3,Mixed,True,"Negative career leverage (-0.002, 5+/3-) BUT has creation tools: Thrives as #2","{'self_created': np.float64(61.35), 'pressure_appetite': np.float64(80.0), 'difficulty_embrace': np.float64(59.86), 'defensive_survival': np.float64(86.28), 'force_multiplication': np.float64(50.42)}","{'scaling_efficiency': np.float64(66.56579928872327), 'pressure_appetite': np.float64(90.57747035573122), 'creation_tools': np.float64(87.0), 'opportunity_response': np.float64(72.62857142857143), 'age_trajectory': np.float64(48.34)}",High
Tim Hardaway Jr.,2023-24,30.95,47.76,Role Player,Limited Scaling,Luxury Amplifier,-0.02312499999999998,1,7,Hides,True,"Negative career leverage (-0.023, 1+/7-) BUT has creation tools: Thrives as #2","{'self_created': np.float64(18.93), 'pressure_appetite': np.float64(37.97), 'difficulty_embrace': np.float64(36.39), 'defensive_survival': np.float64(45.57), 'force_multiplication': np.float64(16.62)}","{'scaling_efficiency': np.float64(31.096041731013425), 'pressure_appetite': np.float64(51.35757575757575), 'creation_tools': np.float64(69.98983739837398), 'opportunity_response': np.float64(53.971428571428575), 'age_trajectory': np.float64(35.0)}",High
Tobias Harris,2023-24,32.85,51.65,Role Player,Moderate Scaling,Luxury Amplifier,-0.047111111111111076,1,8,Hides,True,"Negative career leverage (-0.047, 1+/8-) BUT has creation tools: Thrives as #2","{'self_created': np.float64(37.5), 'pressure_appetite': np.float64(20.44), 'difficulty_embrace': np.float64(27.5), 'defensive_survival': np.float64(52.09), 'force_multiplication': np.float64(31.79)}","{'scaling_efficiency': np.float64(59.97000493099051), 'pressure_appetite': np.float64(21.200000000000003), 'creation_tools': np.float64(64.78877207737594), 'opportunity_response': np.float64(75.97142857142856), 'age_trajectory': np.float64(40.01)}",High
Torrey Craig,2023-24,10.33,33.59,Role Player,Low Scaling,Role Player,-0.02279999999999998,0,5,Hides,False,"Low CII 10.3, low TII 33.6, no creation tools","{'self_created': np.float64(1.72), 'pressure_appetite': np.float64(10.12), 'difficulty_embrace': np.float64(4.17), 'defensive_survival': np.float64(40.64), 'force_multiplication': np.float64(3.5)}","{'scaling_efficiency': np.float64(13.555721435995835), 'pressure_appetite': np.float64(51.53719008264463), 'creation_tools': np.float64(27.692031176510113), 'opportunity_response': np.float64(53.971428571428575), 'age_trajectory': np.float64(30.0)}",High
Toumani Camara,2023-24,8.95,29.48,Role Player,Low Scaling,Role Player,-0.056,0,1,Hides,False,"Low CII 8.9, low TII 29.5","{'self_created': np.float64(11.79), 'pressure_appetite': np.float64(10.0), 'difficulty_embrace': np.float64(2.87), 'defensive_survival': np.float64(13.31), 'force_multiplication': np.float64(3.39)}","{'scaling_efficiency': np.float64(11.087260504201687), 'pressure_appetite': np.float64(17.6), 'creation_tools': np.float64(24.563135541803177), 'opportunity_response': np.float64(52.25714285714285), 'age_trajectory': np.float64(90.0)}",Medium
Trae Young,2023-24,81.05,84.41,Franchise Engine,Elite Scaling,Franchise Engine,0.08383333333333325,6,0,Steps Up,True,CII 81.0 >= 74: Already elite creator,"{'self_created': np.float64(91.0), 'pressure_appetite': np.float64(82.33), 'difficulty_embrace': np.float64(76.47), 'defensive_survival': np.float64(79.36), 'force_multiplication': np.float64(59.71)}","{'scaling_efficiency': np.float64(83.28207889034012), 'pressure_appetite': np.float64(86.67508650519031), 'creation_tools': np.float64(81.78333333333333), 'opportunity_response': np.float64(86.0), 'age_trajectory': np.float64(85.0)}",High
Trayce Jackson-Davis,2023-24,9.18,28.17,Role Player,Low Scaling,Role Player,-0.1,0,1,Hides,False,"Low CII 9.2, low TII 28.2","{'self_created': np.float64(6.27), 'pressure_appetite': np.float64(10.0), 'difficulty_embrace': np.float64(0.7), 'defensive_survival': np.float64(27.95), 'force_multiplication': np.float64(4.63)}","{'scaling_efficiency': np.float64(19.132692530399538), 'pressure_appetite': np.float64(0.0), 'creation_tools': np.float64(8.933333333333334), 'opportunity_response': np.float64(77.65142857142857), 'age_trajectory': np.float64(90.0)}",Medium
Tre Jones,2023-24,30.72,61.31,Role Player,Moderate Scaling,Developing Prospect,0.007333333333333366,1,1,Mixed,False,"Low CII 30.7, moderate TII 61.3","{'self_created': np.float64(39.68), 'pressure_appetite': np.float64(23.49), 'difficulty_embrace': np.float64(17.63), 'defensive_survival': np.float64(47.05), 'force_multiplication': np.float64(23.57)}","{'scaling_efficiency': np.float64(49.93313107569283), 'pressure_appetite': np.float64(54.27964205816558), 'creation_tools': np.float64(58.255942052709116), 'opportunity_response': np.float64(80.71142857142857), 'age_trajectory': np.float64(90.0)}",Medium
Tre Mann,2023-24,36.06,65.97,Role Player,High Scaling,Developing Prospect,-0.001,2,1,Mixed,False,"Low CII 36.1, moderate TII 66.0","{'self_created': np.float64(46.29), 'pressure_appetite': np.float64(39.33), 'difficulty_embrace': np.float64(22.59), 'defensive_survival': np.float64(36.02), 'force_multiplication': np.float64(24.19)}","{'scaling_efficiency': np.float64(72.46653924379427), 'pressure_appetite': np.float64(54.527868852459015), 'creation_tools': np.float64(62.244775423164064), 'opportunity_response': np.float64(57.65714285714286), 'age_trajectory': np.float64(95.0)}",Medium
Trevelin Queen,2023-24,10.79,28.56,Role Player,Low Scaling,Role Player,-0.078,0,1,Hides,False,"Low CII 10.8, low TII 28.6","{'self_created': np.float64(7.5), 'pressure_appetite': np.float64(10.0), 'difficulty_embrace': np.float64(9.91), 'defensive_survival': np.float64(18.35), 'force_multiplication': np.float64(13.1)}","{'scaling_efficiency': np.float64(24.599999999999998), 'pressure_appetite': np.float64(8.800000000000004), 'creation_tools': np.float64(28.209646311791584), 'opportunity_response': np.float64(41.114285714285714), 'age_trajectory': np.float64(71.66)}",Medium
Trey Lyles,2023-24,10.93,37.67,Role Player,Limited Scaling,Role Player,-0.04883333333333329,0,6,Hides,False,"Low CII 10.9, low TII 37.7, no creation tools","{'self_created': np.float64(1.0), 'pressure_appetite': np.float64(24.32), 'difficulty_embrace': np.float64(3.17), 'defensive_survival': np.float64(22.87), 'force_multiplication': np.float64(4.86)}","{'scaling_efficiency': np.float64(15.75778669695822), 'pressure_appetite': np.float64(48.44604316546763), 'creation_tools': np.float64(16.634190208808562), 'opportunity_response': np.float64(73.35714285714286), 'age_trajectory': np.float64(64.99000000000001)}",High
Trey Murphy III,2023-24,15.77,51.15,Role Player,Moderate Scaling,Role Player,-0.03449999999999995,0,2,Hides,False,"Low CII 15.8, low TII 51.1","{'self_created': np.float64(9.19), 'pressure_appetite': np.float64(14.0), 'difficulty_embrace': np.float64(14.17), 'defensive_survival': np.float64(37.71), 'force_multiplication': np.float64(10.27)}","{'scaling_efficiency': np.float64(50.744717153133436), 'pressure_appetite': np.float64(16.80000000000004), 'creation_tools': np.float64(46.11641651031895), 'opportunity_response': np.float64(90.00285714285714), 'age_trajectory': np.float64(90.0)}",Medium
Troy Brown Jr.,2023-24,32.99,49.8,Role Player,Limited Scaling,Role Player,0.0443333333333333,3,0,Steps Up,False,"Low CII 33.0, low TII 49.8","{'self_created': np.float64(6.5), 'pressure_appetite': np.float64(65.0), 'difficulty_embrace': np.float64(13.24), 'defensive_survival': np.float64(68.63), 'force_multiplication': np.float64(18.48)}","{'scaling_efficiency': np.float64(13.93687630540729), 'pressure_appetite': np.float64(94.1), 'creation_tools': np.float64(33.21838041761713), 'opportunity_response': np.float64(43.0), 'age_trajectory': np.float64(90.0)}",Medium
Tyler Herro,2023-24,58.86,71.24,Luxury Amplifier,High Scaling,Latent Engine,0.0075,1,2,Mixed,True,"Mixed career leverage (+0.007), CII 58.9, TII 71.2 + Tools: High potential","{'self_created': np.float64(49.81), 'pressure_appetite': np.float64(75.26), 'difficulty_embrace': np.float64(58.07), 'defensive_survival': np.float64(63.31), 'force_multiplication': np.float64(39.96)}","{'scaling_efficiency': np.float64(57.09317194804374), 'pressure_appetite': np.float64(72.95373134328356), 'creation_tools': np.float64(82.1), 'opportunity_response': np.float64(69.71428571428572), 'age_trajectory': np.float64(90.0)}",High
Tyrese Haliburton,2023-24,76.32,87.53,Strong Creator,Elite Scaling,Franchise Engine,0.006250000000000026,2,2,Mixed,True,CII 76.3 >= 74: Already elite creator,"{'self_created': np.float64(88.33), 'pressure_appetite': np.float64(73.33), 'difficulty_embrace': np.float64(70.87), 'defensive_survival': np.float64(85.2), 'force_multiplication': np.float64(45.38)}","{'scaling_efficiency': np.float64(89.5242917832951), 'pressure_appetite': np.float64(86.20460251046025), 'creation_tools': np.float64(83.85), 'opportunity_response': np.float64(89.0), 'age_trajectory': np.float64(90.0)}",High
Tyrese Maxey,2023-24,69.72,77.81,Luxury Amplifier,High Scaling,Latent Engine,-0.0016666666666666312,1,2,Mixed,True,"CII 69.7, TII 77.8: High potential (limited career data)","{'self_created': np.float64(71.94), 'pressure_appetite': np.float64(80.11), 'difficulty_embrace': np.float64(62.9), 'defensive_survival': np.float64(65.92), 'force_multiplication': np.float64(56.44)}","{'scaling_efficiency': np.float64(75.55892857142855), 'pressure_appetite': np.float64(74.78168498168498), 'creation_tools': np.float64(75.85), 'opportunity_response': np.float64(78.5), 'age_trajectory': np.float64(95.0)}",Medium
Tyus Jones,2023-24,27.88,63.08,Role Player,Moderate Scaling,Luxury Amplifier,-0.05219999999999998,0,5,Hides,True,"Negative career leverage (-0.052, 0+/5-) BUT has creation tools: Thrives as #2","{'self_created': np.float64(40.36), 'pressure_appetite': np.float64(12.17), 'difficulty_embrace': np.float64(33.44), 'defensive_survival': np.float64(32.41), 'force_multiplication': np.float64(11.75)}","{'scaling_efficiency': np.float64(80.92511302657707), 'pressure_appetite': np.float64(20.8), 'creation_tools': np.float64(81.45), 'opportunity_response': np.float64(72.11428571428571), 'age_trajectory': np.float64(64.99000000000001)}",High
Vasilije Micic,2023-24,40.97,60.79,Fragile Star,Moderate Scaling,Role Player,0.0509999999999999,1,0,Steps Up,True,"Low CII 41.0, moderate TII 60.8 (Age 30 > 25, reclassified from Developing Prospect)","{'self_created': np.float64(32.72), 'pressure_appetite': np.float64(63.33), 'difficulty_embrace': np.float64(27.6), 'defensive_survival': np.float64(44.42), 'force_multiplication': np.float64(31.37)}","{'scaling_efficiency': np.float64(58.146666666666675), 'pressure_appetite': np.float64(73.49682539682539), 'creation_tools': np.float64(64.82344173441734), 'opportunity_response': np.float64(47.8), 'age_trajectory': np.float64(48.34)}",Medium
Victor Wembanyama,2023-24,41.0,59.29,Fragile Star,Moderate Scaling,Developing Prospect,0.001,1,0,Mixed,False,"Low CII 41.0, moderate TII 59.3","{'self_created': np.float64(20.88), 'pressure_appetite': np.float64(60.69), 'difficulty_embrace': np.float64(32.26), 'defensive_survival': np.float64(46.15), 'force_multiplication': np.float64(61.93)}","{'scaling_efficiency': np.float64(40.20658380920388), 'pressure_appetite': np.float64(54.39230769230769), 'creation_tools': np.float64(62.66794871794871), 'opportunity_response': np.float64(73.95714285714286), 'age_trajectory': np.int64(100)}",Medium
Vince Williams Jr.,2023-24,24.58,54.36,Role Player,Moderate Scaling,Role Player,0.014,1,0,Steps Up,False,"Low CII 24.6, low TII 54.4","{'self_created': np.float64(15.86), 'pressure_appetite': np.float64(41.92), 'difficulty_embrace': np.float64(8.6), 'defensive_survival': np.float64(35.43), 'force_multiplication': np.float64(23.1)}","{'scaling_efficiency': np.float64(33.76295439377085), 'pressure_appetite': np.float64(62.21935483870968), 'creation_tools': np.float64(35.505258326776826), 'opportunity_response': np.float64(80.52285714285715), 'age_trajectory': np.float64(95.0)}",Medium
Vít Krejčí,2023-24,20.2,58.91,Role Player,Moderate Scaling,Developing Prospect,0.037,1,0,Steps Up,False,"Low CII 20.2, moderate TII 58.9","{'self_created': np.float64(4.41), 'pressure_appetite': np.float64(45.83), 'difficulty_embrace': np.float64(9.0), 'defensive_survival': np.float64(32.26), 'force_multiplication': np.float64(7.83)}","{'scaling_efficiency': np.float64(38.454578313253016), 'pressure_appetite': np.float64(72.4), 'creation_tools': np.float64(37.478803716608596), 'opportunity_response': np.float64(85.19428571428571), 'age_trajectory': np.float64(90.0)}",Medium
Walker Kessler,2023-24,24.74,51.34,Role Player,Moderate Scaling,Role Player,0.008499999999999949,1,1,Mixed,False,"Low CII 24.7, low TII 51.3","{'self_created': np.float64(6.61), 'pressure_appetite': np.float64(52.67), 'difficulty_embrace': np.float64(0.0), 'defensive_survival': np.float64(54.76), 'force_multiplication': np.float64(13.74)}","{'scaling_efficiency': np.float64(17.546666666666667), 'pressure_appetite': np.float64(87.51653543307084), 'creation_tools': np.float64(8.0), 'opportunity_response': np.float64(83.96857142857142), 'age_trajectory': np.int64(100)}",Medium
Wendell Carter Jr.,2023-24,9.41,36.56,Role Player,Limited Scaling,Role Player,-0.04366666666666661,0,6,Hides,False,"Low CII 9.4, low TII 36.6, no creation tools","{'self_created': np.float64(0.93), 'pressure_appetite': np.float64(16.9), 'difficulty_embrace': np.float64(3.79), 'defensive_survival': np.float64(19.8), 'force_multiplication': np.float64(11.81)}","{'scaling_efficiency': np.float64(19.145655924515975), 'pressure_appetite': np.float64(24.40000000000004), 'creation_tools': np.float64(16.49700321421819), 'opportunity_response': np.float64(86.13714285714286), 'age_trajectory': np.float64(85.0)}",High
Zach Collins,2023-24,16.2,31.75,Role Player,Low Scaling,Role Player,-0.0075,1,1,Mixed,False,"Low CII 16.2, low TII 31.8","{'self_created': np.float64(4.16), 'pressure_appetite': np.float64(25.24), 'difficulty_embrace': np.float64(7.19), 'defensive_survival': np.float64(32.06), 'force_multiplication': np.float64(23.98)}","{'scaling_efficiency': np.float64(15.335362111455595), 'pressure_appetite': np.float64(21.200000000000003), 'creation_tools': np.float64(22.864634146341466), 'opportunity_response': np.float64(62.94285714285714), 'age_trajectory': np.float64(78.33)}",Medium
Zach LaVine,2023-24,49.29,61.09,Fragile Star,Moderate Scaling,Strong Creator,0.04233333333333335,6,3,Steps Up,True,"Positive career leverage (+0.042), CII 49.3: Stepping up consistently","{'self_created': np.float64(62.63), 'pressure_appetite': np.float64(32.09), 'difficulty_embrace': np.float64(56.39), 'defensive_survival': np.float64(55.71), 'force_multiplication': np.float64(28.45)}","{'scaling_efficiency': np.float64(68.1112745098039), 'pressure_appetite': np.float64(24.80000000000004), 'creation_tools': np.float64(82.9), 'opportunity_response': np.float64(81.41428571428571), 'age_trajectory': np.float64(56.67)}",High
Ziaire Williams,2023-24,15.25,34.47,Role Player,Low Scaling,Role Player,-0.03549999999999995,0,2,Hides,False,"Low CII 15.2, low TII 34.5","{'self_created': np.float64(8.41), 'pressure_appetite': np.float64(17.81), 'difficulty_embrace': np.float64(15.21), 'defensive_survival': np.float64(24.64), 'force_multiplication': np.float64(15.39)}","{'scaling_efficiency': np.float64(12.914690562613428), 'pressure_appetite': np.float64(21.200000000000003), 'creation_tools': np.float64(40.18685636856369), 'opportunity_response': np.float64(48.400000000000006), 'age_trajectory': np.int64(100)}",Medium
Zion Williamson,2023-24,40.0,50.25,Role Player,Moderate Scaling,Role Player,-0.00849999999999995,1,3,Mixed,False,"Low CII 40.0, low TII 50.2, no creation tools","{'self_created': np.float64(42.55), 'pressure_appetite': np.float64(55.08), 'difficulty_embrace': np.float64(6.49), 'defensive_survival': np.float64(32.22), 'force_multiplication': np.float64(73.3)}","{'scaling_efficiency': np.float64(29.127133860894038), 'pressure_appetite': np.float64(53.20701754385965), 'creation_tools': np.float64(29.277057481101128), 'opportunity_response': np.float64(85.7), 'age_trajectory': np.float64(95.0)}",High
