player_name,season,cii,tii,cii_archetype,tii_archetype,archetype_2d,career_leverage_mean,career_positive_seasons,career_negative_seasons,career_pattern,has_creation_tools,reasoning,cii_components,tii_components,confidence
Aaron Brooks,2015-16,41.41,54.78,Fragile Star,Moderate Scaling,Role Player,0.002,1,0,Mixed,True,"Low CII 41.4, low TII 54.8","{'self_created': np.float64(35.01), 'pressure_appetite': np.float64(46.7), 'difficulty_embrace': np.float64(29.6), 'defensive_survival': np.float64(68.17), 'force_multiplication': np.float64(30.83)}","{'scaling_efficiency': np.float64(47.66666666666667), 'pressure_appetite': np.float64(66.93333333333334), 'creation_tools': np.float64(65.139972899729), 'opportunity_response': np.float64(44.8), 'age_trajectory': np.float64(40.01)}",Medium
Aaron Gordon,2015-16,19.34,36.12,Role Player,Limited Scaling,Role Player,-0.048,0,1,Hides,False,"Low CII 19.3, low TII 36.1","{'self_created': np.float64(17.98), 'pressure_appetite': np.float64(13.5), 'difficulty_embrace': np.float64(13.99), 'defensive_survival': np.float64(35.9), 'force_multiplication': np.float64(23.88)}","{'scaling_efficiency': np.float64(17.809314261090737), 'pressure_appetite': np.float64(20.8), 'creation_tools': np.float64(39.2806152884014), 'opportunity_response': np.float64(51.48571428571428), 'age_trajectory': np.int64(100)}",Medium
Al Horford,2015-16,23.83,45.65,Role Player,Limited Scaling,Role Player,-0.013,0,1,Mixed,True,"Low CII 23.8, low TII 45.6","{'self_created': np.float64(1.36), 'pressure_appetite': np.float64(35.97), 'difficulty_embrace': np.float64(25.3), 'defensive_survival': np.float64(46.44), 'force_multiplication': np.float64(24.08)}","{'scaling_efficiency': np.float64(20.471048195728653), 'pressure_appetite': np.float64(60.508250825082506), 'creation_tools': np.float64(41.85776784995573), 'opportunity_response': np.float64(74.5142857142857), 'age_trajectory': np.float64(48.34)}",Medium
Al Jefferson,2015-16,23.77,29.48,Role Player,Low Scaling,Role Player,-0.0569999999999999,0,1,Hides,True,"Low CII 23.8, low TII 29.5","{'self_created': np.float64(13.1), 'pressure_appetite': np.float64(24.58), 'difficulty_embrace': np.float64(32.8), 'defensive_survival': np.float64(24.64), 'force_multiplication': np.float64(34.36)}","{'scaling_efficiency': np.float64(16.411274096385544), 'pressure_appetite': np.float64(17.200000000000042), 'creation_tools': np.float64(43.036585365853654), 'opportunity_response': np.float64(50.971428571428575), 'age_trajectory': np.float64(40.01)}",Medium
Al-Farouq Aminu,2015-16,16.35,41.18,Role Player,Limited Scaling,Role Player,-0.023,0,1,Hides,False,"Low CII 16.4, low TII 41.2","{'self_created': np.float64(8.71), 'pressure_appetite': np.float64(23.85), 'difficulty_embrace': np.float64(14.36), 'defensive_survival': np.float64(22.12), 'force_multiplication': np.float64(15.88)}","{'scaling_efficiency': np.float64(15.583751858497823), 'pressure_appetite': np.float64(43.83935742971887), 'creation_tools': np.float64(43.64407385640122), 'opportunity_response': np.float64(55.42857142857143), 'age_trajectory': np.float64(85.0)}",Medium
Alec Burks,2015-16,50.1,64.5,Fragile Star,Moderate Scaling,Strong Creator,0.03,1,0,Steps Up,True,"CII 50.1, TII 64.5","{'self_created': np.float64(42.71), 'pressure_appetite': np.float64(61.65), 'difficulty_embrace': np.float64(37.66), 'defensive_survival': np.float64(69.97), 'force_multiplication': np.float64(38.47)}","{'scaling_efficiency': np.float64(38.6059286024959), 'pressure_appetite': np.float64(78.4390243902439), 'creation_tools': np.float64(81.76868927225857), 'opportunity_response': np.float64(53.028571428571425), 'age_trajectory': np.float64(90.0)}",Medium
Alex Len,2015-16,14.97,27.52,Role Player,Low Scaling,Role Player,-0.09,0,1,Hides,True,"Low CII 15.0, low TII 27.5","{'self_created': np.float64(5.42), 'pressure_appetite': np.float64(12.0), 'difficulty_embrace': np.float64(19.5), 'defensive_survival': np.float64(28.87), 'force_multiplication': np.float64(21.18)}","{'scaling_efficiency': np.float64(7.6165932511618495), 'pressure_appetite': np.float64(4.0000000000000036), 'creation_tools': np.float64(35.45776784995573), 'opportunity_response': np.float64(50.971428571428575), 'age_trajectory': np.float64(95.0)}",Medium
Allen Crabbe,2015-16,19.21,44.26,Role Player,Limited Scaling,Role Player,-0.083,0,1,Hides,True,"Low CII 19.2, low TII 44.3","{'self_created': np.float64(9.11), 'pressure_appetite': np.float64(10.0), 'difficulty_embrace': np.float64(38.86), 'defensive_survival': np.float64(40.26), 'force_multiplication': np.float64(1.66)}","{'scaling_efficiency': np.float64(32.71963565387116), 'pressure_appetite': np.float64(6.800000000000002), 'creation_tools': np.float64(66.74608835710998), 'opportunity_response': np.float64(69.28571428571429), 'age_trajectory': np.float64(90.0)}",Medium
Alonzo Gee,2015-16,15.53,37.35,Role Player,Limited Scaling,Role Player,-0.0209999999999999,0,1,Hides,False,"Low CII 15.5, low TII 37.4","{'self_created': np.float64(7.73), 'pressure_appetite': np.float64(11.15), 'difficulty_embrace': np.float64(5.79), 'defensive_survival': np.float64(49.4), 'force_multiplication': np.float64(18.54)}","{'scaling_efficiency': np.float64(18.172595744680848), 'pressure_appetite': np.float64(53.60000000000004), 'creation_tools': np.float64(21.988023764853033), 'opportunity_response': np.float64(56.2), 'age_trajectory': np.float64(56.67)}",Medium
Amir Johnson,2015-16,17.4,39.06,Role Player,Limited Scaling,Role Player,-0.015,0,1,Mixed,False,"Low CII 17.4, low TII 39.1","{'self_created': np.float64(14.44), 'pressure_appetite': np.float64(21.88), 'difficulty_embrace': np.float64(2.79), 'defensive_survival': np.float64(40.52), 'force_multiplication': np.float64(9.61)}","{'scaling_efficiency': np.float64(17.97615577593624), 'pressure_appetite': np.float64(55.01470588235294), 'creation_tools': np.float64(14.223840267814442), 'opportunity_response': np.float64(75.99714285714286), 'age_trajectory': np.float64(56.67)}",Medium
Andre Drummond,2015-16,29.78,41.1,Role Player,Limited Scaling,Role Player,-0.003,0,1,Mixed,False,"Low CII 29.8, low TII 41.1","{'self_created': np.float64(12.0), 'pressure_appetite': np.float64(46.91), 'difficulty_embrace': np.float64(4.4), 'defensive_survival': np.float64(49.55), 'force_multiplication': np.float64(61.43)}","{'scaling_efficiency': np.float64(7.7835357947491834), 'pressure_appetite': np.float64(64.77405857740585), 'creation_tools': np.float64(18.462390720141514), 'opportunity_response': np.float64(59.2), 'age_trajectory': np.int64(100)}",Medium
Andre Iguodala,2015-16,25.91,49.65,Role Player,Limited Scaling,Role Player,0.0039999999999999,1,0,Mixed,True,"Low CII 25.9, low TII 49.6","{'self_created': np.float64(12.25), 'pressure_appetite': np.float64(30.55), 'difficulty_embrace': np.float64(18.83), 'defensive_survival': np.float64(61.48), 'force_multiplication': np.float64(16.07)}","{'scaling_efficiency': np.float64(27.731495204062426), 'pressure_appetite': np.float64(68.85128205128203), 'creation_tools': np.float64(58.2225800847752), 'opportunity_response': np.float64(59.8), 'age_trajectory': np.float64(35.0)}",Medium
Andre Roberson,2015-16,10.03,28.95,Role Player,Low Scaling,Role Player,-0.033,0,1,Hides,False,"Low CII 10.0, low TII 28.9","{'self_created': np.float64(2.71), 'pressure_appetite': np.float64(10.0), 'difficulty_embrace': np.float64(0.4), 'defensive_survival': np.float64(41.48), 'force_multiplication': np.float64(4.17)}","{'scaling_efficiency': np.float64(10.158926517571878), 'pressure_appetite': np.float64(26.799999999999997), 'creation_tools': np.float64(8.974372569812655), 'opportunity_response': np.float64(56.028571428571425), 'age_trajectory': np.float64(90.0)}",Medium
Andrew Bogut,2015-16,14.91,41.18,Role Player,Limited Scaling,Role Player,-0.007,0,1,Mixed,False,"Low CII 14.9, low TII 41.2","{'self_created': np.float64(5.51), 'pressure_appetite': np.float64(22.68), 'difficulty_embrace': np.float64(2.4), 'defensive_survival': np.float64(44.13), 'force_multiplication': np.float64(4.83)}","{'scaling_efficiency': np.float64(20.641458261750586), 'pressure_appetite': np.float64(62.57101449275362), 'creation_tools': np.float64(15.592329445033581), 'opportunity_response': np.float64(81.51714285714286), 'age_trajectory': np.float64(40.01)}",Medium
Andrew Nicholson,2015-16,27.46,42.65,Role Player,Limited Scaling,Role Player,0.005,1,0,Mixed,False,"Low CII 27.5, low TII 42.6","{'self_created': np.float64(24.31), 'pressure_appetite': np.float64(44.8), 'difficulty_embrace': np.float64(11.29), 'defensive_survival': np.float64(29.42), 'force_multiplication': np.float64(22.98)}","{'scaling_efficiency': np.float64(22.04424568274879), 'pressure_appetite': np.float64(56.46341463414634), 'creation_tools': np.float64(25.725133848899468), 'opportunity_response': np.float64(59.6), 'age_trajectory': np.float64(78.33)}",Medium
Andrew Wiggins,2015-16,52.7,64.11,Fragile Star,Moderate Scaling,Strong Creator,0.0389999999999999,1,0,Steps Up,True,"CII 52.7, TII 64.1","{'self_created': np.float64(37.34), 'pressure_appetite': np.float64(68.1), 'difficulty_embrace': np.float64(42.01), 'defensive_survival': np.float64(60.82), 'force_multiplication': np.float64(69.5)}","{'scaling_efficiency': np.float64(41.09881971859501), 'pressure_appetite': np.float64(72.72134831460673), 'creation_tools': np.float64(72.26500411071527), 'opportunity_response': np.float64(61.0), 'age_trajectory': np.int64(100)}",Medium
Anthony Davis,2015-16,36.97,53.59,Role Player,Moderate Scaling,Role Player,-0.0329999999999999,0,1,Hides,True,"Low CII 37.0, low TII 53.6","{'self_created': np.float64(16.79), 'pressure_appetite': np.float64(44.34), 'difficulty_embrace': np.float64(39.89), 'defensive_survival': np.float64(53.89), 'force_multiplication': np.float64(47.88)}","{'scaling_efficiency': np.float64(44.159349022641415), 'pressure_appetite': np.float64(26.80000000000004), 'creation_tools': np.float64(67.43909447715167), 'opportunity_response': np.float64(71.0), 'age_trajectory': np.float64(95.0)}",Medium
Arron Afflalo,2015-16,44.31,60.34,Fragile Star,Moderate Scaling,Role Player,0.061,1,0,Steps Up,True,"Low CII 44.3, moderate TII 60.3 (Age 30 > 25, reclassified from Developing Prospect)","{'self_created': np.float64(27.13), 'pressure_appetite': np.float64(63.17), 'difficulty_embrace': np.float64(47.03), 'defensive_survival': np.float64(53.0), 'force_multiplication': np.float64(30.18)}","{'scaling_efficiency': np.float64(35.5651212300414), 'pressure_appetite': np.float64(75.95393258426967), 'creation_tools': np.float64(84.5), 'opportunity_response': np.float64(59.62857142857143), 'age_trajectory': np.float64(48.34)}",Medium
Austin Rivers,2015-16,24.54,44.08,Role Player,Limited Scaling,Role Player,-0.076,0,1,Hides,True,"Low CII 24.5, low TII 44.1","{'self_created': np.float64(29.59), 'pressure_appetite': np.float64(12.0), 'difficulty_embrace': np.float64(25.37), 'defensive_survival': np.float64(34.54), 'force_multiplication': np.float64(24.1)}","{'scaling_efficiency': np.float64(40.509437976716185), 'pressure_appetite': np.float64(9.600000000000005), 'creation_tools': np.float64(62.881101885486935), 'opportunity_response': np.float64(49.68571428571428), 'age_trajectory': np.float64(95.0)}",Medium
Ben McLemore,2015-16,15.77,35.96,Role Player,Limited Scaling,Role Player,-0.0339999999999999,0,1,Hides,True,"Low CII 15.8, low TII 36.0","{'self_created': np.float64(5.68), 'pressure_appetite': np.float64(19.47), 'difficulty_embrace': np.float64(16.16), 'defensive_survival': np.float64(28.84), 'force_multiplication': np.float64(16.4)}","{'scaling_efficiency': np.float64(14.054047079998112), 'pressure_appetite': np.float64(26.40000000000004), 'creation_tools': np.float64(41.34185101153337), 'opportunity_response': np.float64(49.171428571428564), 'age_trajectory': np.float64(95.0)}",Medium
Beno Udrih,2015-16,23.76,38.94,Role Player,Limited Scaling,Role Player,-0.103,0,1,Hides,True,"Low CII 23.8, low TII 38.9","{'self_created': np.float64(25.33), 'pressure_appetite': np.float64(10.0), 'difficulty_embrace': np.float64(42.17), 'defensive_survival': np.float64(25.8), 'force_multiplication': np.float64(13.53)}","{'scaling_efficiency': np.float64(47.06666666666666), 'pressure_appetite': np.float64(0.0), 'creation_tools': np.float64(75.50697385716371), 'opportunity_response': np.float64(44.8), 'age_trajectory': np.float64(30.0)}",Medium
Bismack Biyombo,2015-16,11.97,31.93,Role Player,Low Scaling,Role Player,-0.057,0,1,Hides,False,"Low CII 12.0, low TII 31.9","{'self_created': np.float64(6.62), 'pressure_appetite': np.float64(10.0), 'difficulty_embrace': np.float64(7.4), 'defensive_survival': np.float64(33.08), 'force_multiplication': np.float64(10.38)}","{'scaling_efficiency': np.float64(12.696464760517204), 'pressure_appetite': np.float64(17.200000000000003), 'creation_tools': np.float64(20.793724147767794), 'opportunity_response': np.float64(67.74285714285713), 'age_trajectory': np.float64(95.0)}",Medium
Blake Griffin,2015-16,43.04,61.65,Fragile Star,Moderate Scaling,Role Player,-0.007,0,1,Mixed,True,"Low CII 43.0, moderate TII 61.6 (Age 27 > 25, reclassified from Developing Prospect)","{'self_created': np.float64(23.38), 'pressure_appetite': np.float64(53.88), 'difficulty_embrace': np.float64(46.37), 'defensive_survival': np.float64(55.77), 'force_multiplication': np.float64(49.15)}","{'scaling_efficiency': np.float64(40.11169425105267), 'pressure_appetite': np.float64(63.23068050749711), 'creation_tools': np.float64(80.99375474723605), 'opportunity_response': np.float64(69.62857142857143), 'age_trajectory': np.float64(71.66)}",Medium
Bojan Bogdanovic,2015-16,18.37,35.45,Role Player,Limited Scaling,Role Player,-0.062,0,1,Hides,False,"Low CII 18.4, low TII 35.5","{'self_created': np.float64(13.59), 'pressure_appetite': np.float64(14.67), 'difficulty_embrace': np.float64(18.41), 'defensive_survival': np.float64(35.53), 'force_multiplication': np.float64(16.09)}","{'scaling_efficiency': np.float64(19.762279251848636), 'pressure_appetite': np.float64(15.2), 'creation_tools': np.float64(47.817993153615745), 'opportunity_response': np.float64(59.971428571428575), 'age_trajectory': np.float64(71.66)}",Medium
Bradley Beal,2015-16,46.04,62.78,Fragile Star,Moderate Scaling,Strong Creator,-0.004,0,1,Mixed,True,"CII 46.0, TII 62.8","{'self_created': np.float64(40.07), 'pressure_appetite': np.float64(47.52), 'difficulty_embrace': np.float64(44.67), 'defensive_survival': np.float64(63.78), 'force_multiplication': np.float64(36.41)}","{'scaling_efficiency': np.float64(41.65852693239211), 'pressure_appetite': np.float64(64.37278911564626), 'creation_tools': np.float64(80.2), 'opportunity_response': np.float64(57.65714285714286), 'age_trajectory': np.float64(95.0)}",Medium
Brandon Bass,2015-16,19.84,46.71,Role Player,Limited Scaling,Role Player,-0.006,0,1,Mixed,True,"Low CII 19.8, low TII 46.7","{'self_created': np.float64(5.33), 'pressure_appetite': np.float64(27.35), 'difficulty_embrace': np.float64(11.8), 'defensive_survival': np.float64(47.92), 'force_multiplication': np.float64(18.51)}","{'scaling_efficiency': np.float64(30.683625), 'pressure_appetite': np.float64(63.205882352941174), 'creation_tools': np.float64(27.65485413677666), 'opportunity_response': np.float64(81.14), 'age_trajectory': np.float64(40.01)}",Medium
Brandon Jennings,2015-16,33.56,56.67,Role Player,Moderate Scaling,Role Player,-0.007,0,1,Mixed,True,"Low CII 33.6, moderate TII 56.7 (Age 26 > 25, reclassified from Developing Prospect)","{'self_created': np.float64(31.29), 'pressure_appetite': np.float64(36.98), 'difficulty_embrace': np.float64(36.44), 'defensive_survival': np.float64(35.06), 'force_multiplication': np.float64(23.8)}","{'scaling_efficiency': np.float64(46.21949295343137), 'pressure_appetite': np.float64(51.01041666666667), 'creation_tools': np.float64(76.2055894308943), 'opportunity_response': np.float64(46.51428571428572), 'age_trajectory': np.float64(78.33)}",Medium
Brandon Knight,2015-16,57.95,65.55,Luxury Amplifier,High Scaling,Strong Creator,0.018,1,0,Steps Up,True,"CII 58.0, TII 65.5","{'self_created': np.float64(58.6), 'pressure_appetite': np.float64(58.52), 'difficulty_embrace': np.float64(69.07), 'defensive_survival': np.float64(50.35), 'force_multiplication': np.float64(43.78)}","{'scaling_efficiency': np.float64(47.05081665765279), 'pressure_appetite': np.float64(61.786046511627916), 'creation_tools': np.float64(89.2), 'opportunity_response': np.float64(61.0), 'age_trajectory': np.float64(90.0)}",Medium
Brook Lopez,2015-16,34.44,43.4,Role Player,Limited Scaling,Role Player,-0.034,0,1,Hides,True,"Low CII 34.4, low TII 43.4","{'self_created': np.float64(23.8), 'pressure_appetite': np.float64(40.5), 'difficulty_embrace': np.float64(26.8), 'defensive_survival': np.float64(39.35), 'force_multiplication': np.float64(59.11)}","{'scaling_efficiency': np.float64(32.074499922532674), 'pressure_appetite': np.float64(26.4), 'creation_tools': np.float64(51.001482544237206), 'opportunity_response': np.float64(69.88571428571429), 'age_trajectory': np.float64(64.99000000000001)}",Medium
CJ McCollum,2015-16,59.32,67.81,Luxury Amplifier,High Scaling,Strong Creator,-0.005,0,1,Mixed,True,"CII 59.3, TII 67.8","{'self_created': np.float64(62.11), 'pressure_appetite': np.float64(50.71), 'difficulty_embrace': np.float64(70.79), 'defensive_survival': np.float64(66.18), 'force_multiplication': np.float64(39.28)}","{'scaling_efficiency': np.float64(51.2500179467458), 'pressure_appetite': np.float64(59.99498746867168), 'creation_tools': np.float64(96.6), 'opportunity_response': np.float64(60.74285714285715), 'age_trajectory': np.float64(90.0)}",Medium
CJ Miles,2015-16,17.42,32.53,Role Player,Low Scaling,Role Player,-0.0829999999999999,0,1,Hides,False,"Low CII 17.4, low TII 32.5","{'self_created': np.float64(13.63), 'pressure_appetite': np.float64(16.33), 'difficulty_embrace': np.float64(21.66), 'defensive_survival': np.float64(24.65), 'force_multiplication': np.float64(12.23)}","{'scaling_efficiency': np.float64(25.386936618555353), 'pressure_appetite': np.float64(6.800000000000046), 'creation_tools': np.float64(49.74127763675827), 'opportunity_response': np.float64(50.62857142857143), 'age_trajectory': np.float64(56.67)}",Medium
Carmelo Anthony,2015-16,67.16,62.8,Luxury Amplifier,Moderate Scaling,Strong Creator,0.063,1,0,Steps Up,True,CII 67.2: Good creation (limited career data),"{'self_created': np.float64(53.84), 'pressure_appetite': np.float64(80.32), 'difficulty_embrace': np.float64(68.86), 'defensive_survival': np.float64(67.5), 'force_multiplication': np.float64(70.35)}","{'scaling_efficiency': np.float64(43.64632891183615), 'pressure_appetite': np.float64(81.62989690721649), 'creation_tools': np.float64(83.25), 'opportunity_response': np.float64(61.0), 'age_trajectory': np.float64(35.0)}",Medium
Chandler Parsons,2015-16,25.35,49.29,Role Player,Limited Scaling,Role Player,-0.061,0,1,Hides,False,"Low CII 25.4, low TII 49.3","{'self_created': np.float64(28.54), 'pressure_appetite': np.float64(17.17), 'difficulty_embrace': np.float64(20.47), 'defensive_survival': np.float64(43.11), 'force_multiplication': np.float64(19.38)}","{'scaling_efficiency': np.float64(49.87677583755799), 'pressure_appetite': np.float64(15.600000000000001), 'creation_tools': np.float64(54.5837637494022), 'opportunity_response': np.float64(82.31428571428572), 'age_trajectory': np.float64(71.66)}",Medium
Chris Bosh,2015-16,34.23,53.85,Role Player,Moderate Scaling,Role Player,0.002,1,0,Mixed,True,"Low CII 34.2, low TII 53.9","{'self_created': np.float64(18.39), 'pressure_appetite': np.float64(50.32), 'difficulty_embrace': np.float64(35.99), 'defensive_survival': np.float64(34.3), 'force_multiplication': np.float64(37.93)}","{'scaling_efficiency': np.float64(39.47292030893311), 'pressure_appetite': np.float64(54.88582995951417), 'creation_tools': np.float64(63.790716237121885), 'opportunity_response': np.float64(80.21428571428572), 'age_trajectory': np.float64(35.0)}",Medium
Chris Johnson,2015-16,9.62,25.69,Role Player,Low Scaling,Role Player,-0.076,0,1,Hides,True,"Low CII 9.6, low TII 25.7","{'self_created': np.float64(6.5), 'pressure_appetite': np.float64(10.0), 'difficulty_embrace': np.float64(13.67), 'defensive_survival': np.float64(15.47), 'force_multiplication': np.float64(1.2)}","{'scaling_efficiency': np.float64(9.153511845904363), 'pressure_appetite': np.float64(9.600000000000005), 'creation_tools': np.float64(32.44303047228946), 'opportunity_response': np.float64(41.457142857142856), 'age_trajectory': np.float64(78.33)}",Medium
Chris Paul,2015-16,75.67,78.24,Strong Creator,High Scaling,Franchise Engine,0.0199999999999999,1,0,Steps Up,True,CII 75.7 >= 74: Already elite creator,"{'self_created': np.float64(90.53), 'pressure_appetite': np.float64(60.36), 'difficulty_embrace': np.float64(87.17), 'defensive_survival': np.float64(74.54), 'force_multiplication': np.float64(48.1)}","{'scaling_efficiency': np.float64(84.91906965705468), 'pressure_appetite': np.float64(74.52830188679242), 'creation_tools': np.float64(93.25), 'opportunity_response': np.float64(76.52857142857144), 'age_trajectory': np.float64(40.01)}",Medium
Cody Zeller,2015-16,11.76,33.13,Role Player,Low Scaling,Role Player,-0.065,0,1,Hides,False,"Low CII 11.8, low TII 33.1","{'self_created': np.float64(1.92), 'pressure_appetite': np.float64(10.0), 'difficulty_embrace': np.float64(6.8), 'defensive_survival': np.float64(37.67), 'force_multiplication': np.float64(16.71)}","{'scaling_efficiency': np.float64(16.07027435866554), 'pressure_appetite': np.float64(14.0), 'creation_tools': np.float64(18.495293110825845), 'opportunity_response': np.float64(77.41142857142857), 'age_trajectory': np.float64(95.0)}",Medium
Cory Joseph,2015-16,28.94,51.33,Role Player,Moderate Scaling,Role Player,-0.066,0,1,Hides,True,"Low CII 28.9, low TII 51.3","{'self_created': np.float64(35.68), 'pressure_appetite': np.float64(10.0), 'difficulty_embrace': np.float64(33.67), 'defensive_survival': np.float64(40.14), 'force_multiplication': np.float64(29.8)}","{'scaling_efficiency': np.float64(51.17333333333334), 'pressure_appetite': np.float64(13.599999999999998), 'creation_tools': np.float64(78.19929473993534), 'opportunity_response': np.float64(52.942857142857136), 'age_trajectory': np.float64(90.0)}",Medium
Courtney Lee,2015-16,20.54,45.8,Role Player,Limited Scaling,Role Player,-0.0349999999999999,0,1,Hides,True,"Low CII 20.5, low TII 45.8","{'self_created': np.float64(15.62), 'pressure_appetite': np.float64(12.45), 'difficulty_embrace': np.float64(35.69), 'defensive_survival': np.float64(32.04), 'force_multiplication': np.float64(8.02)}","{'scaling_efficiency': np.float64(37.523712098814116), 'pressure_appetite': np.float64(26.000000000000043), 'creation_tools': np.float64(69.2827430671567), 'opportunity_response': np.float64(62.37142857142857), 'age_trajectory': np.float64(48.34)}",Medium
D'Angelo Russell,2015-16,46.06,62.8,Fragile Star,Moderate Scaling,Strong Creator,-0.0129999999999999,0,1,Mixed,True,"CII 46.1, TII 62.8","{'self_created': np.float64(40.56), 'pressure_appetite': np.float64(42.56), 'difficulty_embrace': np.float64(48.76), 'defensive_survival': np.float64(67.58), 'force_multiplication': np.float64(33.65)}","{'scaling_efficiency': np.float64(38.12857952819682), 'pressure_appetite': np.float64(60.683473389355775), 'creation_tools': np.float64(89.55), 'opportunity_response': np.float64(55.17142857142857), 'age_trajectory': np.int64(100)}",Medium
D.J. Augustin,2015-16,34.58,59.1,Role Player,Moderate Scaling,Role Player,-0.0399999999999999,0,1,Hides,False,"Low CII 34.6, moderate TII 59.1 (Age 28 > 25, reclassified from Developing Prospect)","{'self_created': np.float64(50.01), 'pressure_appetite': np.float64(18.33), 'difficulty_embrace': np.float64(24.3), 'defensive_survival': np.float64(54.88), 'force_multiplication': np.float64(19.0)}","{'scaling_efficiency': np.float64(77.79999999999998), 'pressure_appetite': np.float64(24.00000000000004), 'creation_tools': np.float64(68.8396115627823), 'opportunity_response': np.float64(63.285714285714285), 'age_trajectory': np.float64(64.99000000000001)}",Medium
Damian Lillard,2015-16,76.6,80.33,Strong Creator,Elite Scaling,Franchise Engine,0.0579999999999999,1,0,Steps Up,True,CII 76.6 >= 74: Already elite creator,"{'self_created': np.float64(81.82), 'pressure_appetite': np.float64(80.11), 'difficulty_embrace': np.float64(72.13), 'defensive_survival': np.float64(76.02), 'force_multiplication': np.float64(61.95)}","{'scaling_efficiency': np.float64(73.84921770954583), 'pressure_appetite': np.float64(80.6157894736842), 'creation_tools': np.float64(88.71666666666667), 'opportunity_response': np.float64(78.5), 'age_trajectory': np.float64(85.0)}",Medium
Danilo Gallinari,2015-16,37.68,59.37,Role Player,Moderate Scaling,Role Player,-0.015,0,1,Mixed,True,"Low CII 37.7, moderate TII 59.4 (Age 27 > 25, reclassified from Developing Prospect)","{'self_created': np.float64(35.5), 'pressure_appetite': np.float64(39.52), 'difficulty_embrace': np.float64(33.24), 'defensive_survival': np.float64(38.32), 'force_multiplication': np.float64(47.5)}","{'scaling_efficiency': np.float64(47.48840177549481), 'pressure_appetite': np.float64(47.80530973451327), 'creation_tools': np.float64(68.9147672494424), 'opportunity_response': np.float64(81.5), 'age_trajectory': np.float64(71.66)}",Medium
Danny Green,2015-16,15.73,36.98,Role Player,Limited Scaling,Role Player,-0.0159999999999999,0,1,Mixed,False,"Low CII 15.7, low TII 37.0","{'self_created': np.float64(3.95), 'pressure_appetite': np.float64(22.79), 'difficulty_embrace': np.float64(15.63), 'defensive_survival': np.float64(35.04), 'force_multiplication': np.float64(4.66)}","{'scaling_efficiency': np.float64(6.540775588048314), 'pressure_appetite': np.float64(50.65268065268069), 'creation_tools': np.float64(43.38618170447439), 'opportunity_response': np.float64(53.371428571428574), 'age_trajectory': np.float64(56.67)}",Medium
Dante Cunningham,2015-16,16.3,39.33,Role Player,Limited Scaling,Role Player,0.0079999999999999,1,0,Mixed,True,"Low CII 16.3, low TII 39.3","{'self_created': np.float64(0.65), 'pressure_appetite': np.float64(32.36), 'difficulty_embrace': np.float64(16.0), 'defensive_survival': np.float64(28.53), 'force_multiplication': np.float64(5.4)}","{'scaling_efficiency': np.float64(11.53616161616162), 'pressure_appetite': np.float64(59.96363636363634), 'creation_tools': np.float64(37.014042867701406), 'opportunity_response': np.float64(52.08571428571428), 'age_trajectory': np.float64(56.67)}",Medium
Darrell Arthur,2015-16,16.24,35.31,Role Player,Limited Scaling,Role Player,-0.0289999999999999,0,1,Hides,True,"Low CII 16.2, low TII 35.3","{'self_created': np.float64(1.41), 'pressure_appetite': np.float64(20.45), 'difficulty_embrace': np.float64(32.8), 'defensive_survival': np.float64(21.74), 'force_multiplication': np.float64(8.85)}","{'scaling_efficiency': np.float64(8.147733251571365), 'pressure_appetite': np.float64(41.169696969697), 'creation_tools': np.float64(43.157551120965756), 'opportunity_response': np.float64(49.599999999999994), 'age_trajectory': np.float64(64.99000000000001)}",Medium
Darren Collison,2015-16,48.92,74.55,Fragile Star,High Scaling,Latent Engine,0.008,1,0,Mixed,True,"Medium CII 48.9, high TII 74.5, has tools","{'self_created': np.float64(54.66), 'pressure_appetite': np.float64(43.86), 'difficulty_embrace': np.float64(43.76), 'defensive_survival': np.float64(60.69), 'force_multiplication': np.float64(37.01)}","{'scaling_efficiency': np.float64(72.25285964603246), 'pressure_appetite': np.float64(66.1263157894737), 'creation_tools': np.float64(87.15), 'opportunity_response': np.float64(82.78571428571429), 'age_trajectory': np.float64(64.99000000000001)}",Medium
David West,2015-16,12.55,25.73,Role Player,Low Scaling,Role Player,-0.132,0,1,Hides,True,"Low CII 12.6, low TII 25.7","{'self_created': np.float64(2.11), 'pressure_appetite': np.float64(10.0), 'difficulty_embrace': np.float64(31.6), 'defensive_survival': np.float64(14.31), 'force_multiplication': np.float64(9.52)}","{'scaling_efficiency': np.float64(22.07799460916441), 'pressure_appetite': np.float64(0.0), 'creation_tools': np.float64(38.703252032520325), 'opportunity_response': np.float64(62.42857142857143), 'age_trajectory': np.int64(20)}",Medium
DeAndre Jordan,2015-16,18.9,45.68,Role Player,Limited Scaling,Role Player,0.004,1,0,Mixed,False,"Low CII 18.9, low TII 45.7","{'self_created': np.float64(2.89), 'pressure_appetite': np.float64(36.38), 'difficulty_embrace': np.float64(0.2), 'defensive_survival': np.float64(46.43), 'force_multiplication': np.float64(19.34)}","{'scaling_efficiency': np.float64(18.245839035516457), 'pressure_appetite': np.float64(68.34838709677419), 'creation_tools': np.float64(10.766666666666666), 'opportunity_response': np.float64(92.0), 'age_trajectory': np.float64(71.66)}",Medium
DeMar DeRozan,2015-16,68.29,71.93,Luxury Amplifier,High Scaling,Latent Engine,0.062,1,0,Steps Up,True,"CII 68.3, TII 71.9: High potential (limited career data)","{'self_created': np.float64(64.85), 'pressure_appetite': np.float64(79.95), 'difficulty_embrace': np.float64(58.21), 'defensive_survival': np.float64(67.52), 'force_multiplication': np.float64(70.8)}","{'scaling_efficiency': np.float64(57.23708746677041), 'pressure_appetite': np.float64(77.46116838487973), 'creation_tools': np.float64(84.55), 'opportunity_response': np.float64(71.0), 'age_trajectory': np.float64(78.33)}",Medium
DeMarcus Cousins,2015-16,44.29,57.12,Fragile Star,Moderate Scaling,Developing Prospect,0.03,1,0,Steps Up,True,"Low CII 44.3, moderate TII 57.1","{'self_created': np.float64(20.46), 'pressure_appetite': np.float64(76.96), 'difficulty_embrace': np.float64(20.97), 'defensive_survival': np.float64(41.84), 'force_multiplication': np.float64(84.4)}","{'scaling_efficiency': np.float64(36.10833808167142), 'pressure_appetite': np.float64(65.12820512820514), 'creation_tools': np.float64(54.51962337572094), 'opportunity_response': np.float64(70.65714285714286), 'age_trajectory': np.float64(85.0)}",Medium
DeMarre Carroll,2015-16,12.08,26.57,Role Player,Low Scaling,Role Player,-0.0929999999999999,0,1,Hides,False,"Low CII 12.1, low TII 26.6","{'self_created': np.float64(8.99), 'pressure_appetite': np.float64(10.0), 'difficulty_embrace': np.float64(12.84), 'defensive_survival': np.float64(26.5), 'force_multiplication': np.float64(3.42)}","{'scaling_efficiency': np.float64(5.537760643369399), 'pressure_appetite': np.float64(2.8000000000000425), 'creation_tools': np.float64(50.02150776053215), 'opportunity_response': np.float64(56.885714285714286), 'age_trajectory': np.float64(56.67)}",Medium
Dennis Schröder,2015-16,43.83,58.41,Fragile Star,Moderate Scaling,Developing Prospect,-0.0219999999999999,0,1,Hides,True,"Low CII 43.8, moderate TII 58.4","{'self_created': np.float64(37.47), 'pressure_appetite': np.float64(47.72), 'difficulty_embrace': np.float64(39.31), 'defensive_survival': np.float64(51.37), 'force_multiplication': np.float64(50.91)}","{'scaling_efficiency': np.float64(46.27371015396494), 'pressure_appetite': np.float64(49.28205128205131), 'creation_tools': np.float64(74.71236852578316), 'opportunity_response': np.float64(48.400000000000006), 'age_trajectory': np.int64(100)}",Medium
Derrick Favors,2015-16,26.4,41.01,Role Player,Limited Scaling,Role Player,-0.043,0,1,Hides,True,"Low CII 26.4, low TII 41.0","{'self_created': np.float64(15.82), 'pressure_appetite': np.float64(29.14), 'difficulty_embrace': np.float64(24.39), 'defensive_survival': np.float64(37.79), 'force_multiplication': np.float64(38.18)}","{'scaling_efficiency': np.float64(24.602739031960418), 'pressure_appetite': np.float64(22.800000000000004), 'creation_tools': np.float64(48.573962893475084), 'opportunity_response': np.float64(61.42857142857143), 'age_trajectory': np.float64(90.0)}",Medium
Derrick Rose,2015-16,55.87,64.57,Luxury Amplifier,Moderate Scaling,Strong Creator,0.0359999999999999,1,0,Steps Up,True,"CII 55.9, TII 64.6","{'self_created': np.float64(42.77), 'pressure_appetite': np.float64(66.79), 'difficulty_embrace': np.float64(63.4), 'defensive_survival': np.float64(57.78), 'force_multiplication': np.float64(49.98)}","{'scaling_efficiency': np.float64(42.1281050728086), 'pressure_appetite': np.float64(71.90676691729321), 'creation_tools': np.float64(90.25), 'opportunity_response': np.float64(58.25714285714285), 'age_trajectory': np.float64(71.66)}",Medium
Derrick Williams,2015-16,23.44,35.71,Role Player,Limited Scaling,Role Player,-0.053,0,1,Hides,True,"Low CII 23.4, low TII 35.7","{'self_created': np.float64(17.95), 'pressure_appetite': np.float64(24.01), 'difficulty_embrace': np.float64(19.96), 'defensive_survival': np.float64(39.11), 'force_multiplication': np.float64(21.93)}","{'scaling_efficiency': np.float64(18.991774015145072), 'pressure_appetite': np.float64(18.800000000000004), 'creation_tools': np.float64(47.062902085542596), 'opportunity_response': np.float64(49.34285714285714), 'age_trajectory': np.float64(85.0)}",Medium
Devin Booker,2015-16,35.2,50.13,Role Player,Moderate Scaling,Role Player,-0.038,0,1,Hides,True,"Low CII 35.2, low TII 50.1","{'self_created': np.float64(31.87), 'pressure_appetite': np.float64(30.0), 'difficulty_embrace': np.float64(40.01), 'defensive_survival': np.float64(46.68), 'force_multiplication': np.float64(31.33)}","{'scaling_efficiency': np.float64(37.5775556680162), 'pressure_appetite': np.float64(24.800000000000004), 'creation_tools': np.float64(72.202053915276), 'opportunity_response': np.float64(54.74285714285714), 'age_trajectory': np.int64(100)}",Medium
Devin Harris,2015-16,19.85,31.27,Role Player,Low Scaling,Role Player,-0.065,0,1,Hides,False,"Low CII 19.9, low TII 31.3","{'self_created': np.float64(20.56), 'pressure_appetite': np.float64(10.5), 'difficulty_embrace': np.float64(14.26), 'defensive_survival': np.float64(39.78), 'force_multiplication': np.float64(22.35)}","{'scaling_efficiency': np.float64(27.391383458646633), 'pressure_appetite': np.float64(14.0), 'creation_tools': np.float64(42.15514905149051), 'opportunity_response': np.float64(54.14285714285714), 'age_trajectory': np.float64(30.0)}",Medium
Dewayne Dedmon,2015-16,9.99,26.83,Role Player,Low Scaling,Role Player,-0.09,0,1,Hides,False,"Low CII 10.0, low TII 26.8","{'self_created': np.float64(2.8), 'pressure_appetite': np.float64(10.0), 'difficulty_embrace': np.float64(7.5), 'defensive_survival': np.float64(32.72), 'force_multiplication': np.float64(2.41)}","{'scaling_efficiency': np.float64(15.345065758017089), 'pressure_appetite': np.float64(4.0000000000000036), 'creation_tools': np.float64(17.474231411188285), 'opportunity_response': np.float64(66.00285714285714), 'age_trajectory': np.float64(78.33)}",Medium
Dion Waiters,2015-16,21.99,41.06,Role Player,Limited Scaling,Role Player,-0.0889999999999999,0,1,Hides,True,"Low CII 22.0, low TII 41.1","{'self_created': np.float64(24.74), 'pressure_appetite': np.float64(10.0), 'difficulty_embrace': np.float64(32.4), 'defensive_survival': np.float64(24.3), 'force_multiplication': np.float64(19.41)}","{'scaling_efficiency': np.float64(30.713837407225), 'pressure_appetite': np.float64(4.400000000000044), 'creation_tools': np.float64(67.75332722402368), 'opportunity_response': np.float64(54.65714285714286), 'age_trajectory': np.float64(90.0)}",Medium
Dirk Nowitzki,2015-16,43.17,56.39,Fragile Star,Moderate Scaling,Role Player,0.03,1,0,Steps Up,True,"Low CII 43.2, moderate TII 56.4 (Age 38 > 25, reclassified from Developing Prospect)","{'self_created': np.float64(19.4), 'pressure_appetite': np.float64(62.06), 'difficulty_embrace': np.float64(45.89), 'defensive_survival': np.float64(54.09), 'force_multiplication': np.float64(45.42)}","{'scaling_efficiency': np.float64(38.05576229896716), 'pressure_appetite': np.float64(74.40963855421687), 'creation_tools': np.float64(68.62055539230091), 'opportunity_response': np.float64(71.0), 'age_trajectory': np.int64(20)}",Medium
Donald Sloan,2015-16,27.88,47.86,Role Player,Limited Scaling,Role Player,-0.022,0,1,Hides,True,"Low CII 27.9, low TII 47.9","{'self_created': np.float64(31.16), 'pressure_appetite': np.float64(23.74), 'difficulty_embrace': np.float64(23.04), 'defensive_survival': np.float64(32.13), 'force_multiplication': np.float64(31.73)}","{'scaling_efficiency': np.float64(35.4905939857186), 'pressure_appetite': np.float64(44.237218813905926), 'creation_tools': np.float64(61.11876402813108), 'opportunity_response': np.float64(49.51428571428572), 'age_trajectory': np.float64(64.99000000000001)}",Medium
Doug McDermott,2015-16,14.05,36.92,Role Player,Limited Scaling,Role Player,-0.075,0,1,Hides,True,"Low CII 14.1, low TII 36.9","{'self_created': np.float64(5.35), 'pressure_appetite': np.float64(10.0), 'difficulty_embrace': np.float64(22.77), 'defensive_survival': np.float64(33.63), 'force_multiplication': np.float64(3.42)}","{'scaling_efficiency': np.float64(16.367585343249182), 'pressure_appetite': np.float64(10.000000000000004), 'creation_tools': np.float64(60.01276324811441), 'opportunity_response': np.float64(56.71428571428571), 'age_trajectory': np.float64(90.0)}",Medium
Draymond Green,2015-16,26.45,48.71,Role Player,Limited Scaling,Role Player,0.019,1,0,Steps Up,False,"Low CII 26.4, low TII 48.7","{'self_created': np.float64(12.41), 'pressure_appetite': np.float64(48.36), 'difficulty_embrace': np.float64(5.99), 'defensive_survival': np.float64(35.19), 'force_multiplication': np.float64(41.57)}","{'scaling_efficiency': np.float64(21.81822633364169), 'pressure_appetite': np.float64(63.86521739130434), 'creation_tools': np.float64(28.46926475786497), 'opportunity_response': np.float64(84.5), 'age_trajectory': np.float64(78.33)}",Medium
Dwight Howard,2015-16,13.33,30.63,Role Player,Low Scaling,Role Player,-0.066,0,1,Hides,False,"Low CII 13.3, low TII 30.6","{'self_created': np.float64(11.19), 'pressure_appetite': np.float64(13.0), 'difficulty_embrace': np.float64(1.6), 'defensive_survival': np.float64(27.45), 'force_multiplication': np.float64(22.81)}","{'scaling_efficiency': np.float64(19.247010774496133), 'pressure_appetite': np.float64(13.599999999999998), 'creation_tools': np.float64(14.133333333333333), 'opportunity_response': np.float64(92.0), 'age_trajectory': np.float64(48.34)}",Medium
Dwyane Wade,2015-16,68.07,63.75,Luxury Amplifier,Moderate Scaling,Strong Creator,0.1039999999999999,1,0,Steps Up,True,CII 68.1: Good creation (limited career data),"{'self_created': np.float64(50.23), 'pressure_appetite': np.float64(90.0), 'difficulty_embrace': np.float64(55.84), 'defensive_survival': np.float64(77.51), 'force_multiplication': np.float64(77.1)}","{'scaling_efficiency': np.float64(42.09987369858338), 'pressure_appetite': np.float64(92.10967741935482), 'creation_tools': np.float64(85.1), 'opportunity_response': np.float64(57.14285714285714), 'age_trajectory': np.float64(25.0)}",Medium
E'Twaun Moore,2015-16,25.99,49.17,Role Player,Limited Scaling,Role Player,-0.039,0,1,Hides,True,"Low CII 26.0, low TII 49.2","{'self_created': np.float64(27.81), 'pressure_appetite': np.float64(13.1), 'difficulty_embrace': np.float64(27.56), 'defensive_survival': np.float64(51.76), 'force_multiplication': np.float64(10.95)}","{'scaling_efficiency': np.float64(49.081422191100756), 'pressure_appetite': np.float64(24.400000000000006), 'creation_tools': np.float64(68.87463103930402), 'opportunity_response': np.float64(49.34285714285714), 'age_trajectory': np.float64(71.66)}",Medium
Ed Davis,2015-16,18.27,33.14,Role Player,Low Scaling,Role Player,-0.037,0,1,Hides,False,"Low CII 18.3, low TII 33.1","{'self_created': np.float64(25.66), 'pressure_appetite': np.float64(10.0), 'difficulty_embrace': np.float64(1.1), 'defensive_survival': np.float64(43.08), 'force_multiplication': np.float64(13.93)}","{'scaling_efficiency': np.float64(17.810943143812707), 'pressure_appetite': np.float64(25.200000000000003), 'creation_tools': np.float64(10.466666666666667), 'opportunity_response': np.float64(81.61142857142858), 'age_trajectory': np.float64(71.66)}",Medium
Elfrid Payton,2015-16,43.45,65.63,Fragile Star,High Scaling,Developing Prospect,0.061,1,0,Steps Up,True,"Low CII 43.5, moderate TII 65.6","{'self_created': np.float64(28.06), 'pressure_appetite': np.float64(66.5), 'difficulty_embrace': np.float64(29.47), 'defensive_survival': np.float64(51.85), 'force_multiplication': np.float64(47.4)}","{'scaling_efficiency': np.float64(46.82240490006447), 'pressure_appetite': np.float64(75.26161616161616), 'creation_tools': np.float64(71.67691960252937), 'opportunity_response': np.float64(56.2), 'age_trajectory': np.int64(100)}",Medium
Emmanuel Mudiay,2015-16,47.04,66.74,Fragile Star,High Scaling,Strong Creator,0.013,1,0,Steps Up,True,"CII 47.0, TII 66.7","{'self_created': np.float64(27.97), 'pressure_appetite': np.float64(55.29), 'difficulty_embrace': np.float64(51.61), 'defensive_survival': np.float64(65.45), 'force_multiplication': np.float64(46.9)}","{'scaling_efficiency': np.float64(41.03151862464183), 'pressure_appetite': np.float64(71.72), 'creation_tools': np.float64(89.7), 'opportunity_response': np.float64(57.05714285714286), 'age_trajectory': np.int64(100)}",Medium
Enes Freedom,2015-16,19.83,36.01,Role Player,Limited Scaling,Role Player,-0.111,0,1,Hides,True,"Low CII 19.8, low TII 36.0","{'self_created': np.float64(24.12), 'pressure_appetite': np.float64(13.0), 'difficulty_embrace': np.float64(12.4), 'defensive_survival': np.float64(30.85), 'force_multiplication': np.float64(22.36)}","{'scaling_efficiency': np.float64(32.03732856801278), 'pressure_appetite': np.float64(0.0), 'creation_tools': np.float64(27.915546561579152), 'opportunity_response': np.float64(78.8), 'age_trajectory': np.float64(90.0)}",Medium
Eric Bledsoe,2015-16,65.34,75.24,Luxury Amplifier,High Scaling,Latent Engine,0.0429999999999999,1,0,Steps Up,True,"CII 65.3, TII 75.2: High potential (limited career data)","{'self_created': np.float64(73.43), 'pressure_appetite': np.float64(70.06), 'difficulty_embrace': np.float64(60.49), 'defensive_survival': np.float64(62.88), 'force_multiplication': np.float64(42.71)}","{'scaling_efficiency': np.float64(68.02912793271358), 'pressure_appetite': np.float64(69.78518518518516), 'creation_tools': np.float64(95.0), 'opportunity_response': np.float64(70.31428571428572), 'age_trajectory': np.float64(78.33)}",Medium
Eric Gordon,2015-16,26.38,49.25,Role Player,Limited Scaling,Role Player,-0.042,0,1,Hides,False,"Low CII 26.4, low TII 49.2","{'self_created': np.float64(25.42), 'pressure_appetite': np.float64(22.75), 'difficulty_embrace': np.float64(23.33), 'defensive_survival': np.float64(48.62), 'force_multiplication': np.float64(11.07)}","{'scaling_efficiency': np.float64(41.09537474790886), 'pressure_appetite': np.float64(23.200000000000003), 'creation_tools': np.float64(63.37460050462573), 'opportunity_response': np.float64(75.2), 'age_trajectory': np.float64(71.66)}",Medium
Ersan Ilyasova,2015-16,14.39,31.36,Role Player,Low Scaling,Role Player,-0.0429999999999999,0,1,Hides,True,"Low CII 14.4, low TII 31.4","{'self_created': np.float64(7.61), 'pressure_appetite': np.float64(16.83), 'difficulty_embrace': np.float64(20.11), 'defensive_survival': np.float64(20.7), 'force_multiplication': np.float64(7.75)}","{'scaling_efficiency': np.float64(8.248338028169018), 'pressure_appetite': np.float64(22.80000000000004), 'creation_tools': np.float64(48.02217705510388), 'opportunity_response': np.float64(52.77142857142857), 'age_trajectory': np.float64(56.67)}",Medium
Evan Fournier,2015-16,30.22,61.74,Role Player,Moderate Scaling,Developing Prospect,-0.018,0,1,Mixed,False,"Low CII 30.2, moderate TII 61.7","{'self_created': np.float64(29.54), 'pressure_appetite': np.float64(33.27), 'difficulty_embrace': np.float64(20.04), 'defensive_survival': np.float64(42.76), 'force_multiplication': np.float64(26.14)}","{'scaling_efficiency': np.float64(50.83382861635218), 'pressure_appetite': np.float64(50.379999999999995), 'creation_tools': np.float64(58.62073170731707), 'opportunity_response': np.float64(84.5), 'age_trajectory': np.float64(95.0)}",Medium
Evan Turner,2015-16,40.47,60.96,Fragile Star,Moderate Scaling,Role Player,-0.0149999999999999,0,1,Mixed,True,"Low CII 40.5, moderate TII 61.0 (Age 27 > 25, reclassified from Developing Prospect)","{'self_created': np.float64(38.9), 'pressure_appetite': np.float64(31.61), 'difficulty_embrace': np.float64(47.29), 'defensive_survival': np.float64(53.31), 'force_multiplication': np.float64(34.44)}","{'scaling_efficiency': np.float64(50.02042049397837), 'pressure_appetite': np.float64(55.532608695652215), 'creation_tools': np.float64(83.25), 'opportunity_response': np.float64(55.0), 'age_trajectory': np.float64(71.66)}",Medium
Festus Ezeli,2015-16,6.64,22.61,Role Player,Low Scaling,Role Player,-0.0769999999999999,0,1,Hides,False,"Low CII 6.6, low TII 22.6","{'self_created': np.float64(0.45), 'pressure_appetite': np.float64(10.0), 'difficulty_embrace': np.float64(1.0), 'defensive_survival': np.float64(20.81), 'force_multiplication': np.float64(6.85)}","{'scaling_efficiency': np.float64(9.541775633933716), 'pressure_appetite': np.float64(9.200000000000038), 'creation_tools': np.float64(9.586114556060815), 'opportunity_response': np.float64(51.31428571428572), 'age_trajectory': np.float64(78.33)}",Medium
Frank Kaminsky,2015-16,11.89,33.81,Role Player,Low Scaling,Role Player,-0.0289999999999999,0,1,Hides,False,"Low CII 11.9, low TII 33.8","{'self_created': np.float64(5.82), 'pressure_appetite': np.float64(20.68), 'difficulty_embrace': np.float64(7.0), 'defensive_survival': np.float64(18.01), 'force_multiplication': np.float64(8.7)}","{'scaling_efficiency': np.float64(6.801986981184161), 'pressure_appetite': np.float64(41.18875502008036), 'creation_tools': np.float64(23.023361739641494), 'opportunity_response': np.float64(49.08571428571429), 'age_trajectory': np.float64(95.0)}",Medium
Garrett Temple,2015-16,19.2,39.03,Role Player,Limited Scaling,Role Player,-0.004,0,1,Mixed,False,"Low CII 19.2, low TII 39.0","{'self_created': np.float64(7.59), 'pressure_appetite': np.float64(29.29), 'difficulty_embrace': np.float64(14.16), 'defensive_survival': np.float64(34.29), 'force_multiplication': np.float64(16.2)}","{'scaling_efficiency': np.float64(15.225194805194807), 'pressure_appetite': np.float64(52.15238095238095), 'creation_tools': np.float64(44.00284552845528), 'opportunity_response': np.float64(51.91428571428571), 'age_trajectory': np.float64(48.34)}",Medium
Gary Harris,2015-16,17.43,43.76,Role Player,Limited Scaling,Role Player,-0.043,0,1,Hides,True,"Low CII 17.4, low TII 43.8","{'self_created': np.float64(14.59), 'pressure_appetite': np.float64(12.83), 'difficulty_embrace': np.float64(21.14), 'defensive_survival': np.float64(27.98), 'force_multiplication': np.float64(14.21)}","{'scaling_efficiency': np.float64(24.4061129032258), 'pressure_appetite': np.float64(22.800000000000004), 'creation_tools': np.float64(55.31585365853658), 'opportunity_response': np.float64(64.5142857142857), 'age_trajectory': np.int64(100)}",Medium
Gary Neal,2015-16,43.06,56.08,Fragile Star,Moderate Scaling,Role Player,0.01,1,0,Steps Up,True,"Low CII 43.1, moderate TII 56.1 (Age 31 > 25, reclassified from Developing Prospect)","{'self_created': np.float64(38.15), 'pressure_appetite': np.float64(46.94), 'difficulty_embrace': np.float64(48.0), 'defensive_survival': np.float64(55.41), 'force_multiplication': np.float64(19.71)}","{'scaling_efficiency': np.float64(41.48226166328602), 'pressure_appetite': np.float64(62.94117647058823), 'creation_tools': np.float64(78.73840267814444), 'opportunity_response': np.float64(54.31428571428572), 'age_trajectory': np.float64(40.01)}",Medium
George Hill,2015-16,28.21,55.7,Role Player,Moderate Scaling,Role Player,-0.0579999999999999,0,1,Hides,True,"Low CII 28.2, moderate TII 55.7 (Age 30 > 25, reclassified from Developing Prospect)","{'self_created': np.float64(38.01), 'pressure_appetite': np.float64(10.0), 'difficulty_embrace': np.float64(36.94), 'defensive_survival': np.float64(36.63), 'force_multiplication': np.float64(14.24)}","{'scaling_efficiency': np.float64(67.69104696370884), 'pressure_appetite': np.float64(16.80000000000004), 'creation_tools': np.float64(82.13333333333333), 'opportunity_response': np.float64(66.22857142857143), 'age_trajectory': np.float64(48.34)}",Medium
Gerald Green,2015-16,22.83,33.0,Role Player,Low Scaling,Role Player,-0.0549999999999999,0,1,Hides,True,"Low CII 22.8, low TII 33.0","{'self_created': np.float64(13.79), 'pressure_appetite': np.float64(16.17), 'difficulty_embrace': np.float64(35.9), 'defensive_survival': np.float64(43.85), 'force_multiplication': np.float64(8.94)}","{'scaling_efficiency': np.float64(11.821763392857141), 'pressure_appetite': np.float64(18.00000000000004), 'creation_tools': np.float64(62.8045731707317), 'opportunity_response': np.float64(50.371428571428574), 'age_trajectory': np.float64(48.34)}",Medium
Gerald Henderson,2015-16,23.9,39.38,Role Player,Limited Scaling,Role Player,-0.083,0,1,Hides,True,"Low CII 23.9, low TII 39.4","{'self_created': np.float64(23.3), 'pressure_appetite': np.float64(13.0), 'difficulty_embrace': np.float64(43.37), 'defensive_survival': np.float64(26.89), 'force_multiplication': np.float64(9.52)}","{'scaling_efficiency': np.float64(29.837436626391852), 'pressure_appetite': np.float64(6.800000000000002), 'creation_tools': np.float64(75.0905836670307), 'opportunity_response': np.float64(48.05714285714285), 'age_trajectory': np.float64(64.99000000000001)}",Medium
Giannis Antetokounmpo,2015-16,32.84,54.41,Role Player,Moderate Scaling,Role Player,-0.043,0,1,Hides,False,"Low CII 32.8, low TII 54.4","{'self_created': np.float64(35.93), 'pressure_appetite': np.float64(26.33), 'difficulty_embrace': np.float64(22.96), 'defensive_survival': np.float64(43.48), 'force_multiplication': np.float64(43.61)}","{'scaling_efficiency': np.float64(50.303995061904715), 'pressure_appetite': np.float64(22.800000000000004), 'creation_tools': np.float64(62.58116653790972), 'opportunity_response': np.float64(74.0), 'age_trajectory': np.int64(100)}",Medium
Goran Dragic,2015-16,36.63,48.44,Role Player,Limited Scaling,Role Player,-0.0999999999999999,0,1,Hides,True,"Low CII 36.6, low TII 48.4","{'self_created': np.float64(48.92), 'pressure_appetite': np.float64(11.83), 'difficulty_embrace': np.float64(46.87), 'defensive_survival': np.float64(45.94), 'force_multiplication': np.float64(27.3)}","{'scaling_efficiency': np.float64(58.41503949447079), 'pressure_appetite': np.float64(4.440892098500626e-14), 'creation_tools': np.float64(86.08767772511848), 'opportunity_response': np.float64(59.114285714285714), 'age_trajectory': np.float64(48.34)}",Medium
Gordon Hayward,2015-16,49.88,66.77,Fragile Star,High Scaling,Strong Creator,0.006,1,0,Mixed,True,"CII 49.9, TII 66.8","{'self_created': np.float64(50.25), 'pressure_appetite': np.float64(52.44), 'difficulty_embrace': np.float64(41.6), 'defensive_survival': np.float64(57.92), 'force_multiplication': np.float64(46.89)}","{'scaling_efficiency': np.float64(54.20431335236283), 'pressure_appetite': np.float64(64.64), 'creation_tools': np.float64(77.06463414634146), 'opportunity_response': np.float64(74.0), 'age_trajectory': np.float64(78.33)}",Medium
Gorgui Dieng,2015-16,27.52,52.9,Role Player,Moderate Scaling,Role Player,-0.004,0,1,Mixed,True,"Low CII 27.5, low TII 52.9","{'self_created': np.float64(10.71), 'pressure_appetite': np.float64(33.71), 'difficulty_embrace': np.float64(24.5), 'defensive_survival': np.float64(56.61), 'force_multiplication': np.float64(24.85)}","{'scaling_efficiency': np.float64(27.20969989047097), 'pressure_appetite': np.float64(64.23030303030303), 'creation_tools': np.float64(44.18720128110372), 'opportunity_response': np.float64(80.05142857142857), 'age_trajectory': np.float64(78.33)}",Medium
Greg Monroe,2015-16,28.56,37.8,Role Player,Limited Scaling,Role Player,-0.035,0,1,Hides,False,"Low CII 28.6, low TII 37.8","{'self_created': np.float64(20.54), 'pressure_appetite': np.float64(31.91), 'difficulty_embrace': np.float64(9.9), 'defensive_survival': np.float64(47.56), 'force_multiplication': np.float64(53.11)}","{'scaling_efficiency': np.float64(26.261896494750125), 'pressure_appetite': np.float64(25.999999999999996), 'creation_tools': np.float64(26.104262133530426), 'opportunity_response': np.float64(69.11428571428571), 'age_trajectory': np.float64(78.33)}",Medium
Harrison Barnes,2015-16,21.97,47.57,Role Player,Limited Scaling,Role Player,-0.0409999999999999,0,1,Hides,True,"Low CII 22.0, low TII 47.6","{'self_created': np.float64(12.74), 'pressure_appetite': np.float64(12.5), 'difficulty_embrace': np.float64(29.49), 'defensive_survival': np.float64(49.76), 'force_multiplication': np.float64(16.61)}","{'scaling_efficiency': np.float64(34.61757522704893), 'pressure_appetite': np.float64(23.600000000000037), 'creation_tools': np.float64(63.794340212632896), 'opportunity_response': np.float64(63.48571428571428), 'age_trajectory': np.float64(90.0)}",Medium
Hassan Whiteside,2015-16,26.27,49.61,Role Player,Limited Scaling,Role Player,-0.02,0,1,Hides,False,"Low CII 26.3, low TII 49.6","{'self_created': np.float64(17.16), 'pressure_appetite': np.float64(32.53), 'difficulty_embrace': np.float64(10.6), 'defensive_survival': np.float64(51.55), 'force_multiplication': np.float64(31.37)}","{'scaling_efficiency': np.float64(31.863276966965724), 'pressure_appetite': np.float64(57.54228855721392), 'creation_tools': np.float64(25.43097925009101), 'opportunity_response': np.float64(89.43714285714286), 'age_trajectory': np.float64(71.66)}",Medium
Hollis Thompson,2015-16,12.57,33.59,Role Player,Low Scaling,Role Player,-0.064,0,1,Hides,True,"Low CII 12.6, low TII 33.6","{'self_created': np.float64(3.69), 'pressure_appetite': np.float64(10.0), 'difficulty_embrace': np.float64(15.97), 'defensive_survival': np.float64(36.84), 'force_multiplication': np.float64(2.43)}","{'scaling_efficiency': np.float64(11.111416524625461), 'pressure_appetite': np.float64(14.399999999999999), 'creation_tools': np.float64(49.53274299621977), 'opportunity_response': np.float64(55.0), 'age_trajectory': np.float64(85.0)}",Medium
Ian Mahinmi,2015-16,15.32,37.03,Role Player,Limited Scaling,Role Player,-0.0199999999999999,0,1,Mixed,False,"Low CII 15.3, low TII 37.0","{'self_created': np.float64(5.25), 'pressure_appetite': np.float64(23.52), 'difficulty_embrace': np.float64(4.2), 'defensive_survival': np.float64(31.67), 'force_multiplication': np.float64(22.7)}","{'scaling_efficiency': np.float64(17.633838731535434), 'pressure_appetite': np.float64(45.04033970276012), 'creation_tools': np.float64(15.100000000000001), 'opportunity_response': np.float64(78.63714285714286), 'age_trajectory': np.float64(56.67)}",Medium
Iman Shumpert,2015-16,17.32,43.55,Role Player,Limited Scaling,Role Player,-0.022,0,1,Hides,True,"Low CII 17.3, low TII 43.5","{'self_created': np.float64(10.31), 'pressure_appetite': np.float64(16.18), 'difficulty_embrace': np.float64(27.24), 'defensive_survival': np.float64(26.58), 'force_multiplication': np.float64(7.45)}","{'scaling_efficiency': np.float64(15.367521367521364), 'pressure_appetite': np.float64(43.620512820512815), 'creation_tools': np.float64(62.06322701688555), 'opportunity_response': np.float64(51.91428571428571), 'age_trajectory': np.float64(78.33)}",Medium
Isaiah Canaan,2015-16,25.61,49.5,Role Player,Limited Scaling,Role Player,-0.0219999999999999,0,1,Hides,False,"Low CII 25.6, low TII 49.5","{'self_created': np.float64(23.79), 'pressure_appetite': np.float64(29.59), 'difficulty_embrace': np.float64(25.07), 'defensive_survival': np.float64(28.08), 'force_multiplication': np.float64(18.46)}","{'scaling_efficiency': np.float64(33.85422324681397), 'pressure_appetite': np.float64(44.59336823734733), 'creation_tools': np.float64(58.81879921678798), 'opportunity_response': np.float64(52.857142857142854), 'age_trajectory': np.float64(85.0)}",Medium
Isaiah Thomas,2015-16,62.06,72.86,Luxury Amplifier,High Scaling,Latent Engine,0.031,1,0,Steps Up,True,"Medium CII 62.1, high TII 72.9, has tools","{'self_created': np.float64(60.84), 'pressure_appetite': np.float64(68.1), 'difficulty_embrace': np.float64(47.7), 'defensive_survival': np.float64(72.79), 'force_multiplication': np.float64(63.2)}","{'scaling_efficiency': np.float64(67.16716708713014), 'pressure_appetite': np.float64(78.34532871972318), 'creation_tools': np.float64(78.35814696036233), 'opportunity_response': np.float64(68.6), 'age_trajectory': np.float64(71.66)}",Medium
Ish Smith,2015-16,56.54,71.87,Luxury Amplifier,High Scaling,Latent Engine,0.1,1,0,Steps Up,True,"Medium CII 56.5, high TII 71.9, has tools","{'self_created': np.float64(38.84), 'pressure_appetite': np.float64(79.17), 'difficulty_embrace': np.float64(50.64), 'defensive_survival': np.float64(63.66), 'force_multiplication': np.float64(54.22)}","{'scaling_efficiency': np.float64(54.666666666666664), 'pressure_appetite': np.float64(85.0), 'creation_tools': np.float64(93.3), 'opportunity_response': np.float64(55.94285714285715), 'age_trajectory': np.float64(71.66)}",Medium
J.J. Barea,2015-16,45.98,59.53,Fragile Star,Moderate Scaling,Strong Creator,0.003,1,0,Mixed,True,"CII 46.0, TII 59.5","{'self_created': np.float64(47.33), 'pressure_appetite': np.float64(47.79), 'difficulty_embrace': np.float64(40.21), 'defensive_survival': np.float64(55.12), 'force_multiplication': np.float64(35.19)}","{'scaling_efficiency': np.float64(56.661721251819515), 'pressure_appetite': np.float64(59.38602620087336), 'creation_tools': np.float64(83.19884616750097), 'opportunity_response': np.float64(50.28571428571429), 'age_trajectory': np.float64(35.0)}",Medium
JJ Redick,2015-16,31.13,53.29,Role Player,Moderate Scaling,Role Player,-0.034,0,1,Hides,True,"Low CII 31.1, low TII 53.3","{'self_created': np.float64(15.44), 'pressure_appetite': np.float64(30.06), 'difficulty_embrace': np.float64(45.53), 'defensive_survival': np.float64(56.55), 'force_multiplication': np.float64(13.9)}","{'scaling_efficiency': np.float64(49.410966409575586), 'pressure_appetite': np.float64(26.4), 'creation_tools': np.float64(77.79711751662971), 'opportunity_response': np.float64(85.4), 'age_trajectory': np.float64(35.0)}",Medium
JR Smith,2015-16,19.28,38.72,Role Player,Limited Scaling,Role Player,-0.0779999999999999,0,1,Hides,True,"Low CII 19.3, low TII 38.7","{'self_created': np.float64(18.96), 'pressure_appetite': np.float64(10.0), 'difficulty_embrace': np.float64(31.71), 'defensive_survival': np.float64(29.32), 'force_multiplication': np.float64(3.53)}","{'scaling_efficiency': np.float64(31.478289858556728), 'pressure_appetite': np.float64(8.80000000000004), 'creation_tools': np.float64(68.24587984015433), 'opportunity_response': np.float64(57.31428571428572), 'age_trajectory': np.float64(48.34)}",Medium
JaKarr Sampson,2015-16,19.5,36.72,Role Player,Limited Scaling,Role Player,-0.011,0,1,Mixed,False,"Low CII 19.5, low TII 36.7","{'self_created': np.float64(10.84), 'pressure_appetite': np.float64(30.0), 'difficulty_embrace': np.float64(6.19), 'defensive_survival': np.float64(42.35), 'force_multiplication': np.float64(11.59)}","{'scaling_efficiency': np.float64(7.45965586903518), 'pressure_appetite': np.float64(57.133333333333326), 'creation_tools': np.float64(20.001933973885194), 'opportunity_response': np.float64(44.628571428571426), 'age_trajectory': np.float64(95.0)}",Medium
Jabari Parker,2015-16,22.2,41.65,Role Player,Limited Scaling,Role Player,-0.0779999999999999,0,1,Hides,True,"Low CII 22.2, low TII 41.6","{'self_created': np.float64(13.37), 'pressure_appetite': np.float64(14.67), 'difficulty_embrace': np.float64(28.59), 'defensive_survival': np.float64(40.21), 'force_multiplication': np.float64(27.67)}","{'scaling_efficiency': np.float64(28.611428789847878), 'pressure_appetite': np.float64(8.80000000000004), 'creation_tools': np.float64(60.716370668561055), 'opportunity_response': np.float64(58.17142857142857), 'age_trajectory': np.int64(100)}",Medium
Jae Crowder,2015-16,22.58,53.72,Role Player,Moderate Scaling,Role Player,-0.0259999999999999,0,1,Hides,True,"Low CII 22.6, low TII 53.7","{'self_created': np.float64(7.68), 'pressure_appetite': np.float64(25.55), 'difficulty_embrace': np.float64(23.5), 'defensive_survival': np.float64(53.41), 'force_multiplication': np.float64(11.77)}","{'scaling_efficiency': np.float64(30.659082196414456), 'pressure_appetite': np.float64(54.747697974217346), 'creation_tools': np.float64(56.128201500247044), 'opportunity_response': np.float64(74.08571428571429), 'age_trajectory': np.float64(85.0)}",Medium
Jahlil Okafor,2015-16,31.34,46.27,Role Player,Limited Scaling,Role Player,-0.085,0,1,Hides,True,"Low CII 31.3, low TII 46.3","{'self_created': np.float64(34.76), 'pressure_appetite': np.float64(24.5), 'difficulty_embrace': np.float64(25.8), 'defensive_survival': np.float64(29.28), 'force_multiplication': np.float64(52.36)}","{'scaling_efficiency': np.float64(48.801018799272285), 'pressure_appetite': np.float64(6.000000000000001), 'creation_tools': np.float64(58.10043041606886), 'opportunity_response': np.float64(56.71428571428571), 'age_trajectory': np.int64(100)}",Medium
Jamal Crawford,2015-16,43.98,42.3,Fragile Star,Limited Scaling,Role Player,-0.0489999999999999,0,1,Hides,True,"Low CII 44.0, low TII 42.3","{'self_created': np.float64(48.28), 'pressure_appetite': np.float64(27.7), 'difficulty_embrace': np.float64(54.54), 'defensive_survival': np.float64(56.55), 'force_multiplication': np.float64(31.79)}","{'scaling_efficiency': np.float64(39.46210208950862), 'pressure_appetite': np.float64(20.400000000000045), 'creation_tools': np.float64(76.25), 'opportunity_response': np.float64(54.05714285714286), 'age_trajectory': np.int64(20)}",Medium
Jameer Nelson,2015-16,42.31,60.38,Fragile Star,Moderate Scaling,Role Player,0.04,1,0,Steps Up,True,"Low CII 42.3, moderate TII 60.4 (Age 34 > 25, reclassified from Developing Prospect)","{'self_created': np.float64(32.24), 'pressure_appetite': np.float64(56.89), 'difficulty_embrace': np.float64(48.46), 'defensive_survival': np.float64(42.08), 'force_multiplication': np.float64(24.16)}","{'scaling_efficiency': np.float64(49.13333333333333), 'pressure_appetite': np.float64(70.9079754601227), 'creation_tools': np.float64(86.7), 'opportunity_response': np.float64(53.8), 'age_trajectory': np.float64(25.0)}",Medium
James Harden,2015-16,81.57,78.49,Franchise Engine,High Scaling,Franchise Engine,0.077,1,0,Steps Up,True,CII 81.6 >= 74: Already elite creator,"{'self_created': np.float64(90.82), 'pressure_appetite': np.float64(88.82), 'difficulty_embrace': np.float64(68.74), 'defensive_survival': np.float64(71.93), 'force_multiplication': np.float64(75.85)}","{'scaling_efficiency': np.float64(74.47641495225503), 'pressure_appetite': np.float64(75.52758620689656), 'creation_tools': np.float64(82.65), 'opportunity_response': np.float64(86.0), 'age_trajectory': np.float64(78.33)}",Medium
Jared Dudley,2015-16,17.99,46.57,Role Player,Limited Scaling,Role Player,-0.002,0,1,Mixed,True,"Low CII 18.0, low TII 46.6","{'self_created': np.float64(1.13), 'pressure_appetite': np.float64(28.22), 'difficulty_embrace': np.float64(27.5), 'defensive_survival': np.float64(30.46), 'force_multiplication': np.float64(5.23)}","{'scaling_efficiency': np.float64(24.944745547341952), 'pressure_appetite': np.float64(53.0498687664042), 'creation_tools': np.float64(45.7547532168235), 'opportunity_response': np.float64(78.92), 'age_trajectory': np.float64(48.34)}",Medium
Jared Sullinger,2015-16,22.55,33.88,Role Player,Low Scaling,Role Player,-0.0459999999999999,0,1,Hides,True,"Low CII 22.6, low TII 33.9","{'self_created': np.float64(7.99), 'pressure_appetite': np.float64(23.89), 'difficulty_embrace': np.float64(31.59), 'defensive_survival': np.float64(33.22), 'force_multiplication': np.float64(28.82)}","{'scaling_efficiency': np.float64(9.212314335060446), 'pressure_appetite': np.float64(21.600000000000037), 'creation_tools': np.float64(45.18119542306534), 'opportunity_response': np.float64(51.22857142857143), 'age_trajectory': np.float64(90.0)}",Medium
Jarrett Jack,2015-16,49.45,61.04,Fragile Star,Moderate Scaling,Strong Creator,0.013,1,0,Steps Up,True,"CII 49.5, TII 61.0","{'self_created': np.float64(48.72), 'pressure_appetite': np.float64(49.07), 'difficulty_embrace': np.float64(61.01), 'defensive_survival': np.float64(49.37), 'force_multiplication': np.float64(29.61)}","{'scaling_efficiency': np.float64(50.09762885013804), 'pressure_appetite': np.float64(60.33205741626794), 'creation_tools': np.float64(93.25), 'opportunity_response': np.float64(58.51428571428571), 'age_trajectory': np.float64(35.0)}",Medium
Jason Smith,2015-16,11.0,20.79,Role Player,Low Scaling,Role Player,-0.13,0,1,Hides,True,"Low CII 11.0, low TII 20.8","{'self_created': np.float64(0.48), 'pressure_appetite': np.float64(10.0), 'difficulty_embrace': np.float64(31.6), 'defensive_survival': np.float64(8.98), 'force_multiplication': np.float64(6.85)}","{'scaling_efficiency': np.float64(6.268797189146985), 'pressure_appetite': np.float64(0.0), 'creation_tools': np.float64(37.17692250316999), 'opportunity_response': np.float64(44.285714285714285), 'age_trajectory': np.float64(48.34)}",Medium
Jason Terry,2015-16,28.49,44.28,Role Player,Limited Scaling,Role Player,0.036,1,0,Steps Up,False,"Low CII 28.5, low TII 44.3","{'self_created': np.float64(9.61), 'pressure_appetite': np.float64(53.46), 'difficulty_embrace': np.float64(12.84), 'defensive_survival': np.float64(57.28), 'force_multiplication': np.float64(10.84)}","{'scaling_efficiency': np.float64(19.589528827337052), 'pressure_appetite': np.float64(82.13150684931506), 'creation_tools': np.float64(44.8327430671567), 'opportunity_response': np.float64(46.0), 'age_trajectory': np.int64(20)}",Medium
Jeff Green,2015-16,36.08,50.67,Role Player,Moderate Scaling,Role Player,0.01,1,0,Steps Up,True,"Low CII 36.1, low TII 50.7","{'self_created': np.float64(23.21), 'pressure_appetite': np.float64(46.94), 'difficulty_embrace': np.float64(24.03), 'defensive_survival': np.float64(60.32), 'force_multiplication': np.float64(35.28)}","{'scaling_efficiency': np.float64(24.83754658888349), 'pressure_appetite': np.float64(70.94117647058823), 'creation_tools': np.float64(57.6996572612785), 'opportunity_response': np.float64(55.17142857142857), 'age_trajectory': np.float64(56.67)}",Medium
Jeff Teague,2015-16,57.81,73.28,Luxury Amplifier,High Scaling,Latent Engine,0.0479999999999999,1,0,Steps Up,True,"Medium CII 57.8, high TII 73.3, has tools","{'self_created': np.float64(57.4), 'pressure_appetite': np.float64(70.62), 'difficulty_embrace': np.float64(38.21), 'defensive_survival': np.float64(63.04), 'force_multiplication': np.float64(58.35)}","{'scaling_efficiency': np.float64(70.51007301502351), 'pressure_appetite': np.float64(79.30656370656368), 'creation_tools': np.float64(77.70604262799384), 'opportunity_response': np.float64(68.42857142857143), 'age_trajectory': np.float64(64.99000000000001)}",Medium
Jerami Grant,2015-16,15.3,35.26,Role Player,Limited Scaling,Role Player,-0.0259999999999999,0,1,Hides,False,"Low CII 15.3, low TII 35.3","{'self_created': np.float64(5.44), 'pressure_appetite': np.float64(25.12), 'difficulty_embrace': np.float64(4.59), 'defensive_survival': np.float64(18.89), 'force_multiplication': np.float64(36.37)}","{'scaling_efficiency': np.float64(7.644671605697079), 'pressure_appetite': np.float64(42.71880819366856), 'creation_tools': np.float64(20.936978244084116), 'opportunity_response': np.float64(53.971428571428575), 'age_trajectory': np.int64(100)}",Medium
Jeremy Lin,2015-16,35.36,49.27,Role Player,Limited Scaling,Role Player,-0.038,0,1,Hides,True,"Low CII 35.4, low TII 49.3","{'self_created': np.float64(34.9), 'pressure_appetite': np.float64(27.66), 'difficulty_embrace': np.float64(30.27), 'defensive_survival': np.float64(52.5), 'force_multiplication': np.float64(40.45)}","{'scaling_efficiency': np.float64(45.16203783384678), 'pressure_appetite': np.float64(24.800000000000004), 'creation_tools': np.float64(71.61178861788618), 'opportunity_response': np.float64(53.542857142857144), 'age_trajectory': np.float64(71.66)}",Medium
Jerian Grant,2015-16,45.76,59.91,Fragile Star,Moderate Scaling,Strong Creator,0.1029999999999999,1,0,Steps Up,True,"CII 45.8, TII 59.9","{'self_created': np.float64(23.98), 'pressure_appetite': np.float64(71.33), 'difficulty_embrace': np.float64(26.31), 'defensive_survival': np.float64(76.72), 'force_multiplication': np.float64(39.68)}","{'scaling_efficiency': np.float64(27.44), 'pressure_appetite': np.float64(93.29999999999998), 'creation_tools': np.float64(60.36847945506482), 'opportunity_response': np.float64(45.22857142857143), 'age_trajectory': np.float64(95.0)}",Medium
Jerryd Bayless,2015-16,28.72,61.38,Role Player,Moderate Scaling,Role Player,-0.004,0,1,Mixed,True,"Low CII 28.7, moderate TII 61.4 (Age 27 > 25, reclassified from Developing Prospect)","{'self_created': np.float64(21.84), 'pressure_appetite': np.float64(33.54), 'difficulty_embrace': np.float64(26.29), 'defensive_survival': np.float64(48.62), 'force_multiplication': np.float64(12.35)}","{'scaling_efficiency': np.float64(48.95923093825531), 'pressure_appetite': np.float64(56.22764227642276), 'creation_tools': np.float64(73.50151695419393), 'opportunity_response': np.float64(71.77142857142857), 'age_trajectory': np.float64(71.66)}",Medium
Jimmy Butler III,2015-16,57.54,73.85,Luxury Amplifier,High Scaling,Latent Engine,0.038,1,0,Steps Up,True,"Medium CII 57.5, high TII 73.8, has tools","{'self_created': np.float64(50.57), 'pressure_appetite': np.float64(64.42), 'difficulty_embrace': np.float64(49.76), 'defensive_survival': np.float64(69.95), 'force_multiplication': np.float64(58.19)}","{'scaling_efficiency': np.float64(58.04720307427087), 'pressure_appetite': np.float64(80.7404958677686), 'creation_tools': np.float64(86.6), 'opportunity_response': np.float64(74.0), 'age_trajectory': np.float64(78.33)}",Medium
Joakim Noah,2015-16,9.12,19.61,Role Player,Low Scaling,Role Player,-0.082,0,1,Hides,False,"Low CII 9.1, low TII 19.6","{'self_created': np.float64(3.67), 'pressure_appetite': np.float64(10.0), 'difficulty_embrace': np.float64(4.8), 'defensive_survival': np.float64(28.12), 'force_multiplication': np.float64(3.45)}","{'scaling_efficiency': np.float64(8.199365217707085), 'pressure_appetite': np.float64(7.200000000000002), 'creation_tools': np.float64(19.4), 'opportunity_response': np.float64(49.77142857142857), 'age_trajectory': np.float64(40.01)}",Medium
Joe Ingles,2015-16,14.05,33.02,Role Player,Low Scaling,Role Player,-0.052,0,1,Hides,False,"Low CII 14.1, low TII 33.0","{'self_created': np.float64(10.86), 'pressure_appetite': np.float64(10.0), 'difficulty_embrace': np.float64(12.83), 'defensive_survival': np.float64(36.56), 'force_multiplication': np.float64(2.4)}","{'scaling_efficiency': np.float64(23.751201704545448), 'pressure_appetite': np.float64(19.200000000000003), 'creation_tools': np.float64(35.4109756097561), 'opportunity_response': np.float64(50.114285714285714), 'age_trajectory': np.float64(64.99000000000001)}",Medium
Joe Johnson,2015-16,46.52,59.87,Fragile Star,Moderate Scaling,Strong Creator,0.055,1,0,Steps Up,True,"CII 46.5, TII 59.9","{'self_created': np.float64(39.71), 'pressure_appetite': np.float64(62.17), 'difficulty_embrace': np.float64(37.49), 'defensive_survival': np.float64(57.31), 'force_multiplication': np.float64(29.73)}","{'scaling_efficiency': np.float64(47.428795015845594), 'pressure_appetite': np.float64(78.67977528089888), 'creation_tools': np.float64(75.15), 'opportunity_response': np.float64(59.62857142857143), 'age_trajectory': np.int64(20)}",Medium
Joffrey Lauvergne,2015-16,15.81,36.14,Role Player,Limited Scaling,Role Player,-0.044,0,1,Hides,True,"Low CII 15.8, low TII 36.1","{'self_created': np.float64(7.34), 'pressure_appetite': np.float64(20.2), 'difficulty_embrace': np.float64(16.7), 'defensive_survival': np.float64(24.66), 'force_multiplication': np.float64(15.21)}","{'scaling_efficiency': np.float64(19.580909850554384), 'pressure_appetite': np.float64(22.400000000000002), 'creation_tools': np.float64(31.77288037166086), 'opportunity_response': np.float64(62.08571428571429), 'age_trajectory': np.float64(90.0)}",Medium
John Henson,2015-16,11.54,29.79,Role Player,Low Scaling,Role Player,-0.0509999999999999,0,1,Hides,False,"Low CII 11.5, low TII 29.8","{'self_created': np.float64(4.5), 'pressure_appetite': np.float64(16.17), 'difficulty_embrace': np.float64(4.8), 'defensive_survival': np.float64(26.77), 'force_multiplication': np.float64(11.71)}","{'scaling_efficiency': np.float64(13.039601303431088), 'pressure_appetite': np.float64(19.60000000000004), 'creation_tools': np.float64(15.255059678256357), 'opportunity_response': np.float64(62.84), 'age_trajectory': np.float64(85.0)}",Medium
John Wall,2015-16,71.55,73.81,Strong Creator,High Scaling,Latent Engine,0.0759999999999999,1,0,Steps Up,True,"CII 71.5, TII 73.8: High potential (limited career data)","{'self_created': np.float64(61.76), 'pressure_appetite': np.float64(82.67), 'difficulty_embrace': np.float64(74.76), 'defensive_survival': np.float64(76.88), 'force_multiplication': np.float64(58.74)}","{'scaling_efficiency': np.float64(53.762730702559395), 'pressure_appetite': np.float64(88.02857142857141), 'creation_tools': np.float64(90.1), 'opportunity_response': np.float64(61.0), 'age_trajectory': np.float64(85.0)}",Medium
Jon Leuer,2015-16,19.63,38.96,Role Player,Limited Scaling,Role Player,-0.023,0,1,Hides,True,"Low CII 19.6, low TII 39.0","{'self_created': np.float64(11.55), 'pressure_appetite': np.float64(29.92), 'difficulty_embrace': np.float64(18.7), 'defensive_survival': np.float64(22.76), 'force_multiplication': np.float64(15.29)}","{'scaling_efficiency': np.float64(16.56963855421688), 'pressure_appetite': np.float64(44.210256410256406), 'creation_tools': np.float64(39.08917031478007), 'opportunity_response': np.float64(53.028571428571425), 'age_trajectory': np.float64(71.66)}",Medium
Jonas Jerebko,2015-16,16.04,34.8,Role Player,Low Scaling,Role Player,0.0149999999999999,1,0,Steps Up,False,"Low CII 16.0, low TII 34.8","{'self_created': np.float64(0.77), 'pressure_appetite': np.float64(39.77), 'difficulty_embrace': np.float64(8.3), 'defensive_survival': np.float64(22.98), 'force_multiplication': np.float64(7.58)}","{'scaling_efficiency': np.float64(7.350896229744038), 'pressure_appetite': np.float64(63.255639097744336), 'creation_tools': np.float64(22.60145485665383), 'opportunity_response': np.float64(43.94285714285714), 'age_trajectory': np.float64(56.67)}",Medium
Jonas Valančiūnas,2015-16,21.79,40.14,Role Player,Limited Scaling,Role Player,-0.061,0,1,Hides,True,"Low CII 21.8, low TII 40.1","{'self_created': np.float64(22.12), 'pressure_appetite': np.float64(17.17), 'difficulty_embrace': np.float64(11.2), 'defensive_survival': np.float64(40.28), 'force_multiplication': np.float64(25.77)}","{'scaling_efficiency': np.float64(29.510518621649837), 'pressure_appetite': np.float64(15.600000000000001), 'creation_tools': np.float64(27.09845369041926), 'opportunity_response': np.float64(86.42), 'age_trajectory': np.float64(90.0)}",Medium
Jordan Clarkson,2015-16,45.86,64.34,Fragile Star,Moderate Scaling,Strong Creator,0.003,1,0,Mixed,True,"CII 45.9, TII 64.3","{'self_created': np.float64(39.37), 'pressure_appetite': np.float64(47.13), 'difficulty_embrace': np.float64(43.21), 'defensive_survival': np.float64(66.69), 'force_multiplication': np.float64(36.26)}","{'scaling_efficiency': np.float64(39.29781742491822), 'pressure_appetite': np.float64(67.4), 'creation_tools': np.float64(89.50257452574526), 'opportunity_response': np.float64(58.68571428571428), 'age_trajectory': np.float64(90.0)}",Medium
Jose Calderon,2015-16,28.8,55.57,Role Player,Moderate Scaling,Role Player,-0.049,0,1,Hides,True,"Low CII 28.8, moderate TII 55.6 (Age 34 > 25, reclassified from Developing Prospect)","{'self_created': np.float64(37.72), 'pressure_appetite': np.float64(10.0), 'difficulty_embrace': np.float64(48.23), 'defensive_survival': np.float64(31.31), 'force_multiplication': np.float64(6.41)}","{'scaling_efficiency': np.float64(66.03840796019898), 'pressure_appetite': np.float64(20.4), 'creation_tools': np.float64(95.0), 'opportunity_response': np.float64(61.08571428571429), 'age_trajectory': np.float64(25.0)}",Medium
Josh Richardson,2015-16,18.3,39.74,Role Player,Limited Scaling,Role Player,-0.083,0,1,Hides,True,"Low CII 18.3, low TII 39.7","{'self_created': np.float64(18.44), 'pressure_appetite': np.float64(10.0), 'difficulty_embrace': np.float64(18.79), 'defensive_survival': np.float64(37.03), 'force_multiplication': np.float64(9.59)}","{'scaling_efficiency': np.float64(30.674159600125826), 'pressure_appetite': np.float64(6.800000000000002), 'creation_tools': np.float64(52.73822958378838), 'opportunity_response': np.float64(55.25714285714285), 'age_trajectory': np.int64(100)}",Medium
Jrue Holiday,2015-16,62.73,70.15,Luxury Amplifier,High Scaling,Latent Engine,0.037,1,0,Steps Up,True,"Medium CII 62.7, high TII 70.2, has tools","{'self_created': np.float64(56.84), 'pressure_appetite': np.float64(69.51), 'difficulty_embrace': np.float64(55.8), 'defensive_survival': np.float64(77.07), 'force_multiplication': np.float64(55.77)}","{'scaling_efficiency': np.float64(56.24778768639288), 'pressure_appetite': np.float64(80.01484098939929), 'creation_tools': np.float64(85.8), 'opportunity_response': np.float64(55.17142857142857), 'age_trajectory': np.float64(78.33)}",Medium
Julius Randle,2015-16,24.39,36.82,Role Player,Limited Scaling,Role Player,-0.0489999999999999,0,1,Hides,False,"Low CII 24.4, low TII 36.8","{'self_created': np.float64(19.33), 'pressure_appetite': np.float64(20.93), 'difficulty_embrace': np.float64(15.39), 'defensive_survival': np.float64(42.17), 'force_multiplication': np.float64(39.55)}","{'scaling_efficiency': np.float64(15.192672790137257), 'pressure_appetite': np.float64(20.400000000000045), 'creation_tools': np.float64(44.42129575601977), 'opportunity_response': np.float64(55.17142857142857), 'age_trajectory': np.int64(100)}",Medium
Justin Holiday,2015-16,14.14,27.48,Role Player,Low Scaling,Role Player,-0.085,0,1,Hides,True,"Low CII 14.1, low TII 27.5","{'self_created': np.float64(4.16), 'pressure_appetite': np.float64(10.0), 'difficulty_embrace': np.float64(20.64), 'defensive_survival': np.float64(40.64), 'force_multiplication': np.float64(1.65)}","{'scaling_efficiency': np.float64(11.32968120805369), 'pressure_appetite': np.float64(6.000000000000001), 'creation_tools': np.float64(44.45040650406504), 'opportunity_response': np.float64(43.51428571428571), 'age_trajectory': np.float64(71.66)}",Medium
Justise Winslow,2015-16,21.41,45.89,Role Player,Limited Scaling,Role Player,-0.003,0,1,Mixed,True,"Low CII 21.4, low TII 45.9","{'self_created': np.float64(8.44), 'pressure_appetite': np.float64(26.69), 'difficulty_embrace': np.float64(13.89), 'defensive_survival': np.float64(49.72), 'force_multiplication': np.float64(19.68)}","{'scaling_efficiency': np.float64(12.15427461817095), 'pressure_appetite': np.float64(64.55737704918033), 'creation_tools': np.float64(38.87885512461682), 'opportunity_response': np.float64(55.51428571428572), 'age_trajectory': np.int64(100)}",Medium
Karl-Anthony Towns,2015-16,27.03,45.82,Role Player,Limited Scaling,Role Player,-0.0579999999999999,0,1,Hides,True,"Low CII 27.0, low TII 45.8","{'self_created': np.float64(16.77), 'pressure_appetite': np.float64(24.85), 'difficulty_embrace': np.float64(31.79), 'defensive_survival': np.float64(38.84), 'force_multiplication': np.float64(35.98)}","{'scaling_efficiency': np.float64(30.07570510573664), 'pressure_appetite': np.float64(16.80000000000004), 'creation_tools': np.float64(51.86519288032386), 'opportunity_response': np.float64(81.5), 'age_trajectory': np.int64(100)}",Medium
Kawhi Leonard,2015-16,51.01,71.3,Fragile Star,High Scaling,Latent Engine,0.001,1,0,Mixed,True,"Medium CII 51.0, high TII 71.3, has tools","{'self_created': np.float64(53.13), 'pressure_appetite': np.float64(50.74), 'difficulty_embrace': np.float64(48.79), 'defensive_survival': np.float64(52.4), 'force_multiplication': np.float64(47.64)}","{'scaling_efficiency': np.float64(64.00085262395021), 'pressure_appetite': np.float64(54.43809523809524), 'creation_tools': np.float64(83.2), 'opportunity_response': np.float64(89.0), 'age_trajectory': np.float64(85.0)}",Medium
Kemba Walker,2015-16,75.18,80.81,Strong Creator,Elite Scaling,Franchise Engine,0.118,1,0,Steps Up,True,CII 75.2 >= 74: Already elite creator,"{'self_created': np.float64(74.2), 'pressure_appetite': np.float64(86.5), 'difficulty_embrace': np.float64(65.44), 'defensive_survival': np.float64(81.44), 'force_multiplication': np.float64(59.94)}","{'scaling_efficiency': np.float64(73.53605374962949), 'pressure_appetite': np.float64(90.8), 'creation_tools': np.float64(87.85), 'opportunity_response': np.float64(71.0), 'age_trajectory': np.float64(78.33)}",Medium
Kenneth Faried,2015-16,25.55,42.9,Role Player,Limited Scaling,Role Player,0.0069999999999999,1,0,Mixed,False,"Low CII 25.6, low TII 42.9","{'self_created': np.float64(11.28), 'pressure_appetite': np.float64(45.4), 'difficulty_embrace': np.float64(6.4), 'defensive_survival': np.float64(44.14), 'force_multiplication': np.float64(29.11)}","{'scaling_efficiency': np.float64(14.06518286767194), 'pressure_appetite': np.float64(65.46896551724134), 'creation_tools': np.float64(20.88556209700028), 'opportunity_response': np.float64(68.68571428571428), 'age_trajectory': np.float64(78.33)}",Medium
Kent Bazemore,2015-16,26.91,47.36,Role Player,Limited Scaling,Role Player,-0.019,0,1,Mixed,False,"Low CII 26.9, low TII 47.4","{'self_created': np.float64(18.02), 'pressure_appetite': np.float64(31.82), 'difficulty_embrace': np.float64(15.57), 'defensive_survival': np.float64(53.49), 'force_multiplication': np.float64(24.16)}","{'scaling_efficiency': np.float64(22.830619276861626), 'pressure_appetite': np.float64(57.91282051282051), 'creation_tools': np.float64(45.36240358557431), 'opportunity_response': np.float64(60.82857142857143), 'age_trajectory': np.float64(78.33)}",Medium
Kentavious Caldwell-Pope,2015-16,27.35,46.15,Role Player,Limited Scaling,Role Player,-0.0519999999999999,0,1,Hides,True,"Low CII 27.4, low TII 46.1","{'self_created': np.float64(28.21), 'pressure_appetite': np.float64(14.17), 'difficulty_embrace': np.float64(38.93), 'defensive_survival': np.float64(39.55), 'force_multiplication': np.float64(16.31)}","{'scaling_efficiency': np.float64(29.18906403231404), 'pressure_appetite': np.float64(19.20000000000004), 'creation_tools': np.float64(69.7), 'opportunity_response': np.float64(61.0), 'age_trajectory': np.float64(95.0)}",Medium
Kevin Durant,2015-16,70.34,77.35,Strong Creator,High Scaling,Latent Engine,0.091,1,0,Steps Up,True,"CII 70.3, TII 77.3: High potential (limited career data)","{'self_created': np.float64(63.8), 'pressure_appetite': np.float64(88.17), 'difficulty_embrace': np.float64(63.3), 'defensive_survival': np.float64(66.43), 'force_multiplication': np.float64(65.32)}","{'scaling_efficiency': np.float64(66.67495772705587), 'pressure_appetite': np.float64(78.20738255033558), 'creation_tools': np.float64(88.65), 'opportunity_response': np.float64(86.0), 'age_trajectory': np.float64(71.66)}",Medium
Kevin Garnett,2015-16,16.01,32.16,Role Player,Low Scaling,Role Player,-0.01,0,1,Mixed,True,"Low CII 16.0, low TII 32.2","{'self_created': np.float64(1.0), 'pressure_appetite': np.float64(20.4), 'difficulty_embrace': np.float64(32.8), 'defensive_survival': np.float64(23.25), 'force_multiplication': np.float64(5.59)}","{'scaling_efficiency': np.float64(6.559999999999999), 'pressure_appetite': np.float64(49.08771929824561), 'creation_tools': np.float64(46.978034517187275), 'opportunity_response': np.float64(43.51428571428571), 'age_trajectory': np.int64(20)}",Medium
Kevin Love,2015-16,18.52,34.48,Role Player,Low Scaling,Role Player,-0.076,0,1,Hides,True,"Low CII 18.5, low TII 34.5","{'self_created': np.float64(9.05), 'pressure_appetite': np.float64(19.5), 'difficulty_embrace': np.float64(19.36), 'defensive_survival': np.float64(29.73), 'force_multiplication': np.float64(25.99)}","{'scaling_efficiency': np.float64(20.15948883978215), 'pressure_appetite': np.float64(9.600000000000005), 'creation_tools': np.float64(48.571748839806), 'opportunity_response': np.float64(61.0), 'age_trajectory': np.float64(71.66)}",Medium
Kevin Seraphin,2015-16,17.78,25.15,Role Player,Low Scaling,Role Player,-0.098,0,1,Hides,True,"Low CII 17.8, low TII 25.1","{'self_created': np.float64(6.17), 'pressure_appetite': np.float64(13.5), 'difficulty_embrace': np.float64(32.8), 'defensive_survival': np.float64(31.37), 'force_multiplication': np.float64(12.92)}","{'scaling_efficiency': np.float64(10.001281415165568), 'pressure_appetite': np.float64(0.8000000000000007), 'creation_tools': np.float64(40.2762371459331), 'opportunity_response': np.float64(40.42857142857143), 'age_trajectory': np.float64(78.33)}",Medium
Khris Middleton,2015-16,56.9,70.54,Luxury Amplifier,High Scaling,Latent Engine,0.091,1,0,Steps Up,True,"Medium CII 56.9, high TII 70.5, has tools","{'self_created': np.float64(43.84), 'pressure_appetite': np.float64(75.83), 'difficulty_embrace': np.float64(54.26), 'defensive_survival': np.float64(63.94), 'force_multiplication': np.float64(43.45)}","{'scaling_efficiency': np.float64(46.20875164161683), 'pressure_appetite': np.float64(80.1), 'creation_tools': np.float64(82.75), 'opportunity_response': np.float64(74.0), 'age_trajectory': np.float64(90.0)}",Medium
Klay Thompson,2015-16,27.02,50.6,Role Player,Moderate Scaling,Role Player,-0.065,0,1,Hides,True,"Low CII 27.0, low TII 50.6","{'self_created': np.float64(15.58), 'pressure_appetite': np.float64(25.83), 'difficulty_embrace': np.float64(33.73), 'defensive_survival': np.float64(43.31), 'force_multiplication': np.float64(26.47)}","{'scaling_efficiency': np.float64(43.60425613809995), 'pressure_appetite': np.float64(14.0), 'creation_tools': np.float64(66.44987492182614), 'opportunity_response': np.float64(86.0), 'age_trajectory': np.float64(78.33)}",Medium
Kobe Bryant,2015-16,66.14,57.53,Luxury Amplifier,Moderate Scaling,Strong Creator,0.141,1,0,Steps Up,True,CII 66.1: Good creation (limited career data),"{'self_created': np.float64(39.45), 'pressure_appetite': np.float64(90.0), 'difficulty_embrace': np.float64(66.3), 'defensive_survival': np.float64(87.07), 'force_multiplication': np.float64(54.8)}","{'scaling_efficiency': np.float64(24.40360755767275), 'pressure_appetite': np.float64(97.1), 'creation_tools': np.float64(78.3), 'opportunity_response': np.float64(55.17142857142857), 'age_trajectory': np.int64(20)}",Medium
Kosta Koufos,2015-16,15.87,32.35,Role Player,Low Scaling,Role Player,-0.007,0,1,Mixed,False,"Low CII 15.9, low TII 32.4","{'self_created': np.float64(4.14), 'pressure_appetite': np.float64(29.74), 'difficulty_embrace': np.float64(3.8), 'defensive_survival': np.float64(35.43), 'force_multiplication': np.float64(11.19)}","{'scaling_efficiency': np.float64(8.595789473684214), 'pressure_appetite': np.float64(50.83771929824562), 'creation_tools': np.float64(13.995293110825845), 'opportunity_response': np.float64(47.285714285714285), 'age_trajectory': np.float64(71.66)}",Medium
Kristaps Porziņģis,2015-16,27.14,39.16,Role Player,Limited Scaling,Role Player,-0.036,0,1,Hides,True,"Low CII 27.1, low TII 39.2","{'self_created': np.float64(12.35), 'pressure_appetite': np.float64(33.94), 'difficulty_embrace': np.float64(31.87), 'defensive_survival': np.float64(38.19), 'force_multiplication': np.float64(28.52)}","{'scaling_efficiency': np.float64(11.584771464189489), 'pressure_appetite': np.float64(25.600000000000005), 'creation_tools': np.float64(54.89919033758239), 'opportunity_response': np.float64(55.34285714285714), 'age_trajectory': np.int64(100)}",Medium
Kyle Korver,2015-16,17.18,42.7,Role Player,Limited Scaling,Role Player,-0.046,0,1,Hides,True,"Low CII 17.2, low TII 42.7","{'self_created': np.float64(6.95), 'pressure_appetite': np.float64(10.0), 'difficulty_embrace': np.float64(32.9), 'defensive_survival': np.float64(38.27), 'force_multiplication': np.float64(2.7)}","{'scaling_efficiency': np.float64(33.088903932946465), 'pressure_appetite': np.float64(21.6), 'creation_tools': np.float64(72.33093126385809), 'opportunity_response': np.float64(72.71428571428571), 'age_trajectory': np.int64(20)}",Medium
Kyle Lowry,2015-16,61.59,72.13,Luxury Amplifier,High Scaling,Strong Creator,0.0349999999999999,1,0,Steps Up,True,"Medium CII 61.6, high TII 72.1, has tools (Age 30 > 28, reclassified from Latent Engine)","{'self_created': np.float64(68.98), 'pressure_appetite': np.float64(65.04), 'difficulty_embrace': np.float64(51.84), 'defensive_survival': np.float64(59.23), 'force_multiplication': np.float64(53.88)}","{'scaling_efficiency': np.float64(73.1647678805774), 'pressure_appetite': np.float64(67.73437499999997), 'creation_tools': np.float64(80.91666666666667), 'opportunity_response': np.float64(81.5), 'age_trajectory': np.float64(48.34)}",Medium
Kyrie Irving,2015-16,67.29,72.88,Luxury Amplifier,High Scaling,Latent Engine,0.044,1,0,Steps Up,True,"CII 67.3, TII 72.9: High potential (limited career data)","{'self_created': np.float64(63.07), 'pressure_appetite': np.float64(72.43), 'difficulty_embrace': np.float64(67.74), 'defensive_survival': np.float64(75.75), 'force_multiplication': np.float64(53.55)}","{'scaling_efficiency': np.float64(53.91128000506683), 'pressure_appetite': np.float64(81.88771929824561), 'creation_tools': np.float64(92.65), 'opportunity_response': np.float64(58.0), 'age_trajectory': np.float64(90.0)}",Medium
LaMarcus Aldridge,2015-16,32.07,46.29,Role Player,Limited Scaling,Role Player,-0.049,0,1,Hides,True,"Low CII 32.1, low TII 46.3","{'self_created': np.float64(22.2), 'pressure_appetite': np.float64(31.77), 'difficulty_embrace': np.float64(42.0), 'defensive_survival': np.float64(34.34), 'force_multiplication': np.float64(39.14)}","{'scaling_efficiency': np.float64(43.077623810097585), 'pressure_appetite': np.float64(20.4), 'creation_tools': np.float64(64.47003214218188), 'opportunity_response': np.float64(70.22857142857143), 'age_trajectory': np.float64(48.34)}",Medium
Lance Stephenson,2015-16,39.78,59.19,Role Player,Moderate Scaling,Developing Prospect,0.0,0,0,Mixed,True,"Low CII 39.8, moderate TII 59.2","{'self_created': np.float64(44.86), 'pressure_appetite': np.float64(40.67), 'difficulty_embrace': np.float64(27.56), 'defensive_survival': np.float64(51.52), 'force_multiplication': np.float64(29.18)}","{'scaling_efficiency': np.float64(52.35335072247755), 'pressure_appetite': np.float64(58.0), 'creation_tools': np.float64(66.36072416394268), 'opportunity_response': np.float64(48.05714285714285), 'age_trajectory': np.float64(85.0)}",Medium
Lance Thomas,2015-16,24.31,44.44,Role Player,Limited Scaling,Role Player,-0.017,0,1,Mixed,True,"Low CII 24.3, low TII 44.4","{'self_created': np.float64(14.69), 'pressure_appetite': np.float64(27.02), 'difficulty_embrace': np.float64(27.39), 'defensive_survival': np.float64(43.7), 'force_multiplication': np.float64(11.12)}","{'scaling_efficiency': np.float64(16.75626352217381), 'pressure_appetite': np.float64(54.489959839357425), 'creation_tools': np.float64(54.37008521892447), 'opportunity_response': np.float64(56.114285714285714), 'age_trajectory': np.float64(64.99000000000001)}",Medium
Langston Galloway,2015-16,31.13,54.27,Role Player,Moderate Scaling,Role Player,0.019,1,0,Steps Up,True,"Low CII 31.1, low TII 54.3","{'self_created': np.float64(16.01), 'pressure_appetite': np.float64(44.22), 'difficulty_embrace': np.float64(24.24), 'defensive_survival': np.float64(57.71), 'force_multiplication': np.float64(17.64)}","{'scaling_efficiency': np.float64(17.792885525070954), 'pressure_appetite': np.float64(76.31655629139073), 'creation_tools': np.float64(65.09139880471652), 'opportunity_response': np.float64(52.25714285714285), 'age_trajectory': np.float64(90.0)}",Medium
Larry Nance Jr.,2015-16,12.16,31.25,Role Player,Low Scaling,Role Player,-0.073,0,1,Hides,True,"Low CII 12.2, low TII 31.2","{'self_created': np.float64(4.73), 'pressure_appetite': np.float64(10.0), 'difficulty_embrace': np.float64(24.5), 'defensive_survival': np.float64(20.19), 'force_multiplication': np.float64(3.17)}","{'scaling_efficiency': np.float64(12.521685133239837), 'pressure_appetite': np.float64(10.800000000000004), 'creation_tools': np.float64(40.29329923944401), 'opportunity_response': np.float64(48.22857142857143), 'age_trajectory': np.float64(95.0)}",Medium
LeBron James,2015-16,69.76,74.65,Luxury Amplifier,High Scaling,Strong Creator,0.125,1,0,Steps Up,True,"CII 69.8, TII 74.7: High potential (limited career data) (Age 31 > 28, reclassified from Latent Engine)","{'self_created': np.float64(65.64), 'pressure_appetite': np.float64(90.0), 'difficulty_embrace': np.float64(47.7), 'defensive_survival': np.float64(68.27), 'force_multiplication': np.float64(77.9)}","{'scaling_efficiency': np.float64(70.66667546261175), 'pressure_appetite': np.float64(83.5), 'creation_tools': np.float64(78.35361855257898), 'opportunity_response': np.float64(86.0), 'age_trajectory': np.float64(40.01)}",Medium
Lou Williams,2015-16,49.37,65.58,Fragile Star,High Scaling,Strong Creator,-0.002,0,1,Mixed,True,"CII 49.4, TII 65.6","{'self_created': np.float64(57.43), 'pressure_appetite': np.float64(44.29), 'difficulty_embrace': np.float64(41.37), 'defensive_survival': np.float64(56.46), 'force_multiplication': np.float64(43.21)}","{'scaling_efficiency': np.float64(62.943593875906515), 'pressure_appetite': np.float64(57.17043740573152), 'creation_tools': np.float64(74.91666666666667), 'opportunity_response': np.float64(78.37142857142857), 'age_trajectory': np.float64(56.67)}",Medium
Luis Scola,2015-16,17.39,24.95,Role Player,Low Scaling,Role Player,-0.045,0,1,Hides,True,"Low CII 17.4, low TII 24.9","{'self_created': np.float64(7.35), 'pressure_appetite': np.float64(18.29), 'difficulty_embrace': np.float64(13.7), 'defensive_survival': np.float64(38.8), 'force_multiplication': np.float64(20.51)}","{'scaling_efficiency': np.float64(12.392012965964346), 'pressure_appetite': np.float64(22.0), 'creation_tools': np.float64(31.59058622165169), 'opportunity_response': np.float64(49.42857142857143), 'age_trajectory': np.int64(20)}",Medium
Luol Deng,2015-16,19.8,42.09,Role Player,Limited Scaling,Role Player,-0.03,0,1,Hides,True,"Low CII 19.8, low TII 42.1","{'self_created': np.float64(10.92), 'pressure_appetite': np.float64(20.62), 'difficulty_embrace': np.float64(17.57), 'defensive_survival': np.float64(45.97), 'force_multiplication': np.float64(9.63)}","{'scaling_efficiency': np.float64(16.46696323086197), 'pressure_appetite': np.float64(52.785714285714285), 'creation_tools': np.float64(55.670189701897016), 'opportunity_response': np.float64(58.77142857142857), 'age_trajectory': np.float64(40.01)}",Medium
Manu Ginobili,2015-16,30.89,45.24,Role Player,Limited Scaling,Role Player,-0.006,0,1,Mixed,True,"Low CII 30.9, low TII 45.2","{'self_created': np.float64(20.15), 'pressure_appetite': np.float64(43.58), 'difficulty_embrace': np.float64(21.79), 'defensive_survival': np.float64(51.23), 'force_multiplication': np.float64(19.06)}","{'scaling_efficiency': np.float64(30.681579444337178), 'pressure_appetite': np.float64(59.52422907488987), 'creation_tools': np.float64(50.17042548619318), 'opportunity_response': np.float64(60.8), 'age_trajectory': np.int64(20)}",Medium
Marc Gasol,2015-16,36.55,48.58,Role Player,Limited Scaling,Role Player,0.004,1,0,Mixed,True,"Low CII 36.5, low TII 48.6","{'self_created': np.float64(12.57), 'pressure_appetite': np.float64(49.51), 'difficulty_embrace': np.float64(37.8), 'defensive_survival': np.float64(51.17), 'force_multiplication': np.float64(51.69)}","{'scaling_efficiency': np.float64(26.332213046467427), 'pressure_appetite': np.float64(63.812658227848104), 'creation_tools': np.float64(58.2892868169188), 'opportunity_response': np.float64(60.48571428571428), 'age_trajectory': np.float64(40.01)}",Medium
Marcin Gortat,2015-16,16.4,36.7,Role Player,Limited Scaling,Role Player,-0.044,0,1,Hides,True,"Low CII 16.4, low TII 36.7","{'self_created': np.float64(1.55), 'pressure_appetite': np.float64(17.81), 'difficulty_embrace': np.float64(15.4), 'defensive_survival': np.float64(38.57), 'force_multiplication': np.float64(26.15)}","{'scaling_efficiency': np.float64(27.901809452363086), 'pressure_appetite': np.float64(22.400000000000002), 'creation_tools': np.float64(33.986082699536674), 'opportunity_response': np.float64(82.88), 'age_trajectory': np.float64(35.0)}",Medium
Marco Belinelli,2015-16,25.83,41.39,Role Player,Limited Scaling,Role Player,-0.016,0,1,Mixed,True,"Low CII 25.8, low TII 41.4","{'self_created': np.float64(8.43), 'pressure_appetite': np.float64(32.86), 'difficulty_embrace': np.float64(41.89), 'defensive_survival': np.float64(35.38), 'force_multiplication': np.float64(13.97)}","{'scaling_efficiency': np.float64(13.589894634349896), 'pressure_appetite': np.float64(47.174438687392055), 'creation_tools': np.float64(64.36544294199419), 'opportunity_response': np.float64(52.08571428571428), 'age_trajectory': np.float64(48.34)}",Medium
Marcus Morris Sr.,2015-16,30.51,45.42,Role Player,Limited Scaling,Role Player,-0.0699999999999999,0,1,Hides,True,"Low CII 30.5, low TII 45.4","{'self_created': np.float64(35.76), 'pressure_appetite': np.float64(12.0), 'difficulty_embrace': np.float64(50.4), 'defensive_survival': np.float64(30.3), 'force_multiplication': np.float64(21.58)}","{'scaling_efficiency': np.float64(34.62920588845118), 'pressure_appetite': np.float64(12.000000000000043), 'creation_tools': np.float64(75.25), 'opportunity_response': np.float64(61.0), 'age_trajectory': np.float64(78.33)}",Medium
Marcus Smart,2015-16,19.93,42.84,Role Player,Limited Scaling,Role Player,-0.03,0,1,Hides,False,"Low CII 19.9, low TII 42.8","{'self_created': np.float64(16.54), 'pressure_appetite': np.float64(20.62), 'difficulty_embrace': np.float64(14.47), 'defensive_survival': np.float64(32.48), 'force_multiplication': np.float64(20.45)}","{'scaling_efficiency': np.float64(15.043311688311686), 'pressure_appetite': np.float64(40.785714285714285), 'creation_tools': np.float64(49.84024390243901), 'opportunity_response': np.float64(54.4), 'age_trajectory': np.int64(100)}",Medium
Marcus Thornton,2015-16,28.57,43.68,Role Player,Limited Scaling,Role Player,-0.0259999999999999,0,1,Hides,True,"Low CII 28.6, low TII 43.7","{'self_created': np.float64(19.45), 'pressure_appetite': np.float64(36.53), 'difficulty_embrace': np.float64(25.46), 'defensive_survival': np.float64(44.71), 'force_multiplication': np.float64(18.02)}","{'scaling_efficiency': np.float64(23.48848488624446), 'pressure_appetite': np.float64(51.341843971631235), 'creation_tools': np.float64(55.702620653866106), 'opportunity_response': np.float64(46.6), 'age_trajectory': np.float64(56.67)}",Medium
Mario Chalmers,2015-16,44.88,55.93,Fragile Star,Moderate Scaling,Role Player,0.009,1,0,Mixed,False,"Low CII 44.9, moderate TII 55.9 (Age 30 > 25, reclassified from Developing Prospect)","{'self_created': np.float64(46.62), 'pressure_appetite': np.float64(48.02), 'difficulty_embrace': np.float64(23.09), 'defensive_survival': np.float64(60.85), 'force_multiplication': np.float64(51.48)}","{'scaling_efficiency': np.float64(40.52981722756779), 'pressure_appetite': np.float64(70.32336448598132), 'creation_tools': np.float64(57.06414786110478), 'opportunity_response': np.float64(66.28571428571429), 'age_trajectory': np.float64(48.34)}",Medium
Mario Hezonja,2015-16,39.52,56.29,Role Player,Moderate Scaling,Developing Prospect,0.097,1,0,Steps Up,True,"Low CII 39.5, moderate TII 56.3","{'self_created': np.float64(15.74), 'pressure_appetite': np.float64(67.17), 'difficulty_embrace': np.float64(25.14), 'defensive_survival': np.float64(72.77), 'force_multiplication': np.float64(20.62)}","{'scaling_efficiency': np.float64(19.77266770900396), 'pressure_appetite': np.float64(92.7), 'creation_tools': np.float64(51.14874620432951), 'opportunity_response': np.float64(46.34285714285714), 'age_trajectory': np.int64(100)}",Medium
Markel Brown,2015-16,26.18,45.43,Role Player,Limited Scaling,Role Player,-0.0119999999999999,0,1,Mixed,True,"Low CII 26.2, low TII 45.4","{'self_created': np.float64(12.69), 'pressure_appetite': np.float64(32.9), 'difficulty_embrace': np.float64(23.56), 'defensive_survival': np.float64(55.78), 'force_multiplication': np.float64(10.7)}","{'scaling_efficiency': np.float64(13.653377406530575), 'pressure_appetite': np.float64(60.81967213114757), 'creation_tools': np.float64(52.21525611977431), 'opportunity_response': np.float64(44.542857142857144), 'age_trajectory': np.float64(90.0)}",Medium
Markieff Morris,2015-16,25.06,37.33,Role Player,Limited Scaling,Role Player,-0.06,0,1,Hides,True,"Low CII 25.1, low TII 37.3","{'self_created': np.float64(13.7), 'pressure_appetite': np.float64(23.33), 'difficulty_embrace': np.float64(39.07), 'defensive_survival': np.float64(25.96), 'force_multiplication': np.float64(34.1)}","{'scaling_efficiency': np.float64(17.002240896358543), 'pressure_appetite': np.float64(16.0), 'creation_tools': np.float64(62.359756097560975), 'opportunity_response': np.float64(52.857142857142854), 'age_trajectory': np.float64(78.33)}",Medium
Marvin Williams,2015-16,13.44,34.76,Role Player,Low Scaling,Role Player,-0.043,0,1,Hides,True,"Low CII 13.4, low TII 34.8","{'self_created': np.float64(4.49), 'pressure_appetite': np.float64(13.83), 'difficulty_embrace': np.float64(13.19), 'defensive_survival': np.float64(35.56), 'force_multiplication': np.float64(6.67)}","{'scaling_efficiency': np.float64(20.745320742429165), 'pressure_appetite': np.float64(22.800000000000004), 'creation_tools': np.float64(34.31603976883142), 'opportunity_response': np.float64(74.24857142857142), 'age_trajectory': np.float64(48.34)}",Medium
Mason Plumlee,2015-16,17.41,30.07,Role Player,Low Scaling,Role Player,-0.054,0,1,Hides,False,"Low CII 17.4, low TII 30.1","{'self_created': np.float64(10.97), 'pressure_appetite': np.float64(12.83), 'difficulty_embrace': np.float64(4.8), 'defensive_survival': np.float64(40.57), 'force_multiplication': np.float64(38.64)}","{'scaling_efficiency': np.float64(15.32920099335095), 'pressure_appetite': np.float64(18.400000000000002), 'creation_tools': np.float64(21.091632197023724), 'opportunity_response': np.float64(58.77142857142857), 'age_trajectory': np.float64(78.33)}",Medium
Matt Barnes,2015-16,17.5,33.15,Role Player,Low Scaling,Role Player,-0.0219999999999999,0,1,Hides,False,"Low CII 17.5, low TII 33.1","{'self_created': np.float64(4.74), 'pressure_appetite': np.float64(26.29), 'difficulty_embrace': np.float64(9.43), 'defensive_survival': np.float64(44.53), 'force_multiplication': np.float64(9.39)}","{'scaling_efficiency': np.float64(7.930856350307112), 'pressure_appetite': np.float64(56.40380952380956), 'creation_tools': np.float64(31.591463414634145), 'opportunity_response': np.float64(55.68571428571428), 'age_trajectory': np.int64(20)}",Medium
Matthew Dellavedova,2015-16,21.14,48.21,Role Player,Limited Scaling,Role Player,-0.089,0,1,Hides,True,"Low CII 21.1, low TII 48.2","{'self_created': np.float64(27.07), 'pressure_appetite': np.float64(10.0), 'difficulty_embrace': np.float64(29.26), 'defensive_survival': np.float64(26.37), 'force_multiplication': np.float64(7.16)}","{'scaling_efficiency': np.float64(51.93923651916698), 'pressure_appetite': np.float64(4.400000000000004), 'creation_tools': np.float64(76.06943351691581), 'opportunity_response': np.float64(52.08571428571428), 'age_trajectory': np.float64(85.0)}",Medium
Maurice Harkless,2015-16,12.6,32.93,Role Player,Low Scaling,Role Player,-0.03,0,1,Hides,False,"Low CII 12.6, low TII 32.9","{'self_created': np.float64(12.06), 'pressure_appetite': np.float64(17.07), 'difficulty_embrace': np.float64(3.49), 'defensive_survival': np.float64(21.75), 'force_multiplication': np.float64(7.54)}","{'scaling_efficiency': np.float64(10.280531460345337), 'pressure_appetite': np.float64(40.470588235294116), 'creation_tools': np.float64(15.880240714171848), 'opportunity_response': np.float64(47.028571428571425), 'age_trajectory': np.float64(95.0)}",Medium
Meyers Leonard,2015-16,25.77,48.07,Role Player,Limited Scaling,Role Player,0.028,1,0,Steps Up,True,"Low CII 25.8, low TII 48.1","{'self_created': np.float64(2.03), 'pressure_appetite': np.float64(51.66), 'difficulty_embrace': np.float64(25.79), 'defensive_survival': np.float64(37.0), 'force_multiplication': np.float64(15.36)}","{'scaling_efficiency': np.float64(17.139869719300226), 'pressure_appetite': np.float64(66.8183908045977), 'creation_tools': np.float64(44.366311559667324), 'opportunity_response': np.float64(55.68571428571428), 'age_trajectory': np.float64(90.0)}",Medium
Michael Beasley,2015-16,33.99,43.35,Role Player,Limited Scaling,Role Player,-0.0619999999999999,0,1,Hides,True,"Low CII 34.0, low TII 43.4","{'self_created': np.float64(31.0), 'pressure_appetite': np.float64(32.23), 'difficulty_embrace': np.float64(39.27), 'defensive_survival': np.float64(36.25), 'force_multiplication': np.float64(33.44)}","{'scaling_efficiency': np.float64(38.40843345789018), 'pressure_appetite': np.float64(15.20000000000004), 'creation_tools': np.float64(61.89983396312837), 'opportunity_response': np.float64(56.51428571428572), 'age_trajectory': np.float64(71.66)}",Medium
Michael Carter-Williams,2015-16,35.39,60.78,Role Player,Moderate Scaling,Developing Prospect,-0.0279999999999999,0,1,Hides,True,"Low CII 35.4, moderate TII 60.8","{'self_created': np.float64(30.38), 'pressure_appetite': np.float64(29.84), 'difficulty_embrace': np.float64(35.67), 'defensive_survival': np.float64(51.43), 'force_multiplication': np.float64(39.69)}","{'scaling_efficiency': np.float64(43.75990748994194), 'pressure_appetite': np.float64(50.220064724919126), 'creation_tools': np.float64(87.62433104428132), 'opportunity_response': np.float64(57.14285714285714), 'age_trajectory': np.float64(90.0)}",Medium
Mike Conley,2015-16,51.99,67.64,Fragile Star,High Scaling,Strong Creator,0.033,1,0,Steps Up,True,"CII 52.0, TII 67.6","{'self_created': np.float64(50.63), 'pressure_appetite': np.float64(60.13), 'difficulty_embrace': np.float64(49.87), 'defensive_survival': np.float64(47.21), 'force_multiplication': np.float64(47.16)}","{'scaling_efficiency': np.float64(58.19418803418805), 'pressure_appetite': np.float64(67.53333333333333), 'creation_tools': np.float64(90.58333333333333), 'opportunity_response': np.float64(57.91428571428571), 'age_trajectory': np.float64(64.99000000000001)}",Medium
Mike Dunleavy,2015-16,20.19,35.7,Role Player,Limited Scaling,Role Player,0.002,1,0,Mixed,False,"Low CII 20.2, low TII 35.7","{'self_created': np.float64(2.93), 'pressure_appetite': np.float64(33.02), 'difficulty_embrace': np.float64(10.54), 'defensive_survival': np.float64(55.28), 'force_multiplication': np.float64(6.6)}","{'scaling_efficiency': np.float64(8.989345807554958), 'pressure_appetite': np.float64(67.25106382978723), 'creation_tools': np.float64(33.09484229948683), 'opportunity_response': np.float64(50.457142857142856), 'age_trajectory': np.int64(20)}",Medium
Miles Plumlee,2015-16,10.24,30.77,Role Player,Low Scaling,Role Player,-0.048,0,1,Hides,False,"Low CII 10.2, low TII 30.8","{'self_created': np.float64(5.94), 'pressure_appetite': np.float64(10.5), 'difficulty_embrace': np.float64(7.4), 'defensive_survival': np.float64(25.98), 'force_multiplication': np.float64(4.51)}","{'scaling_efficiency': np.float64(15.467561608058947), 'pressure_appetite': np.float64(20.8), 'creation_tools': np.float64(17.840898077854952), 'opportunity_response': np.float64(67.98285714285714), 'age_trajectory': np.float64(71.66)}",Medium
Mirza Teletovic,2015-16,19.36,32.83,Role Player,Low Scaling,Role Player,-0.041,0,1,Hides,False,"Low CII 19.4, low TII 32.8","{'self_created': np.float64(7.19), 'pressure_appetite': np.float64(28.92), 'difficulty_embrace': np.float64(15.04), 'defensive_survival': np.float64(33.62), 'force_multiplication': np.float64(19.22)}","{'scaling_efficiency': np.float64(19.302071669055625), 'pressure_appetite': np.float64(23.6), 'creation_tools': np.float64(34.81218624631661), 'opportunity_response': np.float64(62.25714285714285), 'age_trajectory': np.float64(48.34)}",Medium
Monta Ellis,2015-16,57.4,64.53,Luxury Amplifier,Moderate Scaling,Strong Creator,0.0799999999999999,1,0,Steps Up,True,"CII 57.4, TII 64.5","{'self_created': np.float64(43.34), 'pressure_appetite': np.float64(71.33), 'difficulty_embrace': np.float64(57.73), 'defensive_survival': np.float64(71.93), 'force_multiplication': np.float64(42.28)}","{'scaling_efficiency': np.float64(39.25994505494506), 'pressure_appetite': np.float64(86.69230769230768), 'creation_tools': np.float64(86.25), 'opportunity_response': np.float64(59.97142857142857), 'age_trajectory': np.float64(48.34)}",Medium
Myles Turner,2015-16,20.46,36.39,Role Player,Limited Scaling,Role Player,-0.0399999999999999,0,1,Hides,True,"Low CII 20.5, low TII 36.4","{'self_created': np.float64(2.28), 'pressure_appetite': np.float64(24.57), 'difficulty_embrace': np.float64(34.0), 'defensive_survival': np.float64(30.81), 'force_multiplication': np.float64(22.1)}","{'scaling_efficiency': np.float64(12.713226246848293), 'pressure_appetite': np.float64(24.00000000000004), 'creation_tools': np.float64(44.99721142138958), 'opportunity_response': np.float64(50.542857142857144), 'age_trajectory': np.int64(100)}",Medium
Nemanja Bjelica,2015-16,7.76,31.68,Role Player,Low Scaling,Role Player,-0.0549999999999999,0,1,Hides,False,"Low CII 7.8, low TII 31.7","{'self_created': np.float64(4.4), 'pressure_appetite': np.float64(10.0), 'difficulty_embrace': np.float64(4.37), 'defensive_survival': np.float64(18.95), 'force_multiplication': np.float64(2.25)}","{'scaling_efficiency': np.float64(18.31578472741782), 'pressure_appetite': np.float64(18.00000000000004), 'creation_tools': np.float64(28.01891731112433), 'opportunity_response': np.float64(63.87714285714286), 'age_trajectory': np.float64(64.99000000000001)}",Medium
Nene,2015-16,18.9,26.92,Role Player,Low Scaling,Role Player,-0.097,0,1,Hides,True,"Low CII 18.9, low TII 26.9","{'self_created': np.float64(14.65), 'pressure_appetite': np.float64(13.5), 'difficulty_embrace': np.float64(20.6), 'defensive_survival': np.float64(30.95), 'force_multiplication': np.float64(23.72)}","{'scaling_efficiency': np.float64(23.229647631529666), 'pressure_appetite': np.float64(1.200000000000001), 'creation_tools': np.float64(35.67692250316999), 'opportunity_response': np.float64(63.457142857142856), 'age_trajectory': np.float64(30.0)}",Medium
Nerlens Noel,2015-16,25.39,43.87,Role Player,Limited Scaling,Role Player,-0.005,0,1,Mixed,False,"Low CII 25.4, low TII 43.9","{'self_created': np.float64(11.04), 'pressure_appetite': np.float64(37.06), 'difficulty_embrace': np.float64(10.3), 'defensive_survival': np.float64(55.64), 'force_multiplication': np.float64(24.1)}","{'scaling_efficiency': np.float64(10.967341501387672), 'pressure_appetite': np.float64(63.85204991087344), 'creation_tools': np.float64(31.021368636146253), 'opportunity_response': np.float64(56.114285714285714), 'age_trajectory': np.int64(100)}",Medium
Nick Young,2015-16,18.98,31.64,Role Player,Low Scaling,Role Player,-0.0819999999999999,0,1,Hides,True,"Low CII 19.0, low TII 31.6","{'self_created': np.float64(16.56), 'pressure_appetite': np.float64(10.0), 'difficulty_embrace': np.float64(38.07), 'defensive_survival': np.float64(23.46), 'force_multiplication': np.float64(3.78)}","{'scaling_efficiency': np.float64(16.68322375968164), 'pressure_appetite': np.float64(7.2000000000000375), 'creation_tools': np.float64(68.64746716697935), 'opportunity_response': np.float64(47.37142857142857), 'age_trajectory': np.float64(40.01)}",Medium
Nicolas Batum,2015-16,37.29,58.43,Role Player,Moderate Scaling,Role Player,-0.0119999999999999,0,1,Mixed,True,"Low CII 37.3, moderate TII 58.4 (Age 27 > 25, reclassified from Developing Prospect)","{'self_created': np.float64(34.83), 'pressure_appetite': np.float64(37.72), 'difficulty_embrace': np.float64(45.79), 'defensive_survival': np.float64(39.76), 'force_multiplication': np.float64(22.93)}","{'scaling_efficiency': np.float64(45.5154431533379), 'pressure_appetite': np.float64(48.96650717703352), 'creation_tools': np.float64(81.1), 'opportunity_response': np.float64(61.0), 'age_trajectory': np.float64(71.66)}",Medium
Nik Stauskas,2015-16,15.93,38.11,Role Player,Limited Scaling,Role Player,-0.036,0,1,Hides,False,"Low CII 15.9, low TII 38.1","{'self_created': np.float64(10.93), 'pressure_appetite': np.float64(16.25), 'difficulty_embrace': np.float64(16.14), 'defensive_survival': np.float64(27.16), 'force_multiplication': np.float64(12.89)}","{'scaling_efficiency': np.float64(16.152834355828222), 'pressure_appetite': np.float64(25.600000000000005), 'creation_tools': np.float64(45.12174422664472), 'opportunity_response': np.float64(52.25714285714285), 'age_trajectory': np.int64(100)}",Medium
Nikola Jokić,2015-16,20.37,40.83,Role Player,Limited Scaling,Role Player,-0.04,0,1,Hides,False,"Low CII 20.4, low TII 40.8","{'self_created': np.float64(17.73), 'pressure_appetite': np.float64(21.63), 'difficulty_embrace': np.float64(10.59), 'defensive_survival': np.float64(34.32), 'force_multiplication': np.float64(23.74)}","{'scaling_efficiency': np.float64(25.830362739598836), 'pressure_appetite': np.float64(24.000000000000004), 'creation_tools': np.float64(29.183735646634815), 'opportunity_response': np.float64(74.96000000000001), 'age_trajectory': np.int64(100)}",Medium
Nikola Mirotic,2015-16,17.14,37.68,Role Player,Limited Scaling,Role Player,-0.035,0,1,Hides,False,"Low CII 17.1, low TII 37.7","{'self_created': np.float64(4.6), 'pressure_appetite': np.float64(27.29), 'difficulty_embrace': np.float64(13.33), 'defensive_survival': np.float64(31.84), 'force_multiplication': np.float64(14.99)}","{'scaling_efficiency': np.float64(17.862860985387293), 'pressure_appetite': np.float64(25.999999999999996), 'creation_tools': np.float64(35.34290076632824), 'opportunity_response': np.float64(68.34285714285714), 'age_trajectory': np.float64(85.0)}",Medium
Nikola Vučević,2015-16,31.63,44.62,Role Player,Limited Scaling,Role Player,-0.029,0,1,Hides,True,"Low CII 31.6, low TII 44.6","{'self_created': np.float64(16.4), 'pressure_appetite': np.float64(41.1), 'difficulty_embrace': np.float64(36.4), 'defensive_survival': np.float64(33.4), 'force_multiplication': np.float64(41.47)}","{'scaling_efficiency': np.float64(21.351024390243907), 'pressure_appetite': np.float64(42.36352201257861), 'creation_tools': np.float64(52.24443933118577), 'opportunity_response': np.float64(57.82857142857143), 'age_trajectory': np.float64(85.0)}",Medium
Norris Cole,2015-16,30.18,44.27,Role Player,Limited Scaling,Role Player,-0.12,0,1,Hides,True,"Low CII 30.2, low TII 44.3","{'self_created': np.float64(33.17), 'pressure_appetite': np.float64(10.0), 'difficulty_embrace': np.float64(57.2), 'defensive_survival': np.float64(30.19), 'force_multiplication': np.float64(17.58)}","{'scaling_efficiency': np.float64(39.939033018867924), 'pressure_appetite': np.float64(0.0), 'creation_tools': np.float64(85.25), 'opportunity_response': np.float64(53.8), 'age_trajectory': np.float64(71.66)}",Medium
O.J. Mayo,2015-16,23.62,48.5,Role Player,Limited Scaling,Role Player,-0.0249999999999999,0,1,Hides,True,"Low CII 23.6, low TII 48.5","{'self_created': np.float64(10.43), 'pressure_appetite': np.float64(22.58), 'difficulty_embrace': np.float64(31.51), 'defensive_survival': np.float64(52.72), 'force_multiplication': np.float64(6.4)}","{'scaling_efficiency': np.float64(23.144953587741266), 'pressure_appetite': np.float64(54.93939393939397), 'creation_tools': np.float64(66.2430032027593), 'opportunity_response': np.float64(53.8), 'age_trajectory': np.float64(64.99000000000001)}",Medium
Omri Casspi,2015-16,10.05,33.13,Role Player,Low Scaling,Role Player,-0.088,0,1,Hides,False,"Low CII 10.1, low TII 33.1","{'self_created': np.float64(10.21), 'pressure_appetite': np.float64(10.0), 'difficulty_embrace': np.float64(6.3), 'defensive_survival': np.float64(17.88), 'force_multiplication': np.float64(5.43)}","{'scaling_efficiency': np.float64(23.16789321468297), 'pressure_appetite': np.float64(4.800000000000004), 'creation_tools': np.float64(32.20793383795907), 'opportunity_response': np.float64(80.24000000000001), 'age_trajectory': np.float64(64.99000000000001)}",Medium
Otto Porter Jr.,2015-16,14.85,37.9,Role Player,Limited Scaling,Role Player,-0.085,0,1,Hides,True,"Low CII 14.8, low TII 37.9","{'self_created': np.float64(8.72), 'pressure_appetite': np.float64(10.0), 'difficulty_embrace': np.float64(30.57), 'defensive_survival': np.float64(22.14), 'force_multiplication': np.float64(3.01)}","{'scaling_efficiency': np.float64(18.716778550148945), 'pressure_appetite': np.float64(6.000000000000001), 'creation_tools': np.float64(59.189111315641455), 'opportunity_response': np.float64(62.971428571428575), 'age_trajectory': np.float64(95.0)}",Medium
P.J. Tucker,2015-16,21.66,37.77,Role Player,Limited Scaling,Role Player,-0.006,0,1,Mixed,False,"Low CII 21.7, low TII 37.8","{'self_created': np.float64(14.56), 'pressure_appetite': np.float64(25.29), 'difficulty_embrace': np.float64(9.76), 'defensive_survival': np.float64(47.79), 'force_multiplication': np.float64(18.53)}","{'scaling_efficiency': np.float64(9.07979487179487), 'pressure_appetite': np.float64(63.135999999999996), 'creation_tools': np.float64(33.131300813008124), 'opportunity_response': np.float64(57.57142857142857), 'age_trajectory': np.float64(40.01)}",Medium
Patrick Beverley,2015-16,22.0,41.84,Role Player,Limited Scaling,Role Player,-0.0549999999999999,0,1,Hides,False,"Low CII 22.0, low TII 41.8","{'self_created': np.float64(26.02), 'pressure_appetite': np.float64(10.0), 'difficulty_embrace': np.float64(19.97), 'defensive_survival': np.float64(46.47), 'force_multiplication': np.float64(7.3)}","{'scaling_efficiency': np.float64(28.498627210393366), 'pressure_appetite': np.float64(18.00000000000004), 'creation_tools': np.float64(61.89811095169776), 'opportunity_response': np.float64(61.599999999999994), 'age_trajectory': np.float64(71.66)}",Medium
Patrick Patterson,2015-16,11.72,29.21,Role Player,Low Scaling,Role Player,-0.05,0,1,Hides,False,"Low CII 11.7, low TII 29.2","{'self_created': np.float64(4.62), 'pressure_appetite': np.float64(10.0), 'difficulty_embrace': np.float64(10.49), 'defensive_survival': np.float64(36.55), 'force_multiplication': np.float64(2.5)}","{'scaling_efficiency': np.float64(8.561349037981826), 'pressure_appetite': np.float64(20.0), 'creation_tools': np.float64(32.663878752960755), 'opportunity_response': np.float64(52.942857142857136), 'age_trajectory': np.float64(71.66)}",Medium
Patty Mills,2015-16,40.6,62.49,Fragile Star,Moderate Scaling,Role Player,0.033,1,0,Steps Up,True,"Low CII 40.6, moderate TII 62.5 (Age 27 > 25, reclassified from Developing Prospect)","{'self_created': np.float64(23.92), 'pressure_appetite': np.float64(55.81), 'difficulty_embrace': np.float64(38.26), 'defensive_survival': np.float64(66.67), 'force_multiplication': np.float64(18.19)}","{'scaling_efficiency': np.float64(41.73143468623405), 'pressure_appetite': np.float64(80.09206349206349), 'creation_tools': np.float64(77.500135501355), 'opportunity_response': np.float64(48.57142857142857), 'age_trajectory': np.float64(71.66)}",Medium
Pau Gasol,2015-16,30.43,38.72,Role Player,Limited Scaling,Role Player,-0.0229999999999999,0,1,Hides,True,"Low CII 30.4, low TII 38.7","{'self_created': np.float64(11.11), 'pressure_appetite': np.float64(39.51), 'difficulty_embrace': np.float64(35.2), 'defensive_survival': np.float64(35.74), 'force_multiplication': np.float64(48.15)}","{'scaling_efficiency': np.float64(18.289480499051557), 'pressure_appetite': np.float64(48.63661202185796), 'creation_tools': np.float64(51.69552179128348), 'opportunity_response': np.float64(58.25714285714285), 'age_trajectory': np.int64(20)}",Medium
Paul George,2015-16,59.5,66.26,Luxury Amplifier,High Scaling,Strong Creator,0.013,1,0,Steps Up,True,"CII 59.5, TII 66.3","{'self_created': np.float64(58.95), 'pressure_appetite': np.float64(62.47), 'difficulty_embrace': np.float64(58.47), 'defensive_survival': np.float64(61.56), 'force_multiplication': np.float64(52.71)}","{'scaling_efficiency': np.float64(52.17689265970516), 'pressure_appetite': np.float64(63.23513513513514), 'creation_tools': np.float64(81.7), 'opportunity_response': np.float64(70.82857142857142), 'age_trajectory': np.float64(78.33)}",Medium
Paul Millsap,2015-16,31.82,44.81,Role Player,Limited Scaling,Role Player,0.003,1,0,Mixed,True,"Low CII 31.8, low TII 44.8","{'self_created': np.float64(15.0), 'pressure_appetite': np.float64(49.26), 'difficulty_embrace': np.float64(19.07), 'defensive_survival': np.float64(38.7), 'force_multiplication': np.float64(53.81)}","{'scaling_efficiency': np.float64(22.443872981803903), 'pressure_appetite': np.float64(55.3563025210084), 'creation_tools': np.float64(47.153682448589194), 'opportunity_response': np.float64(72.02857142857144), 'age_trajectory': np.float64(40.01)}",Medium
Quincy Acy,2015-16,13.68,37.95,Role Player,Limited Scaling,Role Player,-0.053,0,1,Hides,True,"Low CII 13.7, low TII 38.0","{'self_created': np.float64(6.51), 'pressure_appetite': np.float64(10.0), 'difficulty_embrace': np.float64(13.2), 'defensive_survival': np.float64(42.37), 'force_multiplication': np.float64(2.35)}","{'scaling_efficiency': np.float64(26.80128560126582), 'pressure_appetite': np.float64(18.800000000000004), 'creation_tools': np.float64(26.590243902439024), 'opportunity_response': np.float64(75.95428571428572), 'age_trajectory': np.float64(85.0)}",Medium
Rajon Rondo,2015-16,33.57,53.0,Role Player,Moderate Scaling,Role Player,-0.0459999999999999,0,1,Hides,True,"Low CII 33.6, low TII 53.0","{'self_created': np.float64(38.31), 'pressure_appetite': np.float64(16.83), 'difficulty_embrace': np.float64(36.8), 'defensive_survival': np.float64(49.72), 'force_multiplication': np.float64(30.48)}","{'scaling_efficiency': np.float64(59.45418937258586), 'pressure_appetite': np.float64(21.600000000000037), 'creation_tools': np.float64(78.8828612640965), 'opportunity_response': np.float64(61.0), 'age_trajectory': np.float64(48.34)}",Medium
Ramon Sessions,2015-16,25.01,36.42,Role Player,Limited Scaling,Role Player,-0.0999999999999999,0,1,Hides,True,"Low CII 25.0, low TII 36.4","{'self_created': np.float64(35.65), 'pressure_appetite': np.float64(12.33), 'difficulty_embrace': np.float64(18.87), 'defensive_survival': np.float64(22.73), 'force_multiplication': np.float64(40.53)}","{'scaling_efficiency': np.float64(39.63721435031654), 'pressure_appetite': np.float64(4.440892098500626e-14), 'creation_tools': np.float64(50.1729009953651), 'opportunity_response': np.float64(64.4), 'age_trajectory': np.float64(48.34)}",Medium
Randy Foye,2015-16,18.71,32.76,Role Player,Low Scaling,Role Player,-0.07,0,1,Hides,True,"Low CII 18.7, low TII 32.8","{'self_created': np.float64(19.29), 'pressure_appetite': np.float64(10.0), 'difficulty_embrace': np.float64(24.27), 'defensive_survival': np.float64(30.06), 'force_multiplication': np.float64(10.57)}","{'scaling_efficiency': np.float64(19.802274501746457), 'pressure_appetite': np.float64(11.999999999999996), 'creation_tools': np.float64(65.2990652995702), 'opportunity_response': np.float64(48.400000000000006), 'age_trajectory': np.float64(35.0)}",Medium
Raul Neto,2015-16,29.79,52.07,Role Player,Moderate Scaling,Role Player,-0.0169999999999999,0,1,Mixed,True,"Low CII 29.8, low TII 52.1","{'self_created': np.float64(29.56), 'pressure_appetite': np.float64(28.24), 'difficulty_embrace': np.float64(22.84), 'defensive_survival': np.float64(52.36), 'force_multiplication': np.float64(14.42)}","{'scaling_efficiency': np.float64(27.098751899030038), 'pressure_appetite': np.float64(58.5542635658915), 'creation_tools': np.float64(66.38585743996975), 'opportunity_response': np.float64(46.85714285714286), 'age_trajectory': np.float64(90.0)}",Medium
Raymond Felton,2015-16,41.62,57.95,Fragile Star,Moderate Scaling,Role Player,0.012,1,0,Steps Up,True,"Low CII 41.6, moderate TII 58.0 (Age 32 > 25, reclassified from Developing Prospect)","{'self_created': np.float64(34.35), 'pressure_appetite': np.float64(44.19), 'difficulty_embrace': np.float64(34.57), 'defensive_survival': np.float64(66.62), 'force_multiplication': np.float64(33.65)}","{'scaling_efficiency': np.float64(42.54862049076317), 'pressure_appetite': np.float64(72.4223463687151), 'creation_tools': np.float64(77.03403052186945), 'opportunity_response': np.float64(54.48571428571428), 'age_trajectory': np.float64(35.0)}",Medium
Reggie Jackson,2015-16,73.18,76.25,Strong Creator,High Scaling,Latent Engine,0.156,1,0,Steps Up,True,"CII 73.2, TII 76.2: High potential (limited career data)","{'self_created': np.float64(66.83), 'pressure_appetite': np.float64(90.0), 'difficulty_embrace': np.float64(57.83), 'defensive_survival': np.float64(86.76), 'force_multiplication': np.float64(60.56)}","{'scaling_efficiency': np.float64(60.13723294118428), 'pressure_appetite': np.float64(98.0), 'creation_tools': np.float64(86.38333333333333), 'opportunity_response': np.float64(57.31428571428572), 'age_trajectory': np.float64(78.33)}",Medium
Richard Jefferson,2015-16,6.82,24.9,Role Player,Low Scaling,Role Player,-0.083,0,1,Hides,False,"Low CII 6.8, low TII 24.9","{'self_created': np.float64(1.45), 'pressure_appetite': np.float64(10.0), 'difficulty_embrace': np.float64(9.77), 'defensive_survival': np.float64(12.3), 'force_multiplication': np.float64(0.85)}","{'scaling_efficiency': np.float64(14.515795370779887), 'pressure_appetite': np.float64(6.800000000000002), 'creation_tools': np.float64(36.33624304664099), 'opportunity_response': np.float64(63.87714285714286), 'age_trajectory': np.int64(20)}",Medium
Ricky Rubio,2015-16,36.91,67.01,Role Player,High Scaling,Developing Prospect,-0.0269999999999999,0,1,Hides,True,"Low CII 36.9, moderate TII 67.0","{'self_created': np.float64(37.12), 'pressure_appetite': np.float64(23.3), 'difficulty_embrace': np.float64(45.46), 'defensive_survival': np.float64(49.76), 'force_multiplication': np.float64(33.9)}","{'scaling_efficiency': np.float64(61.47983687364801), 'pressure_appetite': np.float64(54.19075144508673), 'creation_tools': np.float64(89.64677146482447), 'opportunity_response': np.float64(57.22857142857143), 'age_trajectory': np.float64(85.0)}",Medium
Robert Covington,2015-16,19.93,40.36,Role Player,Limited Scaling,Role Player,0.002,1,0,Mixed,False,"Low CII 19.9, low TII 40.4","{'self_created': np.float64(4.25), 'pressure_appetite': np.float64(44.07), 'difficulty_embrace': np.float64(9.49), 'defensive_survival': np.float64(27.36), 'force_multiplication': np.float64(16.34)}","{'scaling_efficiency': np.float64(13.7420029223849), 'pressure_appetite': np.float64(54.97416267942584), 'creation_tools': np.float64(28.464505776636717), 'opportunity_response': np.float64(55.34285714285714), 'age_trajectory': np.float64(85.0)}",Medium
Robin Lopez,2015-16,23.02,33.46,Role Player,Low Scaling,Role Player,-0.033,0,1,Hides,False,"Low CII 23.0, low TII 33.5","{'self_created': np.float64(25.57), 'pressure_appetite': np.float64(20.45), 'difficulty_embrace': np.float64(9.2), 'defensive_survival': np.float64(42.71), 'force_multiplication': np.float64(19.87)}","{'scaling_efficiency': np.float64(14.860050045773566), 'pressure_appetite': np.float64(26.799999999999997), 'creation_tools': np.float64(26.366489113166995), 'opportunity_response': np.float64(70.22857142857143), 'age_trajectory': np.float64(64.99000000000001)}",Medium
Rodney Hood,2015-16,47.44,62.98,Fragile Star,Moderate Scaling,Strong Creator,0.031,1,0,Steps Up,True,"CII 47.4, TII 63.0","{'self_created': np.float64(44.97), 'pressure_appetite': np.float64(57.98), 'difficulty_embrace': np.float64(40.63), 'defensive_survival': np.float64(55.81), 'force_multiplication': np.float64(29.52)}","{'scaling_efficiency': np.float64(41.627206250381505), 'pressure_appetite': np.float64(67.08372093023256), 'creation_tools': np.float64(77.15), 'opportunity_response': np.float64(58.599999999999994), 'age_trajectory': np.float64(95.0)}",Medium
Rodney Stuckey,2015-16,31.26,42.83,Role Player,Limited Scaling,Role Player,-0.045,0,1,Hides,True,"Low CII 31.3, low TII 42.8","{'self_created': np.float64(26.38), 'pressure_appetite': np.float64(21.13), 'difficulty_embrace': np.float64(36.66), 'defensive_survival': np.float64(49.16), 'force_multiplication': np.float64(33.54)}","{'scaling_efficiency': np.float64(35.022678902036546), 'pressure_appetite': np.float64(22.0), 'creation_tools': np.float64(72.56028737020043), 'opportunity_response': np.float64(49.857142857142854), 'age_trajectory': np.float64(48.34)}",Medium
Ronnie Price,2015-16,19.44,38.8,Role Player,Limited Scaling,Role Player,-0.021,0,1,Hides,False,"Low CII 19.4, low TII 38.8","{'self_created': np.float64(20.31), 'pressure_appetite': np.float64(18.0), 'difficulty_embrace': np.float64(17.79), 'defensive_survival': np.float64(32.65), 'force_multiplication': np.float64(3.95)}","{'scaling_efficiency': np.float64(21.93865329991646), 'pressure_appetite': np.float64(44.2), 'creation_tools': np.float64(55.07691960252936), 'opportunity_response': np.float64(47.714285714285715), 'age_trajectory': np.float64(30.0)}",Medium
Roy Hibbert,2015-16,17.81,28.65,Role Player,Low Scaling,Role Player,-0.05,0,1,Hides,True,"Low CII 17.8, low TII 28.6","{'self_created': np.float64(9.27), 'pressure_appetite': np.float64(10.0), 'difficulty_embrace': np.float64(27.4), 'defensive_survival': np.float64(39.73), 'force_multiplication': np.float64(10.89)}","{'scaling_efficiency': np.float64(8.316781065088756), 'pressure_appetite': np.float64(20.0), 'creation_tools': np.float64(39.25328330206379), 'opportunity_response': np.float64(50.885714285714286), 'age_trajectory': np.float64(56.67)}",Medium
Rudy Gay,2015-16,37.45,53.97,Role Player,Moderate Scaling,Role Player,0.002,1,0,Mixed,True,"Low CII 37.5, low TII 54.0","{'self_created': np.float64(27.43), 'pressure_appetite': np.float64(46.21), 'difficulty_embrace': np.float64(33.23), 'defensive_survival': np.float64(46.69), 'force_multiplication': np.float64(40.18)}","{'scaling_efficiency': np.float64(34.31480449133895), 'pressure_appetite': np.float64(54.94054054054054), 'creation_tools': np.float64(76.25858053175126), 'opportunity_response': np.float64(60.14285714285714), 'age_trajectory': np.float64(56.67)}",Medium
Rudy Gobert,2015-16,14.35,33.98,Role Player,Low Scaling,Role Player,-0.0319999999999999,0,1,Hides,False,"Low CII 14.3, low TII 34.0","{'self_created': np.float64(17.35), 'pressure_appetite': np.float64(13.41), 'difficulty_embrace': np.float64(0.7), 'defensive_survival': np.float64(27.77), 'force_multiplication': np.float64(14.91)}","{'scaling_efficiency': np.float64(13.197515151515146), 'pressure_appetite': np.float64(27.200000000000042), 'creation_tools': np.float64(13.433333333333334), 'opportunity_response': np.float64(76.88857142857142), 'age_trajectory': np.float64(90.0)}",Medium
Russell Westbrook,2015-16,73.87,75.92,Strong Creator,High Scaling,Latent Engine,0.0489999999999999,1,0,Steps Up,True,"CII 73.9, TII 75.9: High potential (limited career data)","{'self_created': np.float64(78.81), 'pressure_appetite': np.float64(77.79), 'difficulty_embrace': np.float64(65.59), 'defensive_survival': np.float64(69.19), 'force_multiplication': np.float64(72.82)}","{'scaling_efficiency': np.float64(74.55726054825388), 'pressure_appetite': np.float64(74.95112540192923), 'creation_tools': np.float64(85.4), 'opportunity_response': np.float64(70.48571428571428), 'age_trajectory': np.float64(71.66)}",Medium
Ryan Anderson,2015-16,25.5,39.39,Role Player,Limited Scaling,Role Player,-0.127,0,1,Hides,True,"Low CII 25.5, low TII 39.4","{'self_created': np.float64(27.7), 'pressure_appetite': np.float64(11.83), 'difficulty_embrace': np.float64(40.41), 'defensive_survival': np.float64(21.92), 'force_multiplication': np.float64(28.65)}","{'scaling_efficiency': np.float64(33.59991504294026), 'pressure_appetite': np.float64(0.0), 'creation_tools': np.float64(71.26456241032999), 'opportunity_response': np.float64(57.05714285714286), 'age_trajectory': np.float64(64.99000000000001)}",Medium
Sasha Vujacic,2015-16,14.69,30.24,Role Player,Low Scaling,Role Player,-0.035,0,1,Hides,True,"Low CII 14.7, low TII 30.2","{'self_created': np.float64(3.34), 'pressure_appetite': np.float64(15.79), 'difficulty_embrace': np.float64(29.86), 'defensive_survival': np.float64(22.23), 'force_multiplication': np.float64(4.32)}","{'scaling_efficiency': np.float64(9.88318271246573), 'pressure_appetite': np.float64(25.999999999999996), 'creation_tools': np.float64(53.56712430331851), 'opportunity_response': np.float64(43.77142857142857), 'age_trajectory': np.float64(35.0)}",Medium
Serge Ibaka,2015-16,15.66,31.69,Role Player,Low Scaling,Role Player,-0.0639999999999999,0,1,Hides,True,"Low CII 15.7, low TII 31.7","{'self_created': np.float64(0.86), 'pressure_appetite': np.float64(11.67), 'difficulty_embrace': np.float64(32.4), 'defensive_survival': np.float64(33.24), 'force_multiplication': np.float64(10.14)}","{'scaling_efficiency': np.float64(10.694695821667791), 'pressure_appetite': np.float64(14.40000000000004), 'creation_tools': np.float64(41.34973366975049), 'opportunity_response': np.float64(58.51428571428571), 'age_trajectory': np.float64(78.33)}",Medium
Seth Curry,2015-16,23.27,43.56,Role Player,Limited Scaling,Role Player,-0.0959999999999999,0,1,Hides,True,"Low CII 23.3, low TII 43.6","{'self_created': np.float64(30.34), 'pressure_appetite': np.float64(10.0), 'difficulty_embrace': np.float64(24.2), 'defensive_survival': np.float64(41.53), 'force_multiplication': np.float64(5.99)}","{'scaling_efficiency': np.float64(37.75686095992082), 'pressure_appetite': np.float64(1.6000000000000414), 'creation_tools': np.float64(64.6995273208546), 'opportunity_response': np.float64(69.30285714285714), 'age_trajectory': np.float64(85.0)}",Medium
Shabazz Muhammad,2015-16,18.87,32.99,Role Player,Low Scaling,Role Player,-0.049,0,1,Hides,True,"Low CII 18.9, low TII 33.0","{'self_created': np.float64(12.28), 'pressure_appetite': np.float64(23.92), 'difficulty_embrace': np.float64(13.6), 'defensive_survival': np.float64(18.82), 'force_multiplication': np.float64(36.64)}","{'scaling_efficiency': np.float64(16.960825753397188), 'pressure_appetite': np.float64(20.4), 'creation_tools': np.float64(30.069991943162677), 'opportunity_response': np.float64(48.57142857142857), 'age_trajectory': np.float64(95.0)}",Medium
Shabazz Napier,2015-16,34.43,51.59,Role Player,Moderate Scaling,Role Player,0.0,0,0,Mixed,True,"Low CII 34.4, low TII 51.6","{'self_created': np.float64(20.73), 'pressure_appetite': np.float64(41.0), 'difficulty_embrace': np.float64(28.19), 'defensive_survival': np.float64(64.73), 'force_multiplication': np.float64(26.1)}","{'scaling_efficiency': np.float64(28.119999999999994), 'pressure_appetite': np.float64(66.0), 'creation_tools': np.float64(58.00592334494774), 'opportunity_response': np.float64(40.34285714285714), 'age_trajectory': np.float64(90.0)}",Medium
Shane Larkin,2015-16,40.69,66.46,Fragile Star,High Scaling,Developing Prospect,0.011,1,0,Steps Up,True,"Low CII 40.7, moderate TII 66.5","{'self_created': np.float64(34.9), 'pressure_appetite': np.float64(42.67), 'difficulty_embrace': np.float64(36.6), 'defensive_survival': np.float64(58.19), 'force_multiplication': np.float64(35.03)}","{'scaling_efficiency': np.float64(54.800000000000004), 'pressure_appetite': np.float64(68.03720930232559), 'creation_tools': np.float64(79.8967668746455), 'opportunity_response': np.float64(50.2), 'age_trajectory': np.float64(95.0)}",Medium
Shaun Livingston,2015-16,32.45,56.32,Role Player,Moderate Scaling,Role Player,-0.061,0,1,Hides,True,"Low CII 32.5, moderate TII 56.3 (Age 30 > 25, reclassified from Developing Prospect)","{'self_created': np.float64(42.08), 'pressure_appetite': np.float64(10.0), 'difficulty_embrace': np.float64(40.2), 'defensive_survival': np.float64(50.64), 'force_multiplication': np.float64(16.86)}","{'scaling_efficiency': np.float64(76.91428571428573), 'pressure_appetite': np.float64(15.600000000000001), 'creation_tools': np.float64(73.52439024390243), 'opportunity_response': np.float64(65.38571428571429), 'age_trajectory': np.float64(48.34)}",Medium
Shelvin Mack,2015-16,29.24,45.92,Role Player,Limited Scaling,Role Player,-0.071,0,1,Hides,True,"Low CII 29.2, low TII 45.9","{'self_created': np.float64(34.24), 'pressure_appetite': np.float64(19.67), 'difficulty_embrace': np.float64(32.13), 'defensive_survival': np.float64(32.19), 'force_multiplication': np.float64(27.96)}","{'scaling_efficiency': np.float64(46.105130955521034), 'pressure_appetite': np.float64(11.600000000000005), 'creation_tools': np.float64(70.47274292611922), 'opportunity_response': np.float64(48.400000000000006), 'age_trajectory': np.float64(78.33)}",Medium
Solomon Hill,2015-16,16.56,38.4,Role Player,Limited Scaling,Role Player,-0.022,0,1,Hides,False,"Low CII 16.6, low TII 38.4","{'self_created': np.float64(13.78), 'pressure_appetite': np.float64(15.69), 'difficulty_embrace': np.float64(9.19), 'defensive_survival': np.float64(39.82), 'force_multiplication': np.float64(6.92)}","{'scaling_efficiency': np.float64(14.494416666666673), 'pressure_appetite': np.float64(55.57291666666667), 'creation_tools': np.float64(25.597154471544716), 'opportunity_response': np.float64(43.6), 'age_trajectory': np.float64(85.0)}",Medium
Stephen Curry,2015-16,77.5,79.27,Strong Creator,High Scaling,Franchise Engine,0.0989999999999999,1,0,Steps Up,True,CII 77.5 >= 74: Already elite creator,"{'self_created': np.float64(80.74), 'pressure_appetite': np.float64(90.0), 'difficulty_embrace': np.float64(67.89), 'defensive_survival': np.float64(75.43), 'force_multiplication': np.float64(58.88)}","{'scaling_efficiency': np.float64(75.16018644487045), 'pressure_appetite': np.float64(83.20573248407642), 'creation_tools': np.float64(82.6), 'opportunity_response': np.float64(86.0), 'age_trajectory': np.float64(64.99000000000001)}",Medium
Steven Adams,2015-16,10.25,40.92,Role Player,Limited Scaling,Role Player,-0.0289999999999999,0,1,Hides,False,"Low CII 10.2, low TII 40.9","{'self_created': np.float64(5.23), 'pressure_appetite': np.float64(11.08), 'difficulty_embrace': np.float64(1.9), 'defensive_survival': np.float64(26.49), 'force_multiplication': np.float64(15.54)}","{'scaling_efficiency': np.float64(18.686226164079823), 'pressure_appetite': np.float64(40.15733333333337), 'creation_tools': np.float64(12.033333333333333), 'opportunity_response': np.float64(85.76), 'age_trajectory': np.int64(100)}",Medium
T.J. McConnell,2015-16,34.35,62.92,Role Player,Moderate Scaling,Developing Prospect,-0.018,0,1,Mixed,True,"Low CII 34.4, moderate TII 62.9","{'self_created': np.float64(37.23), 'pressure_appetite': np.float64(26.7), 'difficulty_embrace': np.float64(45.66), 'defensive_survival': np.float64(36.13), 'force_multiplication': np.float64(19.52)}","{'scaling_efficiency': np.float64(57.52), 'pressure_appetite': np.float64(46.05988023952096), 'creation_tools': np.float64(89.77931940996056), 'opportunity_response': np.float64(47.971428571428575), 'age_trajectory': np.float64(90.0)}",Medium
T.J. Warren,2015-16,23.58,46.14,Role Player,Limited Scaling,Role Player,-0.0559999999999999,0,1,Hides,True,"Low CII 23.6, low TII 46.1","{'self_created': np.float64(20.04), 'pressure_appetite': np.float64(16.5), 'difficulty_embrace': np.float64(39.77), 'defensive_survival': np.float64(29.66), 'force_multiplication': np.float64(10.45)}","{'scaling_efficiency': np.float64(30.53904365904367), 'pressure_appetite': np.float64(17.600000000000044), 'creation_tools': np.float64(75.00875547217011), 'opportunity_response': np.float64(50.542857142857144), 'age_trajectory': np.int64(100)}",Medium
Taj Gibson,2015-16,14.31,28.08,Role Player,Low Scaling,Role Player,-0.0749999999999999,0,1,Hides,True,"Low CII 14.3, low TII 28.1","{'self_created': np.float64(13.33), 'pressure_appetite': np.float64(10.0), 'difficulty_embrace': np.float64(16.8), 'defensive_survival': np.float64(21.23), 'force_multiplication': np.float64(12.71)}","{'scaling_efficiency': np.float64(19.033224489795924), 'pressure_appetite': np.float64(10.000000000000039), 'creation_tools': np.float64(34.542547425474254), 'opportunity_response': np.float64(59.71428571428571), 'age_trajectory': np.float64(40.01)}",Medium
Tayshaun Prince,2015-16,15.33,31.77,Role Player,Low Scaling,Role Player,-0.018,0,1,Mixed,True,"Low CII 15.3, low TII 31.8","{'self_created': np.float64(2.76), 'pressure_appetite': np.float64(11.67), 'difficulty_embrace': np.float64(32.0), 'defensive_survival': np.float64(31.8), 'force_multiplication': np.float64(4.1)}","{'scaling_efficiency': np.float64(10.096724137931034), 'pressure_appetite': np.float64(41.339999999999996), 'creation_tools': np.float64(46.55199237177557), 'opportunity_response': np.float64(47.285714285714285), 'age_trajectory': np.int64(20)}",Medium
Terrence Jones,2015-16,18.84,29.76,Role Player,Low Scaling,Role Player,-0.034,0,1,Hides,False,"Low CII 18.8, low TII 29.8","{'self_created': np.float64(4.77), 'pressure_appetite': np.float64(23.6), 'difficulty_embrace': np.float64(7.46), 'defensive_survival': np.float64(46.1), 'force_multiplication': np.float64(31.05)}","{'scaling_efficiency': np.float64(7.494997403823461), 'pressure_appetite': np.float64(26.4), 'creation_tools': np.float64(22.873919554985022), 'opportunity_response': np.float64(48.91428571428571), 'age_trajectory': np.float64(90.0)}",Medium
Terrence Ross,2015-16,24.69,45.65,Role Player,Limited Scaling,Role Player,-0.033,0,1,Hides,True,"Low CII 24.7, low TII 45.6","{'self_created': np.float64(14.59), 'pressure_appetite': np.float64(21.38), 'difficulty_embrace': np.float64(31.11), 'defensive_survival': np.float64(53.29), 'force_multiplication': np.float64(7.5)}","{'scaling_efficiency': np.float64(29.438508262775812), 'pressure_appetite': np.float64(26.799999999999997), 'creation_tools': np.float64(64.99875308303645), 'opportunity_response': np.float64(57.48571428571428), 'age_trajectory': np.float64(85.0)}",Medium
Thabo Sefolosha,2015-16,13.23,39.01,Role Player,Limited Scaling,Role Player,-0.0289999999999999,0,1,Hides,True,"Low CII 13.2, low TII 39.0","{'self_created': np.float64(5.88), 'pressure_appetite': np.float64(10.62), 'difficulty_embrace': np.float64(14.79), 'defensive_survival': np.float64(26.47), 'force_multiplication': np.float64(18.86)}","{'scaling_efficiency': np.float64(25.71883150615617), 'pressure_appetite': np.float64(40.01928374655651), 'creation_tools': np.float64(38.6713800980985), 'opportunity_response': np.float64(67.05714285714285), 'age_trajectory': np.float64(35.0)}",Medium
Thaddeus Young,2015-16,30.68,45.87,Role Player,Limited Scaling,Role Player,-0.0179999999999999,0,1,Mixed,True,"Low CII 30.7, low TII 45.9","{'self_created': np.float64(19.96), 'pressure_appetite': np.float64(36.52), 'difficulty_embrace': np.float64(19.29), 'defensive_survival': np.float64(50.99), 'force_multiplication': np.float64(40.54)}","{'scaling_efficiency': np.float64(21.166318165512298), 'pressure_appetite': np.float64(58.50691244239634), 'creation_tools': np.float64(47.52088906372934), 'opportunity_response': np.float64(59.28571428571428), 'age_trajectory': np.float64(64.99000000000001)}",Medium
Tim Duncan,2015-16,16.23,26.83,Role Player,Low Scaling,Role Player,-0.045,0,1,Hides,True,"Low CII 16.2, low TII 26.8","{'self_created': np.float64(7.94), 'pressure_appetite': np.float64(14.33), 'difficulty_embrace': np.float64(15.8), 'defensive_survival': np.float64(35.35), 'force_multiplication': np.float64(18.0)}","{'scaling_efficiency': np.float64(13.895462486002243), 'pressure_appetite': np.float64(22.0), 'creation_tools': np.float64(36.35411496220225), 'opportunity_response': np.float64(52.599999999999994), 'age_trajectory': np.int64(20)}",Medium
Tim Frazier,2015-16,28.12,48.74,Role Player,Limited Scaling,Role Player,-0.065,0,1,Hides,True,"Low CII 28.1, low TII 48.7","{'self_created': np.float64(29.86), 'pressure_appetite': np.float64(14.5), 'difficulty_embrace': np.float64(34.51), 'defensive_survival': np.float64(45.16), 'force_multiplication': np.float64(18.64)}","{'scaling_efficiency': np.float64(52.6), 'pressure_appetite': np.float64(14.0), 'creation_tools': np.float64(72.24837398373984), 'opportunity_response': np.float64(43.42857142857143), 'age_trajectory': np.float64(85.0)}",Medium
Tobias Harris,2015-16,20.69,39.39,Role Player,Limited Scaling,Role Player,-0.064,0,1,Hides,True,"Low CII 20.7, low TII 39.4","{'self_created': np.float64(20.33), 'pressure_appetite': np.float64(14.67), 'difficulty_embrace': np.float64(17.77), 'defensive_survival': np.float64(31.24), 'force_multiplication': np.float64(26.85)}","{'scaling_efficiency': np.float64(22.544539473684218), 'pressure_appetite': np.float64(14.399999999999999), 'creation_tools': np.float64(48.62018970189702), 'opportunity_response': np.float64(65.37142857142857), 'age_trajectory': np.float64(95.0)}",Medium
Toney Douglas,2015-16,39.58,58.74,Role Player,Moderate Scaling,Role Player,0.005,1,0,Mixed,True,"Low CII 39.6, moderate TII 58.7 (Age 30 > 25, reclassified from Developing Prospect)","{'self_created': np.float64(35.55), 'pressure_appetite': np.float64(42.25), 'difficulty_embrace': np.float64(34.14), 'defensive_survival': np.float64(56.89), 'force_multiplication': np.float64(29.92)}","{'scaling_efficiency': np.float64(52.0650196216248), 'pressure_appetite': np.float64(64.5873015873016), 'creation_tools': np.float64(74.12515808491418), 'opportunity_response': np.float64(48.74285714285714), 'age_trajectory': np.float64(48.34)}",Medium
Tony Allen,2015-16,13.41,20.99,Role Player,Low Scaling,Role Player,-0.09,0,1,Hides,False,"Low CII 13.4, low TII 21.0","{'self_created': np.float64(10.72), 'pressure_appetite': np.float64(10.0), 'difficulty_embrace': np.float64(11.7), 'defensive_survival': np.float64(22.38), 'force_multiplication': np.float64(19.97)}","{'scaling_efficiency': np.float64(11.805771802698105), 'pressure_appetite': np.float64(4.0000000000000036), 'creation_tools': np.float64(30.24897035197897), 'opportunity_response': np.float64(52.68571428571428), 'age_trajectory': np.float64(25.0)}",Medium
Tony Parker,2015-16,55.44,69.86,Luxury Amplifier,High Scaling,Strong Creator,0.043,1,0,Steps Up,True,"CII 55.4, TII 69.9","{'self_created': np.float64(49.86), 'pressure_appetite': np.float64(62.89), 'difficulty_embrace': np.float64(52.09), 'defensive_survival': np.float64(65.46), 'force_multiplication': np.float64(45.18)}","{'scaling_efficiency': np.float64(63.84739827084696), 'pressure_appetite': np.float64(82.67582938388625), 'creation_tools': np.float64(96.7785227141371), 'opportunity_response': np.float64(54.57142857142857), 'age_trajectory': np.float64(25.0)}",Medium
Tony Snell,2015-16,12.36,36.73,Role Player,Limited Scaling,Role Player,-0.039,0,1,Hides,True,"Low CII 12.4, low TII 36.7","{'self_created': np.float64(8.3), 'pressure_appetite': np.float64(10.0), 'difficulty_embrace': np.float64(17.57), 'defensive_survival': np.float64(22.37), 'force_multiplication': np.float64(5.02)}","{'scaling_efficiency': np.float64(13.031398291099778), 'pressure_appetite': np.float64(24.400000000000006), 'creation_tools': np.float64(52.32156291712171), 'opportunity_response': np.float64(48.400000000000006), 'age_trajectory': np.float64(90.0)}",Medium
Trevor Ariza,2015-16,19.89,41.86,Role Player,Limited Scaling,Role Player,-0.0169999999999999,0,1,Mixed,False,"Low CII 19.9, low TII 41.9","{'self_created': np.float64(10.59), 'pressure_appetite': np.float64(24.96), 'difficulty_embrace': np.float64(15.27), 'defensive_survival': np.float64(40.53), 'force_multiplication': np.float64(13.39)}","{'scaling_efficiency': np.float64(18.530198726372195), 'pressure_appetite': np.float64(50.371794871794904), 'creation_tools': np.float64(48.27566187200333), 'opportunity_response': np.float64(67.0), 'age_trajectory': np.float64(40.01)}",Medium
Trevor Booker,2015-16,20.32,36.34,Role Player,Limited Scaling,Role Player,-0.0029999999999999,0,1,Mixed,False,"Low CII 20.3, low TII 36.3","{'self_created': np.float64(11.96), 'pressure_appetite': np.float64(30.06), 'difficulty_embrace': np.float64(4.7), 'defensive_survival': np.float64(47.78), 'force_multiplication': np.float64(11.05)}","{'scaling_efficiency': np.float64(8.981274128893004), 'pressure_appetite': np.float64(64.61702127659578), 'creation_tools': np.float64(18.428968459897366), 'opportunity_response': np.float64(48.74285714285714), 'age_trajectory': np.float64(64.99000000000001)}",Medium
Trey Burke,2015-16,36.25,48.88,Role Player,Limited Scaling,Role Player,-0.0419999999999999,0,1,Hides,True,"Low CII 36.2, low TII 48.9","{'self_created': np.float64(34.72), 'pressure_appetite': np.float64(31.25), 'difficulty_embrace': np.float64(46.66), 'defensive_survival': np.float64(40.66), 'force_multiplication': np.float64(25.87)}","{'scaling_efficiency': np.float64(33.48492288256041), 'pressure_appetite': np.float64(23.20000000000004), 'creation_tools': np.float64(80.70730699455754), 'opportunity_response': np.float64(49.25714285714285), 'age_trajectory': np.float64(95.0)}",Medium
Trey Lyles,2015-16,14.96,34.13,Role Player,Low Scaling,Role Player,-0.0449999999999999,0,1,Hides,True,"Low CII 15.0, low TII 34.1","{'self_created': np.float64(8.85), 'pressure_appetite': np.float64(15.5), 'difficulty_embrace': np.float64(23.19), 'defensive_survival': np.float64(20.74), 'force_multiplication': np.float64(6.85)}","{'scaling_efficiency': np.float64(9.177707865168541), 'pressure_appetite': np.float64(22.000000000000036), 'creation_tools': np.float64(44.98889193386316), 'opportunity_response': np.float64(45.82857142857143), 'age_trajectory': np.int64(100)}",Medium
Tristan Thompson,2015-16,14.98,41.47,Role Player,Limited Scaling,Role Player,-0.027,0,1,Hides,False,"Low CII 15.0, low TII 41.5","{'self_created': np.float64(11.95), 'pressure_appetite': np.float64(10.79), 'difficulty_embrace': np.float64(2.0), 'defensive_survival': np.float64(46.2), 'force_multiplication': np.float64(13.7)}","{'scaling_efficiency': np.float64(16.880856768787638), 'pressure_appetite': np.float64(52.73684210526316), 'creation_tools': np.float64(13.13019540721723), 'opportunity_response': np.float64(80.61714285714285), 'age_trajectory': np.float64(85.0)}",Medium
Tyler Ennis,2015-16,26.52,48.02,Role Player,Limited Scaling,Role Player,-0.013,0,1,Mixed,True,"Low CII 26.5, low TII 48.0","{'self_created': np.float64(24.68), 'pressure_appetite': np.float64(29.52), 'difficulty_embrace': np.float64(20.29), 'defensive_survival': np.float64(35.29), 'force_multiplication': np.float64(23.82)}","{'scaling_efficiency': np.float64(28.92), 'pressure_appetite': np.float64(48.27380952380952), 'creation_tools': np.float64(53.99850948509484), 'opportunity_response': np.float64(43.17142857142857), 'age_trajectory': np.int64(100)}",Medium
Tyreke Evans,2015-16,47.05,65.45,Fragile Star,High Scaling,Strong Creator,-0.001,0,1,Mixed,False,"CII 47.0, TII 65.5","{'self_created': np.float64(47.41), 'pressure_appetite': np.float64(50.26), 'difficulty_embrace': np.float64(34.86), 'defensive_survival': np.float64(62.63), 'force_multiplication': np.float64(38.92)}","{'scaling_efficiency': np.float64(56.82059635988126), 'pressure_appetite': np.float64(65.59580052493438), 'creation_tools': np.float64(77.9547532168235), 'opportunity_response': np.float64(57.22857142857143), 'age_trajectory': np.float64(78.33)}",Medium
Tyson Chandler,2015-16,21.11,38.36,Role Player,Limited Scaling,Role Player,0.007,1,0,Mixed,False,"Low CII 21.1, low TII 38.4","{'self_created': np.float64(15.09), 'pressure_appetite': np.float64(33.83), 'difficulty_embrace': np.float64(1.7), 'defensive_survival': np.float64(41.57), 'force_multiplication': np.float64(15.52)}","{'scaling_efficiency': np.float64(15.610012072434607), 'pressure_appetite': np.float64(66.73333333333333), 'creation_tools': np.float64(11.766666666666666), 'opportunity_response': np.float64(77.6), 'age_trajectory': np.float64(30.0)}",Medium
Victor Oladipo,2015-16,43.65,60.5,Fragile Star,Moderate Scaling,Developing Prospect,0.004,1,0,Mixed,True,"Low CII 43.6, moderate TII 60.5","{'self_created': np.float64(38.76), 'pressure_appetite': np.float64(47.4), 'difficulty_embrace': np.float64(45.19), 'defensive_survival': np.float64(49.53), 'force_multiplication': np.float64(37.0)}","{'scaling_efficiency': np.float64(41.47306988955279), 'pressure_appetite': np.float64(55.87142857142857), 'creation_tools': np.float64(81.0), 'opportunity_response': np.float64(59.28571428571428), 'age_trajectory': np.float64(90.0)}",Medium
Vince Carter,2015-16,21.06,34.62,Role Player,Low Scaling,Role Player,-0.0279999999999999,0,1,Hides,True,"Low CII 21.1, low TII 34.6","{'self_created': np.float64(11.48), 'pressure_appetite': np.float64(23.68), 'difficulty_embrace': np.float64(17.54), 'defensive_survival': np.float64(48.55), 'force_multiplication': np.float64(9.01)}","{'scaling_efficiency': np.float64(14.07581500574862), 'pressure_appetite': np.float64(53.819209039548056), 'creation_tools': np.float64(40.650041339396445), 'opportunity_response': np.float64(45.400000000000006), 'age_trajectory': np.int64(20)}",Medium
Wayne Ellington,2015-16,17.45,33.63,Role Player,Low Scaling,Role Player,-0.0829999999999999,0,1,Hides,True,"Low CII 17.4, low TII 33.6","{'self_created': np.float64(14.0), 'pressure_appetite': np.float64(10.0), 'difficulty_embrace': np.float64(36.69), 'defensive_survival': np.float64(20.83), 'force_multiplication': np.float64(2.83)}","{'scaling_efficiency': np.float64(16.345352833053624), 'pressure_appetite': np.float64(6.800000000000046), 'creation_tools': np.float64(65.74676687464549), 'opportunity_response': np.float64(49.171428571428564), 'age_trajectory': np.float64(64.99000000000001)}",Medium
Wesley Matthews,2015-16,29.21,51.1,Role Player,Moderate Scaling,Role Player,-0.012,0,1,Mixed,True,"Low CII 29.2, low TII 51.1","{'self_created': np.float64(19.94), 'pressure_appetite': np.float64(30.62), 'difficulty_embrace': np.float64(30.47), 'defensive_survival': np.float64(54.76), 'force_multiplication': np.float64(12.64)}","{'scaling_efficiency': np.float64(27.70860104525839), 'pressure_appetite': np.float64(60.73684210526315), 'creation_tools': np.float64(64.65744544287548), 'opportunity_response': np.float64(60.05714285714285), 'age_trajectory': np.float64(56.67)}",Medium
Will Barton,2015-16,41.96,59.35,Fragile Star,Moderate Scaling,Developing Prospect,0.0189999999999999,1,0,Steps Up,True,"Low CII 42.0, moderate TII 59.4","{'self_created': np.float64(33.97), 'pressure_appetite': np.float64(54.21), 'difficulty_embrace': np.float64(28.03), 'defensive_survival': np.float64(56.27), 'force_multiplication': np.float64(41.65)}","{'scaling_efficiency': np.float64(39.70141299564856), 'pressure_appetite': np.float64(70.8442477876106), 'creation_tools': np.float64(64.42598388373264), 'opportunity_response': np.float64(55.599999999999994), 'age_trajectory': np.float64(85.0)}",Medium
Willie Cauley-Stein,2015-16,11.49,31.26,Role Player,Low Scaling,Role Player,-0.062,0,1,Hides,False,"Low CII 11.5, low TII 31.3","{'self_created': np.float64(4.43), 'pressure_appetite': np.float64(10.0), 'difficulty_embrace': np.float64(6.0), 'defensive_survival': np.float64(37.65), 'force_multiplication': np.float64(8.13)}","{'scaling_efficiency': np.float64(13.014499119201407), 'pressure_appetite': np.float64(15.2), 'creation_tools': np.float64(17.4087879352076), 'opportunity_response': np.float64(67.17714285714285), 'age_trajectory': np.int64(100)}",Medium
Zach LaVine,2015-16,43.35,61.33,Fragile Star,Moderate Scaling,Developing Prospect,-0.009,0,1,Mixed,True,"Low CII 43.4, moderate TII 61.3","{'self_created': np.float64(43.93), 'pressure_appetite': np.float64(42.46), 'difficulty_embrace': np.float64(45.14), 'defensive_survival': np.float64(46.92), 'force_multiplication': np.float64(34.93)}","{'scaling_efficiency': np.float64(46.509814644282315), 'pressure_appetite': np.float64(50.28947368421052), 'creation_tools': np.float64(82.75), 'opportunity_response': np.float64(55.0), 'age_trajectory': np.int64(100)}",Medium
Zach Randolph,2015-16,36.23,42.66,Role Player,Limited Scaling,Role Player,-0.0169999999999999,0,1,Mixed,True,"Low CII 36.2, low TII 42.7","{'self_created': np.float64(22.16), 'pressure_appetite': np.float64(42.54), 'difficulty_embrace': np.float64(32.59), 'defensive_survival': np.float64(47.53), 'force_multiplication': np.float64(52.96)}","{'scaling_efficiency': np.float64(21.01708116625769), 'pressure_appetite': np.float64(59.09446693657223), 'creation_tools': np.float64(53.07442974227313), 'opportunity_response': np.float64(56.457142857142856), 'age_trajectory': np.float64(25.0)}",Medium
