player_name,season,cii,tii,cii_archetype,tii_archetype,archetype_2d,career_leverage_mean,career_positive_seasons,career_negative_seasons,career_pattern,has_creation_tools,reasoning,cii_components,tii_components,confidence
Aaron Gordon,2021-22,22.45,49.27,Role Player,Limited Scaling,Role Player,-0.061999999999999944,0,7,Hides,False,"Low CII 22.4, low TII 49.3, no creation tools","{'self_created': np.float64(22.79), 'pressure_appetite': np.float64(12.67), 'difficulty_embrace': np.float64(17.7), 'defensive_survival': np.float64(40.76), 'force_multiplication': np.float64(27.87)}","{'scaling_efficiency': np.float64(51.76497296517914), 'pressure_appetite': np.float64(8.800000000000004), 'creation_tools': np.float64(49.62502304919956), 'opportunity_response': np.float64(91.88857142857142), 'age_trajectory': np.float64(78.33)}",High
Aaron Wiggins,2021-22,17.67,40.43,Role Player,Limited Scaling,Role Player,-0.0199999999999999,0,1,Mixed,False,"Low CII 17.7, low TII 40.4","{'self_created': np.float64(11.68), 'pressure_appetite': np.float64(21.78), 'difficulty_embrace': np.float64(4.07), 'defensive_survival': np.float64(41.91), 'force_multiplication': np.float64(16.16)}","{'scaling_efficiency': np.float64(14.531949846522037), 'pressure_appetite': np.float64(56.917225950783035), 'creation_tools': np.float64(18.394535384951165), 'opportunity_response': np.float64(57.74285714285714), 'age_trajectory': np.float64(95.0)}",Medium
Al Horford,2021-22,9.82,29.89,Role Player,Low Scaling,Role Player,-0.0345,0,6,Hides,False,"Low CII 9.8, low TII 29.9, no creation tools","{'self_created': np.float64(3.46), 'pressure_appetite': np.float64(10.5), 'difficulty_embrace': np.float64(8.09), 'defensive_survival': np.float64(25.22), 'force_multiplication': np.float64(7.53)}","{'scaling_efficiency': np.float64(15.690794412120846), 'pressure_appetite': np.float64(22.400000000000002), 'creation_tools': np.float64(33.94576074332172), 'opportunity_response': np.float64(71.94285714285715), 'age_trajectory': np.int64(20)}",High
Alec Burks,2021-22,33.85,62.15,Role Player,Moderate Scaling,Strong Creator,0.03414285714285713,6,1,Steps Up,False,"Positive career leverage (+0.034), CII 33.9 still developing (Age 30 > 25, reclassified from Developing Engine)","{'self_created': np.float64(31.02), 'pressure_appetite': np.float64(43.04), 'difficulty_embrace': np.float64(28.54), 'defensive_survival': np.float64(35.36), 'force_multiplication': np.float64(27.68)}","{'scaling_efficiency': np.float64(60.12325321975458), 'pressure_appetite': np.float64(60.61052631578945), 'creation_tools': np.float64(74.50587647981743), 'opportunity_response': np.float64(61.51428571428572), 'age_trajectory': np.float64(48.34)}",High
Aleksej Pokusevski,2021-22,24.97,43.56,Role Player,Limited Scaling,Role Player,0.0479999999999999,2,0,Steps Up,False,"Low CII 25.0, low TII 43.6","{'self_created': np.float64(9.07), 'pressure_appetite': np.float64(45.58), 'difficulty_embrace': np.float64(12.34), 'defensive_survival': np.float64(43.94), 'force_multiplication': np.float64(17.98)}","{'scaling_efficiency': np.float64(7.768134394341288), 'pressure_appetite': np.float64(67.07692307692304), 'creation_tools': np.float64(36.060214717531785), 'opportunity_response': np.float64(48.31428571428572), 'age_trajectory': np.int64(100)}",Medium
Alex Len,2021-22,8.14,20.99,Role Player,Low Scaling,Role Player,-0.06683333333333334,1,5,Hides,False,"Low CII 8.1, low TII 21.0, no creation tools","{'self_created': np.float64(1.77), 'pressure_appetite': np.float64(10.0), 'difficulty_embrace': np.float64(2.1), 'defensive_survival': np.float64(27.45), 'force_multiplication': np.float64(5.71)}","{'scaling_efficiency': np.float64(13.343422869175129), 'pressure_appetite': np.float64(0.0), 'creation_tools': np.float64(11.146316826804632), 'opportunity_response': np.float64(60.628571428571426), 'age_trajectory': np.float64(56.67)}",High
Alperen Sengun,2021-22,17.57,28.71,Role Player,Low Scaling,Role Player,-0.0839999999999999,0,1,Hides,False,"Low CII 17.6, low TII 28.7","{'self_created': np.float64(24.65), 'pressure_appetite': np.float64(15.0), 'difficulty_embrace': np.float64(3.77), 'defensive_survival': np.float64(12.03), 'force_multiplication': np.float64(38.66)}","{'scaling_efficiency': np.float64(16.538711122337297), 'pressure_appetite': np.float64(6.400000000000046), 'creation_tools': np.float64(19.66874477623281), 'opportunity_response': np.float64(54.74285714285714), 'age_trajectory': np.int64(100)}",Medium
Amir Coffey,2021-22,18.15,48.44,Role Player,Limited Scaling,Role Player,-0.0169999999999999,0,1,Mixed,False,"Low CII 18.1, low TII 48.4","{'self_created': np.float64(11.25), 'pressure_appetite': np.float64(24.54), 'difficulty_embrace': np.float64(10.83), 'defensive_survival': np.float64(34.27), 'force_multiplication': np.float64(13.34)}","{'scaling_efficiency': np.float64(32.19427265072844), 'pressure_appetite': np.float64(46.34632034632038), 'creation_tools': np.float64(36.56655580192165), 'opportunity_response': np.float64(75.90285714285714), 'age_trajectory': np.float64(85.0)}",Medium
Andrew Wiggins,2021-22,26.93,47.05,Role Player,Limited Scaling,Luxury Amplifier,-0.0112857142857143,3,4,Mixed,True,"Negative career leverage (-0.011, 3+/4-) BUT has creation tools: Thrives as #2","{'self_created': np.float64(28.55), 'pressure_appetite': np.float64(20.5), 'difficulty_embrace': np.float64(29.76), 'defensive_survival': np.float64(33.0), 'force_multiplication': np.float64(23.39)}","{'scaling_efficiency': np.float64(40.0305860805861), 'pressure_appetite': np.float64(15.600000000000001), 'creation_tools': np.float64(66.37947154471544), 'opportunity_response': np.float64(71.34285714285714), 'age_trajectory': np.float64(71.66)}",High
Anfernee Simons,2021-22,59.36,76.12,Luxury Amplifier,High Scaling,Latent Engine,0.018,1,0,Steps Up,True,"Medium CII 59.4, high TII 76.1, has tools","{'self_created': np.float64(68.2), 'pressure_appetite': np.float64(56.43), 'difficulty_embrace': np.float64(56.79), 'defensive_survival': np.float64(67.34), 'force_multiplication': np.float64(33.34)}","{'scaling_efficiency': np.float64(69.13998351375402), 'pressure_appetite': np.float64(70.02622950819672), 'creation_tools': np.float64(82.36666666666667), 'opportunity_response': np.float64(79.31428571428572), 'age_trajectory': np.float64(95.0)}",Medium
Anthony Davis,2021-22,34.61,53.17,Role Player,Moderate Scaling,Luxury Amplifier,0.007142857142857157,3,4,Mixed,True,"Mixed career leverage (+0.007), low CII but has tools","{'self_created': np.float64(27.72), 'pressure_appetite': np.float64(35.19), 'difficulty_embrace': np.float64(32.59), 'defensive_survival': np.float64(44.44), 'force_multiplication': np.float64(43.11)}","{'scaling_efficiency': np.float64(48.832971850337074), 'pressure_appetite': np.float64(22.800000000000004), 'creation_tools': np.float64(76.90881480107576), 'opportunity_response': np.float64(78.5), 'age_trajectory': np.float64(56.67)}",High
Anthony Edwards,2021-22,47.32,57.75,Fragile Star,Moderate Scaling,Strong Creator,-0.053500000000000006,0,2,Hides,False,"CII 47.3, TII 57.8","{'self_created': np.float64(59.21), 'pressure_appetite': np.float64(32.22), 'difficulty_embrace': np.float64(51.07), 'defensive_survival': np.float64(47.97), 'force_multiplication': np.float64(40.93)}","{'scaling_efficiency': np.float64(60.48273897687136), 'pressure_appetite': np.float64(20.0), 'creation_tools': np.float64(70.26666666666667), 'opportunity_response': np.float64(70.31428571428572), 'age_trajectory': np.int64(100)}",Medium
Austin Reaves,2021-22,29.09,58.31,Role Player,Moderate Scaling,Developing Prospect,0.036,1,0,Steps Up,False,"Low CII 29.1, moderate TII 58.3","{'self_created': np.float64(14.52), 'pressure_appetite': np.float64(49.5), 'difficulty_embrace': np.float64(11.11), 'defensive_survival': np.float64(52.23), 'force_multiplication': np.float64(22.99)}","{'scaling_efficiency': np.float64(33.81180014263539), 'pressure_appetite': np.float64(79.15041322314049), 'creation_tools': np.float64(39.61141906873614), 'opportunity_response': np.float64(76.37428571428572), 'age_trajectory': np.float64(90.0)}",Medium
Avery Bradley,2021-22,14.57,34.39,Role Player,Low Scaling,Luxury Amplifier,-0.04719999999999993,0,5,Hides,True,"Negative career leverage (-0.047, 0+/5-) BUT has creation tools: Thrives as #2","{'self_created': np.float64(4.36), 'pressure_appetite': np.float64(10.0), 'difficulty_embrace': np.float64(17.33), 'defensive_survival': np.float64(46.77), 'force_multiplication': np.float64(2.8)}","{'scaling_efficiency': np.float64(17.32788146837683), 'pressure_appetite': np.float64(22.400000000000002), 'creation_tools': np.float64(55.6351506456241), 'opportunity_response': np.float64(56.457142857142856), 'age_trajectory': np.float64(40.01)}",High
Bam Adebayo,2021-22,28.2,43.43,Role Player,Limited Scaling,Luxury Amplifier,-0.0465,0,4,Hides,True,"Negative career leverage (-0.046, 0+/4-) BUT has creation tools: Thrives as #2","{'self_created': np.float64(31.74), 'pressure_appetite': np.float64(18.0), 'difficulty_embrace': np.float64(19.99), 'defensive_survival': np.float64(34.79), 'force_multiplication': np.float64(49.6)}","{'scaling_efficiency': np.float64(34.772317859952786), 'pressure_appetite': np.float64(0.0), 'creation_tools': np.float64(53.23114345659586), 'opportunity_response': np.float64(89.0), 'age_trajectory': np.float64(90.0)}",High
Ben McLemore,2021-22,15.29,33.27,Role Player,Low Scaling,Role Player,-0.07159999999999996,0,5,Hides,False,"Low CII 15.3, low TII 33.3, no creation tools","{'self_created': np.float64(5.79), 'pressure_appetite': np.float64(21.38), 'difficulty_embrace': np.float64(17.53), 'defensive_survival': np.float64(24.43), 'force_multiplication': np.float64(10.39)}","{'scaling_efficiency': np.float64(17.12547448015122), 'pressure_appetite': np.float64(21.20000000000004), 'creation_tools': np.float64(37.67859274969561), 'opportunity_response': np.float64(64.22857142857143), 'age_trajectory': np.float64(56.67)}",High
Bobby Portis,2021-22,17.22,35.0,Role Player,Limited Scaling,Luxury Amplifier,-0.06999999999999998,0,5,Hides,True,"Negative career leverage (-0.070, 0+/5-) BUT has creation tools: Thrives as #2","{'self_created': np.float64(15.32), 'pressure_appetite': np.float64(10.5), 'difficulty_embrace': np.float64(20.57), 'defensive_survival': np.float64(32.65), 'force_multiplication': np.float64(9.86)}","{'scaling_efficiency': np.float64(19.580403240496608), 'pressure_appetite': np.float64(0.0), 'creation_tools': np.float64(56.42803503397353), 'opportunity_response': np.float64(71.17142857142858), 'age_trajectory': np.float64(71.66)}",High
Bogdan Bogdanović,2021-22,49.01,65.5,Fragile Star,High Scaling,Strong Creator,0.0015999999999999793,3,2,Mixed,True,Mixed career leverage (+0.002) but has tools/CII,"{'self_created': np.float64(36.21), 'pressure_appetite': np.float64(71.83), 'difficulty_embrace': np.float64(36.04), 'defensive_survival': np.float64(67.61), 'force_multiplication': np.float64(28.37)}","{'scaling_efficiency': np.float64(44.94632323390487), 'pressure_appetite': np.float64(86.35283018867923), 'creation_tools': np.float64(69.71666666666667), 'opportunity_response': np.float64(72.11428571428571), 'age_trajectory': np.float64(56.67)}",High
Bojan Bogdanovic,2021-22,22.74,43.73,Role Player,Limited Scaling,Fragile Star,-0.05028571428571427,0,7,Hides,False,"Fragile Star: high usage (23.2%), low CII (22.7), extreme hiding (-0.050), no creation tools","{'self_created': np.float64(21.67), 'pressure_appetite': np.float64(20.0), 'difficulty_embrace': np.float64(18.7), 'defensive_survival': np.float64(33.8), 'force_multiplication': np.float64(24.28)}","{'scaling_efficiency': np.float64(48.450428422152555), 'pressure_appetite': np.float64(11.200000000000006), 'creation_tools': np.float64(50.888687973086626), 'opportunity_response': np.float64(88.13428571428571), 'age_trajectory': np.float64(30.0)}",High
Bones Hyland,2021-22,30.95,54.94,Role Player,Moderate Scaling,Role Player,-0.042,0,1,Hides,False,"Low CII 30.9, low TII 54.9","{'self_created': np.float64(33.84), 'pressure_appetite': np.float64(28.92), 'difficulty_embrace': np.float64(26.01), 'defensive_survival': np.float64(42.49), 'force_multiplication': np.float64(19.88)}","{'scaling_efficiency': np.float64(57.08014842300557), 'pressure_appetite': np.float64(23.200000000000003), 'creation_tools': np.float64(64.8560236511456), 'opportunity_response': np.float64(60.285714285714285), 'age_trajectory': np.int64(100)}",Medium
Bradley Beal,2021-22,64.42,66.99,Luxury Amplifier,High Scaling,Strong Creator,0.04542857142857135,6,1,Steps Up,True,"Positive career leverage (+0.045), CII 64.4: Stepping up consistently","{'self_created': np.float64(58.73), 'pressure_appetite': np.float64(73.32), 'difficulty_embrace': np.float64(63.54), 'defensive_survival': np.float64(72.05), 'force_multiplication': np.float64(49.52)}","{'scaling_efficiency': np.float64(50.884935500408766), 'pressure_appetite': np.float64(77.22828282828283), 'creation_tools': np.float64(88.0), 'opportunity_response': np.float64(61.0), 'age_trajectory': np.float64(56.67)}",High
Brandon Clarke,2021-22,17.18,36.85,Role Player,Limited Scaling,Role Player,-0.035500000000000004,0,2,Hides,False,"Low CII 17.2, low TII 36.9","{'self_created': np.float64(12.52), 'pressure_appetite': np.float64(18.72), 'difficulty_embrace': np.float64(4.3), 'defensive_survival': np.float64(42.21), 'force_multiplication': np.float64(15.57)}","{'scaling_efficiency': np.float64(21.361600960576347), 'pressure_appetite': np.float64(25.999999999999996), 'creation_tools': np.float64(16.924965530357056), 'opportunity_response': np.float64(80.38571428571429), 'age_trajectory': np.float64(85.0)}",Medium
Brandon Goodwin,2021-22,32.11,48.97,Role Player,Limited Scaling,Role Player,0.034,1,0,Steps Up,False,"Low CII 32.1, low TII 49.0","{'self_created': np.float64(24.82), 'pressure_appetite': np.float64(55.03), 'difficulty_embrace': np.float64(13.3), 'defensive_survival': np.float64(36.89), 'force_multiplication': np.float64(27.18)}","{'scaling_efficiency': np.float64(29.312), 'pressure_appetite': np.float64(68.64180790960452), 'creation_tools': np.float64(43.70838500757889), 'opportunity_response': np.float64(42.91428571428571), 'age_trajectory': np.float64(78.33)}",Medium
Brandon Ingram,2021-22,62.11,71.57,Luxury Amplifier,High Scaling,Luxury Amplifier,-0.003166666666666667,3,3,Mixed,True,"Negative career leverage (-0.003, 3+/3-) BUT has creation tools: Thrives as #2","{'self_created': np.float64(53.87), 'pressure_appetite': np.float64(69.14), 'difficulty_embrace': np.float64(69.37), 'defensive_survival': np.float64(61.86), 'force_multiplication': np.float64(55.09)}","{'scaling_efficiency': np.float64(57.2740609999064), 'pressure_appetite': np.float64(70.8680412371134), 'creation_tools': np.float64(85.75), 'opportunity_response': np.float64(70.14285714285714), 'age_trajectory': np.float64(90.0)}",High
Brandon Williams,2021-22,43.72,61.15,Fragile Star,Moderate Scaling,Developing Prospect,0.0559999999999999,1,0,Steps Up,True,"Low CII 43.7, moderate TII 61.1","{'self_created': np.float64(27.25), 'pressure_appetite': np.float64(72.33), 'difficulty_embrace': np.float64(35.73), 'defensive_survival': np.float64(42.82), 'force_multiplication': np.float64(38.89)}","{'scaling_efficiency': np.float64(35.749077388384805), 'pressure_appetite': np.float64(73.15284552845526), 'creation_tools': np.float64(70.26395994447749), 'opportunity_response': np.float64(53.885714285714286), 'age_trajectory': np.int64(100)}",Medium
Bruce Brown,2021-22,11.21,33.84,Role Player,Low Scaling,Role Player,-0.03266666666666663,0,3,Hides,False,"Low CII 11.2, low TII 33.8","{'self_created': np.float64(4.03), 'pressure_appetite': np.float64(11.33), 'difficulty_embrace': np.float64(3.1), 'defensive_survival': np.float64(30.16), 'force_multiplication': np.float64(20.24)}","{'scaling_efficiency': np.float64(16.27300171883952), 'pressure_appetite': np.float64(24.80000000000004), 'creation_tools': np.float64(20.23677469651409), 'opportunity_response': np.float64(68.08571428571429), 'age_trajectory': np.float64(85.0)}",Medium
Buddy Hield,2021-22,36.79,52.85,Role Player,Moderate Scaling,Role Player,-0.004499999999999983,3,3,Mixed,False,"Low CII 36.8, low TII 52.9, no creation tools","{'self_created': np.float64(28.24), 'pressure_appetite': np.float64(47.13), 'difficulty_embrace': np.float64(35.67), 'defensive_survival': np.float64(50.35), 'force_multiplication': np.float64(18.52)}","{'scaling_efficiency': np.float64(37.41662451896648), 'pressure_appetite': np.float64(57.3626168224299), 'creation_tools': np.float64(65.01666666666667), 'opportunity_response': np.float64(57.4), 'age_trajectory': np.float64(56.67)}",High
CJ Elleby,2021-22,10.33,27.14,Role Player,Low Scaling,Role Player,-0.072,0,1,Hides,False,"Low CII 10.3, low TII 27.1","{'self_created': np.float64(4.13), 'pressure_appetite': np.float64(10.0), 'difficulty_embrace': np.float64(6.79), 'defensive_survival': np.float64(25.35), 'force_multiplication': np.float64(14.28)}","{'scaling_efficiency': np.float64(6.787785547785548), 'pressure_appetite': np.float64(11.200000000000006), 'creation_tools': np.float64(25.268090852237194), 'opportunity_response': np.float64(48.31428571428572), 'age_trajectory': np.int64(100)}",Medium
CJ McCollum,2021-22,55.58,57.29,Luxury Amplifier,Moderate Scaling,Luxury Amplifier,-0.028999999999999988,1,6,Hides,True,"Negative career leverage (-0.029, 1+/6-) BUT has creation tools: Thrives as #2","{'self_created': np.float64(69.72), 'pressure_appetite': np.float64(34.46), 'difficulty_embrace': np.float64(75.61), 'defensive_survival': np.float64(51.09), 'force_multiplication': np.float64(32.65)}","{'scaling_efficiency': np.float64(61.78190220397225), 'pressure_appetite': np.float64(20.8), 'creation_tools': np.float64(90.6), 'opportunity_response': np.float64(70.65714285714286), 'age_trajectory': np.float64(48.34)}",High
Cade Cunningham,2021-22,53.92,65.88,Fragile Star,High Scaling,Strong Creator,0.064,1,0,Steps Up,True,"CII 53.9, TII 65.9","{'self_created': np.float64(38.71), 'pressure_appetite': np.float64(78.57), 'difficulty_embrace': np.float64(43.91), 'defensive_survival': np.float64(59.09), 'force_multiplication': np.float64(50.24)}","{'scaling_efficiency': np.float64(38.52664678568024), 'pressure_appetite': np.float64(78.08864468864468), 'creation_tools': np.float64(79.79746716697936), 'opportunity_response': np.float64(58.94285714285715), 'age_trajectory': np.int64(100)}",Medium
Caleb Martin,2021-22,15.66,37.81,Role Player,Limited Scaling,Role Player,-0.10600000000000001,0,2,Hides,False,"Low CII 15.7, low TII 37.8","{'self_created': np.float64(15.88), 'pressure_appetite': np.float64(10.0), 'difficulty_embrace': np.float64(11.23), 'defensive_survival': np.float64(31.39), 'force_multiplication': np.float64(14.38)}","{'scaling_efficiency': np.float64(31.024344425073895), 'pressure_appetite': np.float64(0.0), 'creation_tools': np.float64(40.641072347432335), 'opportunity_response': np.float64(83.59142857142857), 'age_trajectory': np.float64(78.33)}",Medium
Cam Reddish,2021-22,19.78,38.56,Role Player,Limited Scaling,Role Player,-0.072,0,3,Hides,False,"Low CII 19.8, low TII 38.6","{'self_created': np.float64(21.09), 'pressure_appetite': np.float64(14.17), 'difficulty_embrace': np.float64(22.06), 'defensive_survival': np.float64(31.99), 'force_multiplication': np.float64(7.04)}","{'scaling_efficiency': np.float64(31.7398929683964), 'pressure_appetite': np.float64(4.800000000000004), 'creation_tools': np.float64(52.63846902553532), 'opportunity_response': np.float64(48.74285714285714), 'age_trajectory': np.int64(100)}",Medium
Cam Thomas,2021-22,49.78,62.78,Fragile Star,Moderate Scaling,Strong Creator,0.0709999999999999,1,0,Steps Up,True,"CII 49.8, TII 62.8","{'self_created': np.float64(34.2), 'pressure_appetite': np.float64(70.5), 'difficulty_embrace': np.float64(45.53), 'defensive_survival': np.float64(60.88), 'force_multiplication': np.float64(36.56)}","{'scaling_efficiency': np.float64(37.44218075680184), 'pressure_appetite': np.float64(80.79811320754715), 'creation_tools': np.float64(72.16210308329498), 'opportunity_response': np.float64(46.08571428571429), 'age_trajectory': np.int64(100)}",Medium
Cameron Johnson,2021-22,12.87,37.83,Role Player,Limited Scaling,Role Player,-0.06399999999999996,0,3,Hides,False,"Low CII 12.9, low TII 37.8","{'self_created': np.float64(3.71), 'pressure_appetite': np.float64(13.67), 'difficulty_embrace': np.float64(7.44), 'defensive_survival': np.float64(42.72), 'force_multiplication': np.float64(4.41)}","{'scaling_efficiency': np.float64(20.119239032308826), 'pressure_appetite': np.float64(22.0), 'creation_tools': np.float64(27.277734774353732), 'opportunity_response': np.float64(86.70285714285714), 'age_trajectory': np.float64(78.33)}",Medium
Cameron Payne,2021-22,44.08,60.22,Fragile Star,Moderate Scaling,Role Player,0.01249999999999995,2,0,Steps Up,False,"Low CII 44.1, moderate TII 60.2 (Age 27 > 25, reclassified from Developing Prospect)","{'self_created': np.float64(33.07), 'pressure_appetite': np.float64(55.52), 'difficulty_embrace': np.float64(32.56), 'defensive_survival': np.float64(66.4), 'force_multiplication': np.float64(38.02)}","{'scaling_efficiency': np.float64(44.063236747646044), 'pressure_appetite': np.float64(74.65106382978723), 'creation_tools': np.float64(68.46747102577409), 'opportunity_response': np.float64(49.857142857142854), 'age_trajectory': np.float64(71.66)}",Medium
Caris LeVert,2021-22,50.91,58.57,Fragile Star,Moderate Scaling,Strong Creator,0.009500000000000034,2,4,Mixed,True,Mixed career leverage (+0.010) but has tools/CII,"{'self_created': np.float64(51.38), 'pressure_appetite': np.float64(55.19), 'difficulty_embrace': np.float64(46.33), 'defensive_survival': np.float64(53.54), 'force_multiplication': np.float64(44.03)}","{'scaling_efficiency': np.float64(45.60473760932945), 'pressure_appetite': np.float64(59.25714285714285), 'creation_tools': np.float64(71.53333333333333), 'opportunity_response': np.float64(57.31428571428572), 'age_trajectory': np.float64(71.66)}",High
Carmelo Anthony,2021-22,25.23,42.14,Role Player,Limited Scaling,Luxury Amplifier,-0.019999999999999987,2,4,Mixed,True,"Negative career leverage (-0.020, 2+/4-) BUT has creation tools: Thrives as #2","{'self_created': np.float64(22.43), 'pressure_appetite': np.float64(15.5), 'difficulty_embrace': np.float64(34.6), 'defensive_survival': np.float64(41.02), 'force_multiplication': np.float64(15.54)}","{'scaling_efficiency': np.float64(37.71011666996241), 'pressure_appetite': np.float64(15.2), 'creation_tools': np.float64(73.14652908067542), 'opportunity_response': np.float64(69.28571428571429), 'age_trajectory': np.int64(20)}",High
Cedi Osman,2021-22,16.14,38.0,Role Player,Limited Scaling,Role Player,-0.015499999999999951,1,3,Mixed,False,"Low CII 16.1, low TII 38.0, no creation tools","{'self_created': np.float64(8.4), 'pressure_appetite': np.float64(22.98), 'difficulty_embrace': np.float64(11.84), 'defensive_survival': np.float64(24.16), 'force_multiplication': np.float64(18.82)}","{'scaling_efficiency': np.float64(22.96509593746815), 'pressure_appetite': np.float64(22.80000000000004), 'creation_tools': np.float64(41.74762017523088), 'opportunity_response': np.float64(65.94285714285715), 'age_trajectory': np.float64(71.66)}",High
Chimezie Metu,2021-22,25.42,44.78,Role Player,Limited Scaling,Role Player,0.016,1,0,Steps Up,False,"Low CII 25.4, low TII 44.8","{'self_created': np.float64(3.66), 'pressure_appetite': np.float64(46.88), 'difficulty_embrace': np.float64(12.36), 'defensive_survival': np.float64(57.91), 'force_multiplication': np.float64(14.44)}","{'scaling_efficiency': np.float64(10.067551847692394), 'pressure_appetite': np.float64(74.41739130434783), 'creation_tools': np.float64(36.32571580063627), 'opportunity_response': np.float64(49.25714285714285), 'age_trajectory': np.float64(85.0)}",Medium
Chris Boucher,2021-22,7.68,24.32,Role Player,Low Scaling,Role Player,-0.05499999999999995,0,2,Hides,False,"Low CII 7.7, low TII 24.3","{'self_created': np.float64(4.89), 'pressure_appetite': np.float64(10.0), 'difficulty_embrace': np.float64(4.19), 'defensive_survival': np.float64(14.06), 'force_multiplication': np.float64(7.69)}","{'scaling_efficiency': np.float64(10.694556303549566), 'pressure_appetite': np.float64(8.400000000000038), 'creation_tools': np.float64(17.900841368878805), 'opportunity_response': np.float64(65.08571428571429), 'age_trajectory': np.float64(56.67)}",Medium
Chris Duarte,2021-22,38.18,56.98,Role Player,Moderate Scaling,Developing Prospect,0.003,1,0,Mixed,True,"Low CII 38.2, moderate TII 57.0","{'self_created': np.float64(33.01), 'pressure_appetite': np.float64(44.2), 'difficulty_embrace': np.float64(40.41), 'defensive_survival': np.float64(42.88), 'force_multiplication': np.float64(27.14)}","{'scaling_efficiency': np.float64(37.92885999133074), 'pressure_appetite': np.float64(55.469565217391306), 'creation_tools': np.float64(74.9), 'opportunity_response': np.float64(55.0), 'age_trajectory': np.float64(85.0)}",Medium
Chris Paul,2021-22,78.74,83.44,Strong Creator,Elite Scaling,Franchise Engine,0.05557142857142854,6,1,Steps Up,True,CII 78.7 >= 74: Already elite creator,"{'self_created': np.float64(89.0), 'pressure_appetite': np.float64(73.83), 'difficulty_embrace': np.float64(80.0), 'defensive_survival': np.float64(90.07), 'force_multiplication': np.float64(40.71)}","{'scaling_efficiency': np.float64(91.04761904761907), 'pressure_appetite': np.float64(93.6), 'creation_tools': np.float64(90.25), 'opportunity_response': np.float64(84.5), 'age_trajectory': np.int64(20)}",High
Christian Wood,2021-22,32.42,57.97,Role Player,Moderate Scaling,Fragile Star,-0.037,0,3,Hides,False,"Fragile Star: high usage (23.3%), low CII (32.4), no creation tools","{'self_created': np.float64(21.73), 'pressure_appetite': np.float64(46.74), 'difficulty_embrace': np.float64(13.83), 'defensive_survival': np.float64(44.32), 'force_multiplication': np.float64(48.05)}","{'scaling_efficiency': np.float64(47.32276110266703), 'pressure_appetite': np.float64(57.58941344778255), 'creation_tools': np.float64(41.69010956418577), 'opportunity_response': np.float64(88.04), 'age_trajectory': np.float64(78.33)}",Medium
Chuma Okeke,2021-22,22.65,45.32,Role Player,Limited Scaling,Role Player,-0.03799999999999995,1,1,Hides,False,"Low CII 22.6, low TII 45.3","{'self_created': np.float64(7.15), 'pressure_appetite': np.float64(35.92), 'difficulty_embrace': np.float64(12.97), 'defensive_survival': np.float64(53.58), 'force_multiplication': np.float64(8.97)}","{'scaling_efficiency': np.float64(10.215163463233994), 'pressure_appetite': np.float64(67.15471698113207), 'creation_tools': np.float64(40.49073221864294), 'opportunity_response': np.float64(52.42857142857143), 'age_trajectory': np.float64(95.0)}",Medium
Coby White,2021-22,18.8,46.86,Role Player,Limited Scaling,Role Player,-0.07866666666666663,0,3,Hides,False,"Low CII 18.8, low TII 46.9","{'self_created': np.float64(24.66), 'pressure_appetite': np.float64(10.0), 'difficulty_embrace': np.float64(23.63), 'defensive_survival': np.float64(21.54), 'force_multiplication': np.float64(9.49)}","{'scaling_efficiency': np.float64(46.41048166786483), 'pressure_appetite': np.float64(0.0), 'creation_tools': np.float64(61.77876797998749), 'opportunity_response': np.float64(70.57142857142857), 'age_trajectory': np.int64(100)}",Medium
Cody Martin,2021-22,16.24,38.79,Role Player,Limited Scaling,Role Player,-0.03849999999999995,0,2,Hides,False,"Low CII 16.2, low TII 38.8","{'self_created': np.float64(12.07), 'pressure_appetite': np.float64(10.0), 'difficulty_embrace': np.float64(7.77), 'defensive_survival': np.float64(45.53), 'force_multiplication': np.float64(17.34)}","{'scaling_efficiency': np.float64(20.73573983739837), 'pressure_appetite': np.float64(24.40000000000004), 'creation_tools': np.float64(41.00948509485095), 'opportunity_response': np.float64(69.54285714285714), 'age_trajectory': np.float64(78.33)}",Medium
Cole Anthony,2021-22,59.77,71.05,Luxury Amplifier,High Scaling,Latent Engine,0.057499999999999996,2,0,Steps Up,True,"Medium CII 59.8, high TII 71.0, has tools","{'self_created': np.float64(47.31), 'pressure_appetite': np.float64(79.33), 'difficulty_embrace': np.float64(46.36), 'defensive_survival': np.float64(76.18), 'force_multiplication': np.float64(50.42)}","{'scaling_efficiency': np.float64(46.74089466089467), 'pressure_appetite': np.float64(91.52857142857142), 'creation_tools': np.float64(77.11666666666667), 'opportunity_response': np.float64(58.17142857142857), 'age_trajectory': np.int64(100)}",Medium
Corey Kispert,2021-22,10.46,33.11,Role Player,Low Scaling,Role Player,-0.0609999999999999,0,1,Hides,False,"Low CII 10.5, low TII 33.1","{'self_created': np.float64(2.01), 'pressure_appetite': np.float64(10.0), 'difficulty_embrace': np.float64(6.97), 'defensive_survival': np.float64(38.43), 'force_multiplication': np.float64(1.95)}","{'scaling_efficiency': np.float64(13.941126549559526), 'pressure_appetite': np.float64(15.60000000000004), 'creation_tools': np.float64(25.841583648230852), 'opportunity_response': np.float64(69.06285714285714), 'age_trajectory': np.float64(95.0)}",Medium
Cory Joseph,2021-22,32.32,58.98,Role Player,Moderate Scaling,Role Player,-0.0453333333333333,1,5,Hides,False,"Low CII 32.3, low TII 59.0, no creation tools","{'self_created': np.float64(30.96), 'pressure_appetite': np.float64(34.79), 'difficulty_embrace': np.float64(19.13), 'defensive_survival': np.float64(53.21), 'force_multiplication': np.float64(25.25)}","{'scaling_efficiency': np.float64(45.43915944313107), 'pressure_appetite': np.float64(65.12765957446808), 'creation_tools': np.float64(70.09776855215361), 'opportunity_response': np.float64(68.08571428571429), 'age_trajectory': np.float64(48.34)}",High
D'Angelo Russell,2021-22,65.08,72.3,Luxury Amplifier,High Scaling,Latent Engine,0.053428571428571416,6,1,Steps Up,True,"Positive career leverage (+0.053, 6+/1-), CII 65.1, TII 72.3: Can be #1","{'self_created': np.float64(55.06), 'pressure_appetite': np.float64(80.0), 'difficulty_embrace': np.float64(57.36), 'defensive_survival': np.float64(82.97), 'force_multiplication': np.float64(46.41)}","{'scaling_efficiency': np.float64(53.75579226812678), 'pressure_appetite': np.float64(92.04227642276423), 'creation_tools': np.float64(82.88333333333333), 'opportunity_response': np.float64(58.34285714285714), 'age_trajectory': np.float64(78.33)}",High
Damian Jones,2021-22,15.37,42.22,Role Player,Limited Scaling,Role Player,-0.019,0,1,Mixed,False,"Low CII 15.4, low TII 42.2","{'self_created': np.float64(0.47), 'pressure_appetite': np.float64(25.34), 'difficulty_embrace': np.float64(7.8), 'defensive_survival': np.float64(39.49), 'force_multiplication': np.float64(14.06)}","{'scaling_efficiency': np.float64(19.2115506663846), 'pressure_appetite': np.float64(53.56850715746421), 'creation_tools': np.float64(20.12649009925682), 'opportunity_response': np.float64(79.16), 'age_trajectory': np.float64(71.66)}",Medium
Damian Lillard,2021-22,73.58,70.41,Strong Creator,High Scaling,Strong Creator,0.059142857142857115,7,0,Steps Up,True,"Positive career leverage (+0.059, 7+/0-), CII 73.6, TII 70.4: Can be #1 (Age 31 > 28, reclassified from Latent Engine)","{'self_created': np.float64(76.4), 'pressure_appetite': np.float64(82.58), 'difficulty_embrace': np.float64(80.9), 'defensive_survival': np.float64(60.26), 'force_multiplication': np.float64(47.92)}","{'scaling_efficiency': np.float64(68.2787577506949), 'pressure_appetite': np.float64(74.86111111111111), 'creation_tools': np.float64(82.78333333333333), 'opportunity_response': np.float64(71.0), 'age_trajectory': np.float64(40.01)}",High
Damion Lee,2021-22,23.16,43.97,Role Player,Limited Scaling,Role Player,0.004500000000000026,3,1,Mixed,False,"Mixed career leverage, no tools, low CII","{'self_created': np.float64(4.38), 'pressure_appetite': np.float64(40.4), 'difficulty_embrace': np.float64(12.96), 'defensive_survival': np.float64(54.94), 'force_multiplication': np.float64(9.16)}","{'scaling_efficiency': np.float64(12.679256664127957), 'pressure_appetite': np.float64(72.43076923076923), 'creation_tools': np.float64(41.42018970189702), 'opportunity_response': np.float64(54.05714285714285), 'age_trajectory': np.float64(56.67)}",High
Daniel Gafford,2021-22,10.5,33.98,Role Player,Low Scaling,Role Player,-0.051,0,1,Hides,False,"Low CII 10.5, low TII 34.0","{'self_created': np.float64(7.99), 'pressure_appetite': np.float64(11.5), 'difficulty_embrace': np.float64(0.6), 'defensive_survival': np.float64(25.78), 'force_multiplication': np.float64(12.4)}","{'scaling_efficiency': np.float64(18.590584551148226), 'pressure_appetite': np.float64(19.600000000000005), 'creation_tools': np.float64(9.3), 'opportunity_response': np.float64(80.95142857142858), 'age_trajectory': np.float64(95.0)}",Medium
Daniel Theis,2021-22,12.84,30.15,Role Player,Low Scaling,Role Player,-0.03824999999999997,1,3,Hides,False,"Low CII 12.8, low TII 30.1, no creation tools","{'self_created': np.float64(0.42), 'pressure_appetite': np.float64(17.61), 'difficulty_embrace': np.float64(5.0), 'defensive_survival': np.float64(43.49), 'force_multiplication': np.float64(7.93)}","{'scaling_efficiency': np.float64(14.042691080593698), 'pressure_appetite': np.float64(26.799999999999997), 'creation_tools': np.float64(16.410398474355112), 'opportunity_response': np.float64(74.11142857142858), 'age_trajectory': np.float64(48.34)}",High
Danilo Gallinari,2021-22,26.09,49.44,Role Player,Limited Scaling,Luxury Amplifier,-0.029142857142857085,0,7,Hides,True,"Negative career leverage (-0.029, 0+/7-) BUT has creation tools: Thrives as #2","{'self_created': np.float64(24.19), 'pressure_appetite': np.float64(23.78), 'difficulty_embrace': np.float64(29.99), 'defensive_survival': np.float64(32.26), 'force_multiplication': np.float64(20.51)}","{'scaling_efficiency': np.float64(42.99882719050859), 'pressure_appetite': np.float64(41.032967032967036), 'creation_tools': np.float64(64.90225140712946), 'opportunity_response': np.float64(68.68571428571428), 'age_trajectory': np.float64(30.0)}",High
Danny Green,2021-22,18.42,38.18,Role Player,Limited Scaling,Role Player,0.0010000000000000005,3,4,Mixed,False,"Mixed career leverage, no tools, low CII","{'self_created': np.float64(2.41), 'pressure_appetite': np.float64(31.81), 'difficulty_embrace': np.float64(7.11), 'defensive_survival': np.float64(51.74), 'force_multiplication': np.float64(5.64)}","{'scaling_efficiency': np.float64(17.029083663534486), 'pressure_appetite': np.float64(69.47933884297521), 'creation_tools': np.float64(26.73406235302022), 'opportunity_response': np.float64(55.68571428571428), 'age_trajectory': np.int64(20)}",High
Darius Bazley,2021-22,12.99,31.86,Role Player,Low Scaling,Role Player,-0.059999999999999956,0,2,Hides,False,"Low CII 13.0, low TII 31.9","{'self_created': np.float64(7.23), 'pressure_appetite': np.float64(14.5), 'difficulty_embrace': np.float64(5.33), 'defensive_survival': np.float64(26.34), 'force_multiplication': np.float64(21.82)}","{'scaling_efficiency': np.float64(13.686166219839144), 'pressure_appetite': np.float64(18.80000000000004), 'creation_tools': np.float64(24.069421860885274), 'opportunity_response': np.float64(54.91428571428571), 'age_trajectory': np.int64(100)}",Medium
Darius Garland,2021-22,69.61,80.81,Luxury Amplifier,Elite Scaling,Latent Engine,0.018999999999999934,2,1,Steps Up,True,"CII 69.6, TII 80.8: High potential (limited career data)","{'self_created': np.float64(79.24), 'pressure_appetite': np.float64(71.09), 'difficulty_embrace': np.float64(66.06), 'defensive_survival': np.float64(66.33), 'force_multiplication': np.float64(49.04)}","{'scaling_efficiency': np.float64(76.74831340548086), 'pressure_appetite': np.float64(70.30882352941174), 'creation_tools': np.float64(92.16666666666667), 'opportunity_response': np.float64(78.5), 'age_trajectory': np.int64(100)}",Medium
David Duke Jr.,2021-22,21.11,39.89,Role Player,Limited Scaling,Role Player,0.0249999999999999,1,0,Steps Up,False,"Low CII 21.1, low TII 39.9","{'self_created': np.float64(4.74), 'pressure_appetite': np.float64(47.5), 'difficulty_embrace': np.float64(6.37), 'defensive_survival': np.float64(34.85), 'force_multiplication': np.float64(13.12)}","{'scaling_efficiency': np.float64(7.611318944844125), 'pressure_appetite': np.float64(66.33333333333331), 'creation_tools': np.float64(21.904742547425478), 'opportunity_response': np.float64(44.285714285714285), 'age_trajectory': np.int64(100)}",Medium
Davion Mitchell,2021-22,42.99,62.9,Fragile Star,Moderate Scaling,Developing Prospect,0.0059999999999999,1,0,Mixed,True,"Low CII 43.0, moderate TII 62.9","{'self_created': np.float64(34.16), 'pressure_appetite': np.float64(44.78), 'difficulty_embrace': np.float64(47.53), 'defensive_survival': np.float64(60.44), 'force_multiplication': np.float64(29.78)}","{'scaling_efficiency': np.float64(42.59475421226333), 'pressure_appetite': np.float64(64.98217821782175), 'creation_tools': np.float64(80.8), 'opportunity_response': np.float64(54.74285714285714), 'age_trajectory': np.float64(95.0)}",Medium
Davon Reed,2021-22,19.87,53.21,Role Player,Moderate Scaling,Role Player,0.0029999999999999,1,0,Mixed,True,"Low CII 19.9, low TII 53.2","{'self_created': np.float64(11.13), 'pressure_appetite': np.float64(29.87), 'difficulty_embrace': np.float64(18.54), 'defensive_survival': np.float64(32.28), 'force_multiplication': np.float64(5.15)}","{'scaling_efficiency': np.float64(38.10556738987508), 'pressure_appetite': np.float64(56.13846153846151), 'creation_tools': np.float64(46.57327148912515), 'opportunity_response': np.float64(75.10571428571428), 'age_trajectory': np.float64(71.66)}",Medium
De'Aaron Fox,2021-22,70.92,73.76,Strong Creator,High Scaling,Latent Engine,0.05019999999999998,5,0,Steps Up,True,"Positive career leverage (+0.050, 5+/0-), CII 70.9, TII 73.8: Can be #1","{'self_created': np.float64(71.99), 'pressure_appetite': np.float64(79.48), 'difficulty_embrace': np.float64(65.13), 'defensive_survival': np.float64(69.99), 'force_multiplication': np.float64(59.26)}","{'scaling_efficiency': np.float64(59.371705790297355), 'pressure_appetite': np.float64(77.73661971830985), 'creation_tools': np.float64(84.31666666666666), 'opportunity_response': np.float64(71.0), 'age_trajectory': np.float64(90.0)}",High
De'Andre Hunter,2021-22,25.12,50.37,Role Player,Moderate Scaling,Role Player,-0.0346666666666666,0,3,Hides,True,"Low CII 25.1, low TII 50.4","{'self_created': np.float64(14.32), 'pressure_appetite': np.float64(32.1), 'difficulty_embrace': np.float64(23.86), 'defensive_survival': np.float64(37.05), 'force_multiplication': np.float64(24.74)}","{'scaling_efficiency': np.float64(31.15029685753324), 'pressure_appetite': np.float64(46.329896907216494), 'creation_tools': np.float64(59.804178191266445), 'opportunity_response': np.float64(56.542857142857144), 'age_trajectory': np.float64(90.0)}",Medium
De'Anthony Melton,2021-22,20.21,39.92,Role Player,Limited Scaling,Role Player,-0.014999999999999925,1,3,Mixed,False,"Low CII 20.2, low TII 39.9, no creation tools","{'self_created': np.float64(19.61), 'pressure_appetite': np.float64(15.67), 'difficulty_embrace': np.float64(19.6), 'defensive_survival': np.float64(34.88), 'force_multiplication': np.float64(12.53)}","{'scaling_efficiency': np.float64(34.17118335385264), 'pressure_appetite': np.float64(11.60000000000004), 'creation_tools': np.float64(50.976888756692446), 'opportunity_response': np.float64(50.457142857142856), 'age_trajectory': np.float64(90.0)}",High
DeAndre' Bembry,2021-22,9.54,37.07,Role Player,Limited Scaling,Role Player,-0.04574999999999997,0,4,Hides,False,"Low CII 9.5, low TII 37.1, no creation tools","{'self_created': np.float64(6.24), 'pressure_appetite': np.float64(13.11), 'difficulty_embrace': np.float64(0.4), 'defensive_survival': np.float64(23.78), 'force_multiplication': np.float64(7.47)}","{'scaling_efficiency': np.float64(21.196032975059996), 'pressure_appetite': np.float64(43.0990990990991), 'creation_tools': np.float64(10.050831319124002), 'opportunity_response': np.float64(71.75428571428571), 'age_trajectory': np.float64(71.66)}",High
DeMar DeRozan,2021-22,82.7,78.22,Franchise Engine,High Scaling,Franchise Engine,0.07942857142857139,7,0,Steps Up,True,CII 82.7 >= 74: Already elite creator,"{'self_created': np.float64(86.2), 'pressure_appetite': np.float64(88.17), 'difficulty_embrace': np.float64(77.86), 'defensive_survival': np.float64(81.87), 'force_multiplication': np.float64(69.47)}","{'scaling_efficiency': np.float64(71.09026581411786), 'pressure_appetite': np.float64(88.35974025974026), 'creation_tools': np.float64(92.0), 'opportunity_response': np.float64(86.0), 'age_trajectory': np.float64(35.0)}",High
Dean Wade,2021-22,8.23,33.18,Role Player,Low Scaling,Role Player,-0.034,0,2,Hides,False,"Low CII 8.2, low TII 33.2","{'self_created': np.float64(3.07), 'pressure_appetite': np.float64(10.0), 'difficulty_embrace': np.float64(7.09), 'defensive_survival': np.float64(20.77), 'force_multiplication': np.float64(2.8)}","{'scaling_efficiency': np.float64(14.931764079946792), 'pressure_appetite': np.float64(22.400000000000002), 'creation_tools': np.float64(24.193324975305828), 'opportunity_response': np.float64(65.10285714285715), 'age_trajectory': np.float64(85.0)}",Medium
Deandre Ayton,2021-22,15.11,41.55,Role Player,Limited Scaling,Luxury Amplifier,-0.07624999999999993,0,4,Hides,True,"Negative career leverage (-0.076, 0+/4-) BUT has creation tools: Thrives as #2","{'self_created': np.float64(0.78), 'pressure_appetite': np.float64(16.17), 'difficulty_embrace': np.float64(12.4), 'defensive_survival': np.float64(36.53), 'force_multiplication': np.float64(28.78)}","{'scaling_efficiency': np.float64(35.845252675154256), 'pressure_appetite': np.float64(8.000000000000039), 'creation_tools': np.float64(29.11188040912667), 'opportunity_response': np.float64(89.81428571428572), 'age_trajectory': np.float64(95.0)}",High
Dejounte Murray,2021-22,70.89,73.56,Strong Creator,High Scaling,Latent Engine,0.004749999999999973,2,2,Mixed,True,"Mixed career leverage (+0.005), CII 70.9, TII 73.6 + Tools: High potential","{'self_created': np.float64(66.29), 'pressure_appetite': np.float64(84.83), 'difficulty_embrace': np.float64(67.06), 'defensive_survival': np.float64(73.1), 'force_multiplication': np.float64(54.2)}","{'scaling_efficiency': np.float64(57.87534224220315), 'pressure_appetite': np.float64(84.6373134328358), 'creation_tools': np.float64(87.05), 'opportunity_response': np.float64(60.82857142857142), 'age_trajectory': np.float64(85.0)}",High
Deni Avdija,2021-22,16.49,39.97,Role Player,Limited Scaling,Role Player,-0.027999999999999997,0,2,Hides,False,"Low CII 16.5, low TII 40.0","{'self_created': np.float64(9.59), 'pressure_appetite': np.float64(28.11), 'difficulty_embrace': np.float64(6.56), 'defensive_survival': np.float64(23.47), 'force_multiplication': np.float64(17.58)}","{'scaling_efficiency': np.float64(13.355157652474112), 'pressure_appetite': np.float64(48.63291139240506), 'creation_tools': np.float64(30.202083976535967), 'opportunity_response': np.float64(51.74285714285714), 'age_trajectory': np.int64(100)}",Medium
Dennis Schröder,2021-22,42.75,61.18,Fragile Star,Moderate Scaling,Luxury Amplifier,-0.014428571428571414,3,4,Mixed,True,"Negative career leverage (-0.014, 3+/4-) BUT has creation tools: Thrives as #2","{'self_created': np.float64(44.34), 'pressure_appetite': np.float64(40.27), 'difficulty_embrace': np.float64(39.06), 'defensive_survival': np.float64(53.75), 'force_multiplication': np.float64(35.08)}","{'scaling_efficiency': np.float64(51.907920420122494), 'pressure_appetite': np.float64(57.03139013452915), 'creation_tools': np.float64(82.56278756061103), 'opportunity_response': np.float64(55.599999999999994), 'age_trajectory': np.float64(64.99000000000001)}",High
Derrick Rose,2021-22,39.03,55.13,Role Player,Moderate Scaling,Strong Creator,0.03549999999999998,4,2,Steps Up,True,"Positive career leverage (+0.035), CII 39.0 still developing (Age 33 > 25, reclassified from Developing Engine)","{'self_created': np.float64(42.9), 'pressure_appetite': np.float64(41.84), 'difficulty_embrace': np.float64(29.61), 'defensive_survival': np.float64(46.27), 'force_multiplication': np.float64(28.39)}","{'scaling_efficiency': np.float64(54.774470197422694), 'pressure_appetite': np.float64(51.50230414746544), 'creation_tools': np.float64(75.12874377130868), 'opportunity_response': np.float64(52.0), 'age_trajectory': np.float64(30.0)}",High
Derrick White,2021-22,30.46,54.83,Role Player,Moderate Scaling,Role Player,-0.019999999999999973,1,3,Mixed,False,"Low CII 30.5, low TII 54.8, no creation tools","{'self_created': np.float64(30.97), 'pressure_appetite': np.float64(35.8), 'difficulty_embrace': np.float64(22.63), 'defensive_survival': np.float64(32.93), 'force_multiplication': np.float64(27.53)}","{'scaling_efficiency': np.float64(50.46054373692942), 'pressure_appetite': np.float64(49.32312925170068), 'creation_tools': np.float64(58.87845528455284), 'opportunity_response': np.float64(56.114285714285714), 'age_trajectory': np.float64(71.66)}",High
Desmond Bane,2021-22,37.19,58.18,Role Player,Moderate Scaling,Developing Prospect,-0.034,0,1,Hides,True,"Low CII 37.2, moderate TII 58.2","{'self_created': np.float64(35.74), 'pressure_appetite': np.float64(31.31), 'difficulty_embrace': np.float64(44.77), 'defensive_survival': np.float64(52.28), 'force_multiplication': np.float64(18.46)}","{'scaling_efficiency': np.float64(51.36173011134901), 'pressure_appetite': np.float64(26.4), 'creation_tools': np.float64(76.16666666666667), 'opportunity_response': np.float64(79.59714285714286), 'age_trajectory': np.float64(90.0)}",Medium
Devin Booker,2021-22,67.25,70.81,Luxury Amplifier,High Scaling,Latent Engine,0.022142857142857103,5,2,Steps Up,True,"Positive career leverage (+0.022, 5+/2-), CII 67.2, TII 70.8: Can be #1","{'self_created': np.float64(73.55), 'pressure_appetite': np.float64(54.05), 'difficulty_embrace': np.float64(79.06), 'defensive_survival': np.float64(73.58), 'force_multiplication': np.float64(48.2)}","{'scaling_efficiency': np.float64(60.75187673723896), 'pressure_appetite': np.float64(58.96485623003194), 'creation_tools': np.float64(88.15), 'opportunity_response': np.float64(78.07142857142857), 'age_trajectory': np.float64(85.0)}",High
Devin Vassell,2021-22,17.14,42.48,Role Player,Limited Scaling,Role Player,-0.0679999999999999,0,1,Hides,True,"Low CII 17.1, low TII 42.5","{'self_created': np.float64(11.67), 'pressure_appetite': np.float64(12.67), 'difficulty_embrace': np.float64(29.31), 'defensive_survival': np.float64(27.39), 'force_multiplication': np.float64(5.02)}","{'scaling_efficiency': np.float64(27.89491375236296), 'pressure_appetite': np.float64(12.800000000000043), 'creation_tools': np.float64(63.7601802757158), 'opportunity_response': np.float64(54.4), 'age_trajectory': np.int64(100)}",Medium
Dillon Brooks,2021-22,50.09,56.33,Fragile Star,Moderate Scaling,Luxury Amplifier,-0.036249999999999956,1,3,Hides,True,"Negative career leverage (-0.036, 1+/3-) BUT has creation tools: Thrives as #2","{'self_created': np.float64(40.11), 'pressure_appetite': np.float64(68.0), 'difficulty_embrace': np.float64(48.6), 'defensive_survival': np.float64(45.24), 'force_multiplication': np.float64(45.52)}","{'scaling_efficiency': np.float64(32.25947113693836), 'pressure_appetite': np.float64(66.93215547703181), 'creation_tools': np.float64(69.35), 'opportunity_response': np.float64(54.74285714285714), 'age_trajectory': np.float64(78.33)}",High
Domantas Sabonis,2021-22,25.11,40.66,Role Player,Limited Scaling,Fragile Star,-0.050499999999999975,0,4,Hides,False,"Fragile Star: high usage (22.1%), high minutes (34.4), low CII (25.1), extreme hiding (-0.050), no creation tools","{'self_created': np.float64(20.96), 'pressure_appetite': np.float64(27.64), 'difficulty_embrace': np.float64(6.69), 'defensive_survival': np.float64(33.76), 'force_multiplication': np.float64(55.09)}","{'scaling_efficiency': np.float64(26.02355798999762), 'pressure_appetite': np.float64(24.000000000000004), 'creation_tools': np.float64(28.36694441378803), 'opportunity_response': np.float64(89.0), 'age_trajectory': np.float64(78.33)}",High
Donovan Mitchell,2021-22,74.71,74.88,Strong Creator,High Scaling,Franchise Engine,0.10659999999999996,5,0,Steps Up,True,CII 74.7 >= 74: Already elite creator,"{'self_created': np.float64(86.48), 'pressure_appetite': np.float64(81.42), 'difficulty_embrace': np.float64(71.81), 'defensive_survival': np.float64(56.0), 'force_multiplication': np.float64(56.53)}","{'scaling_efficiency': np.float64(68.26525078474585), 'pressure_appetite': np.float64(71.91614906832297), 'creation_tools': np.float64(81.51666666666667), 'opportunity_response': np.float64(77.47142857142856), 'age_trajectory': np.float64(85.0)}",High
Donte DiVincenzo,2021-22,24.56,45.63,Role Player,Limited Scaling,Role Player,-0.049,0,2,Hides,False,"Low CII 24.6, low TII 45.6","{'self_created': np.float64(13.06), 'pressure_appetite': np.float64(35.6), 'difficulty_embrace': np.float64(13.61), 'defensive_survival': np.float64(52.29), 'force_multiplication': np.float64(11.78)}","{'scaling_efficiency': np.float64(16.102765996680805), 'pressure_appetite': np.float64(62.563279857397504), 'creation_tools': np.float64(44.67942915525411), 'opportunity_response': np.float64(51.48571428571428), 'age_trajectory': np.float64(85.0)}",Medium
Dorian Finney-Smith,2021-22,13.29,42.73,Role Player,Limited Scaling,Role Player,-0.01799999999999995,0,6,Mixed,False,"Low CII 13.3, low TII 42.7, no creation tools","{'self_created': np.float64(2.25), 'pressure_appetite': np.float64(20.51), 'difficulty_embrace': np.float64(5.04), 'defensive_survival': np.float64(40.25), 'force_multiplication': np.float64(4.46)}","{'scaling_efficiency': np.float64(17.07576811594203), 'pressure_appetite': np.float64(57.65217391304348), 'creation_tools': np.float64(24.26373865912572), 'opportunity_response': np.float64(84.5), 'age_trajectory': np.float64(56.67)}",High
Doug McDermott,2021-22,18.9,45.43,Role Player,Limited Scaling,Role Player,-0.06374999999999997,0,4,Hides,False,"Low CII 18.9, low TII 45.4, no creation tools","{'self_created': np.float64(5.6), 'pressure_appetite': np.float64(35.48), 'difficulty_embrace': np.float64(14.77), 'defensive_survival': np.float64(28.84), 'force_multiplication': np.float64(10.73)}","{'scaling_efficiency': np.float64(23.611371082199874), 'pressure_appetite': np.float64(51.82771535580524), 'creation_tools': np.float64(44.950004567461406), 'opportunity_response': np.float64(77.12857142857143), 'age_trajectory': np.float64(48.34)}",High
Draymond Green,2021-22,18.8,42.34,Role Player,Limited Scaling,Role Player,-0.0055714285714285865,3,4,Mixed,False,"Low CII 18.8, low TII 42.3, no creation tools","{'self_created': np.float64(7.69), 'pressure_appetite': np.float64(26.31), 'difficulty_embrace': np.float64(4.9), 'defensive_survival': np.float64(51.52), 'force_multiplication': np.float64(12.11)}","{'scaling_efficiency': np.float64(23.507089367253744), 'pressure_appetite': np.float64(61.84285714285714), 'creation_tools': np.float64(25.944715447154472), 'opportunity_response': np.float64(74.24857142857142), 'age_trajectory': np.float64(35.0)}",High
Duane Washington Jr.,2021-22,17.08,37.34,Role Player,Limited Scaling,Role Player,-0.087,0,1,Hides,False,"Low CII 17.1, low TII 37.3","{'self_created': np.float64(15.35), 'pressure_appetite': np.float64(14.5), 'difficulty_embrace': np.float64(21.03), 'defensive_survival': np.float64(24.28), 'force_multiplication': np.float64(9.97)}","{'scaling_efficiency': np.float64(30.69312704201809), 'pressure_appetite': np.float64(5.200000000000005), 'creation_tools': np.float64(47.94664159258414), 'opportunity_response': np.float64(48.31428571428572), 'age_trajectory': np.int64(100)}",Medium
Duncan Robinson,2021-22,15.44,41.99,Role Player,Limited Scaling,Role Player,-0.01449999999999995,1,1,Mixed,False,"Low CII 15.4, low TII 42.0","{'self_created': np.float64(7.8), 'pressure_appetite': np.float64(18.41), 'difficulty_embrace': np.float64(15.04), 'defensive_survival': np.float64(32.35), 'force_multiplication': np.float64(6.42)}","{'scaling_efficiency': np.float64(31.559283475145527), 'pressure_appetite': np.float64(25.20000000000004), 'creation_tools': np.float64(46.69911223250164), 'opportunity_response': np.float64(69.2), 'age_trajectory': np.float64(64.99000000000001)}",Medium
Dwight Powell,2021-22,10.47,31.6,Role Player,Low Scaling,Role Player,-0.058799999999999984,0,5,Hides,False,"Low CII 10.5, low TII 31.6, no creation tools","{'self_created': np.float64(0.62), 'pressure_appetite': np.float64(10.17), 'difficulty_embrace': np.float64(1.2), 'defensive_survival': np.float64(41.88), 'force_multiplication': np.float64(12.21)}","{'scaling_efficiency': np.float64(18.726932380428806), 'pressure_appetite': np.float64(25.999999999999996), 'creation_tools': np.float64(11.24050693448111), 'opportunity_response': np.float64(82.64857142857143), 'age_trajectory': np.float64(48.34)}",High
Eric Bledsoe,2021-22,33.26,51.26,Role Player,Moderate Scaling,Strong Creator,0.014285714285714261,4,3,Steps Up,False,"Positive career leverage (+0.014), CII 33.3 still developing (Age 32 > 25, reclassified from Developing Engine)","{'self_created': np.float64(29.44), 'pressure_appetite': np.float64(38.52), 'difficulty_embrace': np.float64(26.6), 'defensive_survival': np.float64(40.78), 'force_multiplication': np.float64(33.57)}","{'scaling_efficiency': np.float64(45.06088646346333), 'pressure_appetite': np.float64(51.45454545454545), 'creation_tools': np.float64(67.42413155949741), 'opportunity_response': np.float64(52.599999999999994), 'age_trajectory': np.float64(35.0)}",High
Eric Gordon,2021-22,45.32,70.72,Fragile Star,High Scaling,Role Player,-0.05514285714285715,1,6,Hides,False,"Low CII 45.3, low TII 70.7, no creation tools","{'self_created': np.float64(45.3), 'pressure_appetite': np.float64(62.5), 'difficulty_embrace': np.float64(17.43), 'defensive_survival': np.float64(61.62), 'force_multiplication': np.float64(33.8)}","{'scaling_efficiency': np.float64(72.07507041525012), 'pressure_appetite': np.float64(86.12417582417581), 'creation_tools': np.float64(55.6005315822389), 'opportunity_response': np.float64(89.6257142857143), 'age_trajectory': np.float64(30.0)}",High
Evan Fournier,2021-22,36.78,55.69,Role Player,Moderate Scaling,Strong Creator,0.027285714285714247,6,1,Steps Up,False,"Positive career leverage (+0.027), CII 36.8 still developing (Age 29 > 25, reclassified from Developing Engine)","{'self_created': np.float64(25.05), 'pressure_appetite': np.float64(50.67), 'difficulty_embrace': np.float64(35.61), 'defensive_survival': np.float64(51.69), 'force_multiplication': np.float64(17.22)}","{'scaling_efficiency': np.float64(38.11012342135478), 'pressure_appetite': np.float64(63.47164179104475), 'creation_tools': np.float64(66.88333333333333), 'opportunity_response': np.float64(62.28571428571429), 'age_trajectory': np.float64(56.67)}",High
Evan Mobley,2021-22,30.96,55.42,Role Player,Moderate Scaling,Developing Prospect,-0.002,0,1,Mixed,False,"Low CII 31.0, moderate TII 55.4","{'self_created': np.float64(16.87), 'pressure_appetite': np.float64(40.9), 'difficulty_embrace': np.float64(18.59), 'defensive_survival': np.float64(50.77), 'force_multiplication': np.float64(43.43)}","{'scaling_efficiency': np.float64(35.632953118538296), 'pressure_appetite': np.float64(61.15422885572139), 'creation_tools': np.float64(52.23352141730373), 'opportunity_response': np.float64(59.97142857142857), 'age_trajectory': np.int64(100)}",Medium
Frank Jackson,2021-22,16.69,38.01,Role Player,Limited Scaling,Role Player,-0.045,0,4,Hides,False,"Low CII 16.7, low TII 38.0, no creation tools","{'self_created': np.float64(9.22), 'pressure_appetite': np.float64(21.83), 'difficulty_embrace': np.float64(17.93), 'defensive_survival': np.float64(21.74), 'force_multiplication': np.float64(16.21)}","{'scaling_efficiency': np.float64(25.087213492356867), 'pressure_appetite': np.float64(22.400000000000002), 'creation_tools': np.float64(42.02059153350154), 'opportunity_response': np.float64(49.857142857142854), 'age_trajectory': np.float64(90.0)}",High
Franz Wagner,2021-22,31.89,60.29,Role Player,Moderate Scaling,Developing Prospect,-0.001,0,1,Mixed,False,"Low CII 31.9, moderate TII 60.3","{'self_created': np.float64(26.47), 'pressure_appetite': np.float64(42.54), 'difficulty_embrace': np.float64(14.51), 'defensive_survival': np.float64(44.35), 'force_multiplication': np.float64(37.63)}","{'scaling_efficiency': np.float64(56.45698450854701), 'pressure_appetite': np.float64(53.580128205128204), 'creation_tools': np.float64(44.805347091932454), 'opportunity_response': np.float64(73.31428571428572), 'age_trajectory': np.int64(100)}",Medium
Fred VanVleet,2021-22,62.95,69.59,Luxury Amplifier,High Scaling,Luxury Amplifier,-0.009999999999999959,2,3,Mixed,True,"Negative career leverage (-0.010, 2+/3-) BUT has creation tools: Thrives as #2","{'self_created': np.float64(68.15), 'pressure_appetite': np.float64(59.47), 'difficulty_embrace': np.float64(71.46), 'defensive_survival': np.float64(65.56), 'force_multiplication': np.float64(35.08)}","{'scaling_efficiency': np.float64(66.53226585024558), 'pressure_appetite': np.float64(66.28927038626608), 'creation_tools': np.float64(84.78333333333333), 'opportunity_response': np.float64(64.0), 'age_trajectory': np.float64(64.99000000000001)}",High
Gabe Vincent,2021-22,32.1,60.07,Role Player,Moderate Scaling,Role Player,-0.0089999999999999,0,1,Mixed,False,"Low CII 32.1, moderate TII 60.1 (Age 26 > 25, reclassified from Developing Prospect)","{'self_created': np.float64(26.79), 'pressure_appetite': np.float64(32.73), 'difficulty_embrace': np.float64(27.54), 'defensive_survival': np.float64(60.61), 'force_multiplication': np.float64(12.84)}","{'scaling_efficiency': np.float64(48.62919540229887), 'pressure_appetite': np.float64(62.06896551724141), 'creation_tools': np.float64(67.87764227642276), 'opportunity_response': np.float64(57.05714285714285), 'age_trajectory': np.float64(78.33)}",Medium
Garrett Temple,2021-22,10.33,19.61,Role Player,Low Scaling,Role Player,-0.03933333333333333,0,6,Hides,False,"Low CII 10.3, low TII 19.6, no creation tools","{'self_created': np.float64(3.2), 'pressure_appetite': np.float64(10.0), 'difficulty_embrace': np.float64(9.64), 'defensive_survival': np.float64(32.18), 'force_multiplication': np.float64(1.15)}","{'scaling_efficiency': np.float64(6.226787330316741), 'pressure_appetite': np.float64(9.200000000000003), 'creation_tools': np.float64(31.988402678144425), 'opportunity_response': np.float64(46.94285714285714), 'age_trajectory': np.int64(20)}",High
Garrison Mathews,2021-22,25.12,54.19,Role Player,Moderate Scaling,Role Player,0.0389999999999999,1,0,Steps Up,False,"Low CII 25.1, low TII 54.2","{'self_created': np.float64(2.8), 'pressure_appetite': np.float64(52.67), 'difficulty_embrace': np.float64(6.49), 'defensive_survival': np.float64(58.37), 'force_multiplication': np.float64(10.6)}","{'scaling_efficiency': np.float64(22.747485401459848), 'pressure_appetite': np.float64(83.49343065693428), 'creation_tools': np.float64(30.504602100765528), 'opportunity_response': np.float64(79.29714285714286), 'age_trajectory': np.float64(85.0)}",Medium
Gary Harris,2021-22,14.6,44.37,Role Player,Limited Scaling,Role Player,-0.03885714285714281,1,6,Hides,False,"Low CII 14.6, low TII 44.4, no creation tools","{'self_created': np.float64(13.21), 'pressure_appetite': np.float64(10.0), 'difficulty_embrace': np.float64(18.47), 'defensive_survival': np.float64(24.9), 'force_multiplication': np.float64(7.08)}","{'scaling_efficiency': np.float64(41.700899155489296), 'pressure_appetite': np.float64(16.0), 'creation_tools': np.float64(49.954471544715446), 'opportunity_response': np.float64(71.34285714285714), 'age_trajectory': np.float64(71.66)}",High
Gary Payton II,2021-22,8.53,29.07,Role Player,Low Scaling,Role Player,-0.062,0,1,Hides,False,"Low CII 8.5, low TII 29.1","{'self_created': np.float64(0.81), 'pressure_appetite': np.float64(10.0), 'difficulty_embrace': np.float64(0.8), 'defensive_survival': np.float64(36.02), 'force_multiplication': np.float64(2.26)}","{'scaling_efficiency': np.float64(19.590795968022245), 'pressure_appetite': np.float64(15.2), 'creation_tools': np.float64(9.659349593495936), 'opportunity_response': np.float64(78.59428571428572), 'age_trajectory': np.float64(56.67)}",Medium
Gary Trent Jr.,2021-22,48.2,61.74,Fragile Star,Moderate Scaling,Strong Creator,-0.0323333333333333,0,3,Hides,True,"CII 48.2, TII 61.7","{'self_created': np.float64(44.72), 'pressure_appetite': np.float64(42.77), 'difficulty_embrace': np.float64(54.27), 'defensive_survival': np.float64(72.32), 'force_multiplication': np.float64(23.94)}","{'scaling_efficiency': np.float64(40.27537084753278), 'pressure_appetite': np.float64(65.16352201257861), 'creation_tools': np.float64(73.6), 'opportunity_response': np.float64(61.0), 'age_trajectory': np.float64(95.0)}",Medium
Georges Niang,2021-22,7.52,32.64,Role Player,Low Scaling,Role Player,-0.054,0,1,Hides,False,"Low CII 7.5, low TII 32.6","{'self_created': np.float64(1.92), 'pressure_appetite': np.float64(11.0), 'difficulty_embrace': np.float64(4.97), 'defensive_survival': np.float64(19.17), 'force_multiplication': np.float64(3.2)}","{'scaling_efficiency': np.float64(16.79147986577181), 'pressure_appetite': np.float64(18.400000000000002), 'creation_tools': np.float64(29.70325203252032), 'opportunity_response': np.float64(75.99714285714286), 'age_trajectory': np.float64(56.67)}",Medium
Giannis Antetokounmpo,2021-22,64.3,69.52,Luxury Amplifier,High Scaling,Luxury Amplifier,-0.013999999999999983,2,5,Mixed,True,"Negative career leverage (-0.014, 2+/5-) BUT has creation tools: Thrives as #2","{'self_created': np.float64(73.82), 'pressure_appetite': np.float64(60.88), 'difficulty_embrace': np.float64(47.61), 'defensive_survival': np.float64(58.51), 'force_multiplication': np.float64(86.39)}","{'scaling_efficiency': np.float64(72.45275974280825), 'pressure_appetite': np.float64(53.364705882352936), 'creation_tools': np.float64(71.90435198469632), 'opportunity_response': np.float64(86.0), 'age_trajectory': np.float64(71.66)}",High
Goran Dragic,2021-22,19.33,36.21,Role Player,Limited Scaling,Role Player,-0.05557142857142854,1,6,Hides,False,"Low CII 19.3, low TII 36.2, no creation tools","{'self_created': np.float64(21.98), 'pressure_appetite': np.float64(10.0), 'difficulty_embrace': np.float64(21.4), 'defensive_survival': np.float64(33.52), 'force_multiplication': np.float64(9.29)}","{'scaling_efficiency': np.float64(39.97877464323142), 'pressure_appetite': np.float64(8.000000000000004), 'creation_tools': np.float64(62.61113233421491), 'opportunity_response': np.float64(51.31428571428572), 'age_trajectory': np.int64(20)}",High
Gordon Hayward,2021-22,29.51,55.3,Role Player,Moderate Scaling,Luxury Amplifier,-0.008999999999999982,3,3,Mixed,True,"Negative career leverage (-0.009, 3+/3-) BUT has creation tools: Thrives as #2","{'self_created': np.float64(25.79), 'pressure_appetite': np.float64(33.19), 'difficulty_embrace': np.float64(32.59), 'defensive_survival': np.float64(35.2), 'force_multiplication': np.float64(16.81)}","{'scaling_efficiency': np.float64(46.429802549220426), 'pressure_appetite': np.float64(45.973597359735976), 'creation_tools': np.float64(76.10892296546727), 'opportunity_response': np.float64(74.34285714285714), 'age_trajectory': np.float64(35.0)}",High
Grant Williams,2021-22,12.08,46.6,Role Player,Limited Scaling,Role Player,-0.002,0,1,Mixed,False,"Low CII 12.1, low TII 46.6","{'self_created': np.float64(1.19), 'pressure_appetite': np.float64(27.52), 'difficulty_embrace': np.float64(3.17), 'defensive_survival': np.float64(24.29), 'force_multiplication': np.float64(5.69)}","{'scaling_efficiency': np.float64(19.81804193030844), 'pressure_appetite': np.float64(53.040650406504064), 'creation_tools': np.float64(25.73633419261022), 'opportunity_response': np.float64(85.00571428571428), 'age_trajectory': np.float64(95.0)}",Medium
Grayson Allen,2021-22,11.08,42.62,Role Player,Limited Scaling,Role Player,-0.0475,0,2,Hides,False,"Low CII 11.1, low TII 42.6","{'self_created': np.float64(7.57), 'pressure_appetite': np.float64(10.0), 'difficulty_embrace': np.float64(13.33), 'defensive_survival': np.float64(22.31), 'force_multiplication': np.float64(2.94)}","{'scaling_efficiency': np.float64(30.309944163053604), 'pressure_appetite': np.float64(15.2), 'creation_tools': np.float64(49.28622280817403), 'opportunity_response': np.float64(80.24000000000001), 'age_trajectory': np.float64(78.33)}",Medium
Hamidou Diallo,2021-22,24.16,39.32,Role Player,Limited Scaling,Role Player,-0.03649999999999995,0,2,Hides,False,"Low CII 24.2, low TII 39.3","{'self_created': np.float64(23.62), 'pressure_appetite': np.float64(25.0), 'difficulty_embrace': np.float64(16.87), 'defensive_survival': np.float64(29.92), 'force_multiplication': np.float64(29.63)}","{'scaling_efficiency': np.float64(20.27851229410361), 'pressure_appetite': np.float64(23.20000000000004), 'creation_tools': np.float64(52.370708805679605), 'opportunity_response': np.float64(49.77142857142857), 'age_trajectory': np.float64(95.0)}",Medium
Harrison Barnes,2021-22,32.72,54.37,Role Player,Moderate Scaling,Strong Creator,0.012999999999999986,4,2,Steps Up,False,"Positive career leverage (+0.013), CII 32.7 still developing (Age 30 > 25, reclassified from Developing Engine)","{'self_created': np.float64(19.76), 'pressure_appetite': np.float64(55.26), 'difficulty_embrace': np.float64(12.84), 'defensive_survival': np.float64(42.98), 'force_multiplication': np.float64(39.66)}","{'scaling_efficiency': np.float64(35.74476625286815), 'pressure_appetite': np.float64(68.18695652173913), 'creation_tools': np.float64(39.852686461647224), 'opportunity_response': np.float64(92.0), 'age_trajectory': np.float64(48.34)}",High
Herbert Jones,2021-22,28.06,50.44,Role Player,Moderate Scaling,Role Player,0.031,1,0,Steps Up,False,"Low CII 28.1, low TII 50.4","{'self_created': np.float64(10.61), 'pressure_appetite': np.float64(49.84), 'difficulty_embrace': np.float64(5.79), 'defensive_survival': np.float64(58.18), 'force_multiplication': np.float64(25.35)}","{'scaling_efficiency': np.float64(17.518345972793647), 'pressure_appetite': np.float64(80.75882352941177), 'creation_tools': np.float64(23.00485413677666), 'opportunity_response': np.float64(72.62857142857142), 'age_trajectory': np.float64(95.0)}",Medium
Immanuel Quickley,2021-22,35.0,51.62,Role Player,Moderate Scaling,Role Player,-0.0675,0,2,Hides,False,"Low CII 35.0, low TII 51.6","{'self_created': np.float64(50.76), 'pressure_appetite': np.float64(17.67), 'difficulty_embrace': np.float64(41.23), 'defensive_survival': np.float64(29.84), 'force_multiplication': np.float64(26.35)}","{'scaling_efficiency': np.float64(55.46485138193752), 'pressure_appetite': np.float64(11.600000000000005), 'creation_tools': np.float64(74.81666666666666), 'opportunity_response': np.float64(50.8), 'age_trajectory': np.float64(95.0)}",Medium
Isaac Okoro,2021-22,12.07,36.39,Role Player,Limited Scaling,Role Player,-0.04049999999999995,0,2,Hides,False,"Low CII 12.1, low TII 36.4","{'self_created': np.float64(4.64), 'pressure_appetite': np.float64(10.0), 'difficulty_embrace': np.float64(2.49), 'defensive_survival': np.float64(36.71), 'force_multiplication': np.float64(21.72)}","{'scaling_efficiency': np.float64(20.084814974802015), 'pressure_appetite': np.float64(22.0), 'creation_tools': np.float64(18.135583977790997), 'opportunity_response': np.float64(74.90857142857143), 'age_trajectory': np.int64(100)}",Medium
Isaiah Hartenstein,2021-22,28.8,51.76,Role Player,Moderate Scaling,Role Player,0.048,1,0,Steps Up,False,"Low CII 28.8, low TII 51.8","{'self_created': np.float64(6.38), 'pressure_appetite': np.float64(60.83), 'difficulty_embrace': np.float64(1.89), 'defensive_survival': np.float64(59.15), 'force_multiplication': np.float64(24.31)}","{'scaling_efficiency': np.float64(22.159719462302746), 'pressure_appetite': np.float64(85.02372881355933), 'creation_tools': np.float64(15.141677001515777), 'opportunity_response': np.float64(78.87714285714286), 'age_trajectory': np.float64(90.0)}",Medium
Isaiah Jackson,2021-22,20.84,43.98,Role Player,Limited Scaling,Role Player,-0.002,0,1,Mixed,False,"Low CII 20.8, low TII 44.0","{'self_created': np.float64(3.93), 'pressure_appetite': np.float64(43.11), 'difficulty_embrace': np.float64(3.49), 'defensive_survival': np.float64(41.05), 'force_multiplication': np.float64(20.3)}","{'scaling_efficiency': np.float64(15.496000000000002), 'pressure_appetite': np.float64(61.165109034267914), 'creation_tools': np.float64(13.107913532406352), 'opportunity_response': np.float64(76.14285714285714), 'age_trajectory': np.int64(100)}",Medium
Isaiah Livers,2021-22,23.63,55.41,Role Player,Moderate Scaling,Developing Prospect,0.075,1,0,Steps Up,False,"Low CII 23.6, moderate TII 55.4","{'self_created': np.float64(2.15), 'pressure_appetite': np.float64(56.67), 'difficulty_embrace': np.float64(9.97), 'defensive_survival': np.float64(36.19), 'force_multiplication': np.float64(13.97)}","{'scaling_efficiency': np.float64(21.07471100554236), 'pressure_appetite': np.float64(78.5), 'creation_tools': np.float64(39.047967479674796), 'opportunity_response': np.float64(81.04571428571428), 'age_trajectory': np.float64(95.0)}",Medium
Isaiah Roby,2021-22,24.71,50.5,Role Player,Moderate Scaling,Role Player,-0.010499999999999999,1,1,Mixed,False,"Low CII 24.7, low TII 50.5","{'self_created': np.float64(7.62), 'pressure_appetite': np.float64(43.59), 'difficulty_embrace': np.float64(5.96), 'defensive_survival': np.float64(56.36), 'force_multiplication': np.float64(18.82)}","{'scaling_efficiency': np.float64(19.267288497800127), 'pressure_appetite': np.float64(70.71891891891892), 'creation_tools': np.float64(28.78582729070534), 'opportunity_response': np.float64(81.89428571428572), 'age_trajectory': np.float64(90.0)}",Medium
Isaiah Stewart,2021-22,11.74,31.67,Role Player,Low Scaling,Role Player,-0.02149999999999995,0,2,Hides,False,"Low CII 11.7, low TII 31.7","{'self_created': np.float64(7.62), 'pressure_appetite': np.float64(12.5), 'difficulty_embrace': np.float64(4.8), 'defensive_survival': np.float64(30.45), 'force_multiplication': np.float64(8.02)}","{'scaling_efficiency': np.float64(9.459414758269725), 'pressure_appetite': np.float64(26.40000000000004), 'creation_tools': np.float64(16.947515808491417), 'opportunity_response': np.float64(58.942857142857136), 'age_trajectory': np.int64(100)}",Medium
Ish Smith,2021-22,40.36,58.17,Fragile Star,Moderate Scaling,Luxury Amplifier,-0.02514285714285713,1,6,Hides,True,"Negative career leverage (-0.025, 1+/6-) BUT has creation tools: Thrives as #2","{'self_created': np.float64(27.41), 'pressure_appetite': np.float64(38.46), 'difficulty_embrace': np.float64(50.11), 'defensive_survival': np.float64(66.43), 'force_multiplication': np.float64(25.37)}","{'scaling_efficiency': np.float64(51.2), 'pressure_appetite': np.float64(63.87179487179487), 'creation_tools': np.float64(84.82317073170731), 'opportunity_response': np.float64(45.82857142857143), 'age_trajectory': np.float64(30.0)}",High
Ivica Zubac,2021-22,25.14,48.68,Role Player,Limited Scaling,Role Player,-0.022000000000000047,1,1,Hides,False,"Low CII 25.1, low TII 48.7","{'self_created': np.float64(10.57), 'pressure_appetite': np.float64(44.19), 'difficulty_embrace': np.float64(1.4), 'defensive_survival': np.float64(52.26), 'force_multiplication': np.float64(27.98)}","{'scaling_efficiency': np.float64(21.35337048987973), 'pressure_appetite': np.float64(74.35714285714283), 'creation_tools': np.float64(12.188346883468835), 'opportunity_response': np.float64(85.00571428571428), 'age_trajectory': np.float64(85.0)}",Medium
Ja Morant,2021-22,70.76,80.02,Strong Creator,Elite Scaling,Latent Engine,0.10533333333333326,3,0,Steps Up,True,"CII 70.8, TII 80.0: High potential (limited career data)","{'self_created': np.float64(73.75), 'pressure_appetite': np.float64(90.0), 'difficulty_embrace': np.float64(44.36), 'defensive_survival': np.float64(68.06), 'force_multiplication': np.float64(70.57)}","{'scaling_efficiency': np.float64(74.18439935986783), 'pressure_appetite': np.float64(84.33030303030301), 'creation_tools': np.float64(70.11378418329639), 'opportunity_response': np.float64(84.37142857142857), 'age_trajectory': np.int64(100)}",Medium
Jaden McDaniels,2021-22,10.0,34.46,Role Player,Low Scaling,Role Player,-0.0584999999999999,0,2,Hides,False,"Low CII 10.0, low TII 34.5","{'self_created': np.float64(2.81), 'pressure_appetite': np.float64(10.0), 'difficulty_embrace': np.float64(9.47), 'defensive_survival': np.float64(30.26), 'force_multiplication': np.float64(2.25)}","{'scaling_efficiency': np.float64(11.093335702536894), 'pressure_appetite': np.float64(18.00000000000004), 'creation_tools': np.float64(38.81687128280679), 'opportunity_response': np.float64(59.114285714285714), 'age_trajectory': np.int64(100)}",Medium
Jae Crowder,2021-22,18.36,41.1,Role Player,Limited Scaling,Luxury Amplifier,-0.04199999999999997,0,7,Hides,True,"Negative career leverage (-0.042, 0+/7-) BUT has creation tools: Thrives as #2","{'self_created': np.float64(5.97), 'pressure_appetite': np.float64(18.23), 'difficulty_embrace': np.float64(22.49), 'defensive_survival': np.float64(47.51), 'force_multiplication': np.float64(3.82)}","{'scaling_efficiency': np.float64(13.234059487362854), 'pressure_appetite': np.float64(54.584474885844784), 'creation_tools': np.float64(56.10789063370086), 'opportunity_response': np.float64(55.08571428571429), 'age_trajectory': np.float64(40.01)}",High
Jae'Sean Tate,2021-22,23.26,40.95,Role Player,Limited Scaling,Role Player,-0.02099999999999995,0,2,Hides,False,"Low CII 23.3, low TII 41.0","{'self_created': np.float64(22.22), 'pressure_appetite': np.float64(29.24), 'difficulty_embrace': np.float64(2.26), 'defensive_survival': np.float64(39.36), 'force_multiplication': np.float64(29.29)}","{'scaling_efficiency': np.float64(18.39786792481732), 'pressure_appetite': np.float64(51.77319587628869), 'creation_tools': np.float64(21.036908054647554), 'opportunity_response': np.float64(69.62857142857142), 'age_trajectory': np.float64(78.33)}",Medium
Jakob Poeltl,2021-22,17.31,37.93,Role Player,Limited Scaling,Role Player,-0.03325,1,3,Hides,False,"Low CII 17.3, low TII 37.9, no creation tools","{'self_created': np.float64(12.09), 'pressure_appetite': np.float64(21.79), 'difficulty_embrace': np.float64(3.3), 'defensive_survival': np.float64(32.78), 'force_multiplication': np.float64(26.56)}","{'scaling_efficiency': np.float64(20.81051461745801), 'pressure_appetite': np.float64(26.4), 'creation_tools': np.float64(19.269793621013136), 'opportunity_response': np.float64(89.34285714285714), 'age_trajectory': np.float64(78.33)}",High
Jalen Brunson,2021-22,47.97,73.58,Fragile Star,High Scaling,Latent Engine,0.007999999999999976,2,2,Mixed,True,"Mixed career leverage (+0.008), CII 48.0, TII 73.6 + Tools: High potential","{'self_created': np.float64(64.06), 'pressure_appetite': np.float64(36.59), 'difficulty_embrace': np.float64(47.86), 'defensive_survival': np.float64(45.11), 'force_multiplication': np.float64(32.64)}","{'scaling_efficiency': np.float64(76.96202382796325), 'pressure_appetite': np.float64(46.910077519379875), 'creation_tools': np.float64(87.95), 'opportunity_response': np.float64(84.5), 'age_trajectory': np.float64(85.0)}",High
Jalen Green,2021-22,39.61,52.23,Role Player,Moderate Scaling,Role Player,-0.031,0,1,Hides,False,"Low CII 39.6, low TII 52.2","{'self_created': np.float64(40.31), 'pressure_appetite': np.float64(34.22), 'difficulty_embrace': np.float64(36.47), 'defensive_survival': np.float64(54.27), 'force_multiplication': np.float64(35.31)}","{'scaling_efficiency': np.float64(43.5376275207592), 'pressure_appetite': np.float64(27.599999999999998), 'creation_tools': np.float64(67.59613299979154), 'opportunity_response': np.float64(58.34285714285714), 'age_trajectory': np.int64(100)}",Medium
Jalen Smith,2021-22,12.79,35.16,Role Player,Limited Scaling,Role Player,-0.039,0,1,Hides,False,"Low CII 12.8, low TII 35.2","{'self_created': np.float64(2.28), 'pressure_appetite': np.float64(21.88), 'difficulty_embrace': np.float64(7.6), 'defensive_survival': np.float64(26.09), 'force_multiplication': np.float64(12.05)}","{'scaling_efficiency': np.float64(14.355629947801294), 'pressure_appetite': np.float64(24.400000000000006), 'creation_tools': np.float64(20.07181431399806), 'opportunity_response': np.float64(71.5657142857143), 'age_trajectory': np.int64(100)}",Medium
Jalen Suggs,2021-22,28.58,46.32,Role Player,Limited Scaling,Role Player,-0.0559999999999999,0,1,Hides,False,"Low CII 28.6, low TII 46.3","{'self_created': np.float64(21.02), 'pressure_appetite': np.float64(25.9), 'difficulty_embrace': np.float64(30.74), 'defensive_survival': np.float64(46.92), 'force_multiplication': np.float64(26.1)}","{'scaling_efficiency': np.float64(35.85132159010668), 'pressure_appetite': np.float64(17.600000000000044), 'creation_tools': np.float64(65.11176862588299), 'opportunity_response': np.float64(54.31428571428572), 'age_trajectory': np.int64(100)}",Medium
James Harden,2021-22,66.81,70.7,Luxury Amplifier,High Scaling,Strong Creator,0.07357142857142855,7,0,Steps Up,False,"Positive career leverage (+0.074, 7+/0-), CII 66.8, TII 70.7: Can be #1 (Age 32 > 28, reclassified from Latent Engine)","{'self_created': np.float64(86.71), 'pressure_appetite': np.float64(54.24), 'difficulty_embrace': np.float64(59.07), 'defensive_survival': np.float64(63.99), 'force_multiplication': np.float64(58.22)}","{'scaling_efficiency': np.float64(86.93657105145309), 'pressure_appetite': np.float64(59.70225563909775), 'creation_tools': np.float64(72.11666666666667), 'opportunity_response': np.float64(78.5), 'age_trajectory': np.float64(35.0)}",High
James Johnson,2021-22,16.35,30.83,Role Player,Low Scaling,Role Player,-0.01666666666666665,1,4,Mixed,False,"Low CII 16.4, low TII 30.8, no creation tools","{'self_created': np.float64(13.87), 'pressure_appetite': np.float64(17.02), 'difficulty_embrace': np.float64(4.46), 'defensive_survival': np.float64(40.69), 'force_multiplication': np.float64(9.34)}","{'scaling_efficiency': np.float64(14.699762141368808), 'pressure_appetite': np.float64(51.28921568627451), 'creation_tools': np.float64(22.393041606886655), 'opportunity_response': np.float64(47.457142857142856), 'age_trajectory': np.int64(20)}",High
Jaren Jackson Jr.,2021-22,17.35,29.86,Role Player,Low Scaling,Fragile Star,-0.06099999999999997,0,3,Hides,False,"Fragile Star: high usage (24.8%), low CII (17.4), extreme hiding (-0.061), no creation tools","{'self_created': np.float64(9.92), 'pressure_appetite': np.float64(25.15), 'difficulty_embrace': np.float64(5.06), 'defensive_survival': np.float64(22.58), 'force_multiplication': np.float64(36.92)}","{'scaling_efficiency': np.float64(10.649380993897129), 'pressure_appetite': np.float64(16.0), 'creation_tools': np.float64(22.542053501180174), 'opportunity_response': np.float64(54.4), 'age_trajectory': np.int64(100)}",Medium
Jarrett Allen,2021-22,19.85,46.68,Role Player,Limited Scaling,Role Player,-0.01975,1,3,Mixed,False,"Low CII 19.9, low TII 46.7, no creation tools","{'self_created': np.float64(8.87), 'pressure_appetite': np.float64(25.7), 'difficulty_embrace': np.float64(3.9), 'defensive_survival': np.float64(47.47), 'force_multiplication': np.float64(28.63)}","{'scaling_efficiency': np.float64(21.676208411801632), 'pressure_appetite': np.float64(55.55932203389834), 'creation_tools': np.float64(17.45278122272748), 'opportunity_response': np.float64(92.0), 'age_trajectory': np.float64(90.0)}",High
Jaylen Brown,2021-22,47.55,62.76,Fragile Star,Moderate Scaling,Luxury Amplifier,-0.05249999999999994,1,5,Hides,True,"Negative career leverage (-0.052, 1+/5-) BUT has creation tools: Thrives as #2","{'self_created': np.float64(47.1), 'pressure_appetite': np.float64(51.01), 'difficulty_embrace': np.float64(42.66), 'defensive_survival': np.float64(48.56), 'force_multiplication': np.float64(48.52)}","{'scaling_efficiency': np.float64(55.004403678120326), 'pressure_appetite': np.float64(46.51901565995529), 'creation_tools': np.float64(72.6919053854968), 'opportunity_response': np.float64(77.30000000000001), 'age_trajectory': np.float64(85.0)}",High
Jayson Tatum,2021-22,64.49,70.82,Luxury Amplifier,High Scaling,Latent Engine,0.00939999999999994,4,1,Mixed,True,"Mixed career leverage (+0.009), CII 64.5, TII 70.8 + Tools: High potential","{'self_created': np.float64(68.19), 'pressure_appetite': np.float64(65.16), 'difficulty_embrace': np.float64(61.89), 'defensive_survival': np.float64(61.35), 'force_multiplication': np.float64(61.65)}","{'scaling_efficiency': np.float64(62.1341254543694), 'pressure_appetite': np.float64(59.09201277955272), 'creation_tools': np.float64(77.53333333333333), 'opportunity_response': np.float64(86.0), 'age_trajectory': np.float64(90.0)}",High
Jerami Grant,2021-22,32.85,49.22,Role Player,Limited Scaling,Luxury Amplifier,-0.03499999999999997,1,6,Hides,True,"Negative career leverage (-0.035, 1+/6-) BUT has creation tools: Thrives as #2","{'self_created': np.float64(27.66), 'pressure_appetite': np.float64(37.58), 'difficulty_embrace': np.float64(33.54), 'defensive_survival': np.float64(40.25), 'force_multiplication': np.float64(24.08)}","{'scaling_efficiency': np.float64(38.302037890649245), 'pressure_appetite': np.float64(27.199999999999996), 'creation_tools': np.float64(68.65473986953309), 'opportunity_response': np.float64(71.34285714285714), 'age_trajectory': np.float64(64.99000000000001)}",High
Jeremiah Robinson-Earl,2021-22,11.44,36.13,Role Player,Limited Scaling,Role Player,-0.0279999999999999,0,1,Hides,False,"Low CII 11.4, low TII 36.1","{'self_created': np.float64(0.73), 'pressure_appetite': np.float64(17.95), 'difficulty_embrace': np.float64(5.49), 'defensive_survival': np.float64(34.12), 'force_multiplication': np.float64(5.13)}","{'scaling_efficiency': np.float64(5.891684210526318), 'pressure_appetite': np.float64(53.35087719298249), 'creation_tools': np.float64(17.611959777492512), 'opportunity_response': np.float64(50.028571428571425), 'age_trajectory': np.int64(100)}",Medium
Jeremy Lamb,2021-22,25.34,44.88,Role Player,Limited Scaling,Strong Creator,0.010166666666666666,3,3,Steps Up,True,"Positive career leverage (+0.010), CII 25.3 still developing (Age 30 > 25, reclassified from Developing Engine)","{'self_created': np.float64(24.16), 'pressure_appetite': np.float64(28.21), 'difficulty_embrace': np.float64(25.66), 'defensive_survival': np.float64(29.8), 'force_multiplication': np.float64(14.33)}","{'scaling_efficiency': np.float64(33.60628719711523), 'pressure_appetite': np.float64(43.714285714285744), 'creation_tools': np.float64(61.19010840108401), 'opportunity_response': np.float64(45.31428571428572), 'age_trajectory': np.float64(48.34)}",High
Jimmy Butler III,2021-22,58.38,70.68,Luxury Amplifier,High Scaling,Strong Creator,0.09414285714285711,7,0,Steps Up,True,"Positive career leverage (+0.094, 7+/0-), CII 58.4, TII 70.7: Can be #1 (Age 32 > 28, reclassified from Latent Engine)","{'self_created': np.float64(60.13), 'pressure_appetite': np.float64(75.12), 'difficulty_embrace': np.float64(37.7), 'defensive_survival': np.float64(45.91), 'force_multiplication': np.float64(71.37)}","{'scaling_efficiency': np.float64(69.17591132271981), 'pressure_appetite': np.float64(73.43846153846154), 'creation_tools': np.float64(75.82986241400876), 'opportunity_response': np.float64(86.0), 'age_trajectory': np.float64(35.0)}",High
Joe Ingles,2021-22,13.43,33.76,Role Player,Low Scaling,Role Player,-0.054428571428571396,0,7,Hides,False,"Low CII 13.4, low TII 33.8, no creation tools","{'self_created': np.float64(15.5), 'pressure_appetite': np.float64(10.0), 'difficulty_embrace': np.float64(12.77), 'defensive_survival': np.float64(23.37), 'force_multiplication': np.float64(2.2)}","{'scaling_efficiency': np.float64(27.373826900023982), 'pressure_appetite': np.float64(17.6), 'creation_tools': np.float64(49.46151446398185), 'opportunity_response': np.float64(58.34285714285714), 'age_trajectory': np.float64(25.0)}",High
Joel Embiid,2021-22,66.1,77.48,Luxury Amplifier,High Scaling,Latent Engine,0.038166666666666633,5,1,Steps Up,True,"Positive career leverage (+0.038, 5+/1-), CII 66.1, TII 77.5: Can be #1","{'self_created': np.float64(58.92), 'pressure_appetite': np.float64(80.76), 'difficulty_embrace': np.float64(51.61), 'defensive_survival': np.float64(65.11), 'force_multiplication': np.float64(81.47)}","{'scaling_efficiency': np.float64(74.43504571903574), 'pressure_appetite': np.float64(74.95999999999998), 'creation_tools': np.float64(85.06788617886178), 'opportunity_response': np.float64(86.0), 'age_trajectory': np.float64(64.99000000000001)}",High
John Collins,2021-22,11.66,40.33,Role Player,Limited Scaling,Role Player,-0.05800000000000001,1,4,Hides,False,"Low CII 11.7, low TII 40.3, no creation tools","{'self_created': np.float64(3.05), 'pressure_appetite': np.float64(13.33), 'difficulty_embrace': np.float64(14.09), 'defensive_survival': np.float64(18.88), 'force_multiplication': np.float64(17.59)}","{'scaling_efficiency': np.float64(28.52364859203069), 'pressure_appetite': np.float64(7.200000000000002), 'creation_tools': np.float64(36.586086291555986), 'opportunity_response': np.float64(91.04), 'age_trajectory': np.float64(90.0)}",High
Jonas Valančiūnas,2021-22,25.27,40.39,Role Player,Limited Scaling,Fragile Star,-0.06528571428571427,1,6,Hides,False,"Fragile Star: high usage (23.8%), low CII (25.3), extreme hiding (-0.065), no creation tools","{'self_created': np.float64(18.35), 'pressure_appetite': np.float64(28.74), 'difficulty_embrace': np.float64(11.7), 'defensive_survival': np.float64(43.5), 'force_multiplication': np.float64(37.15)}","{'scaling_efficiency': np.float64(34.144186908844254), 'pressure_appetite': np.float64(21.600000000000037), 'creation_tools': np.float64(33.90832137733142), 'opportunity_response': np.float64(87.56857142857143), 'age_trajectory': np.float64(48.34)}",High
Jonathan Kuminga,2021-22,19.11,35.85,Role Player,Limited Scaling,Role Player,-0.048,0,1,Hides,False,"Low CII 19.1, low TII 35.9","{'self_created': np.float64(14.12), 'pressure_appetite': np.float64(25.48), 'difficulty_embrace': np.float64(4.67), 'defensive_survival': np.float64(36.75), 'force_multiplication': np.float64(20.59)}","{'scaling_efficiency': np.float64(18.98938553067805), 'pressure_appetite': np.float64(20.8), 'creation_tools': np.float64(18.564147057770136), 'opportunity_response': np.float64(74.93428571428572), 'age_trajectory': np.int64(100)}",Medium
Jordan Clarkson,2021-22,29.69,36.28,Role Player,Limited Scaling,Fragile Star,-0.04114285714285713,2,5,Hides,False,"Fragile Star: high usage (25.8%), low CII (29.7), no creation tools","{'self_created': np.float64(46.18), 'pressure_appetite': np.float64(12.33), 'difficulty_embrace': np.float64(35.19), 'defensive_survival': np.float64(24.62), 'force_multiplication': np.float64(20.27)}","{'scaling_efficiency': np.float64(37.85719961240311), 'pressure_appetite': np.float64(0.0), 'creation_tools': np.float64(59.76043675553035), 'opportunity_response': np.float64(54.22857142857143), 'age_trajectory': np.float64(48.34)}",High
Jordan Poole,2021-22,45.81,68.15,Fragile Star,High Scaling,Strong Creator,-0.0055,0,2,Mixed,False,"CII 45.8, TII 68.2","{'self_created': np.float64(49.51), 'pressure_appetite': np.float64(49.93), 'difficulty_embrace': np.float64(37.99), 'defensive_survival': np.float64(49.55), 'force_multiplication': np.float64(34.42)}","{'scaling_efficiency': np.float64(59.99597382080793), 'pressure_appetite': np.float64(53.59523809523809), 'creation_tools': np.float64(70.82140921409214), 'opportunity_response': np.float64(87.28571428571429), 'age_trajectory': np.float64(95.0)}",Medium
Josh Christopher,2021-22,21.9,37.0,Role Player,Limited Scaling,Role Player,-0.0509999999999999,0,1,Hides,False,"Low CII 21.9, low TII 37.0","{'self_created': np.float64(26.78), 'pressure_appetite': np.float64(19.07), 'difficulty_embrace': np.float64(12.19), 'defensive_survival': np.float64(32.65), 'force_multiplication': np.float64(17.62)}","{'scaling_efficiency': np.float64(25.242044791005537), 'pressure_appetite': np.float64(19.60000000000004), 'creation_tools': np.float64(37.8381023200476), 'opportunity_response': np.float64(46.42857142857143), 'age_trajectory': np.int64(100)}",Medium
Josh Giddey,2021-22,29.54,56.34,Role Player,Moderate Scaling,Developing Prospect,-0.0169999999999999,0,1,Mixed,True,"Low CII 29.5, moderate TII 56.3","{'self_created': np.float64(24.65), 'pressure_appetite': np.float64(37.15), 'difficulty_embrace': np.float64(27.97), 'defensive_survival': np.float64(30.8), 'force_multiplication': np.float64(26.44)}","{'scaling_efficiency': np.float64(40.01529051987767), 'pressure_appetite': np.float64(46.92966360856272), 'creation_tools': np.float64(69.5390206608488), 'opportunity_response': np.float64(58.0), 'age_trajectory': np.int64(100)}",Medium
Josh Hart,2021-22,34.78,67.18,Role Player,High Scaling,Role Player,-0.010999999999999979,2,3,Mixed,False,"Low CII 34.8, low TII 67.2, no creation tools","{'self_created': np.float64(41.45), 'pressure_appetite': np.float64(29.14), 'difficulty_embrace': np.float64(19.33), 'defensive_survival': np.float64(51.65), 'force_multiplication': np.float64(34.47)}","{'scaling_efficiency': np.float64(68.138982431861), 'pressure_appetite': np.float64(57.376811594202934), 'creation_tools': np.float64(57.15134323082361), 'opportunity_response': np.float64(92.0), 'age_trajectory': np.float64(71.66)}",High
Josh Richardson,2021-22,18.23,47.45,Role Player,Limited Scaling,Luxury Amplifier,-0.034833333333333334,1,5,Hides,True,"Negative career leverage (-0.035, 1+/5-) BUT has creation tools: Thrives as #2","{'self_created': np.float64(17.58), 'pressure_appetite': np.float64(11.5), 'difficulty_embrace': np.float64(21.87), 'defensive_survival': np.float64(33.19), 'force_multiplication': np.float64(7.31)}","{'scaling_efficiency': np.float64(44.69365039103782), 'pressure_appetite': np.float64(15.2), 'creation_tools': np.float64(67.65606903437455), 'opportunity_response': np.float64(68.08571428571429), 'age_trajectory': np.float64(64.99000000000001)}",High
Joshua Primo,2021-22,19.48,42.55,Role Player,Limited Scaling,Role Player,0.017,1,0,Steps Up,False,"Low CII 19.5, low TII 42.5","{'self_created': np.float64(7.33), 'pressure_appetite': np.float64(43.21), 'difficulty_embrace': np.float64(8.66), 'defensive_survival': np.float64(25.48), 'force_multiplication': np.float64(9.23)}","{'scaling_efficiency': np.float64(9.13360937889748), 'pressure_appetite': np.float64(63.636842105263156), 'creation_tools': np.float64(33.8288189987163), 'opportunity_response': np.float64(47.542857142857144), 'age_trajectory': np.int64(100)}",Medium
Jrue Holiday,2021-22,63.42,75.94,Luxury Amplifier,High Scaling,Strong Creator,0.030285714285714256,7,0,Steps Up,True,"Positive career leverage (+0.030, 7+/0-), CII 63.4, TII 75.9: Can be #1 (Age 32 > 28, reclassified from Latent Engine)","{'self_created': np.float64(76.99), 'pressure_appetite': np.float64(57.07), 'difficulty_embrace': np.float64(55.43), 'defensive_survival': np.float64(68.8), 'force_multiplication': np.float64(46.52)}","{'scaling_efficiency': np.float64(79.2358262427228), 'pressure_appetite': np.float64(72.87792207792205), 'creation_tools': np.float64(91.1), 'opportunity_response': np.float64(81.5), 'age_trajectory': np.float64(35.0)}",High
Julius Randle,2021-22,43.63,48.66,Fragile Star,Limited Scaling,Luxury Amplifier,-0.016142857142857132,2,5,Mixed,True,"Negative career leverage (-0.016, 2+/5-) BUT has creation tools: Thrives as #2","{'self_created': np.float64(40.21), 'pressure_appetite': np.float64(37.27), 'difficulty_embrace': np.float64(51.31), 'defensive_survival': np.float64(45.73), 'force_multiplication': np.float64(51.25)}","{'scaling_efficiency': np.float64(33.20164602332018), 'pressure_appetite': np.float64(21.6), 'creation_tools': np.float64(84.9), 'opportunity_response': np.float64(61.0), 'age_trajectory': np.float64(71.66)}",High
Justin Holiday,2021-22,13.15,33.33,Role Player,Low Scaling,Role Player,-0.05333333333333334,0,6,Hides,False,"Low CII 13.2, low TII 33.3, no creation tools","{'self_created': np.float64(7.17), 'pressure_appetite': np.float64(11.0), 'difficulty_embrace': np.float64(19.33), 'defensive_survival': np.float64(27.18), 'force_multiplication': np.float64(3.04)}","{'scaling_efficiency': np.float64(22.530550353601214), 'pressure_appetite': np.float64(20.0), 'creation_tools': np.float64(51.74155722326454), 'opportunity_response': np.float64(54.82857142857143), 'age_trajectory': np.float64(30.0)}",High
Justise Winslow,2021-22,19.83,37.27,Role Player,Limited Scaling,Role Player,0.00483333333333335,3,3,Mixed,False,"Mixed career leverage, no tools, low CII","{'self_created': np.float64(4.39), 'pressure_appetite': np.float64(33.97), 'difficulty_embrace': np.float64(6.29), 'defensive_survival': np.float64(48.61), 'force_multiplication': np.float64(14.68)}","{'scaling_efficiency': np.float64(8.46013754200892), 'pressure_appetite': np.float64(62.524344569288424), 'creation_tools': np.float64(22.723335160317895), 'opportunity_response': np.float64(44.8), 'age_trajectory': np.float64(78.33)}",High
Jusuf Nurkić,2021-22,26.55,35.68,Role Player,Limited Scaling,Fragile Star,-0.0264,1,4,Hides,False,"Fragile Star: high usage (23.3%), low CII (26.6), no creation tools","{'self_created': np.float64(17.76), 'pressure_appetite': np.float64(32.32), 'difficulty_embrace': np.float64(3.59), 'defensive_survival': np.float64(44.01), 'force_multiplication': np.float64(58.24)}","{'scaling_efficiency': np.float64(21.025798464607384), 'pressure_appetite': np.float64(25.999999999999996), 'creation_tools': np.float64(19.981016434627865), 'opportunity_response': np.float64(78.08857142857143), 'age_trajectory': np.float64(71.66)}",High
KJ Martin,2021-22,5.73,29.8,Role Player,Low Scaling,Role Player,-0.09,0,1,Hides,False,"Low CII 5.7, low TII 29.8","{'self_created': np.float64(2.29), 'pressure_appetite': np.float64(10.0), 'difficulty_embrace': np.float64(0.69), 'defensive_survival': np.float64(13.39), 'force_multiplication': np.float64(3.93)}","{'scaling_efficiency': np.float64(18.066934698793087), 'pressure_appetite': np.float64(4.0000000000000036), 'creation_tools': np.float64(11.190773901409901), 'opportunity_response': np.float64(74.3), 'age_trajectory': np.int64(100)}",Medium
Karl-Anthony Towns,2021-22,30.05,45.78,Role Player,Limited Scaling,Fragile Star,-0.032714285714285696,1,6,Hides,False,"Fragile Star: high usage (27.2%), high minutes (33.5), low CII (30.1), no creation tools","{'self_created': np.float64(28.79), 'pressure_appetite': np.float64(33.92), 'difficulty_embrace': np.float64(14.1), 'defensive_survival': np.float64(29.61), 'force_multiplication': np.float64(56.72)}","{'scaling_efficiency': np.float64(36.82256302521008), 'pressure_appetite': np.float64(19.600000000000005), 'creation_tools': np.float64(45.49430894308943), 'opportunity_response': np.float64(86.0), 'age_trajectory': np.float64(78.33)}",High
Keita Bates-Diop,2021-22,10.66,29.17,Role Player,Low Scaling,Role Player,-0.0539999999999999,0,1,Hides,False,"Low CII 10.7, low TII 29.2","{'self_created': np.float64(2.82), 'pressure_appetite': np.float64(10.0), 'difficulty_embrace': np.float64(5.69), 'defensive_survival': np.float64(39.63), 'force_multiplication': np.float64(2.3)}","{'scaling_efficiency': np.float64(13.277516819571858), 'pressure_appetite': np.float64(18.400000000000038), 'creation_tools': np.float64(18.092547425474255), 'opportunity_response': np.float64(60.885714285714286), 'age_trajectory': np.float64(78.33)}",Medium
Keldon Johnson,2021-22,21.41,47.76,Role Player,Limited Scaling,Role Player,-0.02849999999999995,0,2,Hides,False,"Low CII 21.4, low TII 47.8","{'self_created': np.float64(11.66), 'pressure_appetite': np.float64(35.64), 'difficulty_embrace': np.float64(12.33), 'defensive_survival': np.float64(27.68), 'force_multiplication': np.float64(23.87)}","{'scaling_efficiency': np.float64(24.204130238354875), 'pressure_appetite': np.float64(46.87619047619051), 'creation_tools': np.float64(38.144850948509486), 'opportunity_response': np.float64(74.34285714285714), 'age_trajectory': np.int64(100)}",Medium
Kelly Oubre Jr.,2021-22,19.28,39.43,Role Player,Limited Scaling,Fragile Star,-0.050499999999999955,0,6,Hides,False,"Fragile Star: high usage (22.3%), low CII (19.3), extreme hiding (-0.050), no creation tools","{'self_created': np.float64(12.09), 'pressure_appetite': np.float64(21.97), 'difficulty_embrace': np.float64(15.29), 'defensive_survival': np.float64(34.2), 'force_multiplication': np.float64(19.7)}","{'scaling_efficiency': np.float64(30.30387542683179), 'pressure_appetite': np.float64(18.400000000000038), 'creation_tools': np.float64(39.62879981041962), 'opportunity_response': np.float64(66.54285714285714), 'age_trajectory': np.float64(78.33)}",High
Kemba Walker,2021-22,52.99,62.42,Fragile Star,Moderate Scaling,Strong Creator,0.061714285714285666,6,1,Steps Up,False,"Positive career leverage (+0.062), CII 53.0: Stepping up consistently","{'self_created': np.float64(53.03), 'pressure_appetite': np.float64(66.17), 'difficulty_embrace': np.float64(47.59), 'defensive_survival': np.float64(51.26), 'force_multiplication': np.float64(33.36)}","{'scaling_efficiency': np.float64(56.223791991366454), 'pressure_appetite': np.float64(73.94554455445544), 'creation_tools': np.float64(78.15), 'opportunity_response': np.float64(52.942857142857136), 'age_trajectory': np.float64(35.0)}",High
Kenrich Williams,2021-22,17.27,35.9,Role Player,Limited Scaling,Role Player,-0.05375,0,4,Hides,False,"Low CII 17.3, low TII 35.9, no creation tools","{'self_created': np.float64(14.83), 'pressure_appetite': np.float64(10.0), 'difficulty_embrace': np.float64(17.33), 'defensive_survival': np.float64(44.11), 'force_multiplication': np.float64(2.35)}","{'scaling_efficiency': np.float64(22.547041606886662), 'pressure_appetite': np.float64(14.0), 'creation_tools': np.float64(55.017870237525905), 'opportunity_response': np.float64(49.77142857142857), 'age_trajectory': np.float64(71.66)}",High
Kentavious Caldwell-Pope,2021-22,25.42,47.52,Role Player,Limited Scaling,Luxury Amplifier,-0.012833333333333299,2,4,Mixed,True,"Negative career leverage (-0.013, 2+/4-) BUT has creation tools: Thrives as #2","{'self_created': np.float64(19.08), 'pressure_appetite': np.float64(14.33), 'difficulty_embrace': np.float64(37.93), 'defensive_survival': np.float64(51.33), 'force_multiplication': np.float64(8.26)}","{'scaling_efficiency': np.float64(40.587280405405394), 'pressure_appetite': np.float64(16.400000000000002), 'creation_tools': np.float64(73.2), 'opportunity_response': np.float64(72.88571428571429), 'age_trajectory': np.float64(56.67)}",High
Keon Johnson,2021-22,18.63,40.08,Role Player,Limited Scaling,Role Player,-0.0739999999999999,0,1,Hides,False,"Low CII 18.6, low TII 40.1","{'self_created': np.float64(15.07), 'pressure_appetite': np.float64(15.5), 'difficulty_embrace': np.float64(14.64), 'defensive_survival': np.float64(38.11), 'force_multiplication': np.float64(15.88)}","{'scaling_efficiency': np.float64(32.79223407164342), 'pressure_appetite': np.float64(10.400000000000041), 'creation_tools': np.float64(52.89330741133499), 'opportunity_response': np.float64(47.114285714285714), 'age_trajectory': np.int64(100)}",Medium
Kessler Edwards,2021-22,8.42,31.97,Role Player,Low Scaling,Role Player,-0.039,0,1,Hides,False,"Low CII 8.4, low TII 32.0","{'self_created': np.float64(1.25), 'pressure_appetite': np.float64(10.0), 'difficulty_embrace': np.float64(12.3), 'defensive_survival': np.float64(18.51), 'force_multiplication': np.float64(3.05)}","{'scaling_efficiency': np.float64(7.886712918660283), 'pressure_appetite': np.float64(24.400000000000006), 'creation_tools': np.float64(31.047376201034737), 'opportunity_response': np.float64(48.65714285714286), 'age_trajectory': np.int64(100)}",Medium
Kevin Durant,2021-22,78.67,76.34,Strong Creator,High Scaling,Franchise Engine,0.04783333333333332,5,1,Steps Up,True,CII 78.7 >= 74: Already elite creator,"{'self_created': np.float64(76.05), 'pressure_appetite': np.float64(90.0), 'difficulty_embrace': np.float64(80.3), 'defensive_survival': np.float64(67.43), 'force_multiplication': np.float64(71.77)}","{'scaling_efficiency': np.float64(72.38814916495082), 'pressure_appetite': np.float64(79.28709677419354), 'creation_tools': np.float64(94.5), 'opportunity_response': np.float64(86.0), 'age_trajectory': np.float64(30.0)}",High
Kevin Huerter,2021-22,21.33,50.29,Role Player,Moderate Scaling,Luxury Amplifier,-0.05075,0,3,Hides,True,"Negative career leverage (-0.051, 0+/3-) BUT has creation tools: Thrives as #2","{'self_created': np.float64(22.12), 'pressure_appetite': np.float64(10.0), 'difficulty_embrace': np.float64(28.11), 'defensive_survival': np.float64(41.61), 'force_multiplication': np.float64(3.26)}","{'scaling_efficiency': np.float64(45.21724267564796), 'pressure_appetite': np.float64(12.399999999999999), 'creation_tools': np.float64(66.32419541059315), 'opportunity_response': np.float64(72.37142857142857), 'age_trajectory': np.float64(95.0)}",High
Kevin Love,2021-22,28.71,47.27,Role Player,Limited Scaling,Fragile Star,-0.0317142857142857,2,5,Hides,False,"Fragile Star: high usage (23.9%), low CII (28.7), no creation tools","{'self_created': np.float64(9.01), 'pressure_appetite': np.float64(51.51), 'difficulty_embrace': np.float64(18.84), 'defensive_survival': np.float64(44.58), 'force_multiplication': np.float64(26.78)}","{'scaling_efficiency': np.float64(25.01941578281599), 'pressure_appetite': np.float64(61.60836820083682), 'creation_tools': np.float64(46.64708473653774), 'opportunity_response': np.float64(80.21428571428572), 'age_trajectory': np.float64(30.0)}",High
Kevin Porter Jr.,2021-22,49.8,62.03,Fragile Star,Moderate Scaling,Strong Creator,0.019666666666666634,2,1,Steps Up,False,"CII 49.8, TII 62.0","{'self_created': np.float64(55.45), 'pressure_appetite': np.float64(42.32), 'difficulty_embrace': np.float64(53.41), 'defensive_survival': np.float64(52.81), 'force_multiplication': np.float64(39.85)}","{'scaling_efficiency': np.float64(53.725024741598375), 'pressure_appetite': np.float64(48.27894002789404), 'creation_tools': np.float64(75.85), 'opportunity_response': np.float64(57.82857142857143), 'age_trajectory': np.int64(100)}",Medium
Kevon Looney,2021-22,21.67,45.23,Role Player,Limited Scaling,Role Player,-0.03399999999999995,1,3,Hides,False,"Low CII 21.7, low TII 45.2, no creation tools","{'self_created': np.float64(7.12), 'pressure_appetite': np.float64(35.0), 'difficulty_embrace': np.float64(6.1), 'defensive_survival': np.float64(55.94), 'force_multiplication': np.float64(11.7)}","{'scaling_efficiency': np.float64(16.215858719646793), 'pressure_appetite': np.float64(73.00000000000001), 'creation_tools': np.float64(21.224390243902437), 'opportunity_response': np.float64(66.89428571428572), 'age_trajectory': np.float64(78.33)}",High
Killian Hayes,2021-22,16.47,46.16,Role Player,Limited Scaling,Role Player,-0.027999999999999997,1,1,Hides,False,"Low CII 16.5, low TII 46.2","{'self_created': np.float64(16.24), 'pressure_appetite': np.float64(10.0), 'difficulty_embrace': np.float64(22.13), 'defensive_survival': np.float64(23.31), 'force_multiplication': np.float64(11.72)}","{'scaling_efficiency': np.float64(41.79484311309128), 'pressure_appetite': np.float64(11.600000000000005), 'creation_tools': np.float64(64.29079822616407), 'opportunity_response': np.float64(52.42857142857143), 'age_trajectory': np.int64(100)}",Medium
Klay Thompson,2021-22,36.57,42.87,Role Player,Limited Scaling,Fragile Star,-0.07019999999999998,0,5,Hides,True,"Fragile Star: high usage (28.4%), low CII (36.6), extreme hiding (-0.070)","{'self_created': np.float64(30.21), 'pressure_appetite': np.float64(31.86), 'difficulty_embrace': np.float64(55.63), 'defensive_survival': np.float64(41.22), 'force_multiplication': np.float64(22.32)}","{'scaling_efficiency': np.float64(33.13621449628002), 'pressure_appetite': np.float64(14.80000000000004), 'creation_tools': np.float64(79.0), 'opportunity_response': np.float64(66.2), 'age_trajectory': np.float64(35.0)}",High
Kristaps Porziņģis,2021-22,39.89,61.49,Role Player,Moderate Scaling,Luxury Amplifier,-0.016999999999999963,2,4,Mixed,True,"Negative career leverage (-0.017, 2+/4-) BUT has creation tools: Thrives as #2","{'self_created': np.float64(14.39), 'pressure_appetite': np.float64(65.03), 'difficulty_embrace': np.float64(24.86), 'defensive_survival': np.float64(61.81), 'force_multiplication': np.float64(50.7)}","{'scaling_efficiency': np.float64(43.89793724991584), 'pressure_appetite': np.float64(75.83496503496504), 'creation_tools': np.float64(52.603323099664564), 'opportunity_response': np.float64(73.35714285714286), 'age_trajectory': np.float64(78.33)}",High
Kyle Anderson,2021-22,13.07,28.1,Role Player,Low Scaling,Role Player,-0.047,0,4,Hides,False,"Low CII 13.1, low TII 28.1, no creation tools","{'self_created': np.float64(14.27), 'pressure_appetite': np.float64(10.0), 'difficulty_embrace': np.float64(11.57), 'defensive_survival': np.float64(16.35), 'force_multiplication': np.float64(15.26)}","{'scaling_efficiency': np.float64(13.031998741544752), 'pressure_appetite': np.float64(9.200000000000003), 'creation_tools': np.float64(39.879435063581404), 'opportunity_response': np.float64(49.42857142857143), 'age_trajectory': np.float64(64.99000000000001)}",High
Kyle Kuzma,2021-22,41.16,59.62,Fragile Star,Moderate Scaling,Luxury Amplifier,-0.030599999999999978,1,4,Hides,True,"Negative career leverage (-0.031, 1+/4-) BUT has creation tools: Thrives as #2","{'self_created': np.float64(28.73), 'pressure_appetite': np.float64(57.63), 'difficulty_embrace': np.float64(28.51), 'defensive_survival': np.float64(60.47), 'force_multiplication': np.float64(33.64)}","{'scaling_efficiency': np.float64(38.462340564132646), 'pressure_appetite': np.float64(76.3983193277311), 'creation_tools': np.float64(61.046508847441416), 'opportunity_response': np.float64(59.62857142857143), 'age_trajectory': np.float64(78.33)}",High
Kyle Lowry,2021-22,53.97,75.88,Fragile Star,High Scaling,Strong Creator,0.04114285714285713,5,2,Steps Up,False,"Positive career leverage (+0.041, 5+/2-), CII 54.0, TII 75.9: Can be #1 (Age 36 > 28, reclassified from Latent Engine)","{'self_created': np.float64(56.63), 'pressure_appetite': np.float64(62.17), 'difficulty_embrace': np.float64(42.29), 'defensive_survival': np.float64(66.08), 'force_multiplication': np.float64(30.71)}","{'scaling_efficiency': np.float64(81.10725546555177), 'pressure_appetite': np.float64(82.67977528089888), 'creation_tools': np.float64(81.01666666666667), 'opportunity_response': np.float64(84.5), 'age_trajectory': np.int64(20)}",High
Kyrie Irving,2021-22,72.15,74.99,Strong Creator,High Scaling,Strong Creator,0.0797142857142857,7,0,Steps Up,True,"Positive career leverage (+0.080, 7+/0-), CII 72.2, TII 75.0: Can be #1 (Age 30 > 28, reclassified from Latent Engine)","{'self_created': np.float64(86.25), 'pressure_appetite': np.float64(69.51), 'difficulty_embrace': np.float64(73.77), 'defensive_survival': np.float64(64.56), 'force_multiplication': np.float64(44.59)}","{'scaling_efficiency': np.float64(71.96006666773057), 'pressure_appetite': np.float64(68.01484098939929), 'creation_tools': np.float64(93.3), 'opportunity_response': np.float64(86.0), 'age_trajectory': np.float64(48.34)}",High
LaMarcus Aldridge,2021-22,26.47,46.88,Role Player,Limited Scaling,Luxury Amplifier,-0.04357142857142853,0,7,Hides,True,"Negative career leverage (-0.044, 0+/7-) BUT has creation tools: Thrives as #2","{'self_created': np.float64(10.66), 'pressure_appetite': np.float64(28.97), 'difficulty_embrace': np.float64(38.0), 'defensive_survival': np.float64(38.43), 'force_multiplication': np.float64(26.61)}","{'scaling_efficiency': np.float64(49.90104440562654), 'pressure_appetite': np.float64(25.600000000000005), 'creation_tools': np.float64(55.289248988380294), 'opportunity_response': np.float64(83.02571428571429), 'age_trajectory': np.int64(20)}",High
LaMelo Ball,2021-22,44.31,60.33,Fragile Star,Moderate Scaling,Developing Prospect,-0.06349999999999995,0,2,Hides,True,"Low CII 44.3, moderate TII 60.3","{'self_created': np.float64(54.77), 'pressure_appetite': np.float64(35.26), 'difficulty_embrace': np.float64(48.57), 'defensive_survival': np.float64(38.75), 'force_multiplication': np.float64(35.35)}","{'scaling_efficiency': np.float64(64.39680494085908), 'pressure_appetite': np.float64(21.200000000000003), 'creation_tools': np.float64(77.05), 'opportunity_response': np.float64(68.68571428571428), 'age_trajectory': np.int64(100)}",Medium
Lamar Stevens,2021-22,14.25,32.5,Role Player,Low Scaling,Role Player,-0.069,0,1,Hides,True,"Low CII 14.2, low TII 32.5","{'self_created': np.float64(14.65), 'pressure_appetite': np.float64(10.0), 'difficulty_embrace': np.float64(15.4), 'defensive_survival': np.float64(23.94), 'force_multiplication': np.float64(6.83)}","{'scaling_efficiency': np.float64(20.26718373539676), 'pressure_appetite': np.float64(12.399999999999999), 'creation_tools': np.float64(37.98361956992351), 'opportunity_response': np.float64(44.8), 'age_trajectory': np.float64(90.0)}",Medium
Lance Stephenson,2021-22,33.24,48.39,Role Player,Limited Scaling,Luxury Amplifier,-0.01899999999999996,1,3,Mixed,True,"Negative career leverage (-0.019, 1+/3-) BUT has creation tools: Thrives as #2","{'self_created': np.float64(44.41), 'pressure_appetite': np.float64(20.67), 'difficulty_embrace': np.float64(37.2), 'defensive_survival': np.float64(33.2), 'force_multiplication': np.float64(23.34)}","{'scaling_efficiency': np.float64(61.38666666666668), 'pressure_appetite': np.float64(18.00000000000004), 'creation_tools': np.float64(72.73375097449605), 'opportunity_response': np.float64(46.17142857142857), 'age_trajectory': np.float64(40.01)}",High
Landry Shamet,2021-22,24.87,48.94,Role Player,Limited Scaling,Role Player,-0.029750000000000002,1,3,Hides,False,"Low CII 24.9, low TII 48.9, no creation tools","{'self_created': np.float64(6.94), 'pressure_appetite': np.float64(50.17), 'difficulty_embrace': np.float64(16.37), 'defensive_survival': np.float64(38.13), 'force_multiplication': np.float64(12.56)}","{'scaling_efficiency': np.float64(20.021405109489052), 'pressure_appetite': np.float64(67.09999999999998), 'creation_tools': np.float64(47.15975609756097), 'opportunity_response': np.float64(54.82857142857143), 'age_trajectory': np.float64(85.0)}",High
Larry Nance Jr.,2021-22,13.01,37.75,Role Player,Limited Scaling,Role Player,-0.02914285714285714,1,6,Hides,False,"Low CII 13.0, low TII 37.8, no creation tools","{'self_created': np.float64(6.96), 'pressure_appetite': np.float64(10.94), 'difficulty_embrace': np.float64(4.19), 'defensive_survival': np.float64(44.95), 'force_multiplication': np.float64(6.05)}","{'scaling_efficiency': np.float64(17.01513052208835), 'pressure_appetite': np.float64(51.78125), 'creation_tools': np.float64(18.940243902439022), 'opportunity_response': np.float64(68.30857142857144), 'age_trajectory': np.float64(56.67)}",High
Lauri Markkanen,2021-22,20.91,46.43,Role Player,Limited Scaling,Role Player,-0.02839999999999998,0,5,Hides,False,"Low CII 20.9, low TII 46.4, no creation tools","{'self_created': np.float64(3.39), 'pressure_appetite': np.float64(35.54), 'difficulty_embrace': np.float64(8.17), 'defensive_survival': np.float64(51.34), 'force_multiplication': np.float64(16.69)}","{'scaling_efficiency': np.float64(14.290328436516257), 'pressure_appetite': np.float64(61.729166666666664), 'creation_tools': np.float64(28.40636856368564), 'opportunity_response': np.float64(83.54), 'age_trajectory': np.float64(85.0)}",High
LeBron James,2021-22,67.5,68.93,Luxury Amplifier,High Scaling,Strong Creator,0.06785714285714287,7,0,Steps Up,True,"Positive career leverage (+0.068), CII 67.5: Stepping up consistently","{'self_created': np.float64(77.57), 'pressure_appetite': np.float64(70.07), 'difficulty_embrace': np.float64(57.43), 'defensive_survival': np.float64(52.92), 'force_multiplication': np.float64(72.89)}","{'scaling_efficiency': np.float64(73.32681492641942), 'pressure_appetite': np.float64(63.73186119873818), 'creation_tools': np.float64(80.51666666666667), 'opportunity_response': np.float64(86.0), 'age_trajectory': np.int64(20)}",High
Lonnie Walker IV,2021-22,29.01,43.44,Role Player,Limited Scaling,Fragile Star,-0.055333333333333325,0,3,Hides,True,"Fragile Star: high usage (23.2%), low CII (29.0), extreme hiding (-0.055)","{'self_created': np.float64(21.47), 'pressure_appetite': np.float64(27.44), 'difficulty_embrace': np.float64(33.63), 'defensive_survival': np.float64(45.22), 'force_multiplication': np.float64(21.96)}","{'scaling_efficiency': np.float64(26.74098625310461), 'pressure_appetite': np.float64(21.6), 'creation_tools': np.float64(64.56696103167928), 'opportunity_response': np.float64(50.71428571428571), 'age_trajectory': np.float64(95.0)}",Medium
Lonzo Ball,2021-22,20.74,56.04,Role Player,Moderate Scaling,Role Player,-0.02420000000000002,1,4,Hides,False,"Low CII 20.7, low TII 56.0, no creation tools","{'self_created': np.float64(23.7), 'pressure_appetite': np.float64(15.36), 'difficulty_embrace': np.float64(25.04), 'defensive_survival': np.float64(28.31), 'force_multiplication': np.float64(5.34)}","{'scaling_efficiency': np.float64(51.32670472769259), 'pressure_appetite': np.float64(23.6), 'creation_tools': np.float64(71.20004782400764), 'opportunity_response': np.float64(76.65714285714286), 'age_trajectory': np.float64(90.0)}",High
Luguentz Dort,2021-22,38.25,58.92,Role Player,Moderate Scaling,Fragile Star,-0.031333333333333296,1,2,Hides,False,"Fragile Star: high usage (22.8%), high minutes (32.7), low CII (38.2), no creation tools","{'self_created': np.float64(21.4), 'pressure_appetite': np.float64(62.67), 'difficulty_embrace': np.float64(18.93), 'defensive_survival': np.float64(59.63), 'force_multiplication': np.float64(34.3)}","{'scaling_efficiency': np.float64(33.07138069388719), 'pressure_appetite': np.float64(80.93333333333334), 'creation_tools': np.float64(52.04097133076594), 'opportunity_response': np.float64(59.02857142857143), 'age_trajectory': np.float64(95.0)}",Medium
Luka Dončić,2021-22,75.84,76.03,Strong Creator,High Scaling,Franchise Engine,0.01475,2,2,Steps Up,True,CII 75.8 >= 74: Already elite creator,"{'self_created': np.float64(93.25), 'pressure_appetite': np.float64(63.4), 'difficulty_embrace': np.float64(78.8), 'defensive_survival': np.float64(65.27), 'force_multiplication': np.float64(64.6)}","{'scaling_efficiency': np.float64(77.836301369863), 'pressure_appetite': np.float64(54.73731884057971), 'creation_tools': np.float64(82.98333333333333), 'opportunity_response': np.float64(86.0), 'age_trajectory': np.float64(95.0)}",High
Luke Kennard,2021-22,18.72,54.82,Role Player,Moderate Scaling,Role Player,-0.041400000000000006,1,4,Hides,False,"Low CII 18.7, low TII 54.8, no creation tools","{'self_created': np.float64(12.28), 'pressure_appetite': np.float64(10.5), 'difficulty_embrace': np.float64(25.01), 'defensive_survival': np.float64(47.38), 'force_multiplication': np.float64(3.05)}","{'scaling_efficiency': np.float64(54.76990166414523), 'pressure_appetite': np.float64(17.200000000000003), 'creation_tools': np.float64(65.40630081300813), 'opportunity_response': np.float64(87.83428571428571), 'age_trajectory': np.float64(78.33)}",High
Malcolm Brogdon,2021-22,60.06,73.17,Luxury Amplifier,High Scaling,Strong Creator,0.007333333333333283,4,2,Mixed,True,"Mixed career leverage (+0.007), CII 60.1, TII 73.2 + Tools: High potential (Age 29 > 28, reclassified from Latent Engine)","{'self_created': np.float64(58.2), 'pressure_appetite': np.float64(75.83), 'difficulty_embrace': np.float64(45.93), 'defensive_survival': np.float64(66.98), 'force_multiplication': np.float64(44.05)}","{'scaling_efficiency': np.float64(68.10175797301902), 'pressure_appetite': np.float64(80.54107883817427), 'creation_tools': np.float64(80.15), 'opportunity_response': np.float64(72.71428571428572), 'age_trajectory': np.float64(56.67)}",High
Malik Beasley,2021-22,19.24,44.44,Role Player,Limited Scaling,Role Player,-0.04874999999999989,0,4,Hides,False,"Low CII 19.2, low TII 44.4, no creation tools","{'self_created': np.float64(9.15), 'pressure_appetite': np.float64(26.28), 'difficulty_embrace': np.float64(18.89), 'defensive_survival': np.float64(34.48), 'force_multiplication': np.float64(9.78)}","{'scaling_efficiency': np.float64(26.0903165342372), 'pressure_appetite': np.float64(42.000000000000036), 'creation_tools': np.float64(48.75677506775068), 'opportunity_response': np.float64(52.42857142857143), 'age_trajectory': np.float64(85.0)}",High
Malik Monk,2021-22,30.84,62.59,Role Player,Moderate Scaling,Developing Prospect,-0.04349999999999995,0,2,Hides,False,"Low CII 30.8, moderate TII 62.6","{'self_created': np.float64(28.55), 'pressure_appetite': np.float64(32.29), 'difficulty_embrace': np.float64(22.77), 'defensive_survival': np.float64(51.37), 'force_multiplication': np.float64(19.44)}","{'scaling_efficiency': np.float64(56.65354620222543), 'pressure_appetite': np.float64(54.33846153846153), 'creation_tools': np.float64(54.29208880550344), 'opportunity_response': np.float64(80.99428571428572), 'age_trajectory': np.float64(90.0)}",Medium
Marcus Morris Sr.,2021-22,40.96,43.99,Fragile Star,Limited Scaling,Luxury Amplifier,-0.041857142857142836,2,5,Hides,True,"Negative career leverage (-0.042, 2+/5-) BUT has creation tools: Thrives as #2","{'self_created': np.float64(41.9), 'pressure_appetite': np.float64(27.42), 'difficulty_embrace': np.float64(52.47), 'defensive_survival': np.float64(55.77), 'force_multiplication': np.float64(26.72)}","{'scaling_efficiency': np.float64(39.20161856253538), 'pressure_appetite': np.float64(22.400000000000002), 'creation_tools': np.float64(73.75), 'opportunity_response': np.float64(55.85714285714286), 'age_trajectory': np.float64(35.0)}",High
Marcus Smart,2021-22,24.9,46.08,Role Player,Limited Scaling,Role Player,-0.02499999999999995,1,5,Hides,False,"Low CII 24.9, low TII 46.1, no creation tools","{'self_created': np.float64(22.79), 'pressure_appetite': np.float64(30.64), 'difficulty_embrace': np.float64(14.19), 'defensive_survival': np.float64(36.81), 'force_multiplication': np.float64(20.47)}","{'scaling_efficiency': np.float64(28.457754715582485), 'pressure_appetite': np.float64(51.491620111731876), 'creation_tools': np.float64(46.859501748648775), 'opportunity_response': np.float64(58.68571428571428), 'age_trajectory': np.float64(64.99000000000001)}",High
Marvin Bagley III,2021-22,13.71,28.2,Role Player,Low Scaling,Role Player,-0.07399999999999995,0,2,Hides,False,"Low CII 13.7, low TII 28.2","{'self_created': np.float64(9.39), 'pressure_appetite': np.float64(13.33), 'difficulty_embrace': np.float64(5.99), 'defensive_survival': np.float64(36.34), 'force_multiplication': np.float64(9.14)}","{'scaling_efficiency': np.float64(9.832328689324703), 'pressure_appetite': np.float64(11.600000000000005), 'creation_tools': np.float64(21.142555229217212), 'opportunity_response': np.float64(57.48571428571428), 'age_trajectory': np.float64(95.0)}",Medium
Mason Plumlee,2021-22,12.84,37.84,Role Player,Limited Scaling,Role Player,-0.03399999999999996,0,7,Hides,False,"Low CII 12.8, low TII 37.8, no creation tools","{'self_created': np.float64(4.02), 'pressure_appetite': np.float64(11.15), 'difficulty_embrace': np.float64(2.1), 'defensive_survival': np.float64(46.79), 'force_multiplication': np.float64(14.07)}","{'scaling_efficiency': np.float64(20.485278130635926), 'pressure_appetite': np.float64(52.84615384615384), 'creation_tools': np.float64(16.62465429782503), 'opportunity_response': np.float64(77.69428571428571), 'age_trajectory': np.float64(35.0)}",High
Max Strus,2021-22,14.03,41.03,Role Player,Limited Scaling,Role Player,-0.0439999999999999,0,1,Hides,False,"Low CII 14.0, low TII 41.0","{'self_created': np.float64(4.91), 'pressure_appetite': np.float64(15.58), 'difficulty_embrace': np.float64(9.44), 'defensive_survival': np.float64(41.12), 'force_multiplication': np.float64(6.08)}","{'scaling_efficiency': np.float64(27.389383417315617), 'pressure_appetite': np.float64(22.400000000000038), 'creation_tools': np.float64(33.93615589545726), 'opportunity_response': np.float64(83.96857142857142), 'age_trajectory': np.float64(78.33)}",Medium
Maxi Kleber,2021-22,15.2,34.29,Role Player,Low Scaling,Role Player,-0.02925,0,4,Hides,False,"Low CII 15.2, low TII 34.3, no creation tools","{'self_created': np.float64(0.57), 'pressure_appetite': np.float64(25.79), 'difficulty_embrace': np.float64(3.79), 'defensive_survival': np.float64(48.89), 'force_multiplication': np.float64(4.91)}","{'scaling_efficiency': np.float64(6.6100741604024655), 'pressure_appetite': np.float64(62.704834605597966), 'creation_tools': np.float64(19.938636504685654), 'opportunity_response': np.float64(52.08571428571428), 'age_trajectory': np.float64(48.34)}",High
Mikal Bridges,2021-22,21.66,57.12,Role Player,Moderate Scaling,Luxury Amplifier,-0.013749999999999978,1,3,Mixed,True,"Negative career leverage (-0.014, 1+/3-) BUT has creation tools: Thrives as #2","{'self_created': np.float64(9.25), 'pressure_appetite': np.float64(22.92), 'difficulty_embrace': np.float64(18.04), 'defensive_survival': np.float64(53.27), 'force_multiplication': np.float64(15.52)}","{'scaling_efficiency': np.float64(33.37393007647885), 'pressure_appetite': np.float64(57.82550335570473), 'creation_tools': np.float64(51.77312980847929), 'opportunity_response': np.float64(92.0), 'age_trajectory': np.float64(85.0)}",High
Mike Conley,2021-22,52.46,69.07,Fragile Star,High Scaling,Strong Creator,0.04485714285714278,6,1,Steps Up,False,"Positive career leverage (+0.045), CII 52.5: Stepping up consistently","{'self_created': np.float64(63.93), 'pressure_appetite': np.float64(45.71), 'difficulty_embrace': np.float64(42.34), 'defensive_survival': np.float64(68.89), 'force_multiplication': np.float64(30.53)}","{'scaling_efficiency': np.float64(77.35316601427583), 'pressure_appetite': np.float64(69.97623762376234), 'creation_tools': np.float64(75.73333333333333), 'opportunity_response': np.float64(71.51428571428572), 'age_trajectory': np.float64(25.0)}",High
Mike Muscala,2021-22,18.78,39.88,Role Player,Limited Scaling,Role Player,-0.022000000000000033,1,2,Hides,False,"Low CII 18.8, low TII 39.9","{'self_created': np.float64(0.34), 'pressure_appetite': np.float64(35.7), 'difficulty_embrace': np.float64(6.0), 'defensive_survival': np.float64(48.35), 'force_multiplication': np.float64(13.02)}","{'scaling_efficiency': np.float64(17.741602945341263), 'pressure_appetite': np.float64(60.90909090909091), 'creation_tools': np.float64(16.23275026689661), 'opportunity_response': np.float64(75.01142857142858), 'age_trajectory': np.float64(48.34)}",Medium
Miles Bridges,2021-22,37.22,63.45,Role Player,Moderate Scaling,Fragile Star,-0.03675,1,3,Hides,False,"Fragile Star: high usage (22.4%), high minutes (35.5), low CII (37.2), no creation tools","{'self_created': np.float64(29.21), 'pressure_appetite': np.float64(49.14), 'difficulty_embrace': np.float64(21.21), 'defensive_survival': np.float64(51.79), 'force_multiplication': np.float64(41.63)}","{'scaling_efficiency': np.float64(54.1041637630662), 'pressure_appetite': np.float64(61.74285714285715), 'creation_tools': np.float64(52.78292682926829), 'opportunity_response': np.float64(81.5), 'age_trajectory': np.float64(90.0)}",High
Mitchell Robinson,2021-22,18.02,38.57,Role Player,Limited Scaling,Role Player,-0.027999999999999952,0,4,Hides,False,"Low CII 18.0, low TII 38.6, no creation tools","{'self_created': np.float64(33.58), 'pressure_appetite': np.float64(10.0), 'difficulty_embrace': np.float64(0.0), 'defensive_survival': np.float64(29.17), 'force_multiplication': np.float64(10.74)}","{'scaling_efficiency': np.float64(17.04013283520133), 'pressure_appetite': np.float64(40.08484848484852), 'creation_tools': np.float64(7.5), 'opportunity_response': np.float64(86.23142857142858), 'age_trajectory': np.float64(90.0)}",High
Mo Bamba,2021-22,13.36,34.3,Role Player,Low Scaling,Role Player,-0.043,0,1,Hides,False,"Low CII 13.4, low TII 34.3","{'self_created': np.float64(8.73), 'pressure_appetite': np.float64(14.5), 'difficulty_embrace': np.float64(7.69), 'defensive_survival': np.float64(32.82), 'force_multiplication': np.float64(6.56)}","{'scaling_efficiency': np.float64(13.097127126347225), 'pressure_appetite': np.float64(22.800000000000004), 'creation_tools': np.float64(24.951099952175994), 'opportunity_response': np.float64(71.23142857142858), 'age_trajectory': np.float64(90.0)}",Medium
Monte Morris,2021-22,36.62,68.85,Role Player,High Scaling,Luxury Amplifier,-0.06399999999999997,0,4,Hides,True,"Negative career leverage (-0.064, 0+/4-) BUT has creation tools: Thrives as #2","{'self_created': np.float64(34.42), 'pressure_appetite': np.float64(30.49), 'difficulty_embrace': np.float64(41.87), 'defensive_survival': np.float64(59.09), 'force_multiplication': np.float64(14.39)}","{'scaling_efficiency': np.float64(60.58925205815378), 'pressure_appetite': np.float64(60.31406551059734), 'creation_tools': np.float64(85.75), 'opportunity_response': np.float64(75.19142857142856), 'age_trajectory': np.float64(71.66)}",High
Montrezl Harrell,2021-22,25.36,43.09,Role Player,Limited Scaling,Role Player,-0.06225,0,4,Hides,False,"Low CII 25.4, low TII 43.1, no creation tools","{'self_created': np.float64(19.55), 'pressure_appetite': np.float64(30.53), 'difficulty_embrace': np.float64(7.39), 'defensive_survival': np.float64(37.43), 'force_multiplication': np.float64(47.67)}","{'scaling_efficiency': np.float64(22.858160552897395), 'pressure_appetite': np.float64(48.242424242424235), 'creation_tools': np.float64(25.531292600804797), 'opportunity_response': np.float64(83.78), 'age_trajectory': np.float64(64.99000000000001)}",High
Myles Turner,2021-22,9.53,35.91,Role Player,Limited Scaling,Role Player,-0.03657142857142853,1,6,Hides,False,"Low CII 9.5, low TII 35.9, no creation tools","{'self_created': np.float64(4.25), 'pressure_appetite': np.float64(11.5), 'difficulty_embrace': np.float64(6.96), 'defensive_survival': np.float64(18.42), 'force_multiplication': np.float64(12.23)}","{'scaling_efficiency': np.float64(19.497523743522706), 'pressure_appetite': np.float64(14.40000000000004), 'creation_tools': np.float64(25.860959161614737), 'opportunity_response': np.float64(89.72), 'age_trajectory': np.float64(78.33)}",High
Nassir Little,2021-22,12.51,36.64,Role Player,Limited Scaling,Role Player,-0.09,0,1,Hides,False,"Low CII 12.5, low TII 36.6","{'self_created': np.float64(8.1), 'pressure_appetite': np.float64(10.0), 'difficulty_embrace': np.float64(11.81), 'defensive_survival': np.float64(33.06), 'force_multiplication': np.float64(2.62)}","{'scaling_efficiency': np.float64(24.631733187534163), 'pressure_appetite': np.float64(4.0000000000000036), 'creation_tools': np.float64(39.37591135588775), 'opportunity_response': np.float64(69.2), 'age_trajectory': np.int64(100)}",Medium
Nicolas Batum,2021-22,17.08,46.87,Role Player,Limited Scaling,Luxury Amplifier,-0.03228571428571426,0,7,Hides,True,"Negative career leverage (-0.032, 0+/7-) BUT has creation tools: Thrives as #2","{'self_created': np.float64(2.65), 'pressure_appetite': np.float64(20.58), 'difficulty_embrace': np.float64(14.94), 'defensive_survival': np.float64(51.54), 'force_multiplication': np.float64(4.25)}","{'scaling_efficiency': np.float64(26.612208791208786), 'pressure_appetite': np.float64(58.92307692307692), 'creation_tools': np.float64(47.35984990619137), 'opportunity_response': np.float64(77.88285714285715), 'age_trajectory': np.float64(30.0)}",High
Nikola Jokić,2021-22,81.2,63.21,Franchise Engine,Moderate Scaling,Franchise Engine,0.03414285714285713,4,3,Steps Up,False,CII 81.2 >= 74: Already elite creator,"{'self_created': np.float64(89.27), 'pressure_appetite': np.float64(90.0), 'difficulty_embrace': np.float64(79.83), 'defensive_survival': np.float64(54.92), 'force_multiplication': np.float64(77.12)}","{'scaling_efficiency': np.float64(44.91488975592052), 'pressure_appetite': np.float64(81.77864077669902), 'creation_tools': np.float64(46.1172626095193), 'opportunity_response': np.float64(86.0), 'age_trajectory': np.float64(71.66)}",High
Nikola Vučević,2021-22,18.33,29.59,Role Player,Low Scaling,Luxury Amplifier,-0.02971428571428567,1,6,Hides,True,"Negative career leverage (-0.030, 1+/6-) BUT has creation tools: Thrives as #2","{'self_created': np.float64(5.34), 'pressure_appetite': np.float64(21.5), 'difficulty_embrace': np.float64(18.6), 'defensive_survival': np.float64(29.42), 'force_multiplication': np.float64(32.18)}","{'scaling_efficiency': np.float64(19.075727882126507), 'pressure_appetite': np.float64(10.000000000000039), 'creation_tools': np.float64(42.2962681594029), 'opportunity_response': np.float64(59.37142857142857), 'age_trajectory': np.float64(40.01)}",High
Norman Powell,2021-22,30.64,53.78,Role Player,Moderate Scaling,Fragile Star,-0.06174999999999993,0,4,Hides,False,"Fragile Star: high usage (23.1%), high minutes (32.4), low CII (30.6), extreme hiding (-0.062), no creation tools","{'self_created': np.float64(33.99), 'pressure_appetite': np.float64(20.67), 'difficulty_embrace': np.float64(29.81), 'defensive_survival': np.float64(50.11), 'force_multiplication': np.float64(17.99)}","{'scaling_efficiency': np.float64(62.105752199869826), 'pressure_appetite': np.float64(13.2), 'creation_tools': np.float64(64.15953436807095), 'opportunity_response': np.float64(89.0), 'age_trajectory': np.float64(56.67)}",High
OG Anunoby,2021-22,36.94,58.33,Role Player,Moderate Scaling,Luxury Amplifier,-0.04439999999999996,1,4,Hides,True,"Negative career leverage (-0.044, 1+/4-) BUT has creation tools: Thrives as #2","{'self_created': np.float64(28.89), 'pressure_appetite': np.float64(47.4), 'difficulty_embrace': np.float64(28.07), 'defensive_survival': np.float64(56.54), 'force_multiplication': np.float64(23.33)}","{'scaling_efficiency': np.float64(37.522194402248886), 'pressure_appetite': np.float64(67.43529411764706), 'creation_tools': np.float64(60.303275944524145), 'opportunity_response': np.float64(61.0), 'age_trajectory': np.float64(90.0)}",High
Obi Toppin,2021-22,9.05,33.32,Role Player,Low Scaling,Role Player,-0.0539999999999999,0,1,Hides,False,"Low CII 9.1, low TII 33.3","{'self_created': np.float64(1.01), 'pressure_appetite': np.float64(18.5), 'difficulty_embrace': np.float64(1.99), 'defensive_survival': np.float64(17.65), 'force_multiplication': np.float64(10.73)}","{'scaling_efficiency': np.float64(18.556079822616407), 'pressure_appetite': np.float64(18.400000000000038), 'creation_tools': np.float64(12.170900257783066), 'opportunity_response': np.float64(78.12285714285714), 'age_trajectory': np.float64(90.0)}",Medium
Oshae Brissett,2021-22,8.32,28.69,Role Player,Low Scaling,Role Player,-0.048,0,1,Hides,False,"Low CII 8.3, low TII 28.7","{'self_created': np.float64(2.57), 'pressure_appetite': np.float64(13.0), 'difficulty_embrace': np.float64(4.56), 'defensive_survival': np.float64(18.03), 'force_multiplication': np.float64(6.87)}","{'scaling_efficiency': np.float64(7.674744194167977), 'pressure_appetite': np.float64(20.8), 'creation_tools': np.float64(22.711367420903127), 'opportunity_response': np.float64(50.971428571428575), 'age_trajectory': np.float64(90.0)}",Medium
Otto Porter Jr.,2021-22,13.0,36.14,Role Player,Limited Scaling,Role Player,-0.05399999999999992,0,7,Hides,False,"Low CII 13.0, low TII 36.1, no creation tools","{'self_created': np.float64(2.93), 'pressure_appetite': np.float64(10.17), 'difficulty_embrace': np.float64(14.56), 'defensive_survival': np.float64(41.63), 'force_multiplication': np.float64(4.25)}","{'scaling_efficiency': np.float64(21.02981495390917), 'pressure_appetite': np.float64(22.400000000000038), 'creation_tools': np.float64(41.88280067283432), 'opportunity_response': np.float64(67.93142857142857), 'age_trajectory': np.float64(56.67)}",High
P.J. Tucker,2021-22,10.97,29.35,Role Player,Low Scaling,Role Player,0.002285714285714286,4,3,Mixed,False,"Mixed career leverage, no tools, low CII","{'self_created': np.float64(1.17), 'pressure_appetite': np.float64(10.0), 'difficulty_embrace': np.float64(5.99), 'defensive_survival': np.float64(43.69), 'force_multiplication': np.float64(3.66)}","{'scaling_efficiency': np.float64(16.804747126436776), 'pressure_appetite': np.float64(26.4), 'creation_tools': np.float64(23.566400336417157), 'opportunity_response': np.float64(73.30571428571429), 'age_trajectory': np.int64(20)}",High
P.J. Washington,2021-22,19.04,50.31,Role Player,Moderate Scaling,Role Player,-0.03333333333333333,1,2,Hides,False,"Low CII 19.0, low TII 50.3","{'self_created': np.float64(1.76), 'pressure_appetite': np.float64(37.34), 'difficulty_embrace': np.float64(4.43), 'defensive_survival': np.float64(48.79), 'force_multiplication': np.float64(9.72)}","{'scaling_efficiency': np.float64(22.971518366189184), 'pressure_appetite': np.float64(69.53766233766234), 'creation_tools': np.float64(28.16917960088692), 'opportunity_response': np.float64(72.64571428571429), 'age_trajectory': np.float64(95.0)}",Medium
Pascal Siakam,2021-22,40.15,55.09,Fragile Star,Moderate Scaling,Luxury Amplifier,-0.038400000000000004,1,4,Hides,True,"Negative career leverage (-0.038, 1+/4-) BUT has creation tools: Thrives as #2","{'self_created': np.float64(54.2), 'pressure_appetite': np.float64(25.33), 'difficulty_embrace': np.float64(37.53), 'defensive_survival': np.float64(35.89), 'force_multiplication': np.float64(46.71)}","{'scaling_efficiency': np.float64(63.09497773129984), 'pressure_appetite': np.float64(14.0), 'creation_tools': np.float64(75.30814273512385), 'opportunity_response': np.float64(74.0), 'age_trajectory': np.float64(64.99000000000001)}",High
Pat Connaughton,2021-22,16.78,45.52,Role Player,Limited Scaling,Role Player,-0.019499999999999997,2,2,Mixed,False,"Low CII 16.8, low TII 45.5, no creation tools","{'self_created': np.float64(1.15), 'pressure_appetite': np.float64(34.19), 'difficulty_embrace': np.float64(3.37), 'defensive_survival': np.float64(43.61), 'force_multiplication': np.float64(6.68)}","{'scaling_efficiency': np.float64(18.848402651425964), 'pressure_appetite': np.float64(65.18978102189777), 'creation_tools': np.float64(24.618200700255176), 'opportunity_response': np.float64(86.51428571428572), 'age_trajectory': np.float64(56.67)}",High
Patrick Beverley,2021-22,27.27,50.89,Role Player,Moderate Scaling,Role Player,-0.03799999999999994,0,6,Hides,False,"Low CII 27.3, low TII 50.9, no creation tools","{'self_created': np.float64(29.32), 'pressure_appetite': np.float64(22.65), 'difficulty_embrace': np.float64(17.83), 'defensive_survival': np.float64(49.99), 'force_multiplication': np.float64(17.48)}","{'scaling_efficiency': np.float64(49.389843189117705), 'pressure_appetite': np.float64(56.16033755274265), 'creation_tools': np.float64(55.58913759390759), 'opportunity_response': np.float64(52.77142857142857), 'age_trajectory': np.float64(30.0)}",High
Paul George,2021-22,69.17,61.6,Luxury Amplifier,Moderate Scaling,Strong Creator,0.024285714285714282,5,2,Steps Up,True,"Positive career leverage (+0.024), CII 69.2: Stepping up consistently","{'self_created': np.float64(70.93), 'pressure_appetite': np.float64(59.33), 'difficulty_embrace': np.float64(80.77), 'defensive_survival': np.float64(77.56), 'force_multiplication': np.float64(52.75)}","{'scaling_efficiency': np.float64(47.60646870119152), 'pressure_appetite': np.float64(61.73150962512665), 'creation_tools': np.float64(88.8), 'opportunity_response': np.float64(70.82857142857142), 'age_trajectory': np.float64(35.0)}",High
Payton Pritchard,2021-22,16.76,39.97,Role Player,Limited Scaling,Role Player,-0.18,0,1,Hides,True,"Low CII 16.8, low TII 40.0","{'self_created': np.float64(23.68), 'pressure_appetite': np.float64(10.0), 'difficulty_embrace': np.float64(20.96), 'defensive_survival': np.float64(16.72), 'force_multiplication': np.float64(4.57)}","{'scaling_efficiency': np.float64(33.969636363636354), 'pressure_appetite': np.float64(0.0), 'creation_tools': np.float64(59.566214995483286), 'opportunity_response': np.float64(59.08571428571429), 'age_trajectory': np.float64(90.0)}",Medium
Precious Achiuwa,2021-22,16.99,36.43,Role Player,Limited Scaling,Role Player,-0.0229999999999999,0,1,Hides,False,"Low CII 17.0, low TII 36.4","{'self_created': np.float64(8.19), 'pressure_appetite': np.float64(26.83), 'difficulty_embrace': np.float64(9.07), 'defensive_survival': np.float64(25.05), 'force_multiplication': np.float64(22.56)}","{'scaling_efficiency': np.float64(5.851297297297297), 'pressure_appetite': np.float64(44.03333333333337), 'creation_tools': np.float64(29.896793134598013), 'opportunity_response': np.float64(51.22857142857143), 'age_trajectory': np.int64(100)}",Medium
Quentin Grimes,2021-22,11.83,36.88,Role Player,Limited Scaling,Role Player,-0.0389999999999999,0,1,Hides,False,"Low CII 11.8, low TII 36.9","{'self_created': np.float64(4.26), 'pressure_appetite': np.float64(11.67), 'difficulty_embrace': np.float64(12.89), 'defensive_survival': np.float64(31.68), 'force_multiplication': np.float64(3.05)}","{'scaling_efficiency': np.float64(20.553774851209308), 'pressure_appetite': np.float64(24.40000000000004), 'creation_tools': np.float64(34.316939488186826), 'opportunity_response': np.float64(51.65714285714286), 'age_trajectory': np.int64(100)}",Medium
R.J. Hampton,2021-22,17.73,34.63,Role Player,Low Scaling,Role Player,-0.0689999999999999,0,1,Hides,False,"Low CII 17.7, low TII 34.6","{'self_created': np.float64(15.32), 'pressure_appetite': np.float64(11.83), 'difficulty_embrace': np.float64(11.59), 'defensive_survival': np.float64(37.57), 'force_multiplication': np.float64(22.2)}","{'scaling_efficiency': np.float64(21.16900900900901), 'pressure_appetite': np.float64(12.400000000000041), 'creation_tools': np.float64(38.557497741644084), 'opportunity_response': np.float64(49.77142857142857), 'age_trajectory': np.int64(100)}",Medium
RJ Barrett,2021-22,41.19,56.58,Fragile Star,Moderate Scaling,Developing Prospect,-0.021666666666666667,1,2,Hides,False,"Low CII 41.2, moderate TII 56.6","{'self_created': np.float64(25.39), 'pressure_appetite': np.float64(59.64), 'difficulty_embrace': np.float64(22.11), 'defensive_survival': np.float64(59.51), 'force_multiplication': np.float64(53.12)}","{'scaling_efficiency': np.float64(29.37168562780503), 'pressure_appetite': np.float64(73.2059701492537), 'creation_tools': np.float64(51.91508918820531), 'opportunity_response': np.float64(60.57142857142857), 'age_trajectory': np.int64(100)}",Medium
Rajon Rondo,2021-22,26.8,44.35,Role Player,Limited Scaling,Role Player,-0.04279999999999996,1,4,Hides,False,"Low CII 26.8, low TII 44.4, no creation tools","{'self_created': np.float64(20.1), 'pressure_appetite': np.float64(42.09), 'difficulty_embrace': np.float64(12.51), 'defensive_survival': np.float64(41.36), 'force_multiplication': np.float64(15.43)}","{'scaling_efficiency': np.float64(30.55680814940577), 'pressure_appetite': np.float64(66.92105263157896), 'creation_tools': np.float64(47.488425331621734), 'opportunity_response': np.float64(46.34285714285714), 'age_trajectory': np.int64(20)}",High
Raul Neto,2021-22,34.36,57.06,Role Player,Moderate Scaling,Role Player,-0.03299999999999993,0,3,Hides,False,"Low CII 34.4, moderate TII 57.1 (Age 30 > 25, reclassified from Developing Prospect)","{'self_created': np.float64(36.89), 'pressure_appetite': np.float64(33.33), 'difficulty_embrace': np.float64(21.41), 'defensive_survival': np.float64(56.24), 'force_multiplication': np.float64(22.46)}","{'scaling_efficiency': np.float64(57.360000000000014), 'pressure_appetite': np.float64(61.6666666666667), 'creation_tools': np.float64(62.17691960252937), 'opportunity_response': np.float64(47.8), 'age_trajectory': np.float64(48.34)}",Medium
Reggie Bullock Jr.,2021-22,15.18,36.18,Role Player,Limited Scaling,Role Player,-0.026833333333333317,1,4,Hides,False,"Low CII 15.2, low TII 36.2, no creation tools","{'self_created': np.float64(2.32), 'pressure_appetite': np.float64(29.67), 'difficulty_embrace': np.float64(10.54), 'defensive_survival': np.float64(29.38), 'force_multiplication': np.float64(5.52)}","{'scaling_efficiency': np.float64(9.78004838709678), 'pressure_appetite': np.float64(54.0), 'creation_tools': np.float64(32.989430894308946), 'opportunity_response': np.float64(61.0), 'age_trajectory': np.float64(40.01)}",High
Reggie Jackson,2021-22,62.2,62.62,Luxury Amplifier,Moderate Scaling,Strong Creator,0.07571428571428572,6,1,Steps Up,True,"Positive career leverage (+0.076), CII 62.2: Stepping up consistently","{'self_created': np.float64(44.52), 'pressure_appetite': np.float64(81.83), 'difficulty_embrace': np.float64(57.46), 'defensive_survival': np.float64(80.27), 'force_multiplication': np.float64(48.52)}","{'scaling_efficiency': np.float64(39.32346728697094), 'pressure_appetite': np.float64(88.5142857142857), 'creation_tools': np.float64(82.65), 'opportunity_response': np.float64(57.74285714285714), 'age_trajectory': np.float64(35.0)}",High
Richaun Holmes,2021-22,11.09,30.83,Role Player,Low Scaling,Role Player,-0.051999999999999935,0,5,Hides,False,"Low CII 11.1, low TII 30.8, no creation tools","{'self_created': np.float64(6.25), 'pressure_appetite': np.float64(10.0), 'difficulty_embrace': np.float64(3.8), 'defensive_survival': np.float64(32.23), 'force_multiplication': np.float64(11.24)}","{'scaling_efficiency': np.float64(20.533401132555184), 'pressure_appetite': np.float64(9.200000000000003), 'creation_tools': np.float64(15.975716031670121), 'opportunity_response': np.float64(84.53428571428572), 'age_trajectory': np.float64(64.99000000000001)}",High
Ricky Rubio,2021-22,36.94,53.98,Role Player,Moderate Scaling,Luxury Amplifier,-0.03914285714285713,0,7,Hides,True,"Negative career leverage (-0.039, 0+/7-) BUT has creation tools: Thrives as #2","{'self_created': np.float64(33.87), 'pressure_appetite': np.float64(37.18), 'difficulty_embrace': np.float64(46.86), 'defensive_survival': np.float64(35.33), 'force_multiplication': np.float64(28.15)}","{'scaling_efficiency': np.float64(44.62375168690957), 'pressure_appetite': np.float64(44.153846153846146), 'creation_tools': np.float64(86.18333333333334), 'opportunity_response': np.float64(55.42857142857143), 'age_trajectory': np.float64(40.01)}",High
Robert Covington,2021-22,10.63,34.45,Role Player,Low Scaling,Role Player,-0.009714285714285687,2,5,Mixed,False,"Low CII 10.6, low TII 34.5, no creation tools","{'self_created': np.float64(2.23), 'pressure_appetite': np.float64(17.15), 'difficulty_embrace': np.float64(5.64), 'defensive_survival': np.float64(27.71), 'force_multiplication': np.float64(3.9)}","{'scaling_efficiency': np.float64(12.76083664864585), 'pressure_appetite': np.float64(43.711442786069654), 'creation_tools': np.float64(33.158427375318524), 'opportunity_response': np.float64(60.4), 'age_trajectory': np.float64(40.01)}",High
Robert Williams III,2021-22,16.54,45.14,Role Player,Limited Scaling,Role Player,-0.0119999999999999,0,1,Mixed,False,"Low CII 16.5, low TII 45.1","{'self_created': np.float64(12.91), 'pressure_appetite': np.float64(18.57), 'difficulty_embrace': np.float64(1.3), 'defensive_survival': np.float64(47.42), 'force_multiplication': np.float64(6.55)}","{'scaling_efficiency': np.float64(18.62585738958796), 'pressure_appetite': np.float64(60.071428571428605), 'creation_tools': np.float64(10.233333333333334), 'opportunity_response': np.float64(89.90857142857143), 'age_trajectory': np.float64(90.0)}",Medium
Royce O'Neale,2021-22,6.44,39.92,Role Player,Limited Scaling,Role Player,-0.03959999999999998,0,5,Hides,False,"Low CII 6.4, low TII 39.9, no creation tools","{'self_created': np.float64(1.82), 'pressure_appetite': np.float64(10.0), 'difficulty_embrace': np.float64(3.14), 'defensive_survival': np.float64(16.1), 'force_multiplication': np.float64(3.55)}","{'scaling_efficiency': np.float64(19.03689377289377), 'pressure_appetite': np.float64(38.75333333333337), 'creation_tools': np.float64(31.32485481997677), 'opportunity_response': np.float64(83.91714285714286), 'age_trajectory': np.float64(56.67)}",High
Rudy Gobert,2021-22,23.31,44.77,Role Player,Limited Scaling,Role Player,-0.007857142857142856,3,4,Mixed,False,"Low CII 23.3, low TII 44.8, no creation tools","{'self_created': np.float64(9.5), 'pressure_appetite': np.float64(42.87), 'difficulty_embrace': np.float64(0.4), 'defensive_survival': np.float64(47.04), 'force_multiplication': np.float64(26.08)}","{'scaling_efficiency': np.float64(19.774683111142796), 'pressure_appetite': np.float64(73.29879518072286), 'creation_tools': np.float64(9.371339014594966), 'opportunity_response': np.float64(92.0), 'age_trajectory': np.float64(48.34)}",High
Russell Westbrook,2021-22,47.12,54.7,Fragile Star,Moderate Scaling,Strong Creator,0.042428571428571385,5,2,Steps Up,True,"Positive career leverage (+0.042), CII 47.1: Stepping up consistently","{'self_created': np.float64(46.16), 'pressure_appetite': np.float64(44.85), 'difficulty_embrace': np.float64(45.3), 'defensive_survival': np.float64(50.66), 'force_multiplication': np.float64(54.05)}","{'scaling_efficiency': np.float64(46.56019215445212), 'pressure_appetite': np.float64(50.371212121212125), 'creation_tools': np.float64(80.37446415373245), 'opportunity_response': np.float64(60.39999999999999), 'age_trajectory': np.float64(30.0)}",High
Saddiq Bey,2021-22,35.34,55.49,Role Player,Moderate Scaling,Developing Prospect,0.0015,1,0,Mixed,False,"Low CII 35.3, moderate TII 55.5","{'self_created': np.float64(24.01), 'pressure_appetite': np.float64(43.17), 'difficulty_embrace': np.float64(28.04), 'defensive_survival': np.float64(61.36), 'force_multiplication': np.float64(25.29)}","{'scaling_efficiency': np.float64(29.967521398324177), 'pressure_appetite': np.float64(66.0), 'creation_tools': np.float64(58.03773096821877), 'opportunity_response': np.float64(59.28571428571428), 'age_trajectory': np.float64(95.0)}",Medium
Scottie Barnes,2021-22,30.78,52.94,Role Player,Moderate Scaling,Role Player,-0.032,0,1,Hides,True,"Low CII 30.8, low TII 52.9","{'self_created': np.float64(33.27), 'pressure_appetite': np.float64(23.9), 'difficulty_embrace': np.float64(23.64), 'defensive_survival': np.float64(47.68), 'force_multiplication': np.float64(29.46)}","{'scaling_efficiency': np.float64(44.45042256474784), 'pressure_appetite': np.float64(27.199999999999996), 'creation_tools': np.float64(63.78211599495674), 'opportunity_response': np.float64(67.0), 'age_trajectory': np.int64(100)}",Medium
Seth Curry,2021-22,38.38,58.95,Role Player,Moderate Scaling,Luxury Amplifier,-0.056333333333333284,0,6,Hides,True,"Negative career leverage (-0.056, 0+/6-) BUT has creation tools: Thrives as #2","{'self_created': np.float64(45.95), 'pressure_appetite': np.float64(14.17), 'difficulty_embrace': np.float64(57.4), 'defensive_survival': np.float64(57.34), 'force_multiplication': np.float64(9.76)}","{'scaling_efficiency': np.float64(67.31537345902828), 'pressure_appetite': np.float64(17.200000000000042), 'creation_tools': np.float64(83.25), 'opportunity_response': np.float64(92.0), 'age_trajectory': np.float64(40.01)}",High
Shai Gilgeous-Alexander,2021-22,72.03,76.64,Strong Creator,High Scaling,Latent Engine,0.03799999999999998,2,2,Steps Up,True,"Positive career leverage (+0.038, 2+/2-), CII 72.0, TII 76.6: Can be #1","{'self_created': np.float64(78.31), 'pressure_appetite': np.float64(76.4), 'difficulty_embrace': np.float64(62.97), 'defensive_survival': np.float64(69.56), 'force_multiplication': np.float64(64.08)}","{'scaling_efficiency': np.float64(75.36778523489934), 'pressure_appetite': np.float64(75.35570469798655), 'creation_tools': np.float64(75.38333333333333), 'opportunity_response': np.float64(70.74285714285715), 'age_trajectory': np.float64(95.0)}",High
Shake Milton,2021-22,25.17,47.26,Role Player,Limited Scaling,Role Player,-0.04099999999999996,1,2,Hides,False,"Low CII 25.2, low TII 47.3","{'self_created': np.float64(26.4), 'pressure_appetite': np.float64(19.94), 'difficulty_embrace': np.float64(20.7), 'defensive_survival': np.float64(39.3), 'force_multiplication': np.float64(22.29)}","{'scaling_efficiency': np.float64(43.533213319810685), 'pressure_appetite': np.float64(26.40000000000004), 'creation_tools': np.float64(58.48187552565181), 'opportunity_response': np.float64(49.34285714285714), 'age_trajectory': np.float64(85.0)}",Medium
Spencer Dinwiddie,2021-22,45.91,60.93,Fragile Star,Moderate Scaling,Strong Creator,0.050999999999999976,4,1,Steps Up,False,"Positive career leverage (+0.051), CII 45.9: Stepping up consistently","{'self_created': np.float64(51.81), 'pressure_appetite': np.float64(36.63), 'difficulty_embrace': np.float64(38.81), 'defensive_survival': np.float64(64.15), 'force_multiplication': np.float64(38.21)}","{'scaling_efficiency': np.float64(57.7863080293201), 'pressure_appetite': np.float64(60.121794871794904), 'creation_tools': np.float64(72.18333333333334), 'opportunity_response': np.float64(56.37142857142857), 'age_trajectory': np.float64(56.67)}",High
Stanley Johnson,2021-22,14.02,32.63,Role Player,Low Scaling,Role Player,-0.03720000000000002,2,3,Hides,False,"Low CII 14.0, low TII 32.6, no creation tools","{'self_created': np.float64(13.77), 'pressure_appetite': np.float64(10.0), 'difficulty_embrace': np.float64(8.57), 'defensive_survival': np.float64(35.89), 'force_multiplication': np.float64(2.95)}","{'scaling_efficiency': np.float64(16.47163963963963), 'pressure_appetite': np.float64(16.0), 'creation_tools': np.float64(36.89349593495935), 'opportunity_response': np.float64(56.542857142857144), 'age_trajectory': np.float64(78.33)}",High
Stephen Curry,2021-22,73.1,71.7,Strong Creator,High Scaling,Strong Creator,0.07199999999999997,6,0,Steps Up,True,"Positive career leverage (+0.072, 6+/0-), CII 73.1, TII 71.7: Can be #1 (Age 34 > 28, reclassified from Latent Engine)","{'self_created': np.float64(76.6), 'pressure_appetite': np.float64(87.67), 'difficulty_embrace': np.float64(68.97), 'defensive_survival': np.float64(61.39), 'force_multiplication': np.float64(51.96)}","{'scaling_efficiency': np.float64(68.88710222863047), 'pressure_appetite': np.float64(78.6481228668942), 'creation_tools': np.float64(79.85), 'opportunity_response': np.float64(86.0), 'age_trajectory': np.float64(25.0)}",High
T.J. McConnell,2021-22,36.22,60.92,Role Player,Moderate Scaling,Luxury Amplifier,-0.003999999999999998,2,3,Mixed,True,"Negative career leverage (-0.004, 2+/3-) BUT has creation tools: Thrives as #2","{'self_created': np.float64(37.99), 'pressure_appetite': np.float64(44.38), 'difficulty_embrace': np.float64(27.46), 'defensive_survival': np.float64(39.08), 'force_multiplication': np.float64(23.77)}","{'scaling_efficiency': np.float64(57.13333333333334), 'pressure_appetite': np.float64(63.89299363057323), 'creation_tools': np.float64(76.0662239138315), 'opportunity_response': np.float64(51.74285714285714), 'age_trajectory': np.float64(48.34)}",High
Taj Gibson,2021-22,13.38,30.45,Role Player,Low Scaling,Role Player,-0.05339999999999998,1,4,Hides,False,"Low CII 13.4, low TII 30.4, no creation tools","{'self_created': np.float64(7.65), 'pressure_appetite': np.float64(10.0), 'difficulty_embrace': np.float64(9.1), 'defensive_survival': np.float64(41.95), 'force_multiplication': np.float64(4.75)}","{'scaling_efficiency': np.float64(23.402583657587545), 'pressure_appetite': np.float64(26.4), 'creation_tools': np.float64(20.399416933563273), 'opportunity_response': np.float64(71.66), 'age_trajectory': np.int64(20)}",High
Talen Horton-Tucker,2021-22,21.14,43.06,Role Player,Limited Scaling,Role Player,-0.069,0,1,Hides,False,"Low CII 21.1, low TII 43.1","{'self_created': np.float64(23.99), 'pressure_appetite': np.float64(13.33), 'difficulty_embrace': np.float64(22.23), 'defensive_survival': np.float64(22.89), 'force_multiplication': np.float64(27.32)}","{'scaling_efficiency': np.float64(35.69889136132127), 'pressure_appetite': np.float64(12.399999999999999), 'creation_tools': np.float64(56.77845528455285), 'opportunity_response': np.float64(52.599999999999994), 'age_trajectory': np.int64(100)}",Medium
Terance Mann,2021-22,30.81,65.25,Role Player,High Scaling,Developing Prospect,0.025500000000000047,1,1,Steps Up,False,"Low CII 30.8, moderate TII 65.2","{'self_created': np.float64(31.84), 'pressure_appetite': np.float64(22.97), 'difficulty_embrace': np.float64(22.86), 'defensive_survival': np.float64(56.57), 'force_multiplication': np.float64(24.6)}","{'scaling_efficiency': np.float64(63.66779340354415), 'pressure_appetite': np.float64(56.59235668789812), 'creation_tools': np.float64(63.874483455025626), 'opportunity_response': np.float64(71.51428571428572), 'age_trajectory': np.float64(85.0)}",Medium
Terence Davis,2021-22,35.74,53.67,Role Player,Moderate Scaling,Role Player,0.009000000000000001,1,1,Mixed,False,"Low CII 35.7, low TII 53.7","{'self_created': np.float64(20.42), 'pressure_appetite': np.float64(57.25), 'difficulty_embrace': np.float64(19.81), 'defensive_survival': np.float64(57.3), 'force_multiplication': np.float64(27.43)}","{'scaling_efficiency': np.float64(34.85635277671878), 'pressure_appetite': np.float64(74.91803278688525), 'creation_tools': np.float64(45.14104358256697), 'opportunity_response': np.float64(46.34285714285714), 'age_trajectory': np.float64(85.0)}",Medium
Terrence Ross,2021-22,36.44,50.5,Role Player,Moderate Scaling,Luxury Amplifier,-0.008714285714285716,1,6,Mixed,True,"Negative career leverage (-0.009, 1+/6-) BUT has creation tools: Thrives as #2","{'self_created': np.float64(24.41), 'pressure_appetite': np.float64(39.11), 'difficulty_embrace': np.float64(37.2), 'defensive_survival': np.float64(64.9), 'force_multiplication': np.float64(21.68)}","{'scaling_efficiency': np.float64(30.85991086089608), 'pressure_appetite': np.float64(64.29931972789116), 'creation_tools': np.float64(67.77160278745644), 'opportunity_response': np.float64(50.71428571428571), 'age_trajectory': np.float64(40.01)}",High
Terry Rozier,2021-22,46.23,66.47,Fragile Star,High Scaling,Luxury Amplifier,-0.022833333333333372,3,3,Hides,True,"Negative career leverage (-0.023, 3+/3-) BUT has creation tools: Thrives as #2","{'self_created': np.float64(37.95), 'pressure_appetite': np.float64(59.1), 'difficulty_embrace': np.float64(41.04), 'defensive_survival': np.float64(59.69), 'force_multiplication': np.float64(29.08)}","{'scaling_efficiency': np.float64(49.37046320197865), 'pressure_appetite': np.float64(74.6431718061674), 'creation_tools': np.float64(77.83333333333334), 'opportunity_response': np.float64(72.88571428571429), 'age_trajectory': np.float64(64.99000000000001)}",High
Terry Taylor,2021-22,25.45,50.74,Role Player,Moderate Scaling,Role Player,0.016,1,0,Steps Up,False,"Low CII 25.4, low TII 50.7","{'self_created': np.float64(14.03), 'pressure_appetite': np.float64(42.52), 'difficulty_embrace': np.float64(4.39), 'defensive_survival': np.float64(56.25), 'force_multiplication': np.float64(12.96)}","{'scaling_efficiency': np.float64(19.767262445122405), 'pressure_appetite': np.float64(75.31920529801324), 'creation_tools': np.float64(18.1135923114198), 'opportunity_response': np.float64(82.36571428571429), 'age_trajectory': np.int64(100)}",Medium
Tim Hardaway Jr.,2021-22,30.15,41.83,Role Player,Limited Scaling,Luxury Amplifier,-0.0198333333333333,1,5,Mixed,True,"Negative career leverage (-0.020, 1+/5-) BUT has creation tools: Thrives as #2","{'self_created': np.float64(23.41), 'pressure_appetite': np.float64(26.12), 'difficulty_embrace': np.float64(43.09), 'defensive_survival': np.float64(44.89), 'force_multiplication': np.float64(12.46)}","{'scaling_efficiency': np.float64(26.517478275127075), 'pressure_appetite': np.float64(24.000000000000004), 'creation_tools': np.float64(72.95), 'opportunity_response': np.float64(56.37142857142857), 'age_trajectory': np.float64(48.34)}",High
Tobias Harris,2021-22,28.65,50.97,Role Player,Moderate Scaling,Luxury Amplifier,-0.04528571428571424,1,6,Hides,True,"Negative career leverage (-0.045, 1+/6-) BUT has creation tools: Thrives as #2","{'self_created': np.float64(36.59), 'pressure_appetite': np.float64(18.0), 'difficulty_embrace': np.float64(26.41), 'defensive_survival': np.float64(32.79), 'force_multiplication': np.float64(29.71)}","{'scaling_efficiency': np.float64(56.989252336448565), 'pressure_appetite': np.float64(13.599999999999998), 'creation_tools': np.float64(66.41061089582858), 'opportunity_response': np.float64(76.82857142857142), 'age_trajectory': np.float64(56.67)}",High
Trae Young,2021-22,87.73,87.93,Franchise Engine,Elite Scaling,Franchise Engine,0.09749999999999989,4,0,Steps Up,True,CII 87.7 >= 74: Already elite creator,"{'self_created': np.float64(100.0), 'pressure_appetite': np.float64(90.0), 'difficulty_embrace': np.float64(82.71), 'defensive_survival': np.float64(81.14), 'force_multiplication': np.float64(65.15)}","{'scaling_efficiency': np.float64(86.61776061776062), 'pressure_appetite': np.float64(87.32612612612611), 'creation_tools': np.float64(88.58333333333334), 'opportunity_response': np.float64(86.0), 'age_trajectory': np.float64(95.0)}",High
Tre Jones,2021-22,28.74,52.73,Role Player,Moderate Scaling,Role Player,0.0,0,0,Mixed,True,"Low CII 28.7, low TII 52.7","{'self_created': np.float64(31.01), 'pressure_appetite': np.float64(33.5), 'difficulty_embrace': np.float64(18.37), 'defensive_survival': np.float64(34.85), 'force_multiplication': np.float64(21.59)}","{'scaling_efficiency': np.float64(37.84), 'pressure_appetite': np.float64(54.0), 'creation_tools': np.float64(55.46347116782425), 'opportunity_response': np.float64(45.22857142857143), 'age_trajectory': np.int64(100)}",Medium
Tre Mann,2021-22,35.61,53.42,Role Player,Moderate Scaling,Role Player,-0.0159999999999999,0,1,Mixed,False,"Low CII 35.6, low TII 53.4","{'self_created': np.float64(31.47), 'pressure_appetite': np.float64(36.66), 'difficulty_embrace': np.float64(33.14), 'defensive_survival': np.float64(50.61), 'force_multiplication': np.float64(27.88)}","{'scaling_efficiency': np.float64(32.076429486006944), 'pressure_appetite': np.float64(51.314553990610364), 'creation_tools': np.float64(66.91666666666666), 'opportunity_response': np.float64(50.542857142857144), 'age_trajectory': np.int64(100)}",Medium
Trey Lyles,2021-22,14.45,29.0,Role Player,Low Scaling,Role Player,-0.06549999999999996,0,4,Hides,False,"Low CII 14.4, low TII 29.0, no creation tools","{'self_created': np.float64(12.67), 'pressure_appetite': np.float64(11.17), 'difficulty_embrace': np.float64(7.97), 'defensive_survival': np.float64(32.14), 'force_multiplication': np.float64(14.39)}","{'scaling_efficiency': np.float64(15.77614483278853), 'pressure_appetite': np.float64(0.8000000000000407), 'creation_tools': np.float64(25.810717826690464), 'opportunity_response': np.float64(73.82857142857144), 'age_trajectory': np.float64(78.33)}",High
Tyler Herro,2021-22,57.76,70.11,Luxury Amplifier,High Scaling,Latent Engine,-0.008999999999999966,0,2,Mixed,True,"Medium CII 57.8, high TII 70.1, has tools","{'self_created': np.float64(60.3), 'pressure_appetite': np.float64(54.67), 'difficulty_embrace': np.float64(63.31), 'defensive_survival': np.float64(61.25), 'force_multiplication': np.float64(41.5)}","{'scaling_efficiency': np.float64(60.592545054164844), 'pressure_appetite': np.float64(54.0), 'creation_tools': np.float64(90.45), 'opportunity_response': np.float64(68.94285714285715), 'age_trajectory': np.int64(100)}",Medium
Tyrese Haliburton,2021-22,50.87,78.24,Fragile Star,High Scaling,Latent Engine,-0.0399999999999999,0,2,Hides,True,"Medium CII 50.9, high TII 78.2, has tools","{'self_created': np.float64(72.44), 'pressure_appetite': np.float64(29.64), 'difficulty_embrace': np.float64(55.96), 'defensive_survival': np.float64(52.75), 'force_multiplication': np.float64(26.26)}","{'scaling_efficiency': np.float64(86.04761904761905), 'pressure_appetite': np.float64(45.807971014492786), 'creation_tools': np.float64(91.5), 'opportunity_response': np.float64(84.5), 'age_trajectory': np.int64(100)}",Medium
Tyrese Maxey,2021-22,43.51,75.12,Fragile Star,High Scaling,Developing Star,-0.02,0,1,Hides,True,"Low CII 43.5 but high TII 75.1, has tools","{'self_created': np.float64(54.07), 'pressure_appetite': np.float64(32.14), 'difficulty_embrace': np.float64(43.93), 'defensive_survival': np.float64(46.32), 'force_multiplication': np.float64(35.18)}","{'scaling_efficiency': np.float64(79.25136416546006), 'pressure_appetite': np.float64(45.52428810720268), 'creation_tools': np.float64(86.46666666666667), 'opportunity_response': np.float64(84.5), 'age_trajectory': np.int64(100)}",Medium
Tyus Jones,2021-22,27.72,52.78,Role Player,Moderate Scaling,Role Player,-0.052333333333333336,0,3,Hides,True,"Low CII 27.7, low TII 52.8","{'self_created': np.float64(34.3), 'pressure_appetite': np.float64(11.17), 'difficulty_embrace': np.float64(29.31), 'defensive_survival': np.float64(50.7), 'force_multiplication': np.float64(11.71)}","{'scaling_efficiency': np.float64(60.16003829185051), 'pressure_appetite': np.float64(17.200000000000003), 'creation_tools': np.float64(76.11666666666667), 'opportunity_response': np.float64(49.171428571428564), 'age_trajectory': np.float64(78.33)}",Medium
Wayne Ellington,2021-22,10.28,31.72,Role Player,Low Scaling,Role Player,-0.034571428571428545,1,6,Hides,False,"Low CII 10.3, low TII 31.7, no creation tools","{'self_created': np.float64(5.07), 'pressure_appetite': np.float64(10.0), 'difficulty_embrace': np.float64(10.43), 'defensive_survival': np.float64(26.15), 'force_multiplication': np.float64(2.5)}","{'scaling_efficiency': np.float64(22.14939774557165), 'pressure_appetite': np.float64(20.0), 'creation_tools': np.float64(33.724013851249616), 'opportunity_response': np.float64(72.22571428571429), 'age_trajectory': np.float64(25.0)}",High
Wendell Carter Jr.,2021-22,16.96,42.8,Role Player,Limited Scaling,Role Player,-0.04274999999999997,0,4,Hides,False,"Low CII 17.0, low TII 42.8, no creation tools","{'self_created': np.float64(15.9), 'pressure_appetite': np.float64(17.83), 'difficulty_embrace': np.float64(12.89), 'defensive_survival': np.float64(21.26), 'force_multiplication': np.float64(19.64)}","{'scaling_efficiency': np.float64(27.3609462294384), 'pressure_appetite': np.float64(16.400000000000002), 'creation_tools': np.float64(37.33898887047123), 'opportunity_response': np.float64(90.19142857142856), 'age_trajectory': np.float64(95.0)}",High
Wesley Matthews,2021-22,9.48,22.08,Role Player,Low Scaling,Role Player,-0.029999999999999954,0,7,Hides,False,"Low CII 9.5, low TII 22.1, no creation tools","{'self_created': np.float64(1.21), 'pressure_appetite': np.float64(10.0), 'difficulty_embrace': np.float64(3.14), 'defensive_survival': np.float64(37.74), 'force_multiplication': np.float64(3.3)}","{'scaling_efficiency': np.float64(8.505564102564106), 'pressure_appetite': np.float64(26.40000000000004), 'creation_tools': np.float64(18.194340212632895), 'opportunity_response': np.float64(48.57142857142857), 'age_trajectory': np.int64(20)}",High
Will Barton,2021-22,33.58,52.26,Role Player,Moderate Scaling,Fragile Star,-0.0037142857142857277,4,3,Mixed,False,"Fragile Star: high minutes (32.1), low CII (33.6), no creation tools","{'self_created': np.float64(31.3), 'pressure_appetite': np.float64(39.28), 'difficulty_embrace': np.float64(32.27), 'defensive_survival': np.float64(37.38), 'force_multiplication': np.float64(23.04)}","{'scaling_efficiency': np.float64(43.802394398707406), 'pressure_appetite': np.float64(51.05203252032524), 'creation_tools': np.float64(67.90675193337299), 'opportunity_response': np.float64(58.51428571428571), 'age_trajectory': np.float64(40.01)}",High
Zach LaVine,2021-22,68.56,74.39,Luxury Amplifier,High Scaling,Latent Engine,0.05685714285714288,5,2,Steps Up,True,"Positive career leverage (+0.057, 5+/2-), CII 68.6, TII 74.4: Can be #1","{'self_created': np.float64(80.02), 'pressure_appetite': np.float64(59.82), 'difficulty_embrace': np.float64(63.69), 'defensive_survival': np.float64(75.2), 'force_multiplication': np.float64(55.78)}","{'scaling_efficiency': np.float64(68.3036427520346), 'pressure_appetite': np.float64(70.52394366197184), 'creation_tools': np.float64(81.03333333333333), 'opportunity_response': np.float64(86.0), 'age_trajectory': np.float64(71.66)}",High
Ziaire Williams,2021-22,13.65,43.17,Role Player,Limited Scaling,Role Player,-0.0239999999999999,0,1,Hides,False,"Low CII 13.7, low TII 43.2","{'self_created': np.float64(4.47), 'pressure_appetite': np.float64(18.33), 'difficulty_embrace': np.float64(16.34), 'defensive_survival': np.float64(27.16), 'force_multiplication': np.float64(3.8)}","{'scaling_efficiency': np.float64(18.134923076923084), 'pressure_appetite': np.float64(43.00000000000003), 'creation_tools': np.float64(43.181887985546524), 'opportunity_response': np.float64(55.599999999999994), 'age_trajectory': np.int64(100)}",Medium
