player_name,season,cii,tii,cii_archetype,tii_archetype,archetype_2d,career_leverage_mean,career_positive_seasons,career_negative_seasons,career_pattern,has_creation_tools,reasoning,cii_components,tii_components,confidence
Aaron Gordon,2017-18,33.86,46.55,Role Player,Limited Scaling,Fragile Star,-0.052999999999999964,0,3,Hides,True,"Fragile Star: high usage (23.8%), high minutes (32.9), low CII (33.9), extreme hiding (-0.053)","{'self_created': np.float64(29.62), 'pressure_appetite': np.float64(31.25), 'difficulty_embrace': np.float64(33.74), 'defensive_survival': np.float64(46.36), 'force_multiplication': np.float64(34.64)}","{'scaling_efficiency': np.float64(29.48180190108831), 'pressure_appetite': np.float64(24.00000000000004), 'creation_tools': np.float64(64.13192252510761), 'opportunity_response': np.float64(59.2), 'age_trajectory': np.int64(100)}",Medium
Aaron Harrison,2017-18,36.3,58.04,Role Player,Moderate Scaling,Developing Prospect,0.131,1,0,Steps Up,False,"Low CII 36.3, moderate TII 58.0","{'self_created': np.float64(5.47), 'pressure_appetite': np.float64(69.67), 'difficulty_embrace': np.float64(21.2), 'defensive_survival': np.float64(73.15), 'force_multiplication': np.float64(20.3)}","{'scaling_efficiency': np.float64(18.505655572454284), 'pressure_appetite': np.float64(96.1), 'creation_tools': np.float64(54.93989547038328), 'opportunity_response': np.float64(53.2), 'age_trajectory': np.float64(95.0)}",Medium
Al Horford,2017-18,23.52,41.92,Role Player,Limited Scaling,Role Player,-0.03466666666666667,0,3,Hides,True,"Low CII 23.5, low TII 41.9","{'self_created': np.float64(18.14), 'pressure_appetite': np.float64(18.06), 'difficulty_embrace': np.float64(20.89), 'defensive_survival': np.float64(46.42), 'force_multiplication': np.float64(24.24)}","{'scaling_efficiency': np.float64(30.14710609904282), 'pressure_appetite': np.float64(23.200000000000003), 'creation_tools': np.float64(62.32586965213915), 'opportunity_response': np.float64(74.08571428571429), 'age_trajectory': np.float64(35.0)}",Medium
Al-Farouq Aminu,2017-18,9.88,29.59,Role Player,Low Scaling,Role Player,-0.03533333333333329,0,3,Hides,False,"Low CII 9.9, low TII 29.6","{'self_created': np.float64(6.66), 'pressure_appetite': np.float64(10.33), 'difficulty_embrace': np.float64(7.04), 'defensive_survival': np.float64(21.41), 'force_multiplication': np.float64(6.79)}","{'scaling_efficiency': np.float64(7.725107777949592), 'pressure_appetite': np.float64(22.800000000000004), 'creation_tools': np.float64(29.48280067283432), 'opportunity_response': np.float64(56.71428571428571), 'age_trajectory': np.float64(71.66)}",Medium
Alec Burks,2017-18,30.4,48.31,Role Player,Limited Scaling,Role Player,0.0156666666666667,2,1,Steps Up,True,"Low CII 30.4, low TII 48.3","{'self_created': np.float64(28.5), 'pressure_appetite': np.float64(35.97), 'difficulty_embrace': np.float64(23.64), 'defensive_survival': np.float64(37.43), 'force_multiplication': np.float64(25.14)}","{'scaling_efficiency': np.float64(36.93799808035102), 'pressure_appetite': np.float64(45.28959276018102), 'creation_tools': np.float64(56.507944303424935), 'opportunity_response': np.float64(45.14285714285714), 'age_trajectory': np.float64(78.33)}",Medium
Alex Len,2017-18,12.99,32.31,Role Player,Low Scaling,Role Player,-0.09233333333333334,0,3,Hides,False,"Low CII 13.0, low TII 32.3","{'self_created': np.float64(14.31), 'pressure_appetite': np.float64(10.5), 'difficulty_embrace': np.float64(3.1), 'defensive_survival': np.float64(25.35), 'force_multiplication': np.float64(16.53)}","{'scaling_efficiency': np.float64(17.41892210476584), 'pressure_appetite': np.float64(15.600000000000001), 'creation_tools': np.float64(12.633333333333333), 'opportunity_response': np.float64(81.04571428571428), 'age_trajectory': np.float64(85.0)}",Medium
Allen Crabbe,2017-18,17.37,41.36,Role Player,Limited Scaling,Role Player,-0.06599999999999995,0,2,Hides,False,"Low CII 17.4, low TII 41.4","{'self_created': np.float64(9.31), 'pressure_appetite': np.float64(15.67), 'difficulty_embrace': np.float64(22.36), 'defensive_survival': np.float64(36.93), 'force_multiplication': np.float64(6.43)}","{'scaling_efficiency': np.float64(28.394656312913447), 'pressure_appetite': np.float64(20.400000000000045), 'creation_tools': np.float64(52.94496201519392), 'opportunity_response': np.float64(62.114285714285714), 'age_trajectory': np.float64(78.33)}",Medium
Andre Drummond,2017-18,26.0,41.56,Role Player,Limited Scaling,Fragile Star,-0.025666666666666633,0,3,Hides,False,"Fragile Star: high minutes (33.7), low CII (26.0), no creation tools","{'self_created': np.float64(20.54), 'pressure_appetite': np.float64(39.64), 'difficulty_embrace': np.float64(3.29), 'defensive_survival': np.float64(41.46), 'force_multiplication': np.float64(30.55)}","{'scaling_efficiency': np.float64(12.705700483091796), 'pressure_appetite': np.float64(59.057971014492786), 'creation_tools': np.float64(20.515551235222496), 'opportunity_response': np.float64(65.88571428571429), 'age_trajectory': np.float64(90.0)}",Medium
Andre Iguodala,2017-18,18.78,42.02,Role Player,Limited Scaling,Role Player,-0.03433333333333336,1,2,Hides,True,"Low CII 18.8, low TII 42.0","{'self_created': np.float64(14.79), 'pressure_appetite': np.float64(11.61), 'difficulty_embrace': np.float64(17.93), 'defensive_survival': np.float64(40.59), 'force_multiplication': np.float64(17.68)}","{'scaling_efficiency': np.float64(25.503007913369434), 'pressure_appetite': np.float64(45.64880952380952), 'creation_tools': np.float64(62.6910569105691), 'opportunity_response': np.float64(52.77142857142857), 'age_trajectory': np.float64(25.0)}",Medium
Andre Roberson,2017-18,9.66,26.46,Role Player,Low Scaling,Role Player,-0.03333333333333333,0,3,Hides,False,"Low CII 9.7, low TII 26.5","{'self_created': np.float64(1.56), 'pressure_appetite': np.float64(10.0), 'difficulty_embrace': np.float64(0.0), 'defensive_survival': np.float64(42.33), 'force_multiplication': np.float64(3.45)}","{'scaling_efficiency': np.float64(7.533260385005071), 'pressure_appetite': np.float64(27.599999999999998), 'creation_tools': np.float64(7.0), 'opportunity_response': np.float64(53.8), 'age_trajectory': np.float64(78.33)}",Medium
Andrew Harrison,2017-18,36.76,59.86,Role Player,Moderate Scaling,Developing Prospect,-0.019,0,1,Mixed,True,"Low CII 36.8, moderate TII 59.9","{'self_created': np.float64(43.08), 'pressure_appetite': np.float64(31.82), 'difficulty_embrace': np.float64(31.87), 'defensive_survival': np.float64(36.71), 'force_multiplication': np.float64(40.03)}","{'scaling_efficiency': np.float64(52.782111371774306), 'pressure_appetite': np.float64(45.91282051282051), 'creation_tools': np.float64(76.75766103814884), 'opportunity_response': np.float64(51.31428571428572), 'age_trajectory': np.float64(95.0)}",Medium
Andrew Wiggins,2017-18,36.64,46.87,Role Player,Limited Scaling,Role Player,0.019333333333333303,2,1,Steps Up,True,"Low CII 36.6, low TII 46.9","{'self_created': np.float64(31.41), 'pressure_appetite': np.float64(30.0), 'difficulty_embrace': np.float64(42.27), 'defensive_survival': np.float64(51.92), 'force_multiplication': np.float64(34.76)}","{'scaling_efficiency': np.float64(25.654164537557484), 'pressure_appetite': np.float64(24.800000000000004), 'creation_tools': np.float64(71.6), 'opportunity_response': np.float64(61.0), 'age_trajectory': np.float64(95.0)}",Medium
Anthony Davis,2017-18,43.34,69.48,Fragile Star,High Scaling,Developing Prospect,-0.002,1,2,Mixed,True,"Low CII 43.3, moderate TII 69.5","{'self_created': np.float64(26.66), 'pressure_appetite': np.float64(54.6), 'difficulty_embrace': np.float64(33.87), 'defensive_survival': np.float64(53.27), 'force_multiplication': np.float64(69.3)}","{'scaling_efficiency': np.float64(60.68173755547353), 'pressure_appetite': np.float64(59.628865979381445), 'creation_tools': np.float64(74.82094543625848), 'opportunity_response': np.float64(86.0), 'age_trajectory': np.float64(85.0)}",Medium
Anthony Tolliver,2017-18,17.22,40.46,Role Player,Limited Scaling,Role Player,-0.028,1,1,Hides,False,"Low CII 17.2, low TII 40.5","{'self_created': np.float64(0.77), 'pressure_appetite': np.float64(45.75), 'difficulty_embrace': np.float64(2.49), 'defensive_survival': np.float64(27.52), 'force_multiplication': np.float64(9.22)}","{'scaling_efficiency': np.float64(18.3817803030303), 'pressure_appetite': np.float64(65.79444444444445), 'creation_tools': np.float64(15.27836495031617), 'opportunity_response': np.float64(82.93142857142857), 'age_trajectory': np.float64(30.0)}",Medium
Aron Baynes,2017-18,10.29,19.56,Role Player,Low Scaling,Role Player,-0.085,0,2,Hides,True,"Low CII 10.3, low TII 19.6","{'self_created': np.float64(2.46), 'pressure_appetite': np.float64(10.0), 'difficulty_embrace': np.float64(26.5), 'defensive_survival': np.float64(7.59), 'force_multiplication': np.float64(6.17)}","{'scaling_efficiency': np.float64(4.680895934041664), 'pressure_appetite': np.float64(0.0), 'creation_tools': np.float64(35.74267802918993), 'opportunity_response': np.float64(46.68571428571428), 'age_trajectory': np.float64(40.01)}",Medium
Austin Rivers,2017-18,44.01,63.77,Fragile Star,Moderate Scaling,Developing Prospect,-0.03949999999999995,0,2,Hides,False,"Low CII 44.0, moderate TII 63.8","{'self_created': np.float64(46.9), 'pressure_appetite': np.float64(41.29), 'difficulty_embrace': np.float64(34.46), 'defensive_survival': np.float64(60.28), 'force_multiplication': np.float64(36.81)}","{'scaling_efficiency': np.float64(50.88540826368773), 'pressure_appetite': np.float64(64.73786407766994), 'creation_tools': np.float64(74.16666666666666), 'opportunity_response': np.float64(59.885714285714286), 'age_trajectory': np.float64(85.0)}",Medium
Avery Bradley,2017-18,24.85,38.31,Role Player,Limited Scaling,Role Player,-0.048999999999999946,0,2,Hides,True,"Low CII 24.9, low TII 38.3","{'self_created': np.float64(12.99), 'pressure_appetite': np.float64(25.07), 'difficulty_embrace': np.float64(35.7), 'defensive_survival': np.float64(41.1), 'force_multiplication': np.float64(13.82)}","{'scaling_efficiency': np.float64(14.95855195919744), 'pressure_appetite': np.float64(20.0), 'creation_tools': np.float64(64.97440622004473), 'opportunity_response': np.float64(57.74285714285714), 'age_trajectory': np.float64(71.66)}",Medium
Ben McLemore,2017-18,10.32,28.28,Role Player,Low Scaling,Role Player,-0.07966666666666664,0,3,Hides,True,"Low CII 10.3, low TII 28.3","{'self_created': np.float64(5.53), 'pressure_appetite': np.float64(10.0), 'difficulty_embrace': np.float64(20.01), 'defensive_survival': np.float64(12.45), 'force_multiplication': np.float64(2.88)}","{'scaling_efficiency': np.float64(12.129149898156767), 'pressure_appetite': np.float64(0.0), 'creation_tools': np.float64(44.91172607879925), 'opportunity_response': np.float64(47.714285714285715), 'age_trajectory': np.float64(85.0)}",Medium
Ben Simmons,2017-18,39.12,49.29,Role Player,Limited Scaling,Role Player,-0.034,0,1,Hides,True,"Low CII 39.1, low TII 49.3","{'self_created': np.float64(46.83), 'pressure_appetite': np.float64(29.85), 'difficulty_embrace': np.float64(24.3), 'defensive_survival': np.float64(53.49), 'force_multiplication': np.float64(47.23)}","{'scaling_efficiency': np.float64(30.53279118966526), 'pressure_appetite': np.float64(26.4), 'creation_tools': np.float64(60.713765452723024), 'opportunity_response': np.float64(75.88571428571429), 'age_trajectory': np.int64(100)}",Medium
Bismack Biyombo,2017-18,11.38,29.03,Role Player,Low Scaling,Role Player,-0.04566666666666663,0,3,Hides,False,"Low CII 11.4, low TII 29.0","{'self_created': np.float64(0.58), 'pressure_appetite': np.float64(11.5), 'difficulty_embrace': np.float64(6.0), 'defensive_survival': np.float64(43.76), 'force_multiplication': np.float64(5.7)}","{'scaling_efficiency': np.float64(9.449178529601417), 'pressure_appetite': np.float64(25.20000000000004), 'creation_tools': np.float64(17.52586034079519), 'opportunity_response': np.float64(52.6), 'age_trajectory': np.float64(85.0)}",Medium
Blake Griffin,2017-18,48.45,59.79,Fragile Star,Moderate Scaling,Strong Creator,-0.006000000000000001,0,3,Mixed,False,"CII 48.5, TII 59.8","{'self_created': np.float64(42.65), 'pressure_appetite': np.float64(55.46), 'difficulty_embrace': np.float64(35.67), 'defensive_survival': np.float64(54.72), 'force_multiplication': np.float64(64.51)}","{'scaling_efficiency': np.float64(47.89691809140688), 'pressure_appetite': np.float64(61.603508771929825), 'creation_tools': np.float64(69.16309370988446), 'opportunity_response': np.float64(70.14285714285714), 'age_trajectory': np.float64(56.67)}",Medium
Bobby Portis,2017-18,26.22,37.37,Role Player,Limited Scaling,Role Player,-0.056499999999999995,0,2,Hides,True,"Low CII 26.2, low TII 37.4","{'self_created': np.float64(15.38), 'pressure_appetite': np.float64(35.36), 'difficulty_embrace': np.float64(21.89), 'defensive_survival': np.float64(32.53), 'force_multiplication': np.float64(35.05)}","{'scaling_efficiency': np.float64(17.37939331619538), 'pressure_appetite': np.float64(25.600000000000005), 'creation_tools': np.float64(43.576829268292684), 'opportunity_response': np.float64(50.28571428571429), 'age_trajectory': np.float64(95.0)}",Medium
Bogdan Bogdanović,2017-18,41.0,67.08,Fragile Star,High Scaling,Developing Prospect,0.0119999999999999,1,0,Steps Up,True,"Low CII 41.0, moderate TII 67.1","{'self_created': np.float64(37.9), 'pressure_appetite': np.float64(46.08), 'difficulty_embrace': np.float64(39.4), 'defensive_survival': np.float64(52.94), 'force_multiplication': np.float64(22.84)}","{'scaling_efficiency': np.float64(57.83987630208334), 'pressure_appetite': np.float64(64.14999999999998), 'creation_tools': np.float64(80.24532520325204), 'opportunity_response': np.float64(60.91428571428571), 'age_trajectory': np.float64(85.0)}",Medium
Bojan Bogdanovic,2017-18,21.08,48.66,Role Player,Limited Scaling,Role Player,-0.055999999999999966,0,3,Hides,False,"Low CII 21.1, low TII 48.7","{'self_created': np.float64(20.35), 'pressure_appetite': np.float64(12.67), 'difficulty_embrace': np.float64(19.31), 'defensive_survival': np.float64(41.97), 'force_multiplication': np.float64(16.45)}","{'scaling_efficiency': np.float64(49.192406692406685), 'pressure_appetite': np.float64(12.400000000000041), 'creation_tools': np.float64(57.40997582948802), 'opportunity_response': np.float64(91.04), 'age_trajectory': np.float64(56.67)}",Medium
Bradley Beal,2017-18,65.06,73.43,Luxury Amplifier,High Scaling,Latent Engine,0.0366666666666666,2,1,Steps Up,True,"CII 65.1, TII 73.4: High potential (limited career data)","{'self_created': np.float64(60.13), 'pressure_appetite': np.float64(82.5), 'difficulty_embrace': np.float64(62.86), 'defensive_survival': np.float64(57.52), 'force_multiplication': np.float64(51.91)}","{'scaling_efficiency': np.float64(59.601422723898935), 'pressure_appetite': np.float64(78.19253731343281), 'creation_tools': np.float64(84.25), 'opportunity_response': np.float64(71.0), 'age_trajectory': np.float64(85.0)}",Medium
Brandon Ingram,2017-18,39.65,61.6,Role Player,Moderate Scaling,Developing Prospect,-0.04599999999999995,0,2,Hides,True,"Low CII 39.6, moderate TII 61.6","{'self_created': np.float64(39.51), 'pressure_appetite': np.float64(33.18), 'difficulty_embrace': np.float64(38.77), 'defensive_survival': np.float64(48.42), 'force_multiplication': np.float64(44.84)}","{'scaling_efficiency': np.float64(44.918292126678075), 'pressure_appetite': np.float64(47.18654434250767), 'creation_tools': np.float64(86.87187290221526), 'opportunity_response': np.float64(59.714285714285715), 'age_trajectory': np.int64(100)}",Medium
Brook Lopez,2017-18,19.39,27.82,Role Player,Low Scaling,Fragile Star,-0.05699999999999997,0,3,Hides,False,"Fragile Star: high usage (23.0%), low CII (19.4), extreme hiding (-0.057), no creation tools","{'self_created': np.float64(12.87), 'pressure_appetite': np.float64(20.17), 'difficulty_embrace': np.float64(11.49), 'defensive_survival': np.float64(38.74), 'force_multiplication': np.float64(23.79)}","{'scaling_efficiency': np.float64(13.17150347945043), 'pressure_appetite': np.float64(12.399999999999999), 'creation_tools': np.float64(31.616737363025806), 'opportunity_response': np.float64(64.05714285714285), 'age_trajectory': np.float64(48.34)}",Medium
Buddy Hield,2017-18,43.64,62.47,Fragile Star,Moderate Scaling,Developing Prospect,-0.0264999999999999,0,2,Hides,True,"Low CII 43.6, moderate TII 62.5","{'self_created': np.float64(37.32), 'pressure_appetite': np.float64(43.46), 'difficulty_embrace': np.float64(45.5), 'defensive_survival': np.float64(67.03), 'force_multiplication': np.float64(24.27)}","{'scaling_efficiency': np.float64(42.576408893841034), 'pressure_appetite': np.float64(61.90395480225992), 'creation_tools': np.float64(79.35), 'opportunity_response': np.float64(65.68571428571428), 'age_trajectory': np.float64(85.0)}",Medium
CJ McCollum,2017-18,61.35,65.3,Luxury Amplifier,High Scaling,Strong Creator,-0.004666666666666667,1,2,Mixed,True,"CII 61.4, TII 65.3","{'self_created': np.float64(64.15), 'pressure_appetite': np.float64(56.28), 'difficulty_embrace': np.float64(71.77), 'defensive_survival': np.float64(63.83), 'force_multiplication': np.float64(41.04)}","{'scaling_efficiency': np.float64(47.815935236191294), 'pressure_appetite': np.float64(63.17992277992279), 'creation_tools': np.float64(90.9), 'opportunity_response': np.float64(61.0), 'age_trajectory': np.float64(78.33)}",Medium
CJ Miles,2017-18,14.72,25.8,Role Player,Low Scaling,Role Player,-0.0704999999999999,0,2,Hides,False,"Low CII 14.7, low TII 25.8","{'self_created': np.float64(4.32), 'pressure_appetite': np.float64(19.33), 'difficulty_embrace': np.float64(10.89), 'defensive_survival': np.float64(35.96), 'force_multiplication': np.float64(10.21)}","{'scaling_efficiency': np.float64(13.233473707915781), 'pressure_appetite': np.float64(16.80000000000004), 'creation_tools': np.float64(32.61206975153864), 'opportunity_response': np.float64(47.37142857142857), 'age_trajectory': np.float64(40.01)}",Medium
Caris LeVert,2017-18,35.57,57.13,Role Player,Moderate Scaling,Developing Prospect,-0.01399999999999995,0,2,Mixed,False,"Low CII 35.6, moderate TII 57.1","{'self_created': np.float64(35.28), 'pressure_appetite': np.float64(42.11), 'difficulty_embrace': np.float64(23.81), 'defensive_survival': np.float64(38.71), 'force_multiplication': np.float64(38.89)}","{'scaling_efficiency': np.float64(47.476419915316114), 'pressure_appetite': np.float64(51.916666666666664), 'creation_tools': np.float64(61.94927732610659), 'opportunity_response': np.float64(53.457142857142856), 'age_trajectory': np.float64(95.0)}",Medium
Carmelo Anthony,2017-18,33.11,38.98,Role Player,Limited Scaling,Role Player,0.02533333333333333,2,1,Steps Up,True,"Low CII 33.1, low TII 39.0","{'self_created': np.float64(28.17), 'pressure_appetite': np.float64(28.51), 'difficulty_embrace': np.float64(53.16), 'defensive_survival': np.float64(30.3), 'force_multiplication': np.float64(23.51)}","{'scaling_efficiency': np.float64(20.51815741113319), 'pressure_appetite': np.float64(24.400000000000006), 'creation_tools': np.float64(77.25), 'opportunity_response': np.float64(58.51428571428571), 'age_trajectory': np.float64(25.0)}",Medium
Chandler Parsons,2017-18,33.91,59.42,Role Player,Moderate Scaling,Role Player,-0.01750000000000005,1,1,Mixed,True,"Low CII 33.9, moderate TII 59.4 (Age 29 > 25, reclassified from Developing Prospect)","{'self_created': np.float64(30.19), 'pressure_appetite': np.float64(51.33), 'difficulty_embrace': np.float64(24.46), 'defensive_survival': np.float64(37.79), 'force_multiplication': np.float64(14.61)}","{'scaling_efficiency': np.float64(49.12078431372547), 'pressure_appetite': np.float64(66.08888888888886), 'creation_tools': np.float64(64.8821138211382), 'opportunity_response': np.float64(63.457142857142856), 'age_trajectory': np.float64(56.67)}",Medium
Channing Frye,2017-18,27.09,46.33,Role Player,Limited Scaling,Role Player,-0.0015000000000000013,1,1,Mixed,True,"Low CII 27.1, low TII 46.3","{'self_created': np.float64(0.91), 'pressure_appetite': np.float64(64.0), 'difficulty_embrace': np.float64(17.79), 'defensive_survival': np.float64(35.75), 'force_multiplication': np.float64(18.92)}","{'scaling_efficiency': np.float64(24.2664593935169), 'pressure_appetite': np.float64(80.3), 'creation_tools': np.float64(34.73025897808647), 'opportunity_response': np.float64(66.85142857142857), 'age_trajectory': np.int64(20)}",Medium
Chris Paul,2017-18,84.26,83.73,Franchise Engine,Elite Scaling,Franchise Engine,0.05466666666666664,3,0,Steps Up,True,CII 84.3 >= 74: Already elite creator,"{'self_created': np.float64(100.0), 'pressure_appetite': np.float64(77.33), 'difficulty_embrace': np.float64(81.34), 'defensive_survival': np.float64(91.65), 'force_multiplication': np.float64(49.08)}","{'scaling_efficiency': np.float64(87.70105543881826), 'pressure_appetite': np.float64(90.18796680497925), 'creation_tools': np.float64(92.65), 'opportunity_response': np.float64(88.98285714285714), 'age_trajectory': np.float64(30.0)}",Medium
Clint Capela,2017-18,9.5,34.93,Role Player,Low Scaling,Role Player,-0.08699999999999995,0,2,Hides,False,"Low CII 9.5, low TII 34.9","{'self_created': np.float64(0.95), 'pressure_appetite': np.float64(15.5), 'difficulty_embrace': np.float64(0.6), 'defensive_survival': np.float64(20.96), 'force_multiplication': np.float64(20.72)}","{'scaling_efficiency': np.float64(20.269199084668195), 'pressure_appetite': np.float64(17.200000000000042), 'creation_tools': np.float64(11.8), 'opportunity_response': np.float64(87.92857142857143), 'age_trajectory': np.float64(90.0)}",Medium
Cory Joseph,2017-18,27.8,50.69,Role Player,Moderate Scaling,Role Player,-0.07099999999999994,0,3,Hides,True,"Low CII 27.8, low TII 50.7","{'self_created': np.float64(28.52), 'pressure_appetite': np.float64(10.0), 'difficulty_embrace': np.float64(44.94), 'defensive_survival': np.float64(42.4), 'force_multiplication': np.float64(14.01)}","{'scaling_efficiency': np.float64(43.626666666666665), 'pressure_appetite': np.float64(19.20000000000004), 'creation_tools': np.float64(84.25), 'opportunity_response': np.float64(54.142857142857146), 'age_trajectory': np.float64(78.33)}",Medium
Courtney Lee,2017-18,26.43,46.92,Role Player,Limited Scaling,Role Player,-0.0426666666666666,0,3,Hides,True,"Low CII 26.4, low TII 46.9","{'self_created': np.float64(33.11), 'pressure_appetite': np.float64(11.17), 'difficulty_embrace': np.float64(38.09), 'defensive_survival': np.float64(34.76), 'force_multiplication': np.float64(8.7)}","{'scaling_efficiency': np.float64(47.18737463126842), 'pressure_appetite': np.float64(16.8), 'creation_tools': np.float64(78.05), 'opportunity_response': np.float64(63.05714285714286), 'age_trajectory': np.float64(35.0)}",Medium
D'Angelo Russell,2017-18,56.18,64.64,Luxury Amplifier,Moderate Scaling,Strong Creator,0.02466666666666667,2,1,Steps Up,True,"CII 56.2, TII 64.6","{'self_created': np.float64(46.85), 'pressure_appetite': np.float64(73.04), 'difficulty_embrace': np.float64(51.44), 'defensive_survival': np.float64(60.38), 'force_multiplication': np.float64(45.19)}","{'scaling_efficiency': np.float64(43.05082665048333), 'pressure_appetite': np.float64(69.24745762711865), 'creation_tools': np.float64(82.29441918147995), 'opportunity_response': np.float64(53.028571428571425), 'age_trajectory': np.int64(100)}",Medium
D.J. Augustin,2017-18,39.55,68.48,Role Player,High Scaling,Role Player,-0.050999999999999934,0,3,Hides,False,"Low CII 39.5, moderate TII 68.5 (Age 30 > 25, reclassified from Developing Prospect)","{'self_created': np.float64(55.05), 'pressure_appetite': np.float64(25.76), 'difficulty_embrace': np.float64(23.59), 'defensive_survival': np.float64(57.39), 'force_multiplication': np.float64(32.72)}","{'scaling_efficiency': np.float64(78.02844294547499), 'pressure_appetite': np.float64(54.761904761904795), 'creation_tools': np.float64(69.61719824890557), 'opportunity_response': np.float64(84.15714285714286), 'age_trajectory': np.float64(48.34)}",Medium
Damian Lillard,2017-18,76.28,79.33,Strong Creator,High Scaling,Franchise Engine,0.04999999999999997,3,0,Steps Up,True,CII 76.3 >= 74: Already elite creator,"{'self_created': np.float64(91.81), 'pressure_appetite': np.float64(67.86), 'difficulty_embrace': np.float64(72.23), 'defensive_survival': np.float64(74.84), 'force_multiplication': np.float64(60.97)}","{'scaling_efficiency': np.float64(78.6399100963936), 'pressure_appetite': np.float64(73.2949152542373), 'creation_tools': np.float64(86.71666666666667), 'opportunity_response': np.float64(86.0), 'age_trajectory': np.float64(71.66)}",Medium
Damion Lee,2017-18,14.67,38.38,Role Player,Limited Scaling,Role Player,-0.0689999999999999,0,1,Hides,True,"Low CII 14.7, low TII 38.4","{'self_created': np.float64(10.65), 'pressure_appetite': np.float64(12.17), 'difficulty_embrace': np.float64(22.8), 'defensive_survival': np.float64(21.66), 'force_multiplication': np.float64(6.2)}","{'scaling_efficiency': np.float64(23.81638201156273), 'pressure_appetite': np.float64(12.400000000000041), 'creation_tools': np.float64(57.54974984365228), 'opportunity_response': np.float64(54.142857142857146), 'age_trajectory': np.float64(85.0)}",Medium
Daniel Theis,2017-18,9.92,32.29,Role Player,Low Scaling,Role Player,-0.107,0,1,Hides,True,"Low CII 9.9, low TII 32.3","{'self_created': np.float64(1.14), 'pressure_appetite': np.float64(10.0), 'difficulty_embrace': np.float64(11.7), 'defensive_survival': np.float64(30.88), 'force_multiplication': np.float64(1.09)}","{'scaling_efficiency': np.float64(26.780780487804876), 'pressure_appetite': np.float64(0.0), 'creation_tools': np.float64(25.068563685636857), 'opportunity_response': np.float64(76.04857142857142), 'age_trajectory': np.float64(78.33)}",Medium
Danilo Gallinari,2017-18,29.9,53.32,Role Player,Moderate Scaling,Role Player,-0.016999999999999967,0,3,Mixed,True,"Low CII 29.9, low TII 53.3","{'self_created': np.float64(19.75), 'pressure_appetite': np.float64(32.85), 'difficulty_embrace': np.float64(32.46), 'defensive_survival': np.float64(49.94), 'force_multiplication': np.float64(17.8)}","{'scaling_efficiency': np.float64(31.452647463829642), 'pressure_appetite': np.float64(57.15609756097564), 'creation_tools': np.float64(75.80898274836407), 'opportunity_response': np.float64(58.42857142857143), 'age_trajectory': np.float64(56.67)}",Medium
Danny Green,2017-18,22.88,39.97,Role Player,Limited Scaling,Role Player,0.009000000000000001,2,1,Mixed,False,"Low CII 22.9, low TII 40.0","{'self_created': np.float64(6.62), 'pressure_appetite': np.float64(40.85), 'difficulty_embrace': np.float64(19.2), 'defensive_survival': np.float64(38.11), 'force_multiplication': np.float64(11.3)}","{'scaling_efficiency': np.float64(10.21788606485539), 'pressure_appetite': np.float64(59.68098159509199), 'creation_tools': np.float64(50.22174422664473), 'opportunity_response': np.float64(52.942857142857136), 'age_trajectory': np.float64(40.01)}",Medium
Dante Cunningham,2017-18,6.48,19.16,Role Player,Low Scaling,Role Player,-0.04633333333333337,1,2,Hides,False,"Low CII 6.5, low TII 19.2","{'self_created': np.float64(0.4), 'pressure_appetite': np.float64(10.0), 'difficulty_embrace': np.float64(6.6), 'defensive_survival': np.float64(16.2), 'force_multiplication': np.float64(1.15)}","{'scaling_efficiency': np.float64(6.348546422235368), 'pressure_appetite': np.float64(9.200000000000003), 'creation_tools': np.float64(17.763528740550562), 'opportunity_response': np.float64(49.34285714285714), 'age_trajectory': np.float64(40.01)}",Medium
Dario Šarić,2017-18,16.94,38.12,Role Player,Limited Scaling,Role Player,-0.0344999999999999,0,2,Hides,False,"Low CII 16.9, low TII 38.1","{'self_created': np.float64(3.29), 'pressure_appetite': np.float64(22.52), 'difficulty_embrace': np.float64(10.89), 'defensive_survival': np.float64(43.97), 'force_multiplication': np.float64(15.47)}","{'scaling_efficiency': np.float64(15.504627450980387), 'pressure_appetite': np.float64(22.80000000000004), 'creation_tools': np.float64(32.043814761677034), 'opportunity_response': np.float64(82.40857142857143), 'age_trajectory': np.float64(90.0)}",Medium
Darius Miller,2017-18,13.51,50.37,Role Player,Moderate Scaling,Role Player,-0.0269999999999999,0,1,Hides,True,"Low CII 13.5, low TII 50.4","{'self_created': np.float64(4.6), 'pressure_appetite': np.float64(11.94), 'difficulty_embrace': np.float64(20.24), 'defensive_survival': np.float64(31.56), 'force_multiplication': np.float64(3.65)}","{'scaling_efficiency': np.float64(29.369708274894805), 'pressure_appetite': np.float64(41.080645161290356), 'creation_tools': np.float64(60.70154733805403), 'opportunity_response': np.float64(84.34571428571428), 'age_trajectory': np.float64(64.99000000000001)}",Medium
Darren Collison,2017-18,53.09,80.08,Fragile Star,Elite Scaling,Strong Creator,0.0033333333333333327,2,1,Mixed,True,"Medium CII 53.1, high TII 80.1, has tools (Age 30 > 28, reclassified from Latent Engine)","{'self_created': np.float64(59.18), 'pressure_appetite': np.float64(51.22), 'difficulty_embrace': np.float64(49.86), 'defensive_survival': np.float64(63.17), 'force_multiplication': np.float64(30.81)}","{'scaling_efficiency': np.float64(79.94315014708812), 'pressure_appetite': np.float64(74.8941176470588), 'creation_tools': np.float64(95.5), 'opportunity_response': np.float64(89.6257142857143), 'age_trajectory': np.float64(48.34)}",Medium
David Nwaba,2017-18,18.07,27.75,Role Player,Low Scaling,Role Player,-0.051,0,2,Hides,False,"Low CII 18.1, low TII 27.8","{'self_created': np.float64(19.73), 'pressure_appetite': np.float64(10.0), 'difficulty_embrace': np.float64(2.59), 'defensive_survival': np.float64(38.72), 'force_multiplication': np.float64(33.21)}","{'scaling_efficiency': np.float64(18.477613691931545), 'pressure_appetite': np.float64(11.200000000000006), 'creation_tools': np.float64(16.18024071417185), 'opportunity_response': np.float64(51.14285714285714), 'age_trajectory': np.float64(85.0)}",Medium
De'Aaron Fox,2017-18,48.42,67.91,Fragile Star,High Scaling,Strong Creator,0.03,1,0,Steps Up,True,"CII 48.4, TII 67.9","{'self_created': np.float64(35.14), 'pressure_appetite': np.float64(59.1), 'difficulty_embrace': np.float64(48.07), 'defensive_survival': np.float64(60.48), 'force_multiplication': np.float64(44.21)}","{'scaling_efficiency': np.float64(44.090736661771906), 'pressure_appetite': np.float64(74.6431718061674), 'creation_tools': np.float64(89.05), 'opportunity_response': np.float64(54.74285714285714), 'age_trajectory': np.int64(100)}",Medium
DeAndre Jordan,2017-18,17.67,39.0,Role Player,Limited Scaling,Role Player,0.006333333333333368,2,1,Mixed,False,"Low CII 17.7, low TII 39.0","{'self_created': np.float64(16.84), 'pressure_appetite': np.float64(24.48), 'difficulty_embrace': np.float64(0.0), 'defensive_survival': np.float64(33.83), 'force_multiplication': np.float64(14.23)}","{'scaling_efficiency': np.float64(18.64195279334352), 'pressure_appetite': np.float64(46.75938189845478), 'creation_tools': np.float64(11.5), 'opportunity_response': np.float64(91.7), 'age_trajectory': np.float64(56.67)}",Medium
DeMar DeRozan,2017-18,74.08,75.45,Strong Creator,High Scaling,Franchise Engine,0.08799999999999997,3,0,Steps Up,True,CII 74.1 >= 74: Already elite creator,"{'self_created': np.float64(65.01), 'pressure_appetite': np.float64(90.0), 'difficulty_embrace': np.float64(65.79), 'defensive_survival': np.float64(81.55), 'force_multiplication': np.float64(66.91)}","{'scaling_efficiency': np.float64(61.127270717787965), 'pressure_appetite': np.float64(91.1), 'creation_tools': np.float64(86.65), 'opportunity_response': np.float64(70.05714285714285), 'age_trajectory': np.float64(64.99000000000001)}",Medium
DeMarcus Cousins,2017-18,42.89,60.8,Fragile Star,Moderate Scaling,Role Player,0.04533333333333334,3,0,Steps Up,False,"Low CII 42.9, moderate TII 60.8 (Age 27 > 25, reclassified from Developing Prospect)","{'self_created': np.float64(34.18), 'pressure_appetite': np.float64(66.31), 'difficulty_embrace': np.float64(18.91), 'defensive_survival': np.float64(47.14), 'force_multiplication': np.float64(52.04)}","{'scaling_efficiency': np.float64(49.94932453127555), 'pressure_appetite': np.float64(63.44150943396226), 'creation_tools': np.float64(49.44964718515109), 'opportunity_response': np.float64(86.0), 'age_trajectory': np.float64(71.66)}",Medium
DeMarre Carroll,2017-18,19.71,33.11,Role Player,Low Scaling,Role Player,-0.0696666666666666,0,3,Hides,False,"Low CII 19.7, low TII 33.1","{'self_created': np.float64(16.51), 'pressure_appetite': np.float64(16.33), 'difficulty_embrace': np.float64(12.79), 'defensive_survival': np.float64(41.51), 'force_multiplication': np.float64(18.94)}","{'scaling_efficiency': np.float64(20.147126155808273), 'pressure_appetite': np.float64(17.600000000000044), 'creation_tools': np.float64(46.36470119855838), 'opportunity_response': np.float64(62.62857142857142), 'age_trajectory': np.float64(40.01)}",Medium
Dejounte Murray,2017-18,39.81,61.86,Role Player,Moderate Scaling,Developing Prospect,0.0139999999999999,1,0,Steps Up,True,"Low CII 39.8, moderate TII 61.9","{'self_created': np.float64(26.25), 'pressure_appetite': np.float64(48.35), 'difficulty_embrace': np.float64(28.5), 'defensive_survival': np.float64(66.29), 'force_multiplication': np.float64(42.0)}","{'scaling_efficiency': np.float64(40.079601990049746), 'pressure_appetite': np.float64(72.97910447761191), 'creation_tools': np.float64(70.89861869514218), 'opportunity_response': np.float64(49.42857142857143), 'age_trajectory': np.int64(100)}",Medium
Delon Wright,2017-18,25.29,39.72,Role Player,Limited Scaling,Role Player,-0.073,0,1,Hides,False,"Low CII 25.3, low TII 39.7","{'self_created': np.float64(42.93), 'pressure_appetite': np.float64(10.0), 'difficulty_embrace': np.float64(9.6), 'defensive_survival': np.float64(35.96), 'force_multiplication': np.float64(25.95)}","{'scaling_efficiency': np.float64(41.66360536645379), 'pressure_appetite': np.float64(10.800000000000004), 'creation_tools': np.float64(34.80629479963439), 'opportunity_response': np.float64(64.82857142857142), 'age_trajectory': np.float64(78.33)}",Medium
Dennis Schröder,2017-18,68.38,70.97,Luxury Amplifier,High Scaling,Latent Engine,0.02333333333333333,2,1,Steps Up,True,"CII 68.4, TII 71.0: High potential (limited career data)","{'self_created': np.float64(56.73), 'pressure_appetite': np.float64(85.67), 'difficulty_embrace': np.float64(65.74), 'defensive_survival': np.float64(71.82), 'force_multiplication': np.float64(60.25)}","{'scaling_efficiency': np.float64(48.4270519431128), 'pressure_appetite': np.float64(83.51672240802675), 'creation_tools': np.float64(89.65), 'opportunity_response': np.float64(57.57142857142857), 'age_trajectory': np.float64(90.0)}",Medium
Dennis Smith Jr.,2017-18,55.39,66.59,Luxury Amplifier,High Scaling,Strong Creator,0.0369999999999999,1,0,Steps Up,True,"CII 55.4, TII 66.6","{'self_created': np.float64(40.48), 'pressure_appetite': np.float64(69.1), 'difficulty_embrace': np.float64(52.91), 'defensive_survival': np.float64(66.87), 'force_multiplication': np.float64(53.56)}","{'scaling_efficiency': np.float64(42.689459345381984), 'pressure_appetite': np.float64(76.04285714285712), 'creation_tools': np.float64(81.51666666666667), 'opportunity_response': np.float64(56.457142857142856), 'age_trajectory': np.int64(100)}",Medium
Denzel Valentine,2017-18,30.19,55.73,Role Player,Moderate Scaling,Developing Prospect,-0.011,0,1,Mixed,True,"Low CII 30.2, moderate TII 55.7","{'self_created': np.float64(25.87), 'pressure_appetite': np.float64(30.95), 'difficulty_embrace': np.float64(33.14), 'defensive_survival': np.float64(46.66), 'force_multiplication': np.float64(10.62)}","{'scaling_efficiency': np.float64(38.2971975131516), 'pressure_appetite': np.float64(49.16862745098039), 'creation_tools': np.float64(74.0), 'opportunity_response': np.float64(54.31428571428572), 'age_trajectory': np.float64(90.0)}",Medium
Derrick Favors,2017-18,20.55,47.72,Role Player,Limited Scaling,Role Player,-0.02799999999999993,0,3,Hides,True,"Low CII 20.6, low TII 47.7","{'self_created': np.float64(1.62), 'pressure_appetite': np.float64(30.53), 'difficulty_embrace': np.float64(11.8), 'defensive_survival': np.float64(51.71), 'force_multiplication': np.float64(23.13)}","{'scaling_efficiency': np.float64(24.325680499665264), 'pressure_appetite': np.float64(59.075506445672225), 'creation_tools': np.float64(28.40640973813053), 'opportunity_response': np.float64(80.9), 'age_trajectory': np.float64(78.33)}",Medium
Devin Booker,2017-18,67.53,74.91,Luxury Amplifier,High Scaling,Latent Engine,0.006999999999999934,2,1,Mixed,True,"CII 67.5, TII 74.9: High potential (limited career data)","{'self_created': np.float64(65.11), 'pressure_appetite': np.float64(74.6), 'difficulty_embrace': np.float64(69.87), 'defensive_survival': np.float64(62.48), 'force_multiplication': np.float64(59.98)}","{'scaling_efficiency': np.float64(59.10120633707855), 'pressure_appetite': np.float64(69.72358803986708), 'creation_tools': np.float64(90.2), 'opportunity_response': np.float64(78.07142857142857), 'age_trajectory': np.int64(100)}",Medium
Devin Harris,2017-18,22.17,33.26,Role Player,Low Scaling,Role Player,-0.04833333333333334,0,3,Hides,False,"Low CII 22.2, low TII 33.3","{'self_created': np.float64(22.42), 'pressure_appetite': np.float64(18.3), 'difficulty_embrace': np.float64(12.74), 'defensive_survival': np.float64(46.95), 'force_multiplication': np.float64(12.81)}","{'scaling_efficiency': np.float64(29.244019533369496), 'pressure_appetite': np.float64(21.200000000000003), 'creation_tools': np.float64(38.52462073589808), 'opportunity_response': np.float64(63.199999999999996), 'age_trajectory': np.int64(20)}",Medium
Dewayne Dedmon,2017-18,22.04,48.81,Role Player,Limited Scaling,Role Player,-0.0435,1,1,Hides,True,"Low CII 22.0, low TII 48.8","{'self_created': np.float64(0.79), 'pressure_appetite': np.float64(37.58), 'difficulty_embrace': np.float64(15.2), 'defensive_survival': np.float64(53.0), 'force_multiplication': np.float64(14.15)}","{'scaling_efficiency': np.float64(23.554121359489546), 'pressure_appetite': np.float64(67.6843373493976), 'creation_tools': np.float64(33.11868939171319), 'opportunity_response': np.float64(77.97714285714285), 'age_trajectory': np.float64(64.99000000000001)}",Medium
Dillon Brooks,2017-18,21.38,42.7,Role Player,Limited Scaling,Role Player,-0.0669999999999999,0,1,Hides,True,"Low CII 21.4, low TII 42.7","{'self_created': np.float64(20.28), 'pressure_appetite': np.float64(12.83), 'difficulty_embrace': np.float64(23.3), 'defensive_survival': np.float64(39.11), 'force_multiplication': np.float64(15.66)}","{'scaling_efficiency': np.float64(32.288004459308816), 'pressure_appetite': np.float64(13.200000000000038), 'creation_tools': np.float64(56.845899611170026), 'opportunity_response': np.float64(55.599999999999994), 'age_trajectory': np.int64(100)}",Medium
Dion Waiters,2017-18,53.91,64.32,Fragile Star,Moderate Scaling,Strong Creator,0.005333333333333333,2,1,Mixed,True,"CII 53.9, TII 64.3","{'self_created': np.float64(32.16), 'pressure_appetite': np.float64(81.17), 'difficulty_embrace': np.float64(39.44), 'defensive_survival': np.float64(79.18), 'force_multiplication': np.float64(42.01)}","{'scaling_efficiency': np.float64(32.47916666666667), 'pressure_appetite': np.float64(92.45999999999998), 'creation_tools': np.float64(75.21666666666667), 'opportunity_response': np.float64(57.22857142857143), 'age_trajectory': np.float64(78.33)}",Medium
Dirk Nowitzki,2017-18,17.72,37.53,Role Player,Limited Scaling,Role Player,-0.028999999999999998,1,2,Hides,True,"Low CII 17.7, low TII 37.5","{'self_created': np.float64(7.3), 'pressure_appetite': np.float64(12.0), 'difficulty_embrace': np.float64(39.77), 'defensive_survival': np.float64(22.05), 'force_multiplication': np.float64(12.7)}","{'scaling_efficiency': np.float64(33.4882833138022), 'pressure_appetite': np.float64(5.200000000000005), 'creation_tools': np.float64(69.81041385790742), 'opportunity_response': np.float64(68.17142857142858), 'age_trajectory': np.int64(20)}",Medium
Domantas Sabonis,2017-18,18.71,38.05,Role Player,Limited Scaling,Role Player,-0.0459999999999999,0,1,Hides,True,"Low CII 18.7, low TII 38.0","{'self_created': np.float64(5.98), 'pressure_appetite': np.float64(23.44), 'difficulty_embrace': np.float64(12.0), 'defensive_survival': np.float64(38.58), 'force_multiplication': np.float64(28.7)}","{'scaling_efficiency': np.float64(22.808969096175083), 'pressure_appetite': np.float64(21.600000000000037), 'creation_tools': np.float64(28.03041562191323), 'opportunity_response': np.float64(68.0), 'age_trajectory': np.int64(100)}",Medium
Donovan Mitchell,2017-18,67.57,69.77,Luxury Amplifier,High Scaling,Strong Creator,0.141,1,0,Steps Up,True,CII 67.6: Good creation (limited career data),"{'self_created': np.float64(57.86), 'pressure_appetite': np.float64(90.0), 'difficulty_embrace': np.float64(52.46), 'defensive_survival': np.float64(76.1), 'force_multiplication': np.float64(58.05)}","{'scaling_efficiency': np.float64(46.522117908439824), 'pressure_appetite': np.float64(89.1), 'creation_tools': np.float64(72.98333333333333), 'opportunity_response': np.float64(59.62857142857143), 'age_trajectory': np.int64(100)}",Medium
Dorian Finney-Smith,2017-18,10.25,33.55,Role Player,Low Scaling,Role Player,-0.02449999999999995,0,2,Hides,False,"Low CII 10.2, low TII 33.5","{'self_created': np.float64(3.62), 'pressure_appetite': np.float64(14.83), 'difficulty_embrace': np.float64(11.24), 'defensive_survival': np.float64(19.04), 'force_multiplication': np.float64(3.5)}","{'scaling_efficiency': np.float64(3.8886786786786773), 'pressure_appetite': np.float64(40.250000000000036), 'creation_tools': np.float64(32.144308943089435), 'opportunity_response': np.float64(49.25714285714285), 'age_trajectory': np.float64(85.0)}",Medium
Doug McDermott,2017-18,11.12,34.97,Role Player,Low Scaling,Role Player,-0.06449999999999995,0,2,Hides,False,"Low CII 11.1, low TII 35.0","{'self_created': np.float64(2.36), 'pressure_appetite': np.float64(10.0), 'difficulty_embrace': np.float64(12.47), 'defensive_survival': np.float64(34.62), 'force_multiplication': np.float64(2.3)}","{'scaling_efficiency': np.float64(19.59035421166306), 'pressure_appetite': np.float64(18.400000000000038), 'creation_tools': np.float64(34.04430894308943), 'opportunity_response': np.float64(65.68571428571428), 'age_trajectory': np.float64(78.33)}",Medium
Dragan Bender,2017-18,15.33,39.22,Role Player,Limited Scaling,Role Player,0.009,1,0,Mixed,False,"Low CII 15.3, low TII 39.2","{'self_created': np.float64(1.23), 'pressure_appetite': np.float64(34.99), 'difficulty_embrace': np.float64(1.89), 'defensive_survival': np.float64(34.65), 'force_multiplication': np.float64(6.36)}","{'scaling_efficiency': np.float64(7.370969341161123), 'pressure_appetite': np.float64(64.12), 'creation_tools': np.float64(15.458943089430894), 'opportunity_response': np.float64(52.599999999999994), 'age_trajectory': np.int64(100)}",Medium
Draymond Green,2017-18,18.96,41.61,Role Player,Limited Scaling,Role Player,0.009999999999999966,2,1,Mixed,False,"Low CII 19.0, low TII 41.6","{'self_created': np.float64(5.88), 'pressure_appetite': np.float64(31.62), 'difficulty_embrace': np.float64(9.56), 'defensive_survival': np.float64(30.6), 'force_multiplication': np.float64(27.91)}","{'scaling_efficiency': np.float64(17.677319727891163), 'pressure_appetite': np.float64(50.035714285714285), 'creation_tools': np.float64(37.701761517615175), 'opportunity_response': np.float64(65.02857142857144), 'age_trajectory': np.float64(64.99000000000001)}",Medium
Dwayne Bacon,2017-18,20.08,40.8,Role Player,Limited Scaling,Role Player,-0.089,0,1,Hides,True,"Low CII 20.1, low TII 40.8","{'self_created': np.float64(9.99), 'pressure_appetite': np.float64(10.0), 'difficulty_embrace': np.float64(38.57), 'defensive_survival': np.float64(37.44), 'force_multiplication': np.float64(12.55)}","{'scaling_efficiency': np.float64(35.13333333333333), 'pressure_appetite': np.float64(4.400000000000004), 'creation_tools': np.float64(63.883208255159474), 'opportunity_response': np.float64(42.57142857142857), 'age_trajectory': np.int64(100)}",Medium
Dwight Howard,2017-18,23.71,28.33,Role Player,Low Scaling,Fragile Star,-0.06366666666666661,0,3,Hides,False,"Fragile Star: high usage (23.8%), low CII (23.7), extreme hiding (-0.064), no creation tools","{'self_created': np.float64(23.39), 'pressure_appetite': np.float64(21.17), 'difficulty_embrace': np.float64(6.6), 'defensive_survival': np.float64(29.64), 'force_multiplication': np.float64(56.34)}","{'scaling_efficiency': np.float64(19.82380198928206), 'pressure_appetite': np.float64(11.60000000000004), 'creation_tools': np.float64(21.72314681970349), 'opportunity_response': np.float64(77.55714285714285), 'age_trajectory': np.float64(35.0)}",Medium
Dwight Powell,2017-18,9.67,31.06,Role Player,Low Scaling,Role Player,-0.09549999999999995,0,2,Hides,False,"Low CII 9.7, low TII 31.1","{'self_created': np.float64(0.82), 'pressure_appetite': np.float64(10.0), 'difficulty_embrace': np.float64(5.59), 'defensive_survival': np.float64(33.0), 'force_multiplication': np.float64(8.58)}","{'scaling_efficiency': np.float64(18.92308350594665), 'pressure_appetite': np.float64(6.000000000000045), 'creation_tools': np.float64(18.765129489043233), 'opportunity_response': np.float64(81.98857142857142), 'age_trajectory': np.float64(78.33)}",Medium
Dwyane Wade,2017-18,37.81,41.92,Role Player,Limited Scaling,Role Player,0.017666666666666633,1,2,Steps Up,True,"Low CII 37.8, low TII 41.9","{'self_created': np.float64(32.76), 'pressure_appetite': np.float64(31.91), 'difficulty_embrace': np.float64(41.86), 'defensive_survival': np.float64(47.27), 'force_multiplication': np.float64(45.45)}","{'scaling_efficiency': np.float64(36.84348652943184), 'pressure_appetite': np.float64(22.0), 'creation_tools': np.float64(78.85463511806432), 'opportunity_response': np.float64(50.62857142857143), 'age_trajectory': np.int64(20)}",Medium
E'Twaun Moore,2017-18,16.28,42.97,Role Player,Limited Scaling,Role Player,-0.04900000000000001,0,3,Hides,False,"Low CII 16.3, low TII 43.0","{'self_created': np.float64(13.19), 'pressure_appetite': np.float64(11.83), 'difficulty_embrace': np.float64(17.94), 'defensive_survival': np.float64(34.18), 'force_multiplication': np.float64(6.48)}","{'scaling_efficiency': np.float64(30.25481856540084), 'pressure_appetite': np.float64(21.200000000000003), 'creation_tools': np.float64(51.4839302253782), 'opportunity_response': np.float64(84.2), 'age_trajectory': np.float64(56.67)}",Medium
Elfrid Payton,2017-18,36.46,54.62,Role Player,Moderate Scaling,Role Player,0.00033333333333333365,1,2,Mixed,False,"Low CII 36.5, low TII 54.6","{'self_created': np.float64(42.8), 'pressure_appetite': np.float64(29.97), 'difficulty_embrace': np.float64(23.56), 'defensive_survival': np.float64(49.34), 'force_multiplication': np.float64(40.18)}","{'scaling_efficiency': np.float64(37.177956289895484), 'pressure_appetite': np.float64(53.44075829383886), 'creation_tools': np.float64(63.82746695950372), 'opportunity_response': np.float64(55.599999999999994), 'age_trajectory': np.float64(90.0)}",Medium
Enes Freedom,2017-18,24.82,37.05,Role Player,Limited Scaling,Role Player,-0.08199999999999995,0,2,Hides,False,"Low CII 24.8, low TII 37.0","{'self_created': np.float64(38.12), 'pressure_appetite': np.float64(19.83), 'difficulty_embrace': np.float64(6.4), 'defensive_survival': np.float64(20.2), 'force_multiplication': np.float64(41.19)}","{'scaling_efficiency': np.float64(24.15284705386318), 'pressure_appetite': np.float64(18.80000000000004), 'creation_tools': np.float64(21.614235312164443), 'opportunity_response': np.float64(86.3257142857143), 'age_trajectory': np.float64(78.33)}",Medium
Eric Bledsoe,2017-18,58.0,74.17,Luxury Amplifier,High Scaling,Latent Engine,0.04766666666666657,3,0,Steps Up,True,"Medium CII 58.0, high TII 74.2, has tools","{'self_created': np.float64(59.15), 'pressure_appetite': np.float64(68.8), 'difficulty_embrace': np.float64(40.87), 'defensive_survival': np.float64(64.86), 'force_multiplication': np.float64(51.54)}","{'scaling_efficiency': np.float64(68.29516969019099), 'pressure_appetite': np.float64(78.54330708661415), 'creation_tools': np.float64(76.88778567313233), 'opportunity_response': np.float64(81.10571428571428), 'age_trajectory': np.float64(64.99000000000001)}",Medium
Eric Gordon,2017-18,24.36,41.41,Role Player,Limited Scaling,Fragile Star,-0.05833333333333333,0,3,Hides,False,"Fragile Star: high usage (23.8%), low CII (24.4), extreme hiding (-0.058), no creation tools","{'self_created': np.float64(32.16), 'pressure_appetite': np.float64(17.17), 'difficulty_embrace': np.float64(23.79), 'defensive_survival': np.float64(24.31), 'force_multiplication': np.float64(20.13)}","{'scaling_efficiency': np.float64(44.71312096185177), 'pressure_appetite': np.float64(2.0000000000000018), 'creation_tools': np.float64(50.478455284552844), 'opportunity_response': np.float64(78.24285714285713), 'age_trajectory': np.float64(56.67)}",Medium
Ersan Ilyasova,2017-18,17.17,31.08,Role Player,Low Scaling,Role Player,-0.042499999999999954,0,2,Hides,True,"Low CII 17.2, low TII 31.1","{'self_created': np.float64(3.34), 'pressure_appetite': np.float64(18.06), 'difficulty_embrace': np.float64(17.81), 'defensive_survival': np.float64(46.41), 'force_multiplication': np.float64(11.28)}","{'scaling_efficiency': np.float64(15.323537057033482), 'pressure_appetite': np.float64(23.200000000000003), 'creation_tools': np.float64(39.53341552267982), 'opportunity_response': np.float64(58.51428571428572), 'age_trajectory': np.float64(40.01)}",Medium
Evan Fournier,2017-18,45.26,67.45,Fragile Star,High Scaling,Strong Creator,0.03466666666666663,2,1,Steps Up,True,"CII 45.3, TII 67.5","{'self_created': np.float64(27.09), 'pressure_appetite': np.float64(74.83), 'difficulty_embrace': np.float64(29.39), 'defensive_survival': np.float64(58.91), 'force_multiplication': np.float64(37.11)}","{'scaling_efficiency': np.float64(46.14106519113962), 'pressure_appetite': np.float64(82.64513274336282), 'creation_tools': np.float64(62.92598388373264), 'opportunity_response': np.float64(79.1), 'age_trajectory': np.float64(85.0)}",Medium
Evan Turner,2017-18,32.9,53.8,Role Player,Moderate Scaling,Role Player,-0.03699999999999993,0,3,Hides,True,"Low CII 32.9, low TII 53.8","{'self_created': np.float64(37.01), 'pressure_appetite': np.float64(22.66), 'difficulty_embrace': np.float64(45.09), 'defensive_survival': np.float64(33.55), 'force_multiplication': np.float64(20.82)}","{'scaling_efficiency': np.float64(44.93333333333334), 'pressure_appetite': np.float64(44.98039215686278), 'creation_tools': np.float64(77.25), 'opportunity_response': np.float64(53.028571428571425), 'age_trajectory': np.float64(56.67)}",Medium
Frank Kaminsky,2017-18,17.4,32.88,Role Player,Low Scaling,Role Player,-0.05166666666666663,0,3,Hides,False,"Low CII 17.4, low TII 32.9","{'self_created': np.float64(14.43), 'pressure_appetite': np.float64(12.17), 'difficulty_embrace': np.float64(16.47), 'defensive_survival': np.float64(32.96), 'force_multiplication': np.float64(17.87)}","{'scaling_efficiency': np.float64(17.560920861316905), 'pressure_appetite': np.float64(4.400000000000004), 'creation_tools': np.float64(51.88495532480077), 'opportunity_response': np.float64(50.885714285714286), 'age_trajectory': np.float64(85.0)}",Medium
Frank Mason III,2017-18,27.47,47.53,Role Player,Limited Scaling,Role Player,-0.083,0,1,Hides,True,"Low CII 27.5, low TII 47.5","{'self_created': np.float64(29.86), 'pressure_appetite': np.float64(17.17), 'difficulty_embrace': np.float64(35.34), 'defensive_survival': np.float64(33.2), 'force_multiplication': np.float64(21.72)}","{'scaling_efficiency': np.float64(45.53333333333333), 'pressure_appetite': np.float64(6.800000000000002), 'creation_tools': np.float64(80.45947550183466), 'opportunity_response': np.float64(47.199999999999996), 'age_trajectory': np.float64(90.0)}",Medium
Frank Ntilikina,2017-18,36.6,65.4,Role Player,High Scaling,Developing Prospect,0.0219999999999999,1,0,Steps Up,True,"Low CII 36.6, moderate TII 65.4","{'self_created': np.float64(16.24), 'pressure_appetite': np.float64(47.62), 'difficulty_embrace': np.float64(43.79), 'defensive_survival': np.float64(58.29), 'force_multiplication': np.float64(23.2)}","{'scaling_efficiency': np.float64(41.46987951807229), 'pressure_appetite': np.float64(77.05060240963853), 'creation_tools': np.float64(81.17756391419336), 'opportunity_response': np.float64(49.77142857142857), 'age_trajectory': np.int64(100)}",Medium
Fred VanVleet,2017-18,23.63,42.62,Role Player,Limited Scaling,Role Player,-0.0519999999999999,0,1,Hides,False,"Low CII 23.6, low TII 42.6","{'self_created': np.float64(31.59), 'pressure_appetite': np.float64(16.0), 'difficulty_embrace': np.float64(11.36), 'defensive_survival': np.float64(35.3), 'force_multiplication': np.float64(25.84)}","{'scaling_efficiency': np.float64(38.488409945170524), 'pressure_appetite': np.float64(19.20000000000004), 'creation_tools': np.float64(45.741221241999654), 'opportunity_response': np.float64(54.14285714285714), 'age_trajectory': np.float64(90.0)}",Medium
Garrett Temple,2017-18,27.83,49.67,Role Player,Limited Scaling,Role Player,-0.021,0,3,Hides,True,"Low CII 27.8, low TII 49.7","{'self_created': np.float64(21.17), 'pressure_appetite': np.float64(26.33), 'difficulty_embrace': np.float64(31.97), 'defensive_survival': np.float64(50.16), 'force_multiplication': np.float64(9.76)}","{'scaling_efficiency': np.float64(36.64012411347518), 'pressure_appetite': np.float64(54.86666666666666), 'creation_tools': np.float64(68.1219512195122), 'opportunity_response': np.float64(52.25714285714285), 'age_trajectory': np.float64(35.0)}",Medium
Gary Harris,2017-18,31.05,63.3,Role Player,Moderate Scaling,Developing Prospect,-0.03099999999999993,0,3,Hides,True,"Low CII 31.1, moderate TII 63.3","{'self_created': np.float64(27.98), 'pressure_appetite': np.float64(30.35), 'difficulty_embrace': np.float64(29.7), 'defensive_survival': np.float64(47.49), 'force_multiplication': np.float64(20.05)}","{'scaling_efficiency': np.float64(53.20848022485444), 'pressure_appetite': np.float64(47.03921568627454), 'creation_tools': np.float64(67.03660927785748), 'opportunity_response': np.float64(84.5), 'age_trajectory': np.float64(95.0)}",Medium
George Hill,2017-18,42.9,70.76,Fragile Star,High Scaling,Strong Creator,-0.019333333333333338,1,2,Mixed,True,"Low CII 42.9 but high TII 70.8, has tools (Age 32 > 25, reclassified from Developing Star)","{'self_created': np.float64(44.11), 'pressure_appetite': np.float64(47.57), 'difficulty_embrace': np.float64(29.89), 'defensive_survival': np.float64(61.71), 'force_multiplication': np.float64(25.38)}","{'scaling_efficiency': np.float64(70.01048554063979), 'pressure_appetite': np.float64(77.45714285714283), 'creation_tools': np.float64(80.11601272534465), 'opportunity_response': np.float64(72.45714285714286), 'age_trajectory': np.float64(35.0)}",Medium
Gerald Green,2017-18,22.9,36.69,Role Player,Limited Scaling,Role Player,-0.07299999999999995,0,2,Hides,False,"Low CII 22.9, low TII 36.7","{'self_created': np.float64(23.75), 'pressure_appetite': np.float64(14.67), 'difficulty_embrace': np.float64(25.6), 'defensive_survival': np.float64(41.77), 'force_multiplication': np.float64(7.18)}","{'scaling_efficiency': np.float64(34.93305867750713), 'pressure_appetite': np.float64(3.600000000000003), 'creation_tools': np.float64(59.18375097449604), 'opportunity_response': np.float64(66.45714285714286), 'age_trajectory': np.float64(35.0)}",Medium
Giannis Antetokounmpo,2017-18,53.22,63.69,Fragile Star,Moderate Scaling,Strong Creator,-0.02333333333333333,1,2,Hides,True,"CII 53.2, TII 63.7","{'self_created': np.float64(61.5), 'pressure_appetite': np.float64(44.65), 'difficulty_embrace': np.float64(42.3), 'defensive_survival': np.float64(54.02), 'force_multiplication': np.float64(70.4)}","{'scaling_efficiency': np.float64(67.32646513382679), 'pressure_appetite': np.float64(23.600000000000037), 'creation_tools': np.float64(75.95581552395329), 'opportunity_response': np.float64(86.0), 'age_trajectory': np.float64(95.0)}",Medium
Goran Dragic,2017-18,44.11,51.32,Fragile Star,Moderate Scaling,Role Player,-0.046999999999999965,1,2,Hides,True,"Low CII 44.1, low TII 51.3","{'self_created': np.float64(50.79), 'pressure_appetite': np.float64(32.51), 'difficulty_embrace': np.float64(44.63), 'defensive_survival': np.float64(51.77), 'force_multiplication': np.float64(40.58)}","{'scaling_efficiency': np.float64(54.4141889483066), 'pressure_appetite': np.float64(22.800000000000004), 'creation_tools': np.float64(85.34837398373983), 'opportunity_response': np.float64(58.17142857142857), 'age_trajectory': np.float64(35.0)}",Medium
Greg Monroe,2017-18,21.19,28.81,Role Player,Low Scaling,Role Player,-0.07199999999999997,0,3,Hides,False,"Low CII 21.2, low TII 28.8","{'self_created': np.float64(32.14), 'pressure_appetite': np.float64(11.0), 'difficulty_embrace': np.float64(5.0), 'defensive_survival': np.float64(29.39), 'force_multiplication': np.float64(33.93)}","{'scaling_efficiency': np.float64(21.29959633027523), 'pressure_appetite': np.float64(0.0), 'creation_tools': np.float64(18.67756395912583), 'opportunity_response': np.float64(81.23428571428572), 'age_trajectory': np.float64(64.99000000000001)}",Medium
Harrison Barnes,2017-18,52.74,63.88,Fragile Star,Moderate Scaling,Strong Creator,0.013999999999999966,2,1,Steps Up,True,"CII 52.7, TII 63.9","{'self_created': np.float64(41.27), 'pressure_appetite': np.float64(70.39), 'difficulty_embrace': np.float64(42.06), 'defensive_survival': np.float64(60.33), 'force_multiplication': np.float64(53.0)}","{'scaling_efficiency': np.float64(38.201273842814814), 'pressure_appetite': np.float64(76.22955465587043), 'creation_tools': np.float64(82.4), 'opportunity_response': np.float64(60.31428571428572), 'age_trajectory': np.float64(78.33)}",Medium
Ian Clark,2017-18,19.83,37.69,Role Player,Limited Scaling,Role Player,-0.125,0,1,Hides,True,"Low CII 19.8, low TII 37.7","{'self_created': np.float64(20.08), 'pressure_appetite': np.float64(10.0), 'difficulty_embrace': np.float64(28.3), 'defensive_survival': np.float64(34.26), 'force_multiplication': np.float64(5.03)}","{'scaling_efficiency': np.float64(36.47753879079722), 'pressure_appetite': np.float64(0.0), 'creation_tools': np.float64(61.9869918699187), 'opportunity_response': np.float64(47.885714285714286), 'age_trajectory': np.float64(71.66)}",Medium
Isaiah Canaan,2017-18,36.92,60.11,Role Player,Moderate Scaling,Role Player,-0.016499999999999952,0,2,Mixed,False,"Low CII 36.9, moderate TII 60.1 (Age 27 > 25, reclassified from Developing Prospect)","{'self_created': np.float64(41.15), 'pressure_appetite': np.float64(35.25), 'difficulty_embrace': np.float64(22.13), 'defensive_survival': np.float64(57.99), 'force_multiplication': np.float64(26.37)}","{'scaling_efficiency': np.float64(60.88000000000001), 'pressure_appetite': np.float64(61.30742659758204), 'creation_tools': np.float64(59.94502085176292), 'opportunity_response': np.float64(49.08571428571429), 'age_trajectory': np.float64(71.66)}",Medium
Isaiah Taylor,2017-18,25.52,42.88,Role Player,Limited Scaling,Role Player,-0.007,0,1,Mixed,False,"Low CII 25.5, low TII 42.9","{'self_created': np.float64(23.68), 'pressure_appetite': np.float64(37.51), 'difficulty_embrace': np.float64(11.16), 'defensive_survival': np.float64(26.27), 'force_multiplication': np.float64(28.71)}","{'scaling_efficiency': np.float64(19.253333333333337), 'pressure_appetite': np.float64(51.02051282051282), 'creation_tools': np.float64(39.789899937460916), 'opportunity_response': np.float64(45.91428571428571), 'age_trajectory': np.float64(95.0)}",Medium
Isaiah Thomas,2017-18,55.68,61.9,Luxury Amplifier,Moderate Scaling,Strong Creator,0.06499999999999996,3,0,Steps Up,True,"CII 55.7, TII 61.9","{'self_created': np.float64(44.49), 'pressure_appetite': np.float64(72.0), 'difficulty_embrace': np.float64(50.46), 'defensive_survival': np.float64(65.72), 'force_multiplication': np.float64(43.81)}","{'scaling_efficiency': np.float64(39.70958655641505), 'pressure_appetite': np.float64(78.5333333333333), 'creation_tools': np.float64(82.88333333333333), 'opportunity_response': np.float64(54.05714285714286), 'age_trajectory': np.float64(56.67)}",Medium
Ish Smith,2017-18,40.73,58.96,Fragile Star,Moderate Scaling,Role Player,0.01466666666666667,1,2,Steps Up,True,"Low CII 40.7, moderate TII 59.0 (Age 29 > 25, reclassified from Developing Prospect)","{'self_created': np.float64(48.05), 'pressure_appetite': np.float64(28.3), 'difficulty_embrace': np.float64(52.31), 'defensive_survival': np.float64(38.66), 'force_multiplication': np.float64(29.79)}","{'scaling_efficiency': np.float64(56.2), 'pressure_appetite': np.float64(41.33990147783251), 'creation_tools': np.float64(91.25), 'opportunity_response': np.float64(52.34285714285714), 'age_trajectory': np.float64(56.67)}",Medium
J.J. Barea,2017-18,42.23,50.74,Fragile Star,Moderate Scaling,Role Player,-0.02133333333333327,1,2,Hides,False,"Low CII 42.2, low TII 50.7","{'self_created': np.float64(52.87), 'pressure_appetite': np.float64(30.64), 'difficulty_embrace': np.float64(43.3), 'defensive_survival': np.float64(46.15), 'force_multiplication': np.float64(31.23)}","{'scaling_efficiency': np.float64(66.22203484594347), 'pressure_appetite': np.float64(22.400000000000038), 'creation_tools': np.float64(75.67775770350296), 'opportunity_response': np.float64(50.885714285714286), 'age_trajectory': np.float64(25.0)}",Medium
JJ Redick,2017-18,37.31,61.84,Role Player,Moderate Scaling,Role Player,-0.04166666666666663,0,3,Hides,True,"Low CII 37.3, moderate TII 61.8 (Age 34 > 25, reclassified from Developing Prospect)","{'self_created': np.float64(21.01), 'pressure_appetite': np.float64(40.38), 'difficulty_embrace': np.float64(52.0), 'defensive_survival': np.float64(58.04), 'force_multiplication': np.float64(18.07)}","{'scaling_efficiency': np.float64(52.67486330115041), 'pressure_appetite': np.float64(59.89644012944987), 'creation_tools': np.float64(74.95), 'opportunity_response': np.float64(90.47428571428571), 'age_trajectory': np.float64(25.0)}",Medium
JR Smith,2017-18,17.48,40.52,Role Player,Limited Scaling,Role Player,-0.052999999999999936,0,3,Hides,True,"Low CII 17.5, low TII 40.5","{'self_created': np.float64(16.98), 'pressure_appetite': np.float64(10.0), 'difficulty_embrace': np.float64(25.66), 'defensive_survival': np.float64(29.89), 'force_multiplication': np.float64(2.7)}","{'scaling_efficiency': np.float64(34.65868640699524), 'pressure_appetite': np.float64(21.6), 'creation_tools': np.float64(64.8202056432329), 'opportunity_response': np.float64(55.08571428571429), 'age_trajectory': np.float64(35.0)}",Medium
JaMychal Green,2017-18,12.0,28.15,Role Player,Low Scaling,Role Player,-0.02749999999999995,1,1,Hides,True,"Low CII 12.0, low TII 28.1","{'self_created': np.float64(9.18), 'pressure_appetite': np.float64(12.33), 'difficulty_embrace': np.float64(14.0), 'defensive_survival': np.float64(16.07), 'force_multiplication': np.float64(9.56)}","{'scaling_efficiency': np.float64(10.7471871367687), 'pressure_appetite': np.float64(14.40000000000004), 'creation_tools': np.float64(32.89444596693158), 'opportunity_response': np.float64(55.0), 'age_trajectory': np.float64(64.99000000000001)}",Medium
Jabari Parker,2017-18,19.52,42.47,Role Player,Limited Scaling,Fragile Star,-0.07799999999999997,0,3,Hides,True,"Fragile Star: high usage (22.8%), low CII (19.5), extreme hiding (-0.078)","{'self_created': np.float64(20.26), 'pressure_appetite': np.float64(11.17), 'difficulty_embrace': np.float64(29.33), 'defensive_survival': np.float64(21.82), 'force_multiplication': np.float64(15.14)}","{'scaling_efficiency': np.float64(37.68569778355355), 'pressure_appetite': np.float64(0.0), 'creation_tools': np.float64(67.4107759235487), 'opportunity_response': np.float64(54.57142857142857), 'age_trajectory': np.float64(95.0)}",Medium
Jae Crowder,2017-18,12.91,29.18,Role Player,Low Scaling,Role Player,-0.04966666666666664,0,3,Hides,False,"Low CII 12.9, low TII 29.2","{'self_created': np.float64(5.21), 'pressure_appetite': np.float64(10.0), 'difficulty_embrace': np.float64(16.8), 'defensive_survival': np.float64(34.69), 'force_multiplication': np.float64(2.86)}","{'scaling_efficiency': np.float64(10.909254667291204), 'pressure_appetite': np.float64(9.200000000000003), 'creation_tools': np.float64(42.18826911050176), 'opportunity_response': np.float64(53.371428571428574), 'age_trajectory': np.float64(71.66)}",Medium
Jakob Poeltl,2017-18,20.29,46.1,Role Player,Limited Scaling,Role Player,0.002,1,0,Mixed,False,"Low CII 20.3, low TII 46.1","{'self_created': np.float64(8.46), 'pressure_appetite': np.float64(33.34), 'difficulty_embrace': np.float64(2.1), 'defensive_survival': np.float64(53.58), 'force_multiplication': np.float64(9.64)}","{'scaling_efficiency': np.float64(17.665954651409194), 'pressure_appetite': np.float64(67.23916083916083), 'creation_tools': np.float64(10.3), 'opportunity_response': np.float64(79.53714285714285), 'age_trajectory': np.int64(100)}",Medium
Jamal Crawford,2017-18,43.11,41.9,Fragile Star,Limited Scaling,Role Player,-0.02333333333333333,1,2,Hides,True,"Low CII 43.1, low TII 41.9","{'self_created': np.float64(43.16), 'pressure_appetite': np.float64(28.5), 'difficulty_embrace': np.float64(57.14), 'defensive_survival': np.float64(60.51), 'force_multiplication': np.float64(25.36)}","{'scaling_efficiency': np.float64(39.45325433187502), 'pressure_appetite': np.float64(22.800000000000004), 'creation_tools': np.float64(75.25), 'opportunity_response': np.float64(48.74285714285714), 'age_trajectory': np.int64(20)}",Medium
Jamal Murray,2017-18,46.07,73.73,Fragile Star,High Scaling,Latent Engine,0.025500000000000002,1,1,Steps Up,True,"Medium CII 46.1, high TII 73.7, has tools","{'self_created': np.float64(48.92), 'pressure_appetite': np.float64(40.27), 'difficulty_embrace': np.float64(44.4), 'defensive_survival': np.float64(61.37), 'force_multiplication': np.float64(32.44)}","{'scaling_efficiency': np.float64(67.39819876662833), 'pressure_appetite': np.float64(61.03139013452915), 'creation_tools': np.float64(82.25), 'opportunity_response': np.float64(78.67142857142858), 'age_trajectory': np.int64(100)}",Medium
Jameer Nelson,2017-18,26.56,53.52,Role Player,Moderate Scaling,Role Player,0.011000000000000001,2,1,Steps Up,True,"Low CII 26.6, low TII 53.5","{'self_created': np.float64(21.43), 'pressure_appetite': np.float64(20.28), 'difficulty_embrace': np.float64(33.26), 'defensive_survival': np.float64(48.26), 'force_multiplication': np.float64(11.69)}","{'scaling_efficiency': np.float64(47.0), 'pressure_appetite': np.float64(57.63503649635037), 'creation_tools': np.float64(78.75838525903507), 'opportunity_response': np.float64(48.400000000000006), 'age_trajectory': np.int64(20)}",Medium
James Ennis III,2017-18,14.35,34.92,Role Player,Low Scaling,Role Player,-0.0285,0,2,Hides,False,"Low CII 14.3, low TII 34.9","{'self_created': np.float64(4.41), 'pressure_appetite': np.float64(10.0), 'difficulty_embrace': np.float64(11.17), 'defensive_survival': np.float64(42.32), 'force_multiplication': np.float64(19.49)}","{'scaling_efficiency': np.float64(16.985347033675836), 'pressure_appetite': np.float64(18.000000000000004), 'creation_tools': np.float64(39.79176070865186), 'opportunity_response': np.float64(68.02571428571429), 'age_trajectory': np.float64(71.66)}",Medium
James Harden,2017-18,85.7,80.17,Franchise Engine,Elite Scaling,Franchise Engine,0.10599999999999998,3,0,Steps Up,True,CII 85.7 >= 74: Already elite creator,"{'self_created': np.float64(100.0), 'pressure_appetite': np.float64(90.0), 'difficulty_embrace': np.float64(73.8), 'defensive_survival': np.float64(71.12), 'force_multiplication': np.float64(77.75)}","{'scaling_efficiency': np.float64(84.31046932293393), 'pressure_appetite': np.float64(78.1957507082153), 'creation_tools': np.float64(79.63333333333333), 'opportunity_response': np.float64(86.0), 'age_trajectory': np.float64(64.99000000000001)}",Medium
James Johnson,2017-18,41.48,54.85,Fragile Star,Moderate Scaling,Role Player,0.019,1,0,Steps Up,False,"Low CII 41.5, low TII 54.9","{'self_created': np.float64(34.75), 'pressure_appetite': np.float64(57.82), 'difficulty_embrace': np.float64(17.03), 'defensive_survival': np.float64(62.77), 'force_multiplication': np.float64(37.78)}","{'scaling_efficiency': np.float64(34.57496720020991), 'pressure_appetite': np.float64(81.7081081081081), 'creation_tools': np.float64(47.90748187211602), 'opportunity_response': np.float64(69.8), 'age_trajectory': np.float64(40.01)}",Medium
Jarell Martin,2017-18,19.62,39.47,Role Player,Limited Scaling,Role Player,-0.02,0,1,Hides,True,"Low CII 19.6, low TII 39.5","{'self_created': np.float64(7.87), 'pressure_appetite': np.float64(25.86), 'difficulty_embrace': np.float64(20.9), 'defensive_survival': np.float64(29.33), 'force_multiplication': np.float64(22.19)}","{'scaling_efficiency': np.float64(10.215695466210438), 'pressure_appetite': np.float64(45.19047619047619), 'creation_tools': np.float64(42.69010840108401), 'opportunity_response': np.float64(50.457142857142856), 'age_trajectory': np.float64(90.0)}",Medium
Jarrett Allen,2017-18,18.83,45.35,Role Player,Limited Scaling,Role Player,0.0169999999999999,1,0,Steps Up,False,"Low CII 18.8, low TII 45.4","{'self_created': np.float64(0.42), 'pressure_appetite': np.float64(44.46), 'difficulty_embrace': np.float64(1.7), 'defensive_survival': np.float64(36.41), 'force_multiplication': np.float64(17.91)}","{'scaling_efficiency': np.float64(17.642122033341547), 'pressure_appetite': np.float64(63.498765432098736), 'creation_tools': np.float64(10.266666666666666), 'opportunity_response': np.float64(80.85714285714286), 'age_trajectory': np.int64(100)}",Medium
Jarrett Jack,2017-18,48.68,63.25,Fragile Star,Moderate Scaling,Strong Creator,0.04349999999999995,2,0,Steps Up,True,"CII 48.7, TII 63.2","{'self_created': np.float64(35.37), 'pressure_appetite': np.float64(63.0), 'difficulty_embrace': np.float64(53.31), 'defensive_survival': np.float64(56.54), 'force_multiplication': np.float64(31.75)}","{'scaling_efficiency': np.float64(50.13333333333333), 'pressure_appetite': np.float64(78.39999999999999), 'creation_tools': np.float64(91.25), 'opportunity_response': np.float64(52.42857142857143), 'age_trajectory': np.float64(25.0)}",Medium
Jaylen Brown,2017-18,18.85,36.98,Role Player,Limited Scaling,Role Player,-0.038999999999999944,1,1,Hides,False,"Low CII 18.9, low TII 37.0","{'self_created': np.float64(16.87), 'pressure_appetite': np.float64(14.17), 'difficulty_embrace': np.float64(13.84), 'defensive_survival': np.float64(33.81), 'force_multiplication': np.float64(24.08)}","{'scaling_efficiency': np.float64(22.210454255803374), 'pressure_appetite': np.float64(6.800000000000046), 'creation_tools': np.float64(38.09984365228267), 'opportunity_response': np.float64(73.31428571428572), 'age_trajectory': np.int64(100)}",Medium
Jayson Tatum,2017-18,40.03,69.68,Fragile Star,High Scaling,Developing Prospect,0.0139999999999999,1,0,Steps Up,True,"Low CII 40.0, moderate TII 69.7","{'self_created': np.float64(27.85), 'pressure_appetite': np.float64(47.04), 'difficulty_embrace': np.float64(31.7), 'defensive_survival': np.float64(66.92), 'force_multiplication': np.float64(35.35)}","{'scaling_efficiency': np.float64(51.53456022187004), 'pressure_appetite': np.float64(73.17499999999997), 'creation_tools': np.float64(67.17225609756098), 'opportunity_response': np.float64(83.25714285714285), 'age_trajectory': np.int64(100)}",Medium
Jeff Green,2017-18,18.16,31.89,Role Player,Low Scaling,Role Player,-0.051333333333333335,1,2,Hides,False,"Low CII 18.2, low TII 31.9","{'self_created': np.float64(20.07), 'pressure_appetite': np.float64(10.0), 'difficulty_embrace': np.float64(13.67), 'defensive_survival': np.float64(28.33), 'force_multiplication': np.float64(26.56)}","{'scaling_efficiency': np.float64(28.227442051648637), 'pressure_appetite': np.float64(1.6000000000000014), 'creation_tools': np.float64(37.69407359863072), 'opportunity_response': np.float64(76.56285714285714), 'age_trajectory': np.float64(40.01)}",Medium
Jeff Teague,2017-18,40.93,59.9,Fragile Star,Moderate Scaling,Role Player,-0.02,1,2,Hides,True,"Low CII 40.9, moderate TII 59.9 (Age 30 > 25, reclassified from Developing Prospect)","{'self_created': np.float64(60.25), 'pressure_appetite': np.float64(18.33), 'difficulty_embrace': np.float64(43.41), 'defensive_survival': np.float64(42.64), 'force_multiplication': np.float64(31.9)}","{'scaling_efficiency': np.float64(78.46666666666667), 'pressure_appetite': np.float64(19.600000000000005), 'creation_tools': np.float64(84.18333333333334), 'opportunity_response': np.float64(65.28571428571428), 'age_trajectory': np.float64(48.34)}",Medium
Jerami Grant,2017-18,12.09,34.03,Role Player,Low Scaling,Role Player,-0.0463333333333333,0,3,Hides,False,"Low CII 12.1, low TII 34.0","{'self_created': np.float64(6.2), 'pressure_appetite': np.float64(12.17), 'difficulty_embrace': np.float64(3.69), 'defensive_survival': np.float64(20.81), 'force_multiplication': np.float64(33.32)}","{'scaling_efficiency': np.float64(18.927462698791892), 'pressure_appetite': np.float64(20.8), 'creation_tools': np.float64(15.544521032166843), 'opportunity_response': np.float64(73.64), 'age_trajectory': np.float64(90.0)}",Medium
Jeremy Lamb,2017-18,39.19,61.29,Role Player,Moderate Scaling,Role Player,-0.0010000000000000495,1,1,Mixed,True,"Low CII 39.2, moderate TII 61.3 (Age 26 > 25, reclassified from Developing Prospect)","{'self_created': np.float64(41.67), 'pressure_appetite': np.float64(41.05), 'difficulty_embrace': np.float64(36.43), 'defensive_survival': np.float64(39.16), 'force_multiplication': np.float64(32.64)}","{'scaling_efficiency': np.float64(55.7174688057041), 'pressure_appetite': np.float64(50.263636363636365), 'creation_tools': np.float64(72.0830376940133), 'opportunity_response': np.float64(65.08571428571429), 'age_trajectory': np.float64(78.33)}",Medium
Jerian Grant,2017-18,43.5,66.98,Fragile Star,High Scaling,Developing Prospect,0.048,1,1,Steps Up,True,"Low CII 43.5, moderate TII 67.0","{'self_created': np.float64(43.72), 'pressure_appetite': np.float64(33.39), 'difficulty_embrace': np.float64(42.41), 'defensive_survival': np.float64(67.61), 'force_multiplication': np.float64(34.13)}","{'scaling_efficiency': np.float64(59.89333333333334), 'pressure_appetite': np.float64(62.93410852713182), 'creation_tools': np.float64(85.97095859330686), 'opportunity_response': np.float64(50.542857142857144), 'age_trajectory': np.float64(85.0)}",Medium
Jerryd Bayless,2017-18,17.03,38.58,Role Player,Limited Scaling,Role Player,-0.001,1,1,Mixed,False,"Low CII 17.0, low TII 38.6","{'self_created': np.float64(3.67), 'pressure_appetite': np.float64(33.82), 'difficulty_embrace': np.float64(12.46), 'defensive_survival': np.float64(28.57), 'force_multiplication': np.float64(6.93)}","{'scaling_efficiency': np.float64(10.713165680578513), 'pressure_appetite': np.float64(55.221917808219175), 'creation_tools': np.float64(41.00113041541374), 'opportunity_response': np.float64(51.31428571428572), 'age_trajectory': np.float64(56.67)}",Medium
Jimmy Butler III,2017-18,70.36,77.34,Strong Creator,High Scaling,Latent Engine,0.11499999999999998,3,0,Steps Up,True,"CII 70.4, TII 77.3: High potential (limited career data)","{'self_created': np.float64(66.78), 'pressure_appetite': np.float64(90.0), 'difficulty_embrace': np.float64(51.09), 'defensive_survival': np.float64(73.38), 'force_multiplication': np.float64(65.99)}","{'scaling_efficiency': np.float64(66.57723819454789), 'pressure_appetite': np.float64(86.0), 'creation_tools': np.float64(85.7), 'opportunity_response': np.float64(81.5), 'age_trajectory': np.float64(64.99000000000001)}",Medium
Jodie Meeks,2017-18,19.16,37.01,Role Player,Limited Scaling,Role Player,-0.0119999999999999,0,1,Mixed,False,"Low CII 19.2, low TII 37.0","{'self_created': np.float64(4.68), 'pressure_appetite': np.float64(32.14), 'difficulty_embrace': np.float64(17.21), 'defensive_survival': np.float64(35.16), 'force_multiplication': np.float64(10.08)}","{'scaling_efficiency': np.float64(16.719786035466104), 'pressure_appetite': np.float64(48.79329608938551), 'creation_tools': np.float64(42.25442385429441), 'opportunity_response': np.float64(43.42857142857143), 'age_trajectory': np.float64(48.34)}",Medium
Joe Harris,2017-18,17.78,50.99,Role Player,Moderate Scaling,Role Player,-0.0095,0,2,Mixed,False,"Low CII 17.8, low TII 51.0","{'self_created': np.float64(5.27), 'pressure_appetite': np.float64(33.55), 'difficulty_embrace': np.float64(7.81), 'defensive_survival': np.float64(31.59), 'force_multiplication': np.float64(15.15)}","{'scaling_efficiency': np.float64(32.76263868065967), 'pressure_appetite': np.float64(52.66459627329192), 'creation_tools': np.float64(36.43927182750088), 'opportunity_response': np.float64(85.85428571428572), 'age_trajectory': np.float64(78.33)}",Medium
Joe Ingles,2017-18,22.5,61.87,Role Player,Moderate Scaling,Role Player,-0.0423333333333333,0,3,Hides,False,"Low CII 22.5, moderate TII 61.9 (Age 30 > 25, reclassified from Developing Prospect)","{'self_created': np.float64(27.1), 'pressure_appetite': np.float64(22.21), 'difficulty_embrace': np.float64(17.4), 'defensive_survival': np.float64(31.21), 'force_multiplication': np.float64(6.57)}","{'scaling_efficiency': np.float64(68.81759849906192), 'pressure_appetite': np.float64(44.12820512820516), 'creation_tools': np.float64(58.07489055659788), 'opportunity_response': np.float64(91.60571428571428), 'age_trajectory': np.float64(48.34)}",Medium
Joel Embiid,2017-18,46.31,58.26,Fragile Star,Moderate Scaling,Strong Creator,0.04149999999999995,1,1,Steps Up,True,"CII 46.3, TII 58.3","{'self_created': np.float64(40.72), 'pressure_appetite': np.float64(51.48), 'difficulty_embrace': np.float64(35.16), 'defensive_survival': np.float64(47.4), 'force_multiplication': np.float64(70.78)}","{'scaling_efficiency': np.float64(58.76292239041034), 'pressure_appetite': np.float64(26.4), 'creation_tools': np.float64(69.22352796255235), 'opportunity_response': np.float64(74.55714285714285), 'age_trajectory': np.float64(90.0)}",Medium
John Collins,2017-18,21.59,48.39,Role Player,Limited Scaling,Role Player,0.001,1,0,Mixed,False,"Low CII 21.6, low TII 48.4","{'self_created': np.float64(6.31), 'pressure_appetite': np.float64(37.84), 'difficulty_embrace': np.float64(6.89), 'defensive_survival': np.float64(45.52), 'force_multiplication': np.float64(20.28)}","{'scaling_efficiency': np.float64(18.56489071526413), 'pressure_appetite': np.float64(62.54482758620689), 'creation_tools': np.float64(22.374866834875245), 'opportunity_response': np.float64(84.72285714285715), 'age_trajectory': np.int64(100)}",Medium
John Wall,2017-18,61.08,67.49,Luxury Amplifier,High Scaling,Strong Creator,0.057666666666666595,3,0,Steps Up,True,"CII 61.1, TII 67.5","{'self_created': np.float64(60.64), 'pressure_appetite': np.float64(69.23), 'difficulty_embrace': np.float64(59.71), 'defensive_survival': np.float64(60.95), 'force_multiplication': np.float64(44.94)}","{'scaling_efficiency': np.float64(55.501164930931324), 'pressure_appetite': np.float64(68.03345195729534), 'creation_tools': np.float64(87.98333333333333), 'opportunity_response': np.float64(60.48571428571428), 'age_trajectory': np.float64(71.66)}",Medium
Jonas Valančiūnas,2017-18,17.77,33.31,Role Player,Low Scaling,Fragile Star,-0.06933333333333334,0,3,Hides,False,"Fragile Star: high usage (22.2%), low CII (17.8), extreme hiding (-0.069), no creation tools","{'self_created': np.float64(18.43), 'pressure_appetite': np.float64(17.33), 'difficulty_embrace': np.float64(6.9), 'defensive_survival': np.float64(26.25), 'force_multiplication': np.float64(25.89)}","{'scaling_efficiency': np.float64(22.73761448084029), 'pressure_appetite': np.float64(8.800000000000004), 'creation_tools': np.float64(22.176246978686002), 'opportunity_response': np.float64(80.12), 'age_trajectory': np.float64(78.33)}",Medium
Jonathon Simmons,2017-18,31.66,49.18,Role Player,Limited Scaling,Role Player,-0.0404999999999999,0,2,Hides,True,"Low CII 31.7, low TII 49.2","{'self_created': np.float64(38.86), 'pressure_appetite': np.float64(19.67), 'difficulty_embrace': np.float64(26.1), 'defensive_survival': np.float64(42.31), 'force_multiplication': np.float64(35.22)}","{'scaling_efficiency': np.float64(55.348739952515814), 'pressure_appetite': np.float64(17.200000000000042), 'creation_tools': np.float64(62.23408016638306), 'opportunity_response': np.float64(62.2), 'age_trajectory': np.float64(64.99000000000001)}",Medium
Jordan Clarkson,2017-18,37.81,46.23,Role Player,Limited Scaling,Role Player,-0.0323333333333333,1,2,Hides,True,"Low CII 37.8, low TII 46.2","{'self_created': np.float64(43.49), 'pressure_appetite': np.float64(23.67), 'difficulty_embrace': np.float64(39.5), 'defensive_survival': np.float64(52.02), 'force_multiplication': np.float64(31.42)}","{'scaling_efficiency': np.float64(44.417209010993766), 'pressure_appetite': np.float64(11.600000000000005), 'creation_tools': np.float64(72.63399209486167), 'opportunity_response': np.float64(50.971428571428575), 'age_trajectory': np.float64(78.33)}",Medium
Josh Hart,2017-18,18.3,49.85,Role Player,Limited Scaling,Role Player,0.004,1,0,Mixed,False,"Low CII 18.3, low TII 49.9","{'self_created': np.float64(7.23), 'pressure_appetite': np.float64(32.97), 'difficulty_embrace': np.float64(8.63), 'defensive_survival': np.float64(28.54), 'force_multiplication': np.float64(18.8)}","{'scaling_efficiency': np.float64(28.8306432448835), 'pressure_appetite': np.float64(56.60451127819549), 'creation_tools': np.float64(30.45436456996149), 'opportunity_response': np.float64(76.37428571428572), 'age_trajectory': np.float64(95.0)}",Medium
Josh Jackson,2017-18,21.7,36.46,Role Player,Limited Scaling,Role Player,-0.125,0,1,Hides,True,"Low CII 21.7, low TII 36.5","{'self_created': np.float64(22.63), 'pressure_appetite': np.float64(14.67), 'difficulty_embrace': np.float64(26.71), 'defensive_survival': np.float64(17.71), 'force_multiplication': np.float64(32.43)}","{'scaling_efficiency': np.float64(23.44165500924769), 'pressure_appetite': np.float64(0.0), 'creation_tools': np.float64(57.576488640380475), 'opportunity_response': np.float64(52.77142857142857), 'age_trajectory': np.int64(100)}",Medium
Josh Richardson,2017-18,32.17,62.94,Role Player,Moderate Scaling,Developing Prospect,-0.049333333333333305,0,3,Hides,True,"Low CII 32.2, moderate TII 62.9","{'self_created': np.float64(27.42), 'pressure_appetite': np.float64(32.59), 'difficulty_embrace': np.float64(32.17), 'defensive_survival': np.float64(51.79), 'force_multiplication': np.float64(15.96)}","{'scaling_efficiency': np.float64(43.95683223992504), 'pressure_appetite': np.float64(57.64393939393943), 'creation_tools': np.float64(82.59589800443459), 'opportunity_response': np.float64(65.45714285714286), 'age_trajectory': np.float64(90.0)}",Medium
Jrue Holiday,2017-18,55.95,73.09,Luxury Amplifier,High Scaling,Latent Engine,0.04166666666666663,3,0,Steps Up,True,"Medium CII 56.0, high TII 73.1, has tools","{'self_created': np.float64(59.18), 'pressure_appetite': np.float64(59.7), 'difficulty_embrace': np.float64(44.57), 'defensive_survival': np.float64(64.7), 'force_multiplication': np.float64(46.55)}","{'scaling_efficiency': np.float64(68.80095579450415), 'pressure_appetite': np.float64(75.24444444444444), 'creation_tools': np.float64(80.21666666666667), 'opportunity_response': np.float64(74.0), 'age_trajectory': np.float64(64.99000000000001)}",Medium
Julius Randle,2017-18,33.33,47.41,Role Player,Limited Scaling,Fragile Star,-0.024999999999999935,0,3,Hides,False,"Fragile Star: high usage (25.1%), low CII (33.3), no creation tools","{'self_created': np.float64(32.38), 'pressure_appetite': np.float64(40.02), 'difficulty_embrace': np.float64(6.39), 'defensive_survival': np.float64(42.6), 'force_multiplication': np.float64(59.46)}","{'scaling_efficiency': np.float64(23.656632532185796), 'pressure_appetite': np.float64(51.87383798140773), 'creation_tools': np.float64(26.091648041978427), 'opportunity_response': np.float64(84.17428571428572), 'age_trajectory': np.float64(95.0)}",Medium
Justin Holiday,2017-18,20.34,38.03,Role Player,Limited Scaling,Role Player,-0.059,0,3,Hides,True,"Low CII 20.3, low TII 38.0","{'self_created': np.float64(12.95), 'pressure_appetite': np.float64(13.0), 'difficulty_embrace': np.float64(30.3), 'defensive_survival': np.float64(42.17), 'force_multiplication': np.float64(8.2)}","{'scaling_efficiency': np.float64(19.8552889008936), 'pressure_appetite': np.float64(16.400000000000002), 'creation_tools': np.float64(68.03025354829819), 'opportunity_response': np.float64(58.0), 'age_trajectory': np.float64(56.67)}",Medium
Justin Jackson,2017-18,18.69,45.73,Role Player,Limited Scaling,Role Player,-0.011,0,1,Mixed,True,"Low CII 18.7, low TII 45.7","{'self_created': np.float64(4.37), 'pressure_appetite': np.float64(24.92), 'difficulty_embrace': np.float64(23.37), 'defensive_survival': np.float64(39.83), 'force_multiplication': np.float64(4.97)}","{'scaling_efficiency': np.float64(9.687139192993433), 'pressure_appetite': np.float64(52.908872901678656), 'creation_tools': np.float64(62.96571328303211), 'opportunity_response': np.float64(50.028571428571425), 'age_trajectory': np.float64(95.0)}",Medium
Justise Winslow,2017-18,20.86,42.39,Role Player,Limited Scaling,Role Player,0.005999999999999966,2,1,Mixed,False,"Low CII 20.9, low TII 42.4","{'self_created': np.float64(11.69), 'pressure_appetite': np.float64(38.49), 'difficulty_embrace': np.float64(8.79), 'defensive_survival': np.float64(24.66), 'force_multiplication': np.float64(22.77)}","{'scaling_efficiency': np.float64(10.917134860438175), 'pressure_appetite': np.float64(58.05822784810127), 'creation_tools': np.float64(33.86875064320263), 'opportunity_response': np.float64(52.17142857142857), 'age_trajectory': np.int64(100)}",Medium
Jusuf Nurkić,2017-18,22.62,34.38,Role Player,Low Scaling,Role Player,-0.047,0,1,Hides,True,"Low CII 22.6, low TII 34.4","{'self_created': np.float64(7.81), 'pressure_appetite': np.float64(32.36), 'difficulty_embrace': np.float64(14.2), 'defensive_survival': np.float64(29.59), 'force_multiplication': np.float64(49.13)}","{'scaling_efficiency': np.float64(16.32097638072149), 'pressure_appetite': np.float64(21.200000000000003), 'creation_tools': np.float64(33.19550472936636), 'opportunity_response': np.float64(53.62857142857142), 'age_trajectory': np.float64(95.0)}",Medium
Karl-Anthony Towns,2017-18,18.24,44.49,Role Player,Limited Scaling,Fragile Star,-0.058666666666666624,0,3,Hides,True,"Fragile Star: high usage (22.5%), high minutes (35.6), low CII (18.2), extreme hiding (-0.059)","{'self_created': np.float64(15.02), 'pressure_appetite': np.float64(17.33), 'difficulty_embrace': np.float64(14.87), 'defensive_survival': np.float64(21.03), 'force_multiplication': np.float64(32.69)}","{'scaling_efficiency': np.float64(38.05801047120419), 'pressure_appetite': np.float64(7.600000000000002), 'creation_tools': np.float64(39.100767841011745), 'opportunity_response': np.float64(89.0), 'age_trajectory': np.int64(100)}",Medium
Kelly Olynyk,2017-18,26.71,47.07,Role Player,Limited Scaling,Role Player,-0.03599999999999995,0,2,Hides,False,"Low CII 26.7, low TII 47.1","{'self_created': np.float64(19.92), 'pressure_appetite': np.float64(38.45), 'difficulty_embrace': np.float64(12.04), 'defensive_survival': np.float64(44.94), 'force_multiplication': np.float64(19.73)}","{'scaling_efficiency': np.float64(21.062086433128684), 'pressure_appetite': np.float64(56.98591549295778), 'creation_tools': np.float64(33.637430817970156), 'opportunity_response': np.float64(84.06285714285714), 'age_trajectory': np.float64(71.66)}",Medium
Kelly Oubre Jr.,2017-18,17.53,35.85,Role Player,Limited Scaling,Role Player,-0.06399999999999995,0,2,Hides,False,"Low CII 17.5, low TII 35.9","{'self_created': np.float64(13.48), 'pressure_appetite': np.float64(14.17), 'difficulty_embrace': np.float64(13.03), 'defensive_survival': np.float64(37.08), 'force_multiplication': np.float64(17.74)}","{'scaling_efficiency': np.float64(15.562735454716627), 'pressure_appetite': np.float64(14.8), 'creation_tools': np.float64(46.4846739318457), 'opportunity_response': np.float64(54.57142857142857), 'age_trajectory': np.int64(100)}",Medium
Kemba Walker,2017-18,79.24,80.64,Strong Creator,Elite Scaling,Franchise Engine,0.09733333333333333,3,0,Steps Up,True,CII 79.2 >= 74: Already elite creator,"{'self_created': np.float64(85.16), 'pressure_appetite': np.float64(88.5), 'difficulty_embrace': np.float64(71.74), 'defensive_survival': np.float64(75.4), 'force_multiplication': np.float64(59.14)}","{'scaling_efficiency': np.float64(77.82264006726284), 'pressure_appetite': np.float64(83.4), 'creation_tools': np.float64(91.36666666666667), 'opportunity_response': np.float64(77.81428571428572), 'age_trajectory': np.float64(64.99000000000001)}",Medium
Kent Bazemore,2017-18,40.63,59.6,Fragile Star,Moderate Scaling,Role Player,-0.005000000000000032,1,2,Mixed,True,"Low CII 40.6, moderate TII 59.6 (Age 28 > 25, reclassified from Developing Prospect)","{'self_created': np.float64(28.02), 'pressure_appetite': np.float64(57.0), 'difficulty_embrace': np.float64(30.2), 'defensive_survival': np.float64(54.32), 'force_multiplication': np.float64(37.91)}","{'scaling_efficiency': np.float64(45.27499245852188), 'pressure_appetite': np.float64(69.84343891402713), 'creation_tools': np.float64(69.38320825515947), 'opportunity_response': np.float64(54.57142857142857), 'age_trajectory': np.float64(64.99000000000001)}",Medium
Kentavious Caldwell-Pope,2017-18,31.63,60.02,Role Player,Moderate Scaling,Developing Prospect,0.015333333333333332,2,1,Steps Up,True,"Low CII 31.6, moderate TII 60.0","{'self_created': np.float64(18.16), 'pressure_appetite': np.float64(44.85), 'difficulty_embrace': np.float64(28.61), 'defensive_survival': np.float64(49.38), 'force_multiplication': np.float64(18.37)}","{'scaling_efficiency': np.float64(38.242576760987376), 'pressure_appetite': np.float64(67.46060606060604), 'creation_tools': np.float64(66.81666666666666), 'opportunity_response': np.float64(65.45714285714286), 'age_trajectory': np.float64(85.0)}",Medium
Kevin Durant,2017-18,67.44,76.06,Luxury Amplifier,High Scaling,Strong Creator,0.036,2,1,Steps Up,True,"CII 67.4, TII 76.1: High potential (limited career data) (Age 29 > 28, reclassified from Latent Engine)","{'self_created': np.float64(64.87), 'pressure_appetite': np.float64(67.94), 'difficulty_embrace': np.float64(65.9), 'defensive_survival': np.float64(79.27), 'force_multiplication': np.float64(59.28)}","{'scaling_efficiency': np.float64(69.44613952600301), 'pressure_appetite': np.float64(77.73856655290103), 'creation_tools': np.float64(86.1), 'opportunity_response': np.float64(86.0), 'age_trajectory': np.float64(56.67)}",Medium
Kevin Love,2017-18,21.9,42.32,Role Player,Limited Scaling,Fragile Star,-0.05933333333333334,0,3,Hides,False,"Fragile Star: high usage (24.8%), low CII (21.9), extreme hiding (-0.059), no creation tools","{'self_created': np.float64(7.16), 'pressure_appetite': np.float64(32.91), 'difficulty_embrace': np.float64(15.93), 'defensive_survival': np.float64(35.69), 'force_multiplication': np.float64(29.83)}","{'scaling_efficiency': np.float64(29.65581823755833), 'pressure_appetite': np.float64(23.6), 'creation_tools': np.float64(45.21744033569368), 'opportunity_response': np.float64(85.4), 'age_trajectory': np.float64(56.67)}",Medium
Kevon Looney,2017-18,15.86,40.94,Role Player,Limited Scaling,Role Player,-0.0249999999999999,0,1,Hides,False,"Low CII 15.9, low TII 40.9","{'self_created': np.float64(12.12), 'pressure_appetite': np.float64(12.6), 'difficulty_embrace': np.float64(7.1), 'defensive_survival': np.float64(48.29), 'force_multiplication': np.float64(4.11)}","{'scaling_efficiency': np.float64(15.96678752522797), 'pressure_appetite': np.float64(53.947658402203885), 'creation_tools': np.float64(18.314674460794194), 'opportunity_response': np.float64(60.011428571428574), 'age_trajectory': np.int64(100)}",Medium
Khem Birch,2017-18,26.03,44.85,Role Player,Limited Scaling,Role Player,0.04,1,0,Steps Up,False,"Low CII 26.0, low TII 44.9","{'self_created': np.float64(9.23), 'pressure_appetite': np.float64(51.83), 'difficulty_embrace': np.float64(3.4), 'defensive_survival': np.float64(56.31), 'force_multiplication': np.float64(11.78)}","{'scaling_efficiency': np.float64(13.38277901003408), 'pressure_appetite': np.float64(84.10687022900763), 'creation_tools': np.float64(11.533333333333333), 'opportunity_response': np.float64(60.011428571428574), 'age_trajectory': np.float64(85.0)}",Medium
Khris Middleton,2017-18,53.66,71.03,Fragile Star,High Scaling,Latent Engine,0.0373333333333333,3,0,Steps Up,True,"Medium CII 53.7, high TII 71.0, has tools","{'self_created': np.float64(52.98), 'pressure_appetite': np.float64(48.58), 'difficulty_embrace': np.float64(60.61), 'defensive_survival': np.float64(64.95), 'force_multiplication': np.float64(37.56)}","{'scaling_efficiency': np.float64(58.702381667367334), 'pressure_appetite': np.float64(66.4510460251046), 'creation_tools': np.float64(83.75), 'opportunity_response': np.float64(81.5), 'age_trajectory': np.float64(78.33)}",Medium
Klay Thompson,2017-18,28.31,53.62,Role Player,Moderate Scaling,Fragile Star,-0.06233333333333333,0,3,Hides,True,"Fragile Star: high usage (23.2%), high minutes (34.3), low CII (28.3), extreme hiding (-0.062)","{'self_created': np.float64(17.51), 'pressure_appetite': np.float64(22.76), 'difficulty_embrace': np.float64(48.91), 'defensive_survival': np.float64(37.91), 'force_multiplication': np.float64(18.94)}","{'scaling_efficiency': np.float64(43.958897583627135), 'pressure_appetite': np.float64(17.200000000000003), 'creation_tools': np.float64(81.4259882253995), 'opportunity_response': np.float64(89.0), 'age_trajectory': np.float64(64.99000000000001)}",Medium
Kobi Simmons,2017-18,21.46,45.4,Role Player,Limited Scaling,Role Player,-0.047,0,1,Hides,True,"Low CII 21.5, low TII 45.4","{'self_created': np.float64(20.0), 'pressure_appetite': np.float64(12.67), 'difficulty_embrace': np.float64(20.46), 'defensive_survival': np.float64(45.02), 'force_multiplication': np.float64(14.45)}","{'scaling_efficiency': np.float64(36.042014678251476), 'pressure_appetite': np.float64(21.200000000000003), 'creation_tools': np.float64(60.281567659234874), 'opportunity_response': np.float64(48.22857142857143), 'age_trajectory': np.int64(100)}",Medium
Kosta Koufos,2017-18,13.21,25.84,Role Player,Low Scaling,Role Player,-0.045999999999999965,0,3,Hides,False,"Low CII 13.2, low TII 25.8","{'self_created': np.float64(10.58), 'pressure_appetite': np.float64(10.0), 'difficulty_embrace': np.float64(3.7), 'defensive_survival': np.float64(39.58), 'force_multiplication': np.float64(8.58)}","{'scaling_efficiency': np.float64(13.424377952755899), 'pressure_appetite': np.float64(19.20000000000004), 'creation_tools': np.float64(16.40189701897019), 'opportunity_response': np.float64(53.8), 'age_trajectory': np.float64(56.67)}",Medium
Kris Dunn,2017-18,56.21,71.09,Luxury Amplifier,High Scaling,Latent Engine,-0.01650000000000005,1,1,Mixed,True,"Medium CII 56.2, high TII 71.1, has tools","{'self_created': np.float64(40.78), 'pressure_appetite': np.float64(68.51), 'difficulty_embrace': np.float64(56.64), 'defensive_survival': np.float64(72.49), 'force_multiplication': np.float64(46.46)}","{'scaling_efficiency': np.float64(46.2701106672177), 'pressure_appetite': np.float64(83.23673469387752), 'creation_tools': np.float64(94.9), 'opportunity_response': np.float64(56.114285714285714), 'age_trajectory': np.float64(90.0)}",Medium
Kristaps Porziņģis,2017-18,43.07,63.7,Fragile Star,Moderate Scaling,Developing Prospect,-0.019999999999999966,1,2,Mixed,True,"Low CII 43.1, moderate TII 63.7","{'self_created': np.float64(17.18), 'pressure_appetite': np.float64(65.34), 'difficulty_embrace': np.float64(40.16), 'defensive_survival': np.float64(55.04), 'force_multiplication': np.float64(52.97)}","{'scaling_efficiency': np.float64(43.02915079013441), 'pressure_appetite': np.float64(68.74426229508197), 'creation_tools': np.float64(66.43574570171931), 'opportunity_response': np.float64(68.77142857142857), 'age_trajectory': np.int64(100)}",Medium
Kyle Collinsworth,2017-18,27.63,43.21,Role Player,Limited Scaling,Role Player,0.032,1,0,Steps Up,False,"Low CII 27.6, low TII 43.2","{'self_created': np.float64(12.24), 'pressure_appetite': np.float64(49.33), 'difficulty_embrace': np.float64(1.2), 'defensive_survival': np.float64(59.56), 'force_multiplication': np.float64(24.52)}","{'scaling_efficiency': np.float64(16.346666666666668), 'pressure_appetite': np.float64(81.56129032258065), 'creation_tools': np.float64(17.507474429583006), 'opportunity_response': np.float64(43.857142857142854), 'age_trajectory': np.float64(78.33)}",Medium
Kyle Korver,2017-18,13.8,37.34,Role Player,Limited Scaling,Role Player,-0.03999999999999993,0,3,Hides,False,"Low CII 13.8, low TII 37.3","{'self_created': np.float64(3.71), 'pressure_appetite': np.float64(12.17), 'difficulty_embrace': np.float64(15.99), 'defensive_survival': np.float64(40.76), 'force_multiplication': np.float64(3.31)}","{'scaling_efficiency': np.float64(28.035528965416603), 'pressure_appetite': np.float64(23.600000000000037), 'creation_tools': np.float64(43.35502586844051), 'opportunity_response': np.float64(82.36571428571429), 'age_trajectory': np.int64(20)}",Medium
Kyle Kuzma,2017-18,28.56,51.56,Role Player,Moderate Scaling,Role Player,-0.0179999999999999,0,1,Mixed,False,"Low CII 28.6, low TII 51.6","{'self_created': np.float64(19.92), 'pressure_appetite': np.float64(36.9), 'difficulty_embrace': np.float64(19.36), 'defensive_survival': np.float64(44.45), 'force_multiplication': np.float64(28.24)}","{'scaling_efficiency': np.float64(29.970230649649384), 'pressure_appetite': np.float64(54.52054794520551), 'creation_tools': np.float64(51.397098786056354), 'opportunity_response': np.float64(57.74285714285714), 'age_trajectory': np.int64(100)}",Medium
Kyle Lowry,2017-18,46.86,70.09,Fragile Star,High Scaling,Strong Creator,0.0403333333333333,2,1,Steps Up,False,"Medium CII 46.9, high TII 70.1, developing tools (Age 32 > 25, reclassified from Developing Star)","{'self_created': np.float64(56.24), 'pressure_appetite': np.float64(42.6), 'difficulty_embrace': np.float64(38.91), 'defensive_survival': np.float64(56.3), 'force_multiplication': np.float64(31.11)}","{'scaling_efficiency': np.float64(76.74875881304472), 'pressure_appetite': np.float64(57.162717219589254), 'creation_tools': np.float64(77.38333333333333), 'opportunity_response': np.float64(92.0), 'age_trajectory': np.float64(35.0)}",Medium
Kyle O'Quinn,2017-18,16.32,38.54,Role Player,Limited Scaling,Role Player,-0.03949999999999995,0,2,Hides,True,"Low CII 16.3, low TII 38.5","{'self_created': np.float64(16.96), 'pressure_appetite': np.float64(10.5), 'difficulty_embrace': np.float64(16.5), 'defensive_survival': np.float64(30.22), 'force_multiplication': np.float64(7.73)}","{'scaling_efficiency': np.float64(32.5196992481203), 'pressure_appetite': np.float64(14.0), 'creation_tools': np.float64(34.71504065040651), 'opportunity_response': np.float64(78.97142857142858), 'age_trajectory': np.float64(64.99000000000001)}",Medium
Kyrie Irving,2017-18,78.91,84.07,Strong Creator,Elite Scaling,Franchise Engine,0.08366666666666663,3,0,Steps Up,True,CII 78.9 >= 74: Already elite creator,"{'self_created': np.float64(84.02), 'pressure_appetite': np.float64(90.0), 'difficulty_embrace': np.float64(62.41), 'defensive_survival': np.float64(83.65), 'force_multiplication': np.float64(61.74)}","{'scaling_efficiency': np.float64(73.70513461079678), 'pressure_appetite': np.float64(90.0), 'creation_tools': np.float64(93.65), 'opportunity_response': np.float64(86.0), 'age_trajectory': np.float64(78.33)}",Medium
LaMarcus Aldridge,2017-18,49.16,62.02,Fragile Star,Moderate Scaling,Strong Creator,-0.04233333333333327,0,3,Hides,True,"CII 49.2, TII 62.0","{'self_created': np.float64(44.98), 'pressure_appetite': np.float64(48.46), 'difficulty_embrace': np.float64(49.39), 'defensive_survival': np.float64(51.51), 'force_multiplication': np.float64(59.5)}","{'scaling_efficiency': np.float64(61.91482658194332), 'pressure_appetite': np.float64(53.68750000000003), 'creation_tools': np.float64(74.7560975609756), 'opportunity_response': np.float64(77.12857142857143), 'age_trajectory': np.float64(35.0)}",Medium
Lance Stephenson,2017-18,39.02,55.94,Role Player,Moderate Scaling,Role Player,-0.015999999999999934,0,2,Mixed,True,"Low CII 39.0, moderate TII 55.9 (Age 27 > 25, reclassified from Developing Prospect)","{'self_created': np.float64(31.44), 'pressure_appetite': np.float64(39.81), 'difficulty_embrace': np.float64(38.84), 'defensive_survival': np.float64(56.58), 'force_multiplication': np.float64(33.77)}","{'scaling_efficiency': np.float64(36.403214527408075), 'pressure_appetite': np.float64(63.06089743589747), 'creation_tools': np.float64(72.6748592870544), 'opportunity_response': np.float64(50.371428571428574), 'age_trajectory': np.float64(71.66)}",Medium
Lance Thomas,2017-18,10.33,26.54,Role Player,Low Scaling,Role Player,-0.02566666666666667,0,3,Hides,True,"Low CII 10.3, low TII 26.5","{'self_created': np.float64(3.34), 'pressure_appetite': np.float64(10.0), 'difficulty_embrace': np.float64(12.59), 'defensive_survival': np.float64(26.55), 'force_multiplication': np.float64(3.25)}","{'scaling_efficiency': np.float64(6.507286449399654), 'pressure_appetite': np.float64(25.999999999999996), 'creation_tools': np.float64(31.10694124865777), 'opportunity_response': np.float64(46.85714285714286), 'age_trajectory': np.float64(48.34)}",Medium
Larry Nance Jr.,2017-18,15.38,38.33,Role Player,Limited Scaling,Role Player,-0.0336666666666667,1,2,Hides,True,"Low CII 15.4, low TII 38.3","{'self_created': np.float64(6.54), 'pressure_appetite': np.float64(12.0), 'difficulty_embrace': np.float64(12.7), 'defensive_survival': np.float64(44.8), 'force_multiplication': np.float64(11.6)}","{'scaling_efficiency': np.float64(24.50009216589861), 'pressure_appetite': np.float64(22.800000000000004), 'creation_tools': np.float64(27.80398636244427), 'opportunity_response': np.float64(74.77142857142857), 'age_trajectory': np.float64(85.0)}",Medium
Lauri Markkanen,2017-18,25.02,47.51,Role Player,Limited Scaling,Role Player,-0.009,0,1,Mixed,True,"Low CII 25.0, low TII 47.5","{'self_created': np.float64(8.82), 'pressure_appetite': np.float64(40.16), 'difficulty_embrace': np.float64(18.44), 'defensive_survival': np.float64(44.06), 'force_multiplication': np.float64(20.37)}","{'scaling_efficiency': np.float64(16.755171802638504), 'pressure_appetite': np.float64(54.246511627906976), 'creation_tools': np.float64(47.775089809037624), 'opportunity_response': np.float64(62.457142857142856), 'age_trajectory': np.int64(100)}",Medium
LeBron James,2017-18,80.01,81.0,Franchise Engine,Elite Scaling,Franchise Engine,0.09300000000000001,3,0,Steps Up,True,CII 80.0 >= 74: Already elite creator,"{'self_created': np.float64(86.37), 'pressure_appetite': np.float64(90.0), 'difficulty_embrace': np.float64(56.43), 'defensive_survival': np.float64(83.58), 'force_multiplication': np.float64(77.77)}","{'scaling_efficiency': np.float64(82.91301145091468), 'pressure_appetite': np.float64(92.8), 'creation_tools': np.float64(85.11666666666667), 'opportunity_response': np.float64(86.0), 'age_trajectory': np.float64(30.0)}",Medium
Lonzo Ball,2017-18,31.47,61.73,Role Player,Moderate Scaling,Developing Prospect,0.0089999999999999,1,0,Mixed,False,"Low CII 31.5, moderate TII 61.7","{'self_created': np.float64(18.54), 'pressure_appetite': np.float64(41.2), 'difficulty_embrace': np.float64(30.1), 'defensive_survival': np.float64(49.8), 'force_multiplication': np.float64(21.2)}","{'scaling_efficiency': np.float64(40.806086221470835), 'pressure_appetite': np.float64(66.99526627218933), 'creation_tools': np.float64(68.44728195506806), 'opportunity_response': np.float64(60.31428571428572), 'age_trajectory': np.int64(100)}",Medium
Lou Williams,2017-18,65.66,70.14,Luxury Amplifier,High Scaling,Strong Creator,0.0030000000000000005,1,2,Mixed,True,"CII 65.7, TII 70.1: High potential (limited career data) (Age 31 > 28, reclassified from Latent Engine)","{'self_created': np.float64(70.51), 'pressure_appetite': np.float64(69.79), 'difficulty_embrace': np.float64(56.71), 'defensive_survival': np.float64(66.18), 'force_multiplication': np.float64(57.89)}","{'scaling_efficiency': np.float64(65.7668974337587), 'pressure_appetite': np.float64(71.99649122807017), 'creation_tools': np.float64(84.6), 'opportunity_response': np.float64(76.61428571428571), 'age_trajectory': np.float64(40.01)}",Medium
Luc Mbah a Moute,2017-18,11.98,38.13,Role Player,Limited Scaling,Role Player,-0.0575,0,2,Hides,False,"Low CII 12.0, low TII 38.1","{'self_created': np.float64(1.57), 'pressure_appetite': np.float64(10.94), 'difficulty_embrace': np.float64(1.09), 'defensive_survival': np.float64(44.09), 'force_multiplication': np.float64(19.47)}","{'scaling_efficiency': np.float64(17.271452730236344), 'pressure_appetite': np.float64(51.78125), 'creation_tools': np.float64(21.05691056910569), 'opportunity_response': np.float64(78.63714285714286), 'age_trajectory': np.float64(40.01)}",Medium
Luke Kennard,2017-18,28.91,57.58,Role Player,Moderate Scaling,Developing Prospect,0.0059999999999999,1,0,Mixed,True,"Low CII 28.9, moderate TII 57.6","{'self_created': np.float64(15.1), 'pressure_appetite': np.float64(39.63), 'difficulty_embrace': np.float64(31.33), 'defensive_survival': np.float64(46.49), 'force_multiplication': np.float64(12.37)}","{'scaling_efficiency': np.float64(39.36253048454641), 'pressure_appetite': np.float64(61.33017751479288), 'creation_tools': np.float64(61.60759128301342), 'opportunity_response': np.float64(54.14285714285714), 'age_trajectory': np.int64(100)}",Medium
Malcolm Brogdon,2017-18,26.7,55.07,Role Player,Moderate Scaling,Developing Prospect,-0.027500000000000052,1,1,Hides,False,"Low CII 26.7, moderate TII 55.1","{'self_created': np.float64(42.55), 'pressure_appetite': np.float64(11.83), 'difficulty_embrace': np.float64(24.59), 'defensive_survival': np.float64(30.64), 'force_multiplication': np.float64(14.63)}","{'scaling_efficiency': np.float64(63.816061531500935), 'pressure_appetite': np.float64(8.800000000000004), 'creation_tools': np.float64(71.64345076784102), 'opportunity_response': np.float64(72.62857142857142), 'age_trajectory': np.float64(85.0)}",Medium
Malcolm Delaney,2017-18,21.07,40.73,Role Player,Limited Scaling,Role Player,-0.141,0,1,Hides,True,"Low CII 21.1, low TII 40.7","{'self_created': np.float64(23.96), 'pressure_appetite': np.float64(10.0), 'difficulty_embrace': np.float64(30.99), 'defensive_survival': np.float64(28.99), 'force_multiplication': np.float64(8.38)}","{'scaling_efficiency': np.float64(47.30901606425702), 'pressure_appetite': np.float64(0.0), 'creation_tools': np.float64(68.99929473993535), 'opportunity_response': np.float64(47.114285714285714), 'age_trajectory': np.float64(56.67)}",Medium
Manu Ginobili,2017-18,36.08,45.65,Role Player,Limited Scaling,Role Player,-0.024666666666666667,1,2,Hides,False,"Low CII 36.1, low TII 45.6","{'self_created': np.float64(28.11), 'pressure_appetite': np.float64(45.72), 'difficulty_embrace': np.float64(17.36), 'defensive_survival': np.float64(62.34), 'force_multiplication': np.float64(33.95)}","{'scaling_efficiency': np.float64(28.848207603099493), 'pressure_appetite': np.float64(69.44878048780488), 'creation_tools': np.float64(47.54855244893913), 'opportunity_response': np.float64(54.14285714285714), 'age_trajectory': np.int64(20)}",Medium
Marc Gasol,2017-18,31.19,47.26,Role Player,Limited Scaling,Role Player,-0.005999999999999999,2,1,Mixed,True,"Low CII 31.2, low TII 47.3","{'self_created': np.float64(10.97), 'pressure_appetite': np.float64(52.44), 'difficulty_embrace': np.float64(29.67), 'defensive_survival': np.float64(29.87), 'force_multiplication': np.float64(43.72)}","{'scaling_efficiency': np.float64(32.48729031875112), 'pressure_appetite': np.float64(55.74117647058823), 'creation_tools': np.float64(58.44701099952176), 'opportunity_response': np.float64(59.28571428571428), 'age_trajectory': np.float64(30.0)}",Medium
Marcin Gortat,2017-18,11.2,26.47,Role Player,Low Scaling,Role Player,-0.046999999999999965,0,3,Hides,True,"Low CII 11.2, low TII 26.5","{'self_created': np.float64(3.97), 'pressure_appetite': np.float64(11.5), 'difficulty_embrace': np.float64(12.2), 'defensive_survival': np.float64(21.61), 'force_multiplication': np.float64(14.53)}","{'scaling_efficiency': np.float64(15.791697727519848), 'pressure_appetite': np.float64(22.400000000000002), 'creation_tools': np.float64(28.630240714171848), 'opportunity_response': np.float64(52.68571428571428), 'age_trajectory': np.float64(25.0)}",Medium
Marco Belinelli,2017-18,28.73,55.51,Role Player,Moderate Scaling,Role Player,-0.028333333333333304,0,3,Hides,True,"Low CII 28.7, moderate TII 55.5 (Age 32 > 25, reclassified from Developing Prospect)","{'self_created': np.float64(13.4), 'pressure_appetite': np.float64(28.44), 'difficulty_embrace': np.float64(38.2), 'defensive_survival': np.float64(56.73), 'force_multiplication': np.float64(14.5)}","{'scaling_efficiency': np.float64(40.69168675808457), 'pressure_appetite': np.float64(54.5329949238579), 'creation_tools': np.float64(72.78319301720936), 'opportunity_response': np.float64(77.41142857142857), 'age_trajectory': np.float64(35.0)}",Medium
Marcus Morris Sr.,2017-18,29.42,43.82,Role Player,Limited Scaling,Role Player,-0.03799999999999997,1,2,Hides,True,"Low CII 29.4, low TII 43.8","{'self_created': np.float64(25.97), 'pressure_appetite': np.float64(21.3), 'difficulty_embrace': np.float64(39.99), 'defensive_survival': np.float64(38.91), 'force_multiplication': np.float64(24.71)}","{'scaling_efficiency': np.float64(32.25695101351352), 'pressure_appetite': np.float64(18.00000000000004), 'creation_tools': np.float64(75.29670402109427), 'opportunity_response': np.float64(53.885714285714286), 'age_trajectory': np.float64(64.99000000000001)}",Medium
Marcus Smart,2017-18,24.73,47.39,Role Player,Limited Scaling,Role Player,-0.04166666666666664,0,3,Hides,False,"Low CII 24.7, low TII 47.4","{'self_created': np.float64(21.62), 'pressure_appetite': np.float64(17.07), 'difficulty_embrace': np.float64(27.41), 'defensive_survival': np.float64(42.26), 'force_multiplication': np.float64(21.6)}","{'scaling_efficiency': np.float64(35.55219575433479), 'pressure_appetite': np.float64(21.6), 'creation_tools': np.float64(69.1653862875527), 'opportunity_response': np.float64(56.62857142857142), 'age_trajectory': np.float64(90.0)}",Medium
Mario Chalmers,2017-18,37.51,49.24,Role Player,Limited Scaling,Role Player,0.01899999999999995,2,0,Steps Up,False,"Low CII 37.5, low TII 49.2","{'self_created': np.float64(23.51), 'pressure_appetite': np.float64(53.52), 'difficulty_embrace': np.float64(22.3), 'defensive_survival': np.float64(60.22), 'force_multiplication': np.float64(35.87)}","{'scaling_efficiency': np.float64(23.133994317232155), 'pressure_appetite': np.float64(78.91827956989246), 'creation_tools': np.float64(58.25601451175802), 'opportunity_response': np.float64(49.42857142857143), 'age_trajectory': np.float64(35.0)}",Medium
Mario Hezonja,2017-18,31.2,50.58,Role Player,Moderate Scaling,Role Player,0.06299999999999994,2,0,Steps Up,True,"Low CII 31.2, low TII 50.6","{'self_created': np.float64(14.5), 'pressure_appetite': np.float64(54.83), 'difficulty_embrace': np.float64(17.24), 'defensive_survival': np.float64(48.23), 'force_multiplication': np.float64(24.61)}","{'scaling_efficiency': np.float64(19.232727188413484), 'pressure_appetite': np.float64(70.74416243654821), 'creation_tools': np.float64(50.67762370517106), 'opportunity_response': np.float64(49.94285714285714), 'age_trajectory': np.float64(95.0)}",Medium
Markieff Morris,2017-18,24.88,40.72,Role Player,Limited Scaling,Role Player,-0.041666666666666664,0,3,Hides,True,"Low CII 24.9, low TII 40.7","{'self_created': np.float64(9.98), 'pressure_appetite': np.float64(25.91), 'difficulty_embrace': np.float64(29.07), 'defensive_survival': np.float64(51.06), 'force_multiplication': np.float64(19.31)}","{'scaling_efficiency': np.float64(20.950564734234828), 'pressure_appetite': np.float64(27.599999999999998), 'creation_tools': np.float64(52.57462073589808), 'opportunity_response': np.float64(70.14285714285714), 'age_trajectory': np.float64(64.99000000000001)}",Medium
Marquese Chriss,2017-18,17.42,38.24,Role Player,Limited Scaling,Role Player,-0.007499999999999951,1,1,Mixed,False,"Low CII 17.4, low TII 38.2","{'self_created': np.float64(2.2), 'pressure_appetite': np.float64(28.53), 'difficulty_embrace': np.float64(8.69), 'defensive_survival': np.float64(42.65), 'force_multiplication': np.float64(14.91)}","{'scaling_efficiency': np.float64(4.74355184659091), 'pressure_appetite': np.float64(58.15909090909094), 'creation_tools': np.float64(24.490354767184037), 'opportunity_response': np.float64(49.171428571428564), 'age_trajectory': np.int64(100)}",Medium
Marvin Williams,2017-18,8.44,33.23,Role Player,Low Scaling,Role Player,-0.03999999999999996,0,3,Hides,False,"Low CII 8.4, low TII 33.2","{'self_created': np.float64(1.68), 'pressure_appetite': np.float64(11.0), 'difficulty_embrace': np.float64(7.39), 'defensive_survival': np.float64(21.24), 'force_multiplication': np.float64(5.23)}","{'scaling_efficiency': np.float64(16.238872990550984), 'pressure_appetite': np.float64(24.40000000000004), 'creation_tools': np.float64(34.72296047098402), 'opportunity_response': np.float64(78.73142857142858), 'age_trajectory': np.float64(35.0)}",Medium
Mason Plumlee,2017-18,20.11,41.02,Role Player,Limited Scaling,Role Player,-0.026666666666666634,0,3,Hides,False,"Low CII 20.1, low TII 41.0","{'self_created': np.float64(9.7), 'pressure_appetite': np.float64(33.55), 'difficulty_embrace': np.float64(3.5), 'defensive_survival': np.float64(46.11), 'force_multiplication': np.float64(11.95)}","{'scaling_efficiency': np.float64(17.54422832464242), 'pressure_appetite': np.float64(64.66459627329192), 'creation_tools': np.float64(16.427854365500174), 'opportunity_response': np.float64(65.38571428571429), 'age_trajectory': np.float64(64.99000000000001)}",Medium
Maxi Kleber,2017-18,11.88,37.18,Role Player,Limited Scaling,Role Player,-0.013,0,1,Mixed,False,"Low CII 11.9, low TII 37.2","{'self_created': np.float64(0.57), 'pressure_appetite': np.float64(22.89), 'difficulty_embrace': np.float64(8.79), 'defensive_survival': np.float64(24.7), 'force_multiplication': np.float64(5.21)}","{'scaling_efficiency': np.float64(12.154061156524369), 'pressure_appetite': np.float64(47.93333333333334), 'creation_tools': np.float64(22.542050587172536), 'opportunity_response': np.float64(61.400000000000006), 'age_trajectory': np.float64(78.33)}",Medium
Michael Beasley,2017-18,35.24,46.98,Role Player,Limited Scaling,Role Player,-0.048999999999999946,0,2,Hides,True,"Low CII 35.2, low TII 47.0","{'self_created': np.float64(32.27), 'pressure_appetite': np.float64(37.56), 'difficulty_embrace': np.float64(26.97), 'defensive_survival': np.float64(39.76), 'force_multiplication': np.float64(48.12)}","{'scaling_efficiency': np.float64(43.538177948063016), 'pressure_appetite': np.float64(25.600000000000005), 'creation_tools': np.float64(64.17700837927919), 'opportunity_response': np.float64(60.114285714285714), 'age_trajectory': np.float64(56.67)}",Medium
Michael Kidd-Gilchrist,2017-18,23.11,45.14,Role Player,Limited Scaling,Role Player,-0.04349999999999995,0,2,Hides,True,"Low CII 23.1, low TII 45.1","{'self_created': np.float64(16.89), 'pressure_appetite': np.float64(10.83), 'difficulty_embrace': np.float64(30.9), 'defensive_survival': np.float64(44.25), 'force_multiplication': np.float64(25.2)}","{'scaling_efficiency': np.float64(37.46826166076047), 'pressure_appetite': np.float64(18.400000000000002), 'creation_tools': np.float64(62.19851971161221), 'opportunity_response': np.float64(52.42857142857143), 'age_trajectory': np.float64(90.0)}",Medium
Mike Conley,2017-18,62.28,64.1,Luxury Amplifier,Moderate Scaling,Strong Creator,0.07033333333333326,3,0,Steps Up,True,"CII 62.3, TII 64.1","{'self_created': np.float64(52.54), 'pressure_appetite': np.float64(81.17), 'difficulty_embrace': np.float64(47.44), 'defensive_survival': np.float64(80.91), 'force_multiplication': np.float64(46.05)}","{'scaling_efficiency': np.float64(44.70911286312949), 'pressure_appetite': np.float64(90.39230769230768), 'creation_tools': np.float64(73.03333333333333), 'opportunity_response': np.float64(57.65714285714286), 'age_trajectory': np.float64(48.34)}",Medium
Mike James,2017-18,40.49,58.58,Fragile Star,Moderate Scaling,Role Player,-0.0119999999999999,0,1,Mixed,True,"Low CII 40.5, moderate TII 58.6 (Age 27 > 25, reclassified from Developing Prospect)","{'self_created': np.float64(35.85), 'pressure_appetite': np.float64(42.8), 'difficulty_embrace': np.float64(36.93), 'defensive_survival': np.float64(56.93), 'force_multiplication': np.float64(31.08)}","{'scaling_efficiency': np.float64(48.599999999999994), 'pressure_appetite': np.float64(61.08860759493675), 'creation_tools': np.float64(72.28459915611813), 'opportunity_response': np.float64(47.37142857142857), 'age_trajectory': np.float64(71.66)}",Medium
Mike Muscala,2017-18,10.05,31.07,Role Player,Low Scaling,Role Player,-0.063,0,1,Hides,False,"Low CII 10.1, low TII 31.1","{'self_created': np.float64(0.53), 'pressure_appetite': np.float64(10.0), 'difficulty_embrace': np.float64(7.1), 'defensive_survival': np.float64(37.84), 'force_multiplication': np.float64(2.94)}","{'scaling_efficiency': np.float64(14.81607034695012), 'pressure_appetite': np.float64(14.8), 'creation_tools': np.float64(20.450068205380038), 'opportunity_response': np.float64(73.35714285714286), 'age_trajectory': np.float64(78.33)}",Medium
Mike Scott,2017-18,16.55,34.92,Role Player,Low Scaling,Role Player,-0.087,0,1,Hides,True,"Low CII 16.6, low TII 34.9","{'self_created': np.float64(3.61), 'pressure_appetite': np.float64(11.17), 'difficulty_embrace': np.float64(31.69), 'defensive_survival': np.float64(35.75), 'force_multiplication': np.float64(9.7)}","{'scaling_efficiency': np.float64(24.98515566369981), 'pressure_appetite': np.float64(5.200000000000005), 'creation_tools': np.float64(48.33096555192356), 'opportunity_response': np.float64(71.94285714285715), 'age_trajectory': np.float64(56.67)}",Medium
Milos Teodosic,2017-18,38.3,61.01,Role Player,Moderate Scaling,Role Player,-0.0079999999999999,0,1,Mixed,True,"Low CII 38.3, moderate TII 61.0 (Age 31 > 25, reclassified from Developing Prospect)","{'self_created': np.float64(39.61), 'pressure_appetite': np.float64(33.97), 'difficulty_embrace': np.float64(39.61), 'defensive_survival': np.float64(56.82), 'force_multiplication': np.float64(14.84)}","{'scaling_efficiency': np.float64(57.50221480207688), 'pressure_appetite': np.float64(58.524344569288424), 'creation_tools': np.float64(81.66500411071526), 'opportunity_response': np.float64(58.599999999999994), 'age_trajectory': np.float64(40.01)}",Medium
Montrezl Harrell,2017-18,17.18,32.86,Role Player,Low Scaling,Role Player,-0.075,0,1,Hides,False,"Low CII 17.2, low TII 32.9","{'self_created': np.float64(18.01), 'pressure_appetite': np.float64(18.67), 'difficulty_embrace': np.float64(3.19), 'defensive_survival': np.float64(27.13), 'force_multiplication': np.float64(24.02)}","{'scaling_efficiency': np.float64(23.67382367702002), 'pressure_appetite': np.float64(10.000000000000004), 'creation_tools': np.float64(15.025154901328749), 'opportunity_response': np.float64(75.02857142857142), 'age_trajectory': np.float64(90.0)}",Medium
Myles Turner,2017-18,19.19,42.12,Role Player,Limited Scaling,Role Player,-0.03666666666666663,0,3,Hides,True,"Low CII 19.2, low TII 42.1","{'self_created': np.float64(3.62), 'pressure_appetite': np.float64(25.58), 'difficulty_embrace': np.float64(30.79), 'defensive_survival': np.float64(22.33), 'force_multiplication': np.float64(21.97)}","{'scaling_efficiency': np.float64(19.550527644625163), 'pressure_appetite': np.float64(26.4), 'creation_tools': np.float64(44.901448298402585), 'opportunity_response': np.float64(71.17142857142858), 'age_trajectory': np.int64(100)}",Medium
Nerlens Noel,2017-18,7.1,27.75,Role Player,Low Scaling,Role Player,-0.01600000000000003,1,2,Mixed,False,"Low CII 7.1, low TII 27.8","{'self_created': np.float64(0.35), 'pressure_appetite': np.float64(10.0), 'difficulty_embrace': np.float64(3.9), 'defensive_survival': np.float64(22.27), 'force_multiplication': np.float64(3.79)}","{'scaling_efficiency': np.float64(9.536031988367872), 'pressure_appetite': np.float64(21.6), 'creation_tools': np.float64(14.608787935207596), 'opportunity_response': np.float64(50.457142857142856), 'age_trajectory': np.float64(90.0)}",Medium
Nick Young,2017-18,27.76,48.71,Role Player,Limited Scaling,Role Player,-0.02166666666666667,2,1,Hides,True,"Low CII 27.8, low TII 48.7","{'self_created': np.float64(10.84), 'pressure_appetite': np.float64(40.15), 'difficulty_embrace': np.float64(26.11), 'defensive_survival': np.float64(54.52), 'force_multiplication': np.float64(10.71)}","{'scaling_efficiency': np.float64(32.54796170683602), 'pressure_appetite': np.float64(65.88520710059169), 'creation_tools': np.float64(58.41141819406359), 'opportunity_response': np.float64(51.91428571428571), 'age_trajectory': np.float64(30.0)}",Medium
Nicolas Batum,2017-18,33.69,54.52,Role Player,Moderate Scaling,Role Player,-0.0106666666666666,0,3,Mixed,True,"Low CII 33.7, low TII 54.5","{'self_created': np.float64(29.85), 'pressure_appetite': np.float64(29.94), 'difficulty_embrace': np.float64(45.77), 'defensive_survival': np.float64(44.57), 'force_multiplication': np.float64(14.12)}","{'scaling_efficiency': np.float64(38.34738257505987), 'pressure_appetite': np.float64(51.04868913857682), 'creation_tools': np.float64(79.75), 'opportunity_response': np.float64(57.57142857142857), 'age_trajectory': np.float64(56.67)}",Medium
Nikola Jokić,2017-18,32.89,55.58,Role Player,Moderate Scaling,Developing Prospect,-0.0173333333333333,0,3,Mixed,True,"Low CII 32.9, moderate TII 55.6","{'self_created': np.float64(24.65), 'pressure_appetite': np.float64(43.81), 'difficulty_embrace': np.float64(20.74), 'defensive_survival': np.float64(37.77), 'force_multiplication': np.float64(47.26)}","{'scaling_efficiency': np.float64(35.11369386446352), 'pressure_appetite': np.float64(49.91036414565829), 'creation_tools': np.float64(48.60461501673841), 'opportunity_response': np.float64(89.0), 'age_trajectory': np.float64(95.0)}",Medium
Nikola Mirotic,2017-18,24.78,48.03,Role Player,Limited Scaling,Role Player,-0.03933333333333333,0,3,Hides,True,"Low CII 24.8, low TII 48.0","{'self_created': np.float64(15.11), 'pressure_appetite': np.float64(28.07), 'difficulty_embrace': np.float64(24.76), 'defensive_survival': np.float64(41.73), 'force_multiplication': np.float64(20.22)}","{'scaling_efficiency': np.float64(35.82436777012937), 'pressure_appetite': np.float64(24.000000000000004), 'creation_tools': np.float64(64.48524918881475), 'opportunity_response': np.float64(74.81428571428572), 'age_trajectory': np.float64(71.66)}",Medium
Nikola Vučević,2017-18,22.52,33.86,Role Player,Low Scaling,Role Player,-0.01,1,2,Mixed,True,"Low CII 22.5, low TII 33.9","{'self_created': np.float64(7.99), 'pressure_appetite': np.float64(27.26), 'difficulty_embrace': np.float64(23.8), 'defensive_survival': np.float64(36.49), 'force_multiplication': np.float64(30.77)}","{'scaling_efficiency': np.float64(16.069371026510872), 'pressure_appetite': np.float64(17.200000000000042), 'creation_tools': np.float64(45.63676603432701), 'opportunity_response': np.float64(56.28571428571429), 'age_trajectory': np.float64(71.66)}",Medium
Noah Vonleh,2017-18,14.07,25.67,Role Player,Low Scaling,Role Player,-0.0999999999999999,0,1,Hides,True,"Low CII 14.1, low TII 25.7","{'self_created': np.float64(11.51), 'pressure_appetite': np.float64(10.0), 'difficulty_embrace': np.float64(12.89), 'defensive_survival': np.float64(34.28), 'force_multiplication': np.float64(3.94)}","{'scaling_efficiency': np.float64(10.286071711023236), 'pressure_appetite': np.float64(4.440892098500626e-14), 'creation_tools': np.float64(29.259343868086567), 'opportunity_response': np.float64(44.885714285714286), 'age_trajectory': np.int64(100)}",Medium
OG Anunoby,2017-18,6.06,33.3,Role Player,Low Scaling,Role Player,-0.0509999999999999,0,1,Hides,False,"Low CII 6.1, low TII 33.3","{'self_created': np.float64(0.99), 'pressure_appetite': np.float64(10.0), 'difficulty_embrace': np.float64(1.59), 'defensive_survival': np.float64(17.97), 'force_multiplication': np.float64(2.45)}","{'scaling_efficiency': np.float64(14.784264462809913), 'pressure_appetite': np.float64(19.60000000000004), 'creation_tools': np.float64(20.42934892158839), 'opportunity_response': np.float64(65.85714285714286), 'age_trajectory': np.int64(100)}",Medium
Otto Porter Jr.,2017-18,24.1,55.48,Role Player,Moderate Scaling,Developing Prospect,-0.06533333333333326,0,3,Hides,True,"Low CII 24.1, moderate TII 55.5","{'self_created': np.float64(20.77), 'pressure_appetite': np.float64(14.17), 'difficulty_embrace': np.float64(37.53), 'defensive_survival': np.float64(38.08), 'force_multiplication': np.float64(11.07)}","{'scaling_efficiency': np.float64(47.685562979733824), 'pressure_appetite': np.float64(17.200000000000042), 'creation_tools': np.float64(78.6593808630394), 'opportunity_response': np.float64(84.29428571428572), 'age_trajectory': np.float64(85.0)}",Medium
P.J. Tucker,2017-18,19.15,36.41,Role Player,Limited Scaling,Role Player,0.0023333333333333665,1,2,Mixed,False,"Low CII 19.1, low TII 36.4","{'self_created': np.float64(1.04), 'pressure_appetite': np.float64(45.0), 'difficulty_embrace': np.float64(4.29), 'defensive_survival': np.float64(40.23), 'force_multiplication': np.float64(7.0)}","{'scaling_efficiency': np.float64(8.457656519115796), 'pressure_appetite': np.float64(76.64271844660195), 'creation_tools': np.float64(17.43690504380772), 'opportunity_response': np.float64(54.82857142857143), 'age_trajectory': np.float64(30.0)}",Medium
Pascal Siakam,2017-18,10.93,23.71,Role Player,Low Scaling,Role Player,-0.097,0,1,Hides,False,"Low CII 10.9, low TII 23.7","{'self_created': np.float64(7.24), 'pressure_appetite': np.float64(10.0), 'difficulty_embrace': np.float64(2.2), 'defensive_survival': np.float64(30.66), 'force_multiplication': np.float64(12.17)}","{'scaling_efficiency': np.float64(13.773045621045629), 'pressure_appetite': np.float64(1.200000000000001), 'creation_tools': np.float64(14.823059866962307), 'opportunity_response': np.float64(48.74285714285714), 'age_trajectory': np.float64(90.0)}",Medium
Patty Mills,2017-18,35.12,60.99,Role Player,Moderate Scaling,Role Player,0.0066666666666667,2,1,Mixed,True,"Low CII 35.1, moderate TII 61.0 (Age 29 > 25, reclassified from Developing Prospect)","{'self_created': np.float64(28.06), 'pressure_appetite': np.float64(38.03), 'difficulty_embrace': np.float64(37.37), 'defensive_survival': np.float64(55.62), 'force_multiplication': np.float64(13.82)}","{'scaling_efficiency': np.float64(47.355675853713066), 'pressure_appetite': np.float64(63.097674418604655), 'creation_tools': np.float64(82.42095859330686), 'opportunity_response': np.float64(59.028571428571425), 'age_trajectory': np.float64(56.67)}",Medium
Paul George,2017-18,39.23,51.05,Role Player,Moderate Scaling,Role Player,0.024000000000000004,2,1,Steps Up,True,"Low CII 39.2, low TII 51.0","{'self_created': np.float64(46.47), 'pressure_appetite': np.float64(25.56), 'difficulty_embrace': np.float64(42.0), 'defensive_survival': np.float64(49.45), 'force_multiplication': np.float64(30.83)}","{'scaling_efficiency': np.float64(45.85018113257256), 'pressure_appetite': np.float64(16.400000000000002), 'creation_tools': np.float64(77.96666666666667), 'opportunity_response': np.float64(74.0), 'age_trajectory': np.float64(64.99000000000001)}",Medium
Paul Millsap,2017-18,28.65,40.31,Role Player,Limited Scaling,Role Player,-0.01333333333333333,1,1,Mixed,True,"Low CII 28.6, low TII 40.3","{'self_created': np.float64(26.32), 'pressure_appetite': np.float64(25.44), 'difficulty_embrace': np.float64(21.64), 'defensive_survival': np.float64(50.64), 'force_multiplication': np.float64(24.66)}","{'scaling_efficiency': np.float64(39.77017646397663), 'pressure_appetite': np.float64(22.800000000000004), 'creation_tools': np.float64(55.80489116181484), 'opportunity_response': np.float64(56.8), 'age_trajectory': np.float64(30.0)}",Medium
Quincy Acy,2017-18,6.12,24.99,Role Player,Low Scaling,Role Player,-0.046999999999999945,0,2,Hides,False,"Low CII 6.1, low TII 25.0","{'self_created': np.float64(0.54), 'pressure_appetite': np.float64(10.33), 'difficulty_embrace': np.float64(4.49), 'defensive_survival': np.float64(14.55), 'force_multiplication': np.float64(2.95)}","{'scaling_efficiency': np.float64(4.964686541528649), 'pressure_appetite': np.float64(23.600000000000037), 'creation_tools': np.float64(16.467141395190176), 'opportunity_response': np.float64(47.62857142857143), 'age_trajectory': np.float64(71.66)}",Medium
Quinn Cook,2017-18,33.85,64.19,Role Player,Moderate Scaling,Developing Prospect,-0.0479999999999999,0,1,Hides,True,"Low CII 33.9, moderate TII 64.2","{'self_created': np.float64(43.74), 'pressure_appetite': np.float64(14.67), 'difficulty_embrace': np.float64(41.1), 'defensive_survival': np.float64(49.72), 'force_multiplication': np.float64(13.8)}","{'scaling_efficiency': np.float64(72.68197082767976), 'pressure_appetite': np.float64(20.800000000000047), 'creation_tools': np.float64(86.71119733924613), 'opportunity_response': np.float64(75.62), 'age_trajectory': np.float64(85.0)}",Medium
Rajon Rondo,2017-18,34.18,52.3,Role Player,Moderate Scaling,Role Player,-0.027999999999999952,0,2,Hides,False,"Low CII 34.2, low TII 52.3","{'self_created': np.float64(35.43), 'pressure_appetite': np.float64(30.34), 'difficulty_embrace': np.float64(22.0), 'defensive_survival': np.float64(59.37), 'force_multiplication': np.float64(26.64)}","{'scaling_efficiency': np.float64(38.464), 'pressure_appetite': np.float64(61.569105691056905), 'creation_tools': np.float64(69.24706523894507), 'opportunity_response': np.float64(53.457142857142856), 'age_trajectory': np.float64(35.0)}",Medium
Raymond Felton,2017-18,25.63,36.89,Role Player,Limited Scaling,Role Player,-0.07166666666666667,1,2,Hides,True,"Low CII 25.6, low TII 36.9","{'self_created': np.float64(31.26), 'pressure_appetite': np.float64(10.0), 'difficulty_embrace': np.float64(37.16), 'defensive_survival': np.float64(31.17), 'force_multiplication': np.float64(16.4)}","{'scaling_efficiency': np.float64(40.95701643489254), 'pressure_appetite': np.float64(0.0), 'creation_tools': np.float64(76.60162601626016), 'opportunity_response': np.float64(45.22857142857143), 'age_trajectory': np.float64(25.0)}",Medium
Reggie Bullock Jr.,2017-18,14.61,50.46,Role Player,Moderate Scaling,Role Player,-0.04999999999999995,0,2,Hides,False,"Low CII 14.6, low TII 50.5","{'self_created': np.float64(5.99), 'pressure_appetite': np.float64(18.19), 'difficulty_embrace': np.float64(18.91), 'defensive_survival': np.float64(27.06), 'force_multiplication': np.float64(4.2)}","{'scaling_efficiency': np.float64(27.257599364069954), 'pressure_appetite': np.float64(41.372549019607874), 'creation_tools': np.float64(57.61477761836443), 'opportunity_response': np.float64(88.30571428571429), 'age_trajectory': np.float64(71.66)}",Medium
Reggie Jackson,2017-18,67.11,70.88,Luxury Amplifier,High Scaling,Latent Engine,0.13466666666666668,3,0,Steps Up,True,"CII 67.1, TII 70.9: High potential (limited career data)","{'self_created': np.float64(55.68), 'pressure_appetite': np.float64(89.17), 'difficulty_embrace': np.float64(54.34), 'defensive_survival': np.float64(83.4), 'force_multiplication': np.float64(47.35)}","{'scaling_efficiency': np.float64(50.04300066057165), 'pressure_appetite': np.float64(96.0), 'creation_tools': np.float64(86.45), 'opportunity_response': np.float64(53.885714285714286), 'age_trajectory': np.float64(64.99000000000001)}",Medium
Ricky Rubio,2017-18,40.74,53.85,Fragile Star,Moderate Scaling,Role Player,-0.0373333333333333,0,3,Hides,True,"Low CII 40.7, low TII 53.9","{'self_created': np.float64(44.75), 'pressure_appetite': np.float64(19.67), 'difficulty_embrace': np.float64(55.66), 'defensive_survival': np.float64(54.53), 'force_multiplication': np.float64(30.91)}","{'scaling_efficiency': np.float64(53.70277581929757), 'pressure_appetite': np.float64(14.399999999999999), 'creation_tools': np.float64(92.8), 'opportunity_response': np.float64(56.114285714285714), 'age_trajectory': np.float64(71.66)}",Medium
Robert Covington,2017-18,18.2,44.13,Role Player,Limited Scaling,Role Player,-0.0103333333333333,1,2,Mixed,False,"Low CII 18.2, low TII 44.1","{'self_created': np.float64(3.13), 'pressure_appetite': np.float64(28.48), 'difficulty_embrace': np.float64(9.23), 'defensive_survival': np.float64(49.95), 'force_multiplication': np.float64(8.02)}","{'scaling_efficiency': np.float64(16.602594190589418), 'pressure_appetite': np.float64(59.39285714285714), 'creation_tools': np.float64(37.61680216802168), 'opportunity_response': np.float64(64.08571428571429), 'age_trajectory': np.float64(71.66)}",Medium
Robin Lopez,2017-18,20.39,38.98,Role Player,Limited Scaling,Role Player,-0.04966666666666664,0,3,Hides,True,"Low CII 20.4, low TII 39.0","{'self_created': np.float64(6.19), 'pressure_appetite': np.float64(34.31), 'difficulty_embrace': np.float64(17.7), 'defensive_survival': np.float64(22.78), 'force_multiplication': np.float64(29.95)}","{'scaling_efficiency': np.float64(20.393680726139397), 'pressure_appetite': np.float64(46.82594417077175), 'creation_tools': np.float64(36.87834314550042), 'opportunity_response': np.float64(59.62857142857142), 'age_trajectory': np.float64(48.34)}",Medium
Rodney Hood,2017-18,29.45,43.71,Role Player,Limited Scaling,Role Player,-0.031,1,2,Hides,True,"Low CII 29.4, low TII 43.7","{'self_created': np.float64(38.67), 'pressure_appetite': np.float64(17.67), 'difficulty_embrace': np.float64(39.54), 'defensive_survival': np.float64(25.64), 'force_multiplication': np.float64(16.75)}","{'scaling_efficiency': np.float64(36.64473290598292), 'pressure_appetite': np.float64(2.400000000000002), 'creation_tools': np.float64(77.51747967479675), 'opportunity_response': np.float64(54.05714285714286), 'age_trajectory': np.float64(85.0)}",Medium
Rondae Hollis-Jefferson,2017-18,28.93,46.79,Role Player,Limited Scaling,Role Player,-0.0774999999999999,0,2,Hides,True,"Low CII 28.9, low TII 46.8","{'self_created': np.float64(25.3), 'pressure_appetite': np.float64(20.57), 'difficulty_embrace': np.float64(25.9), 'defensive_survival': np.float64(41.28), 'force_multiplication': np.float64(48.24)}","{'scaling_efficiency': np.float64(42.012962572987476), 'pressure_appetite': np.float64(18.400000000000038), 'creation_tools': np.float64(59.028940466824025), 'opportunity_response': np.float64(55.17142857142857), 'age_trajectory': np.float64(95.0)}",Medium
Royce O'Neale,2017-18,15.97,32.95,Role Player,Low Scaling,Role Player,-0.037,0,1,Hides,False,"Low CII 16.0, low TII 33.0","{'self_created': np.float64(15.43), 'pressure_appetite': np.float64(10.5), 'difficulty_embrace': np.float64(7.76), 'defensive_survival': np.float64(41.88), 'force_multiplication': np.float64(8.8)}","{'scaling_efficiency': np.float64(17.793275806967085), 'pressure_appetite': np.float64(25.200000000000003), 'creation_tools': np.float64(30.098780487804877), 'opportunity_response': np.float64(45.31428571428572), 'age_trajectory': np.float64(85.0)}",Medium
Rudy Gay,2017-18,38.51,49.35,Role Player,Limited Scaling,Role Player,-0.0016666666666666334,2,1,Mixed,True,"Low CII 38.5, low TII 49.4","{'self_created': np.float64(34.4), 'pressure_appetite': np.float64(40.7), 'difficulty_embrace': np.float64(30.54), 'defensive_survival': np.float64(50.77), 'force_multiplication': np.float64(42.95)}","{'scaling_efficiency': np.float64(38.697070184822024), 'pressure_appetite': np.float64(55.04219409282703), 'creation_tools': np.float64(62.75580426057425), 'opportunity_response': np.float64(49.51428571428572), 'age_trajectory': np.float64(40.01)}",Medium
Rudy Gobert,2017-18,15.06,37.21,Role Player,Limited Scaling,Role Player,-0.012999999999999998,1,2,Mixed,False,"Low CII 15.1, low TII 37.2","{'self_created': np.float64(4.27), 'pressure_appetite': np.float64(18.92), 'difficulty_embrace': np.float64(1.3), 'defensive_survival': np.float64(44.62), 'force_multiplication': np.float64(20.91)}","{'scaling_efficiency': np.float64(19.75641340254837), 'pressure_appetite': np.float64(27.599999999999998), 'creation_tools': np.float64(13.733333333333334), 'opportunity_response': np.float64(92.0), 'age_trajectory': np.float64(78.33)}",Medium
Russell Westbrook,2017-18,77.81,70.14,Strong Creator,High Scaling,Franchise Engine,0.11299999999999989,3,0,Steps Up,True,CII 77.8 >= 74: Already elite creator,"{'self_created': np.float64(70.76), 'pressure_appetite': np.float64(90.0), 'difficulty_embrace': np.float64(78.3), 'defensive_survival': np.float64(73.93), 'force_multiplication': np.float64(73.28)}","{'scaling_efficiency': np.float64(57.18812614357981), 'pressure_appetite': np.float64(82.16687116564415), 'creation_tools': np.float64(88.1), 'opportunity_response': np.float64(61.0), 'age_trajectory': np.float64(56.67)}",Medium
Salah Mejri,2017-18,12.56,26.01,Role Player,Low Scaling,Role Player,-0.05799999999999995,0,2,Hides,False,"Low CII 12.6, low TII 26.0","{'self_created': np.float64(13.06), 'pressure_appetite': np.float64(10.0), 'difficulty_embrace': np.float64(0.9), 'defensive_survival': np.float64(37.57), 'force_multiplication': np.float64(3.24)}","{'scaling_efficiency': np.float64(18.95153439153439), 'pressure_appetite': np.float64(17.200000000000042), 'creation_tools': np.float64(7.7), 'opportunity_response': np.float64(73.22), 'age_trajectory': np.float64(35.0)}",Medium
Semi Ojeleye,2017-18,8.62,33.44,Role Player,Low Scaling,Role Player,-0.0229999999999999,0,1,Hides,False,"Low CII 8.6, low TII 33.4","{'self_created': np.float64(0.89), 'pressure_appetite': np.float64(10.0), 'difficulty_embrace': np.float64(5.19), 'defensive_survival': np.float64(29.54), 'force_multiplication': np.float64(3.85)}","{'scaling_efficiency': np.float64(3.0876995305164305), 'pressure_appetite': np.float64(44.03333333333337), 'creation_tools': np.float64(26.640354767184036), 'opportunity_response': np.float64(44.542857142857144), 'age_trajectory': np.float64(95.0)}",Medium
Serge Ibaka,2017-18,13.52,34.61,Role Player,Low Scaling,Role Player,-0.06866666666666664,0,3,Hides,True,"Low CII 13.5, low TII 34.6","{'self_created': np.float64(6.91), 'pressure_appetite': np.float64(11.0), 'difficulty_embrace': np.float64(26.49), 'defensive_survival': np.float64(16.35), 'force_multiplication': np.float64(9.45)}","{'scaling_efficiency': np.float64(19.135321274763122), 'pressure_appetite': np.float64(6.800000000000002), 'creation_tools': np.float64(50.412390846130684), 'opportunity_response': np.float64(70.57142857142857), 'age_trajectory': np.float64(64.99000000000001)}",Medium
Shane Larkin,2017-18,26.59,48.68,Role Player,Limited Scaling,Role Player,-0.00249999999999995,1,1,Mixed,True,"Low CII 26.6, low TII 48.7","{'self_created': np.float64(20.69), 'pressure_appetite': np.float64(24.89), 'difficulty_embrace': np.float64(20.63), 'defensive_survival': np.float64(55.16), 'force_multiplication': np.float64(17.58)}","{'scaling_efficiency': np.float64(26.4), 'pressure_appetite': np.float64(58.78431372549023), 'creation_tools': np.float64(55.40120357085924), 'opportunity_response': np.float64(43.25714285714286), 'age_trajectory': np.float64(85.0)}",Medium
Shaun Livingston,2017-18,26.51,44.54,Role Player,Limited Scaling,Role Player,-0.056999999999999995,0,3,Hides,True,"Low CII 26.5, low TII 44.5","{'self_created': np.float64(28.84), 'pressure_appetite': np.float64(11.83), 'difficulty_embrace': np.float64(41.2), 'defensive_survival': np.float64(32.53), 'force_multiplication': np.float64(17.83)}","{'scaling_efficiency': np.float64(51.82666666666668), 'pressure_appetite': np.float64(18.400000000000002), 'creation_tools': np.float64(70.98632668144863), 'opportunity_response': np.float64(44.628571428571426), 'age_trajectory': np.float64(35.0)}",Medium
Shelvin Mack,2017-18,24.64,49.93,Role Player,Limited Scaling,Role Player,-0.03566666666666663,0,3,Hides,False,"Low CII 24.6, low TII 49.9","{'self_created': np.float64(31.32), 'pressure_appetite': np.float64(19.67), 'difficulty_embrace': np.float64(22.17), 'defensive_survival': np.float64(26.72), 'force_multiplication': np.float64(18.8)}","{'scaling_efficiency': np.float64(56.29333333333334), 'pressure_appetite': np.float64(26.000000000000043), 'creation_tools': np.float64(64.23373983739837), 'opportunity_response': np.float64(47.971428571428575), 'age_trajectory': np.float64(64.99000000000001)}",Medium
Sindarius Thornwell,2017-18,11.92,25.32,Role Player,Low Scaling,Role Player,-0.0999999999999999,0,1,Hides,False,"Low CII 11.9, low TII 25.3","{'self_created': np.float64(6.85), 'pressure_appetite': np.float64(10.0), 'difficulty_embrace': np.float64(7.9), 'defensive_survival': np.float64(28.2), 'force_multiplication': np.float64(15.57)}","{'scaling_efficiency': np.float64(16.592000000000002), 'pressure_appetite': np.float64(4.440892098500626e-14), 'creation_tools': np.float64(20.82501033484911), 'opportunity_response': np.float64(44.542857142857144), 'age_trajectory': np.float64(95.0)}",Medium
Skal Labissiere,2017-18,15.77,28.85,Role Player,Low Scaling,Role Player,-0.1109999999999999,0,1,Hides,True,"Low CII 15.8, low TII 28.9","{'self_created': np.float64(13.04), 'pressure_appetite': np.float64(10.0), 'difficulty_embrace': np.float64(18.79), 'defensive_survival': np.float64(27.95), 'force_multiplication': np.float64(14.07)}","{'scaling_efficiency': np.float64(10.901218052738338), 'pressure_appetite': np.float64(0.0), 'creation_tools': np.float64(41.324828630639246), 'opportunity_response': np.float64(48.74285714285714), 'age_trajectory': np.int64(100)}",Medium
Spencer Dinwiddie,2017-18,52.75,68.28,Fragile Star,High Scaling,Strong Creator,0.09049999999999994,2,0,Steps Up,False,"CII 52.8, TII 68.3","{'self_created': np.float64(46.45), 'pressure_appetite': np.float64(71.5), 'difficulty_embrace': np.float64(37.49), 'defensive_survival': np.float64(57.2), 'force_multiplication': np.float64(48.59)}","{'scaling_efficiency': np.float64(57.23130700289168), 'pressure_appetite': np.float64(79.79999999999998), 'creation_tools': np.float64(71.56293532338307), 'opportunity_response': np.float64(55.68571428571428), 'age_trajectory': np.float64(85.0)}",Medium
Stanley Johnson,2017-18,21.07,43.56,Role Player,Limited Scaling,Role Player,-0.0195,1,1,Mixed,True,"Low CII 21.1, low TII 43.6","{'self_created': np.float64(15.52), 'pressure_appetite': np.float64(13.33), 'difficulty_embrace': np.float64(22.54), 'defensive_survival': np.float64(46.09), 'force_multiplication': np.float64(16.61)}","{'scaling_efficiency': np.float64(26.142980397044663), 'pressure_appetite': np.float64(23.6), 'creation_tools': np.float64(58.218009897490276), 'opportunity_response': np.float64(54.48571428571428), 'age_trajectory': np.int64(100)}",Medium
Stephen Curry,2017-18,69.05,77.98,Luxury Amplifier,High Scaling,Strong Creator,0.07499999999999997,3,0,Steps Up,True,"CII 69.0, TII 78.0: High potential (limited career data) (Age 30 > 28, reclassified from Latent Engine)","{'self_created': np.float64(66.66), 'pressure_appetite': np.float64(79.83), 'difficulty_embrace': np.float64(58.66), 'defensive_survival': np.float64(78.79), 'force_multiplication': np.float64(55.43)}","{'scaling_efficiency': np.float64(71.79185217517824), 'pressure_appetite': np.float64(85.47586206896551), 'creation_tools': np.float64(86.71666666666667), 'opportunity_response': np.float64(86.0), 'age_trajectory': np.float64(48.34)}",Medium
Steven Adams,2017-18,13.26,33.49,Role Player,Low Scaling,Role Player,-0.05599999999999995,0,2,Hides,False,"Low CII 13.3, low TII 33.5","{'self_created': np.float64(13.46), 'pressure_appetite': np.float64(10.0), 'difficulty_embrace': np.float64(1.3), 'defensive_survival': np.float64(28.8), 'force_multiplication': np.float64(21.39)}","{'scaling_efficiency': np.float64(22.216292875989446), 'pressure_appetite': np.float64(6.800000000000002), 'creation_tools': np.float64(11.622764227642275), 'opportunity_response': np.float64(92.0), 'age_trajectory': np.float64(90.0)}",Medium
T.J. McConnell,2017-18,32.92,62.19,Role Player,Moderate Scaling,Role Player,-0.005999999999999999,1,2,Mixed,True,"Low CII 32.9, moderate TII 62.2 (Age 26 > 25, reclassified from Developing Prospect)","{'self_created': np.float64(38.63), 'pressure_appetite': np.float64(21.45), 'difficulty_embrace': np.float64(33.59), 'defensive_survival': np.float64(48.7), 'force_multiplication': np.float64(19.44)}","{'scaling_efficiency': np.float64(61.600000000000016), 'pressure_appetite': np.float64(50.98507462686567), 'creation_tools': np.float64(77.9152894066254), 'opportunity_response': np.float64(50.28571428571429), 'age_trajectory': np.float64(78.33)}",Medium
T.J. Warren,2017-18,35.43,55.03,Role Player,Moderate Scaling,Developing Prospect,-0.0423333333333333,0,3,Hides,True,"Low CII 35.4, moderate TII 55.0","{'self_created': np.float64(24.6), 'pressure_appetite': np.float64(36.43), 'difficulty_embrace': np.float64(35.27), 'defensive_survival': np.float64(50.63), 'force_multiplication': np.float64(42.97)}","{'scaling_efficiency': np.float64(34.425072026324834), 'pressure_appetite': np.float64(53.77777777777778), 'creation_tools': np.float64(66.84939275318679), 'opportunity_response': np.float64(59.28571428571428), 'age_trajectory': np.float64(90.0)}",Medium
Taurean Prince,2017-18,29.18,51.01,Role Player,Moderate Scaling,Role Player,-0.0189999999999999,0,1,Mixed,False,"Low CII 29.2, low TII 51.0","{'self_created': np.float64(26.4), 'pressure_appetite': np.float64(35.89), 'difficulty_embrace': np.float64(22.2), 'defensive_survival': np.float64(37.26), 'force_multiplication': np.float64(22.59)}","{'scaling_efficiency': np.float64(37.76561359867331), 'pressure_appetite': np.float64(46.08333333333337), 'creation_tools': np.float64(53.244489611562784), 'opportunity_response': np.float64(56.71428571428571), 'age_trajectory': np.float64(90.0)}",Medium
Terrence Ross,2017-18,31.63,53.34,Role Player,Moderate Scaling,Role Player,0.006333333333333332,1,2,Mixed,True,"Low CII 31.6, low TII 53.3","{'self_created': np.float64(11.42), 'pressure_appetite': np.float64(60.83), 'difficulty_embrace': np.float64(28.99), 'defensive_survival': np.float64(37.16), 'force_multiplication': np.float64(16.24)}","{'scaling_efficiency': np.float64(18.852937556678324), 'pressure_appetite': np.float64(76.00843373493976), 'creation_tools': np.float64(68.2705553923009), 'opportunity_response': np.float64(52.42857142857143), 'age_trajectory': np.float64(71.66)}",Medium
Terry Rozier,2017-18,32.01,50.19,Role Player,Moderate Scaling,Role Player,-0.0805,0,2,Hides,True,"Low CII 32.0, low TII 50.2","{'self_created': np.float64(34.71), 'pressure_appetite': np.float64(18.17), 'difficulty_embrace': np.float64(35.81), 'defensive_survival': np.float64(52.19), 'force_multiplication': np.float64(20.67)}","{'scaling_efficiency': np.float64(40.988583945367864), 'pressure_appetite': np.float64(20.0), 'creation_tools': np.float64(79.56768394819626), 'opportunity_response': np.float64(53.2), 'age_trajectory': np.float64(90.0)}",Medium
Thabo Sefolosha,2017-18,14.46,31.05,Role Player,Low Scaling,Role Player,-0.05749999999999995,0,2,Hides,False,"Low CII 14.5, low TII 31.1","{'self_created': np.float64(11.51), 'pressure_appetite': np.float64(10.0), 'difficulty_embrace': np.float64(12.09), 'defensive_survival': np.float64(36.8), 'force_multiplication': np.float64(5.7)}","{'scaling_efficiency': np.float64(26.04208739076154), 'pressure_appetite': np.float64(5.600000000000005), 'creation_tools': np.float64(40.836394660242895), 'opportunity_response': np.float64(74.48857142857142), 'age_trajectory': np.float64(25.0)}",Medium
Thaddeus Young,2017-18,15.43,30.25,Role Player,Low Scaling,Role Player,-0.046666666666666634,0,3,Hides,False,"Low CII 15.4, low TII 30.2","{'self_created': np.float64(14.1), 'pressure_appetite': np.float64(12.0), 'difficulty_embrace': np.float64(13.89), 'defensive_survival': np.float64(22.85), 'force_multiplication': np.float64(19.92)}","{'scaling_efficiency': np.float64(16.17468309702324), 'pressure_appetite': np.float64(16.400000000000002), 'creation_tools': np.float64(38.362413825892645), 'opportunity_response': np.float64(58.599999999999994), 'age_trajectory': np.float64(48.34)}",Medium
Tim Hardaway Jr.,2017-18,43.14,57.28,Fragile Star,Moderate Scaling,Role Player,0.00550000000000005,1,1,Mixed,True,"Low CII 43.1, moderate TII 57.3 (Age 26 > 25, reclassified from Developing Prospect)","{'self_created': np.float64(29.9), 'pressure_appetite': np.float64(59.79), 'difficulty_embrace': np.float64(37.87), 'defensive_survival': np.float64(56.29), 'force_multiplication': np.float64(32.02)}","{'scaling_efficiency': np.float64(30.892362185585338), 'pressure_appetite': np.float64(70.90742358078603), 'creation_tools': np.float64(67.72494940888274), 'opportunity_response': np.float64(59.37142857142857), 'age_trajectory': np.float64(78.33)}",Medium
Tobias Harris,2017-18,30.35,51.41,Role Player,Moderate Scaling,Fragile Star,-0.06533333333333326,0,3,Hides,True,"Fragile Star: high usage (22.7%), high minutes (33.3), low CII (30.4), extreme hiding (-0.065)","{'self_created': np.float64(34.71), 'pressure_appetite': np.float64(21.5), 'difficulty_embrace': np.float64(32.46), 'defensive_survival': np.float64(37.29), 'force_multiplication': np.float64(24.76)}","{'scaling_efficiency': np.float64(42.64955279668935), 'pressure_appetite': np.float64(16.80000000000004), 'creation_tools': np.float64(75.18516886930983), 'opportunity_response': np.float64(72.54285714285714), 'age_trajectory': np.float64(85.0)}",Medium
Torrey Craig,2017-18,13.66,34.04,Role Player,Low Scaling,Role Player,-0.023,0,1,Hides,False,"Low CII 13.7, low TII 34.0","{'self_created': np.float64(4.58), 'pressure_appetite': np.float64(13.1), 'difficulty_embrace': np.float64(7.47), 'defensive_survival': np.float64(47.56), 'force_multiplication': np.float64(3.85)}","{'scaling_efficiency': np.float64(8.34748661770198), 'pressure_appetite': np.float64(54.764367816091955), 'creation_tools': np.float64(19.80820016820858), 'opportunity_response': np.float64(44.8), 'age_trajectory': np.float64(71.66)}",Medium
Trevor Ariza,2017-18,12.2,29.36,Role Player,Low Scaling,Role Player,-0.03799999999999993,0,3,Hides,False,"Low CII 12.2, low TII 29.4","{'self_created': np.float64(5.32), 'pressure_appetite': np.float64(10.0), 'difficulty_embrace': np.float64(8.93), 'defensive_survival': np.float64(40.69), 'force_multiplication': np.float64(2.15)}","{'scaling_efficiency': np.float64(19.09045319451589), 'pressure_appetite': np.float64(17.200000000000042), 'creation_tools': np.float64(32.13829498933287), 'opportunity_response': np.float64(66.05714285714285), 'age_trajectory': np.float64(30.0)}",Medium
Trey Burke,2017-18,53.06,69.24,Fragile Star,High Scaling,Strong Creator,-0.02599999999999995,0,2,Hides,True,"CII 53.1, TII 69.2","{'self_created': np.float64(62.05), 'pressure_appetite': np.float64(45.76), 'difficulty_embrace': np.float64(61.94), 'defensive_survival': np.float64(48.64), 'force_multiplication': np.float64(33.17)}","{'scaling_efficiency': np.float64(71.33479801559176), 'pressure_appetite': np.float64(49.9437751004016), 'creation_tools': np.float64(87.25), 'opportunity_response': np.float64(62.68571428571428), 'age_trajectory': np.float64(85.0)}",Medium
Trey Lyles,2017-18,12.08,33.12,Role Player,Low Scaling,Role Player,-0.07349999999999995,0,2,Hides,False,"Low CII 12.1, low TII 33.1","{'self_created': np.float64(9.55), 'pressure_appetite': np.float64(10.5), 'difficulty_embrace': np.float64(11.66), 'defensive_survival': np.float64(21.06), 'force_multiplication': np.float64(11.03)}","{'scaling_efficiency': np.float64(17.49325588608487), 'pressure_appetite': np.float64(0.0), 'creation_tools': np.float64(34.9982847511402), 'opportunity_response': np.float64(72.50857142857143), 'age_trajectory': np.int64(100)}",Medium
Tristan Thompson,2017-18,9.15,25.49,Role Player,Low Scaling,Role Player,-0.044000000000000004,0,3,Hides,False,"Low CII 9.2, low TII 25.5","{'self_created': np.float64(8.43), 'pressure_appetite': np.float64(10.0), 'difficulty_embrace': np.float64(4.1), 'defensive_survival': np.float64(16.95), 'force_multiplication': np.float64(7.57)}","{'scaling_efficiency': np.float64(12.144325855962213), 'pressure_appetite': np.float64(13.2), 'creation_tools': np.float64(16.162682254921723), 'opportunity_response': np.float64(54.31428571428572), 'age_trajectory': np.float64(71.66)}",Medium
Troy Daniels,2017-18,16.85,44.49,Role Player,Limited Scaling,Role Player,-0.026,0,1,Hides,False,"Low CII 16.9, low TII 44.5","{'self_created': np.float64(6.92), 'pressure_appetite': np.float64(22.71), 'difficulty_embrace': np.float64(17.5), 'defensive_survival': np.float64(32.84), 'force_multiplication': np.float64(6.75)}","{'scaling_efficiency': np.float64(20.37639915966386), 'pressure_appetite': np.float64(42.547619047619044), 'creation_tools': np.float64(49.790243902439016), 'opportunity_response': np.float64(66.32857142857144), 'age_trajectory': np.float64(78.33)}",Medium
Tyler Dorsey,2017-18,20.6,42.28,Role Player,Limited Scaling,Role Player,-0.05,0,1,Hides,True,"Low CII 20.6, low TII 42.3","{'self_created': np.float64(15.28), 'pressure_appetite': np.float64(17.17), 'difficulty_embrace': np.float64(23.96), 'defensive_survival': np.float64(38.42), 'force_multiplication': np.float64(11.65)}","{'scaling_efficiency': np.float64(26.413306801759795), 'pressure_appetite': np.float64(20.0), 'creation_tools': np.float64(62.34886052487468), 'opportunity_response': np.float64(45.91428571428571), 'age_trajectory': np.int64(100)}",Medium
Tyler Ennis,2017-18,39.14,54.42,Role Player,Moderate Scaling,Role Player,0.043000000000000003,1,1,Steps Up,True,"Low CII 39.1, low TII 54.4","{'self_created': np.float64(19.87), 'pressure_appetite': np.float64(68.0), 'difficulty_embrace': np.float64(17.34), 'defensive_survival': np.float64(60.13), 'force_multiplication': np.float64(36.88)}","{'scaling_efficiency': np.float64(27.36), 'pressure_appetite': np.float64(84.9), 'creation_tools': np.float64(46.033619569923516), 'opportunity_response': np.float64(41.885714285714286), 'age_trajectory': np.float64(95.0)}",Medium
Tyler Ulis,2017-18,44.55,66.94,Fragile Star,High Scaling,Developing Prospect,-0.0435,1,1,Hides,True,"Low CII 44.5, moderate TII 66.9","{'self_created': np.float64(32.9), 'pressure_appetite': np.float64(41.96), 'difficulty_embrace': np.float64(56.63), 'defensive_survival': np.float64(67.79), 'force_multiplication': np.float64(26.96)}","{'scaling_efficiency': np.float64(48.8), 'pressure_appetite': np.float64(69.15652173913043), 'creation_tools': np.float64(86.75), 'opportunity_response': np.float64(51.05714285714285), 'age_trajectory': np.int64(100)}",Medium
Tyreke Evans,2017-18,58.44,70.82,Luxury Amplifier,High Scaling,Strong Creator,0.0233333333333333,2,1,Steps Up,False,"Medium CII 58.4, high TII 70.8, developing tools (Age 28 > 25, reclassified from Developing Star)","{'self_created': np.float64(58.79), 'pressure_appetite': np.float64(75.96), 'difficulty_embrace': np.float64(42.64), 'defensive_survival': np.float64(48.81), 'force_multiplication': np.float64(59.68)}","{'scaling_efficiency': np.float64(67.30625517749445), 'pressure_appetite': np.float64(72.64332129963897), 'creation_tools': np.float64(79.22597223445159), 'opportunity_response': np.float64(67.48571428571428), 'age_trajectory': np.float64(64.99000000000001)}",Medium
Tyson Chandler,2017-18,16.69,36.51,Role Player,Limited Scaling,Role Player,-0.0213333333333333,1,2,Hides,False,"Low CII 16.7, low TII 36.5","{'self_created': np.float64(15.87), 'pressure_appetite': np.float64(19.86), 'difficulty_embrace': np.float64(0.7), 'defensive_survival': np.float64(42.22), 'force_multiplication': np.float64(4.91)}","{'scaling_efficiency': np.float64(17.733333333333334), 'pressure_appetite': np.float64(57.45714285714289), 'creation_tools': np.float64(9.933333333333334), 'opportunity_response': np.float64(85.57142857142857), 'age_trajectory': np.int64(20)}",Medium
Victor Oladipo,2017-18,74.38,76.96,Strong Creator,High Scaling,Franchise Engine,0.0076666666666666645,2,1,Mixed,True,CII 74.4 >= 74: Already elite creator,"{'self_created': np.float64(73.81), 'pressure_appetite': np.float64(87.0), 'difficulty_embrace': np.float64(62.79), 'defensive_survival': np.float64(79.42), 'force_multiplication': np.float64(60.11)}","{'scaling_efficiency': np.float64(63.078226919055155), 'pressure_appetite': np.float64(85.59830508474576), 'creation_tools': np.float64(85.8), 'opportunity_response': np.float64(77.64285714285714), 'age_trajectory': np.float64(78.33)}",Medium
Vince Carter,2017-18,11.45,25.37,Role Player,Low Scaling,Role Player,-0.046999999999999896,0,3,Hides,True,"Low CII 11.4, low TII 25.4","{'self_created': np.float64(7.49), 'pressure_appetite': np.float64(10.0), 'difficulty_embrace': np.float64(18.54), 'defensive_survival': np.float64(18.79), 'force_multiplication': np.float64(1.75)}","{'scaling_efficiency': np.float64(14.197917808219175), 'pressure_appetite': np.float64(14.000000000000039), 'creation_tools': np.float64(43.42515808491418), 'opportunity_response': np.float64(46.17142857142857), 'age_trajectory': np.int64(20)}",Medium
Wayne Ellington,2017-18,21.07,51.55,Role Player,Moderate Scaling,Role Player,-0.03933333333333327,0,3,Hides,False,"Low CII 21.1, low TII 51.5","{'self_created': np.float64(7.99), 'pressure_appetite': np.float64(26.7), 'difficulty_embrace': np.float64(17.17), 'defensive_survival': np.float64(52.09), 'force_multiplication': np.float64(7.52)}","{'scaling_efficiency': np.float64(34.855925864230535), 'pressure_appetite': np.float64(58.05988023952096), 'creation_tools': np.float64(49.08462830436687), 'opportunity_response': np.float64(79.4857142857143), 'age_trajectory': np.float64(48.34)}",Medium
Wayne Selden,2017-18,32.7,57.7,Role Player,Moderate Scaling,Developing Prospect,-0.0089999999999999,0,1,Mixed,True,"Low CII 32.7, moderate TII 57.7","{'self_created': np.float64(24.38), 'pressure_appetite': np.float64(39.62), 'difficulty_embrace': np.float64(21.76), 'defensive_survival': np.float64(60.96), 'force_multiplication': np.float64(19.88)}","{'scaling_efficiency': np.float64(43.448177458033584), 'pressure_appetite': np.float64(62.23584905660381), 'creation_tools': np.float64(57.54947077772664), 'opportunity_response': np.float64(53.971428571428575), 'age_trajectory': np.float64(95.0)}",Medium
Wesley Johnson,2017-18,16.92,34.59,Role Player,Low Scaling,Role Player,-0.032,0,1,Hides,True,"Low CII 16.9, low TII 34.6","{'self_created': np.float64(4.02), 'pressure_appetite': np.float64(10.0), 'difficulty_embrace': np.float64(30.47), 'defensive_survival': np.float64(45.17), 'force_multiplication': np.float64(3.4)}","{'scaling_efficiency': np.float64(8.43266148178469), 'pressure_appetite': np.float64(27.199999999999996), 'creation_tools': np.float64(65.94358626919602), 'opportunity_response': np.float64(48.22857142857143), 'age_trajectory': np.float64(48.34)}",Medium
Wesley Matthews,2017-18,25.09,49.31,Role Player,Limited Scaling,Role Player,-0.014666666666666633,0,3,Mixed,False,"Low CII 25.1, low TII 49.3","{'self_created': np.float64(22.56), 'pressure_appetite': np.float64(27.41), 'difficulty_embrace': np.float64(26.91), 'defensive_survival': np.float64(33.55), 'force_multiplication': np.float64(10.52)}","{'scaling_efficiency': np.float64(36.55715276107214), 'pressure_appetite': np.float64(45.68978805394994), 'creation_tools': np.float64(69.61699327975938), 'opportunity_response': np.float64(59.97142857142857), 'age_trajectory': np.float64(40.01)}",Medium
Will Barton,2017-18,43.22,68.55,Fragile Star,High Scaling,Role Player,0.026333333333333268,3,0,Steps Up,False,"Low CII 43.2, moderate TII 68.5 (Age 27 > 25, reclassified from Developing Prospect)","{'self_created': np.float64(41.06), 'pressure_appetite': np.float64(53.46), 'difficulty_embrace': np.float64(26.41), 'defensive_survival': np.float64(57.49), 'force_multiplication': np.float64(36.27)}","{'scaling_efficiency': np.float64(60.96017869834502), 'pressure_appetite': np.float64(73.4875621890547), 'creation_tools': np.float64(67.07391700036403), 'opportunity_response': np.float64(75.37142857142857), 'age_trajectory': np.float64(71.66)}",Medium
Willie Cauley-Stein,2017-18,20.95,33.61,Role Player,Low Scaling,Role Player,-0.032,1,2,Hides,True,"Low CII 20.9, low TII 33.6","{'self_created': np.float64(10.31), 'pressure_appetite': np.float64(17.67), 'difficulty_embrace': np.float64(16.59), 'defensive_survival': np.float64(40.4), 'force_multiplication': np.float64(40.6)}","{'scaling_efficiency': np.float64(17.397283105900446), 'pressure_appetite': np.float64(12.399999999999999), 'creation_tools': np.float64(40.212544904518815), 'opportunity_response': np.float64(55.0), 'age_trajectory': np.float64(90.0)}",Medium
Wilson Chandler,2017-18,15.38,33.46,Role Player,Low Scaling,Role Player,-0.04099999999999995,0,2,Hides,False,"Low CII 15.4, low TII 33.5","{'self_created': np.float64(17.67), 'pressure_appetite': np.float64(10.0), 'difficulty_embrace': np.float64(13.13), 'defensive_survival': np.float64(24.68), 'force_multiplication': np.float64(12.52)}","{'scaling_efficiency': np.float64(22.520044398257685), 'pressure_appetite': np.float64(20.400000000000045), 'creation_tools': np.float64(44.396719340432846), 'opportunity_response': np.float64(58.17142857142857), 'age_trajectory': np.float64(40.01)}",Medium
Yogi Ferrell,2017-18,29.33,53.08,Role Player,Moderate Scaling,Role Player,-0.0019999999999999983,1,1,Mixed,True,"Low CII 29.3, low TII 53.1","{'self_created': np.float64(33.45), 'pressure_appetite': np.float64(16.46), 'difficulty_embrace': np.float64(42.29), 'defensive_survival': np.float64(36.15), 'force_multiplication': np.float64(12.96)}","{'scaling_efficiency': np.float64(46.336004483048484), 'pressure_appetite': np.float64(25.200000000000003), 'creation_tools': np.float64(80.75), 'opportunity_response': np.float64(54.82857142857143), 'age_trajectory': np.float64(85.0)}",Medium
Zach LaVine,2017-18,57.64,62.81,Luxury Amplifier,Moderate Scaling,Strong Creator,0.008000000000000035,1,2,Mixed,True,"CII 57.6, TII 62.8","{'self_created': np.float64(41.17), 'pressure_appetite': np.float64(85.83), 'difficulty_embrace': np.float64(44.46), 'defensive_survival': np.float64(65.41), 'force_multiplication': np.float64(51.31)}","{'scaling_efficiency': np.float64(32.86627994414008), 'pressure_appetite': np.float64(81.36206896551724), 'creation_tools': np.float64(74.75), 'opportunity_response': np.float64(54.4), 'age_trajectory': np.float64(95.0)}",Medium
Zach Randolph,2017-18,35.59,38.78,Role Player,Limited Scaling,Role Player,-0.026333333333333302,0,3,Hides,True,"Low CII 35.6, low TII 38.8","{'self_created': np.float64(23.77), 'pressure_appetite': np.float64(47.11), 'difficulty_embrace': np.float64(25.99), 'defensive_survival': np.float64(44.36), 'force_multiplication': np.float64(48.29)}","{'scaling_efficiency': np.float64(20.741405875952125), 'pressure_appetite': np.float64(51.599999999999994), 'creation_tools': np.float64(48.60367359229147), 'opportunity_response': np.float64(52.942857142857136), 'age_trajectory': np.int64(20)}",Medium
