player_name,season,cii,tii,cii_archetype,tii_archetype,archetype_2d,career_leverage_mean,career_positive_seasons,career_negative_seasons,career_pattern,has_creation_tools,reasoning,cii_components,tii_components,confidence
Aaron Gordon,2018-19,25.82,44.21,Role Player,Limited Scaling,Fragile Star,-0.05999999999999995,0,4,Hides,True,"Fragile Star: high minutes (33.8), low CII (25.8), extreme hiding (-0.060)","{'self_created': np.float64(27.2), 'pressure_appetite': np.float64(15.33), 'difficulty_embrace': np.float64(27.13), 'defensive_survival': np.float64(36.72), 'force_multiplication': np.float64(28.93)}","{'scaling_efficiency': np.float64(36.878492878173), 'pressure_appetite': np.float64(7.600000000000038), 'creation_tools': np.float64(63.776474292911935), 'opportunity_response': np.float64(59.97142857142857), 'age_trajectory': np.float64(95.0)}",High
Al Horford,2018-19,18.86,40.25,Role Player,Limited Scaling,Luxury Amplifier,-0.037000000000000005,0,4,Hides,True,"Negative career leverage (-0.037, 0+/4-) BUT has creation tools: Thrives as #2","{'self_created': np.float64(2.73), 'pressure_appetite': np.float64(18.29), 'difficulty_embrace': np.float64(22.9), 'defensive_survival': np.float64(46.77), 'force_multiplication': np.float64(18.69)}","{'scaling_efficiency': np.float64(31.486759645729407), 'pressure_appetite': np.float64(22.400000000000002), 'creation_tools': np.float64(44.02604220723058), 'opportunity_response': np.float64(89.34285714285714), 'age_trajectory': np.float64(30.0)}",High
Al-Farouq Aminu,2018-19,22.43,41.65,Role Player,Limited Scaling,Role Player,-0.02549999999999997,1,3,Hides,False,"Low CII 22.4, low TII 41.6, no creation tools","{'self_created': np.float64(11.0), 'pressure_appetite': np.float64(33.12), 'difficulty_embrace': np.float64(4.37), 'defensive_survival': np.float64(52.26), 'force_multiplication': np.float64(21.36)}","{'scaling_efficiency': np.float64(14.955497153408212), 'pressure_appetite': np.float64(68.59104477611942), 'creation_tools': np.float64(21.64411479189419), 'opportunity_response': np.float64(61.25714285714285), 'age_trajectory': np.float64(64.99000000000001)}",High
Alec Burks,2018-19,41.05,58.61,Fragile Star,Moderate Scaling,Strong Creator,0.027000000000000024,3,1,Steps Up,False,"Positive career leverage (+0.027), CII 41.0 still developing (Age 27 > 25, reclassified from Developing Engine)","{'self_created': np.float64(26.35), 'pressure_appetite': np.float64(64.33), 'difficulty_embrace': np.float64(20.83), 'defensive_survival': np.float64(58.07), 'force_multiplication': np.float64(41.88)}","{'scaling_efficiency': np.float64(41.19529759267465), 'pressure_appetite': np.float64(83.69459459459459), 'creation_tools': np.float64(53.724489123269606), 'opportunity_response': np.float64(49.42857142857143), 'age_trajectory': np.float64(71.66)}",High
Alex Caruso,2018-19,28.95,56.19,Role Player,Moderate Scaling,Developing Prospect,-0.041,0,1,Hides,False,"Low CII 28.9, moderate TII 56.2","{'self_created': np.float64(37.59), 'pressure_appetite': np.float64(18.8), 'difficulty_embrace': np.float64(16.69), 'defensive_survival': np.float64(50.78), 'force_multiplication': np.float64(20.2)}","{'scaling_efficiency': np.float64(67.93661909503261), 'pressure_appetite': np.float64(23.6), 'creation_tools': np.float64(58.17705903145988), 'opportunity_response': np.float64(65.17142857142856), 'age_trajectory': np.float64(85.0)}",Medium
Alex Len,2018-19,11.78,27.54,Role Player,Low Scaling,Role Player,-0.085,0,4,Hides,False,"Low CII 11.8, low TII 27.5, no creation tools","{'self_created': np.float64(2.48), 'pressure_appetite': np.float64(18.5), 'difficulty_embrace': np.float64(2.79), 'defensive_survival': np.float64(26.59), 'force_multiplication': np.float64(18.66)}","{'scaling_efficiency': np.float64(12.507188552416242), 'pressure_appetite': np.float64(14.8), 'creation_tools': np.float64(13.113748955246562), 'opportunity_response': np.float64(64.22857142857143), 'age_trajectory': np.float64(78.33)}",High
Allen Crabbe,2018-19,12.65,26.92,Role Player,Low Scaling,Role Player,-0.07366666666666663,0,3,Hides,False,"Low CII 12.7, low TII 26.9","{'self_created': np.float64(5.47), 'pressure_appetite': np.float64(10.0), 'difficulty_embrace': np.float64(15.0), 'defensive_survival': np.float64(35.79), 'force_multiplication': np.float64(1.36)}","{'scaling_efficiency': np.float64(7.1967706891821885), 'pressure_appetite': np.float64(4.400000000000004), 'creation_tools': np.float64(42.25415707930664), 'opportunity_response': np.float64(53.62857142857142), 'age_trajectory': np.float64(71.66)}",Medium
Allonzo Trier,2018-19,44.9,68.93,Fragile Star,High Scaling,Developing Prospect,-0.0089999999999999,0,1,Mixed,True,"Low CII 44.9, moderate TII 68.9","{'self_created': np.float64(49.35), 'pressure_appetite': np.float64(38.72), 'difficulty_embrace': np.float64(30.76), 'defensive_survival': np.float64(62.65), 'force_multiplication': np.float64(48.68)}","{'scaling_efficiency': np.float64(66.46666666666664), 'pressure_appetite': np.float64(62.217391304347856), 'creation_tools': np.float64(69.77144456227171), 'opportunity_response': np.float64(66.54285714285714), 'age_trajectory': np.float64(95.0)}",Medium
Andre Drummond,2018-19,22.32,32.12,Role Player,Low Scaling,Fragile Star,-0.033999999999999975,0,4,Hides,False,"Fragile Star: high usage (22.6%), high minutes (33.5), low CII (22.3), no creation tools","{'self_created': np.float64(19.23), 'pressure_appetite': np.float64(21.17), 'difficulty_embrace': np.float64(4.27), 'defensive_survival': np.float64(39.09), 'force_multiplication': np.float64(45.37)}","{'scaling_efficiency': np.float64(14.346397534055889), 'pressure_appetite': np.float64(16.400000000000002), 'creation_tools': np.float64(21.526933592344772), 'opportunity_response': np.float64(72.71428571428572), 'age_trajectory': np.float64(85.0)}",High
Andre Iguodala,2018-19,8.15,32.47,Role Player,Low Scaling,Role Player,-0.035750000000000025,1,3,Hides,False,"Low CII 8.2, low TII 32.5, no creation tools","{'self_created': np.float64(2.4), 'pressure_appetite': np.float64(10.0), 'difficulty_embrace': np.float64(7.07), 'defensive_survival': np.float64(21.08), 'force_multiplication': np.float64(3.54)}","{'scaling_efficiency': np.float64(20.14326385064541), 'pressure_appetite': np.float64(24.000000000000004), 'creation_tools': np.float64(40.48997021653385), 'opportunity_response': np.float64(68.87428571428572), 'age_trajectory': np.int64(20)}",High
Andrew Wiggins,2018-19,33.03,44.88,Role Player,Limited Scaling,Luxury Amplifier,1.734723475976807e-18,2,2,Mixed,True,"Mixed career leverage (+0.000), low CII but has tools","{'self_created': np.float64(30.79), 'pressure_appetite': np.float64(24.17), 'difficulty_embrace': np.float64(46.7), 'defensive_survival': np.float64(31.67), 'force_multiplication': np.float64(36.64)}","{'scaling_efficiency': np.float64(25.799342105263158), 'pressure_appetite': np.float64(16.80000000000004), 'creation_tools': np.float64(74.1), 'opportunity_response': np.float64(60.82857142857142), 'age_trajectory': np.float64(90.0)}",High
Ante Zizic,2018-19,10.33,29.0,Role Player,Low Scaling,Role Player,-0.119,0,1,Hides,False,"Low CII 10.3, low TII 29.0","{'self_created': np.float64(12.3), 'pressure_appetite': np.float64(10.0), 'difficulty_embrace': np.float64(6.5), 'defensive_survival': np.float64(11.68), 'force_multiplication': np.float64(10.88)}","{'scaling_efficiency': np.float64(15.853192957621866), 'pressure_appetite': np.float64(0.0), 'creation_tools': np.float64(17.41222252671965), 'opportunity_response': np.float64(71.75428571428571), 'age_trajectory': np.int64(100)}",Medium
Anthony Davis,2018-19,49.09,67.85,Fragile Star,High Scaling,Strong Creator,0.012,2,2,Steps Up,True,"Positive career leverage (+0.012), CII 49.1: Stepping up consistently","{'self_created': np.float64(30.79), 'pressure_appetite': np.float64(76.58), 'difficulty_embrace': np.float64(30.14), 'defensive_survival': np.float64(47.05), 'force_multiplication': np.float64(76.2)}","{'scaling_efficiency': np.float64(54.8620756376429), 'pressure_appetite': np.float64(72.15), 'creation_tools': np.float64(63.102777777777774), 'opportunity_response': np.float64(86.0), 'age_trajectory': np.float64(78.33)}",High
Anthony Tolliver,2018-19,10.39,29.76,Role Player,Low Scaling,Role Player,-0.027333333333333303,1,2,Hides,False,"Low CII 10.4, low TII 29.8","{'self_created': np.float64(0.42), 'pressure_appetite': np.float64(12.11), 'difficulty_embrace': np.float64(3.59), 'defensive_survival': np.float64(41.01), 'force_multiplication': np.float64(3.7)}","{'scaling_efficiency': np.float64(10.800622032376877), 'pressure_appetite': np.float64(53.465564738292045), 'creation_tools': np.float64(14.846015588255057), 'opportunity_response': np.float64(51.22857142857143), 'age_trajectory': np.float64(25.0)}",Medium
Austin Rivers,2018-19,19.78,41.08,Role Player,Limited Scaling,Role Player,-0.0466666666666666,0,3,Hides,False,"Low CII 19.8, low TII 41.1","{'self_created': np.float64(23.66), 'pressure_appetite': np.float64(10.0), 'difficulty_embrace': np.float64(15.44), 'defensive_survival': np.float64(37.1), 'force_multiplication': np.float64(15.29)}","{'scaling_efficiency': np.float64(38.72470865325734), 'pressure_appetite': np.float64(15.60000000000004), 'creation_tools': np.float64(48.209028970571396), 'opportunity_response': np.float64(53.885714285714286), 'age_trajectory': np.float64(78.33)}",Medium
Avery Bradley,2018-19,24.87,48.33,Role Player,Limited Scaling,Role Player,-0.041333333333333264,0,3,Hides,True,"Low CII 24.9, low TII 48.3","{'self_created': np.float64(16.55), 'pressure_appetite': np.float64(20.92), 'difficulty_embrace': np.float64(45.17), 'defensive_survival': np.float64(33.23), 'force_multiplication': np.float64(6.59)}","{'scaling_efficiency': np.float64(25.475514403292184), 'pressure_appetite': np.float64(42.40833333333336), 'creation_tools': np.float64(75.25), 'opportunity_response': np.float64(56.885714285714286), 'age_trajectory': np.float64(64.99000000000001)}",Medium
Bam Adebayo,2018-19,15.93,38.99,Role Player,Limited Scaling,Role Player,-0.045,0,1,Hides,False,"Low CII 15.9, low TII 39.0","{'self_created': np.float64(13.05), 'pressure_appetite': np.float64(12.0), 'difficulty_embrace': np.float64(6.0), 'defensive_survival': np.float64(43.0), 'force_multiplication': np.float64(13.61)}","{'scaling_efficiency': np.float64(21.543622574902546), 'pressure_appetite': np.float64(22.0), 'creation_tools': np.float64(22.166469887628814), 'opportunity_response': np.float64(83.96857142857142), 'age_trajectory': np.int64(100)}",Medium
Ben Simmons,2018-19,31.52,44.44,Role Player,Limited Scaling,Role Player,-0.0505,0,2,Hides,False,"Low CII 31.5, low TII 44.4","{'self_created': np.float64(44.7), 'pressure_appetite': np.float64(18.0), 'difficulty_embrace': np.float64(15.99), 'defensive_survival': np.float64(35.01), 'force_multiplication': np.float64(51.6)}","{'scaling_efficiency': np.float64(31.052010666410805), 'pressure_appetite': np.float64(13.2), 'creation_tools': np.float64(45.75561542824731), 'opportunity_response': np.float64(84.5), 'age_trajectory': np.int64(100)}",Medium
Blake Griffin,2018-19,63.46,69.6,Luxury Amplifier,High Scaling,Fragile Star,0.008499999999999975,1,3,Mixed,False,"Mixed career leverage (+0.008), NO tools: Empty stats","{'self_created': np.float64(63.8), 'pressure_appetite': np.float64(76.87), 'difficulty_embrace': np.float64(40.73), 'defensive_survival': np.float64(59.94), 'force_multiplication': np.float64(79.66)}","{'scaling_efficiency': np.float64(66.73002274262845), 'pressure_appetite': np.float64(71.7135135135135), 'creation_tools': np.float64(69.61337068776093), 'opportunity_response': np.float64(86.0), 'age_trajectory': np.float64(48.34)}",High
Boban Marjanovic,2018-19,22.55,31.71,Role Player,Low Scaling,Role Player,-0.031,0,1,Hides,False,"Low CII 22.6, low TII 31.7","{'self_created': np.float64(16.05), 'pressure_appetite': np.float64(31.79), 'difficulty_embrace': np.float64(6.5), 'defensive_survival': np.float64(42.26), 'force_multiplication': np.float64(21.47)}","{'scaling_efficiency': np.float64(20.146624764299187), 'pressure_appetite': np.float64(27.599999999999998), 'creation_tools': np.float64(17.150831319124002), 'opportunity_response': np.float64(70.03142857142856), 'age_trajectory': np.float64(48.34)}",Medium
Bobby Portis,2018-19,22.33,35.94,Role Player,Limited Scaling,Role Player,-0.04833333333333333,0,3,Hides,True,"Low CII 22.3, low TII 35.9","{'self_created': np.float64(12.8), 'pressure_appetite': np.float64(35.2), 'difficulty_embrace': np.float64(15.89), 'defensive_survival': np.float64(21.59), 'force_multiplication': np.float64(32.77)}","{'scaling_efficiency': np.float64(14.544529024592197), 'pressure_appetite': np.float64(27.199999999999996), 'creation_tools': np.float64(38.89612556084067), 'opportunity_response': np.float64(53.28571428571429), 'age_trajectory': np.float64(90.0)}",Medium
Bogdan Bogdanović,2018-19,32.04,48.02,Role Player,Limited Scaling,Role Player,-0.0205,1,1,Hides,True,"Low CII 32.0, low TII 48.0","{'self_created': np.float64(35.27), 'pressure_appetite': np.float64(21.71), 'difficulty_embrace': np.float64(38.21), 'defensive_survival': np.float64(39.87), 'force_multiplication': np.float64(24.12)}","{'scaling_efficiency': np.float64(41.28442475603494), 'pressure_appetite': np.float64(18.80000000000004), 'creation_tools': np.float64(74.38333333333333), 'opportunity_response': np.float64(54.82857142857143), 'age_trajectory': np.float64(78.33)}",Medium
Bojan Bogdanovic,2018-19,28.35,58.76,Role Player,Moderate Scaling,Luxury Amplifier,-0.049499999999999975,0,4,Hides,True,"Negative career leverage (-0.049, 0+/4-) BUT has creation tools: Thrives as #2","{'self_created': np.float64(22.1), 'pressure_appetite': np.float64(31.61), 'difficulty_embrace': np.float64(25.46), 'defensive_survival': np.float64(35.85), 'force_multiplication': np.float64(33.44)}","{'scaling_efficiency': np.float64(55.89753589950205), 'pressure_appetite': np.float64(41.534246575342465), 'creation_tools': np.float64(64.89668114489365), 'opportunity_response': np.float64(91.98285714285714), 'age_trajectory': np.float64(48.34)}",High
Bradley Beal,2018-19,61.54,72.82,Luxury Amplifier,High Scaling,Latent Engine,0.03574999999999992,3,1,Steps Up,True,"Positive career leverage (+0.036, 3+/1-), CII 61.5, TII 72.8: Can be #1","{'self_created': np.float64(60.7), 'pressure_appetite': np.float64(67.29), 'difficulty_embrace': np.float64(56.89), 'defensive_survival': np.float64(66.01), 'force_multiplication': np.float64(52.32)}","{'scaling_efficiency': np.float64(63.10148430275385), 'pressure_appetite': np.float64(70.97410071942443), 'creation_tools': np.float64(82.66666666666667), 'opportunity_response': np.float64(78.5), 'age_trajectory': np.float64(78.33)}",High
Brandon Ingram,2018-19,40.51,61.41,Fragile Star,Moderate Scaling,Developing Prospect,-0.046666666666666634,0,3,Hides,True,"Low CII 40.5, moderate TII 61.4","{'self_created': np.float64(48.15), 'pressure_appetite': np.float64(25.48), 'difficulty_embrace': np.float64(37.39), 'defensive_survival': np.float64(47.51), 'force_multiplication': np.float64(50.89)}","{'scaling_efficiency': np.float64(59.447342930062916), 'pressure_appetite': np.float64(20.8), 'creation_tools': np.float64(87.1), 'opportunity_response': np.float64(73.05714285714285), 'age_trajectory': np.int64(100)}",Medium
Brook Lopez,2018-19,10.49,36.33,Role Player,Limited Scaling,Role Player,-0.056499999999999974,0,4,Hides,False,"Low CII 10.5, low TII 36.3, no creation tools","{'self_created': np.float64(4.99), 'pressure_appetite': np.float64(11.67), 'difficulty_embrace': np.float64(10.6), 'defensive_survival': np.float64(21.04), 'force_multiplication': np.float64(7.96)}","{'scaling_efficiency': np.float64(24.454448548812653), 'pressure_appetite': np.float64(18.000000000000004), 'creation_tools': np.float64(41.31510224193151), 'opportunity_response': np.float64(81.56), 'age_trajectory': np.float64(40.01)}",High
Bruno Caboclo,2018-19,9.5,33.86,Role Player,Low Scaling,Role Player,-0.06,0,1,Hides,False,"Low CII 9.5, low TII 33.9","{'self_created': np.float64(1.91), 'pressure_appetite': np.float64(10.0), 'difficulty_embrace': np.float64(5.93), 'defensive_survival': np.float64(33.62), 'force_multiplication': np.float64(2.0)}","{'scaling_efficiency': np.float64(19.872422832980963), 'pressure_appetite': np.float64(16.0), 'creation_tools': np.float64(21.65569105691057), 'opportunity_response': np.float64(67.14285714285714), 'age_trajectory': np.float64(95.0)}",Medium
Bryn Forbes,2018-19,24.55,56.02,Role Player,Moderate Scaling,Developing Prospect,-0.071,0,1,Hides,True,"Low CII 24.6, moderate TII 56.0","{'self_created': np.float64(27.66), 'pressure_appetite': np.float64(10.0), 'difficulty_embrace': np.float64(37.89), 'defensive_survival': np.float64(37.09), 'force_multiplication': np.float64(6.15)}","{'scaling_efficiency': np.float64(54.13509513966182), 'pressure_appetite': np.float64(11.600000000000005), 'creation_tools': np.float64(81.2), 'opportunity_response': np.float64(80.9), 'age_trajectory': np.float64(85.0)}",Medium
Buddy Hield,2018-19,46.89,64.6,Fragile Star,Moderate Scaling,Strong Creator,-0.014666666666666599,1,2,Mixed,True,"CII 46.9, TII 64.6","{'self_created': np.float64(42.9), 'pressure_appetite': np.float64(52.56), 'difficulty_embrace': np.float64(50.97), 'defensive_survival': np.float64(52.29), 'force_multiplication': np.float64(28.38)}","{'scaling_efficiency': np.float64(48.63545159194281), 'pressure_appetite': np.float64(58.02222222222222), 'creation_tools': np.float64(77.21666666666667), 'opportunity_response': np.float64(81.5), 'age_trajectory': np.float64(78.33)}",Medium
CJ McCollum,2018-19,53.57,64.37,Fragile Star,Moderate Scaling,Luxury Amplifier,-0.009999999999999976,1,3,Mixed,True,"Negative career leverage (-0.010, 1+/3-) BUT has creation tools: Thrives as #2","{'self_created': np.float64(59.85), 'pressure_appetite': np.float64(39.04), 'difficulty_embrace': np.float64(69.06), 'defensive_survival': np.float64(57.1), 'force_multiplication': np.float64(34.75)}","{'scaling_efficiency': np.float64(56.844477028347995), 'pressure_appetite': np.float64(47.44623655913982), 'creation_tools': np.float64(86.65), 'opportunity_response': np.float64(73.05714285714285), 'age_trajectory': np.float64(71.66)}",High
CJ Miles,2018-19,10.63,20.69,Role Player,Low Scaling,Role Player,-0.08166666666666657,0,3,Hides,False,"Low CII 10.6, low TII 20.7","{'self_created': np.float64(4.72), 'pressure_appetite': np.float64(10.0), 'difficulty_embrace': np.float64(15.61), 'defensive_survival': np.float64(22.55), 'force_multiplication': np.float64(2.07)}","{'scaling_efficiency': np.float64(8.027244024000108), 'pressure_appetite': np.float64(0.0), 'creation_tools': np.float64(40.23858498989614), 'opportunity_response': np.float64(44.885714285714286), 'age_trajectory': np.float64(35.0)}",Medium
Cameron Payne,2018-19,33.81,54.35,Role Player,Moderate Scaling,Role Player,0.0059999999999999,1,0,Mixed,True,"Low CII 33.8, low TII 54.4","{'self_created': np.float64(31.07), 'pressure_appetite': np.float64(39.63), 'difficulty_embrace': np.float64(22.6), 'defensive_survival': np.float64(54.41), 'force_multiplication': np.float64(19.04)}","{'scaling_efficiency': np.float64(28.5231352794839), 'pressure_appetite': np.float64(65.33017751479288), 'creation_tools': np.float64(67.59291865108), 'opportunity_response': np.float64(46.25714285714285), 'age_trajectory': np.float64(90.0)}",Medium
Caris LeVert,2018-19,39.25,56.62,Role Player,Moderate Scaling,Fragile Star,-0.010333333333333266,0,3,Mixed,False,"Fragile Star: high usage (23.5%), low CII (39.2), no creation tools","{'self_created': np.float64(37.71), 'pressure_appetite': np.float64(46.23), 'difficulty_embrace': np.float64(25.39), 'defensive_survival': np.float64(52.42), 'force_multiplication': np.float64(34.4)}","{'scaling_efficiency': np.float64(41.2464746177925), 'pressure_appetite': np.float64(60.77021276595748), 'creation_tools': np.float64(59.91709911779969), 'opportunity_response': np.float64(53.8), 'age_trajectory': np.float64(90.0)}",Medium
Cedi Osman,2018-19,33.78,59.29,Role Player,Moderate Scaling,Developing Prospect,0.013,1,0,Steps Up,False,"Low CII 33.8, moderate TII 59.3","{'self_created': np.float64(24.65), 'pressure_appetite': np.float64(45.12), 'difficulty_embrace': np.float64(25.21), 'defensive_survival': np.float64(48.42), 'force_multiplication': np.float64(27.98)}","{'scaling_efficiency': np.float64(38.3521702628272), 'pressure_appetite': np.float64(64.88571428571429), 'creation_tools': np.float64(68.84033771106942), 'opportunity_response': np.float64(58.599999999999994), 'age_trajectory': np.float64(90.0)}",Medium
Chandler Parsons,2018-19,15.52,30.18,Role Player,Low Scaling,Role Player,-0.027333333333333366,1,2,Hides,True,"Low CII 15.5, low TII 30.2","{'self_created': np.float64(8.28), 'pressure_appetite': np.float64(17.81), 'difficulty_embrace': np.float64(19.9), 'defensive_survival': np.float64(25.07), 'force_multiplication': np.float64(8.42)}","{'scaling_efficiency': np.float64(10.928333333333331), 'pressure_appetite': np.float64(21.200000000000003), 'creation_tools': np.float64(47.858130081300814), 'opportunity_response': np.float64(47.971428571428575), 'age_trajectory': np.float64(48.34)}",Medium
Chasson Randle,2018-19,25.92,49.27,Role Player,Limited Scaling,Role Player,0.0219999999999999,1,0,Steps Up,False,"Low CII 25.9, low TII 49.3","{'self_created': np.float64(20.21), 'pressure_appetite': np.float64(46.92), 'difficulty_embrace': np.float64(9.29), 'defensive_survival': np.float64(32.32), 'force_multiplication': np.float64(14.26)}","{'scaling_efficiency': np.float64(30.082647058823532), 'pressure_appetite': np.float64(65.14999999999998), 'creation_tools': np.float64(43.083739837398376), 'opportunity_response': np.float64(50.028571428571425), 'age_trajectory': np.float64(78.33)}",Medium
Cheick Diallo,2018-19,23.43,53.54,Role Player,Moderate Scaling,Role Player,0.009,1,0,Mixed,True,"Low CII 23.4, low TII 53.5","{'self_created': np.float64(0.39), 'pressure_appetite': np.float64(39.15), 'difficulty_embrace': np.float64(16.7), 'defensive_survival': np.float64(59.88), 'force_multiplication': np.float64(12.04)}","{'scaling_efficiency': np.float64(27.02490883590463), 'pressure_appetite': np.float64(71.28387096774193), 'creation_tools': np.float64(31.655979543666405), 'opportunity_response': np.float64(75.2), 'age_trajectory': np.int64(100)}",Medium
Chris Paul,2018-19,55.29,60.1,Luxury Amplifier,Moderate Scaling,Strong Creator,0.027750000000000004,3,1,Steps Up,True,"Positive career leverage (+0.028), CII 55.3: Stepping up consistently","{'self_created': np.float64(81.35), 'pressure_appetite': np.float64(21.71), 'difficulty_embrace': np.float64(72.49), 'defensive_survival': np.float64(52.0), 'force_multiplication': np.float64(31.58)}","{'scaling_efficiency': np.float64(82.13333333333334), 'pressure_appetite': np.float64(18.80000000000004), 'creation_tools': np.float64(87.71666666666667), 'opportunity_response': np.float64(71.42857142857143), 'age_trajectory': np.float64(25.0)}",High
Clint Capela,2018-19,8.26,31.62,Role Player,Low Scaling,Role Player,-0.08899999999999997,0,3,Hides,False,"Low CII 8.3, low TII 31.6","{'self_created': np.float64(1.05), 'pressure_appetite': np.float64(10.0), 'difficulty_embrace': np.float64(0.0), 'defensive_survival': np.float64(24.27), 'force_multiplication': np.float64(18.05)}","{'scaling_efficiency': np.float64(20.730906332954117), 'pressure_appetite': np.float64(2.8000000000000025), 'creation_tools': np.float64(12.0), 'opportunity_response': np.float64(92.0), 'age_trajectory': np.float64(85.0)}",Medium
Cody Zeller,2018-19,8.31,32.29,Role Player,Low Scaling,Role Player,-0.061999999999999965,0,3,Hides,False,"Low CII 8.3, low TII 32.3","{'self_created': np.float64(7.01), 'pressure_appetite': np.float64(10.0), 'difficulty_embrace': np.float64(3.09), 'defensive_survival': np.float64(15.14), 'force_multiplication': np.float64(8.21)}","{'scaling_efficiency': np.float64(19.81534178246872), 'pressure_appetite': np.float64(6.800000000000002), 'creation_tools': np.float64(19.576849721327402), 'opportunity_response': np.float64(85.94857142857143), 'age_trajectory': np.float64(78.33)}",Medium
Collin Sexton,2018-19,47.23,59.11,Fragile Star,Moderate Scaling,Strong Creator,-0.036,0,1,Hides,True,"CII 47.2, TII 59.1","{'self_created': np.float64(50.5), 'pressure_appetite': np.float64(34.76), 'difficulty_embrace': np.float64(61.54), 'defensive_survival': np.float64(48.05), 'force_multiplication': np.float64(38.73)}","{'scaling_efficiency': np.float64(49.185919888942436), 'pressure_appetite': np.float64(25.600000000000005), 'creation_tools': np.float64(96.1), 'opportunity_response': np.float64(58.25714285714285), 'age_trajectory': np.int64(100)}",Medium
D'Angelo Russell,2018-19,70.71,72.52,Strong Creator,High Scaling,Latent Engine,0.026999999999999975,3,1,Steps Up,True,"Positive career leverage (+0.027, 3+/1-), CII 70.7, TII 72.5: Can be #1","{'self_created': np.float64(70.54), 'pressure_appetite': np.float64(72.39), 'difficulty_embrace': np.float64(76.26), 'defensive_survival': np.float64(75.65), 'force_multiplication': np.float64(48.55)}","{'scaling_efficiency': np.float64(54.83061766839275), 'pressure_appetite': np.float64(78.98649517684885), 'creation_tools': np.float64(91.45), 'opportunity_response': np.float64(56.885714285714286), 'age_trajectory': np.float64(95.0)}",High
D.J. Augustin,2018-19,43.31,71.36,Fragile Star,High Scaling,Role Player,-0.04399999999999995,0,4,Hides,False,"Low CII 43.3, low TII 71.4, no creation tools","{'self_created': np.float64(66.57), 'pressure_appetite': np.float64(24.5), 'difficulty_embrace': np.float64(32.83), 'defensive_survival': np.float64(49.35), 'force_multiplication': np.float64(32.42)}","{'scaling_efficiency': np.float64(86.78095238095239), 'pressure_appetite': np.float64(47.883629191321496), 'creation_tools': np.float64(80.48703516620965), 'opportunity_response': np.float64(88.4), 'age_trajectory': np.float64(40.01)}",High
Damian Lillard,2018-19,77.38,78.9,Strong Creator,High Scaling,Franchise Engine,0.05149999999999995,4,0,Steps Up,True,CII 77.4 >= 74: Already elite creator,"{'self_created': np.float64(90.88), 'pressure_appetite': np.float64(76.46), 'difficulty_embrace': np.float64(75.44), 'defensive_survival': np.float64(65.77), 'force_multiplication': np.float64(60.52)}","{'scaling_efficiency': np.float64(79.06153649551351), 'pressure_appetite': np.float64(72.58576512455515), 'creation_tools': np.float64(88.18333333333334), 'opportunity_response': np.float64(86.0), 'age_trajectory': np.float64(64.99000000000001)}",High
Damyean Dotson,2018-19,25.04,47.65,Role Player,Limited Scaling,Role Player,-0.035,0,1,Hides,True,"Low CII 25.0, low TII 47.6","{'self_created': np.float64(17.79), 'pressure_appetite': np.float64(18.24), 'difficulty_embrace': np.float64(36.46), 'defensive_survival': np.float64(47.34), 'force_multiplication': np.float64(7.55)}","{'scaling_efficiency': np.float64(29.873720795165067), 'pressure_appetite': np.float64(25.999999999999996), 'creation_tools': np.float64(77.56394862173474), 'opportunity_response': np.float64(54.48571428571428), 'age_trajectory': np.float64(85.0)}",Medium
Danilo Gallinari,2018-19,41.96,66.11,Fragile Star,High Scaling,Luxury Amplifier,-0.01424999999999995,0,4,Mixed,True,"Negative career leverage (-0.014, 0+/4-) BUT has creation tools: Thrives as #2","{'self_created': np.float64(37.88), 'pressure_appetite': np.float64(45.31), 'difficulty_embrace': np.float64(30.61), 'defensive_survival': np.float64(56.66), 'force_multiplication': np.float64(46.49)}","{'scaling_efficiency': np.float64(59.4567969179967), 'pressure_appetite': np.float64(63.54430379746839), 'creation_tools': np.float64(72.09382525470824), 'opportunity_response': np.float64(87.56857142857143), 'age_trajectory': np.float64(48.34)}",High
Danny Green,2018-19,16.88,47.75,Role Player,Limited Scaling,Role Player,0.0037500000000000007,2,2,Mixed,False,"Mixed career leverage, no tools, low CII","{'self_created': np.float64(6.13), 'pressure_appetite': np.float64(24.32), 'difficulty_embrace': np.float64(15.27), 'defensive_survival': np.float64(36.15), 'force_multiplication': np.float64(4.86)}","{'scaling_efficiency': np.float64(31.168428499725135), 'pressure_appetite': np.float64(48.44604316546763), 'creation_tools': np.float64(47.85342750190092), 'opportunity_response': np.float64(88.11714285714285), 'age_trajectory': np.float64(35.0)}",High
Danuel House Jr.,2018-19,10.29,47.12,Role Player,Limited Scaling,Role Player,-0.03,0,1,Hides,False,"Low CII 10.3, low TII 47.1","{'self_created': np.float64(4.86), 'pressure_appetite': np.float64(13.03), 'difficulty_embrace': np.float64(8.44), 'defensive_survival': np.float64(23.6), 'force_multiplication': np.float64(3.5)}","{'scaling_efficiency': np.float64(30.825522899037527), 'pressure_appetite': np.float64(40.058394160583944), 'creation_tools': np.float64(35.856136134354045), 'opportunity_response': np.float64(85.66571428571429), 'age_trajectory': np.float64(78.33)}",Medium
Dario Šarić,2018-19,8.5,30.39,Role Player,Low Scaling,Role Player,-0.0499999999999999,0,3,Hides,False,"Low CII 8.5, low TII 30.4","{'self_created': np.float64(2.53), 'pressure_appetite': np.float64(10.0), 'difficulty_embrace': np.float64(9.37), 'defensive_survival': np.float64(17.59), 'force_multiplication': np.float64(7.29)}","{'scaling_efficiency': np.float64(12.366964448008545), 'pressure_appetite': np.float64(7.600000000000038), 'creation_tools': np.float64(37.55467952353942), 'opportunity_response': np.float64(58.42857142857143), 'age_trajectory': np.float64(85.0)}",Medium
Darius Miller,2018-19,17.66,45.44,Role Player,Limited Scaling,Role Player,-0.02599999999999995,0,2,Hides,True,"Low CII 17.7, low TII 45.4","{'self_created': np.float64(6.82), 'pressure_appetite': np.float64(14.55), 'difficulty_embrace': np.float64(21.77), 'defensive_survival': np.float64(48.32), 'force_multiplication': np.float64(3.75)}","{'scaling_efficiency': np.float64(19.2071829203576), 'pressure_appetite': np.float64(54.231552162849866), 'creation_tools': np.float64(58.097973685843726), 'opportunity_response': np.float64(58.857142857142854), 'age_trajectory': np.float64(56.67)}",Medium
Darren Collison,2018-19,58.82,80.43,Luxury Amplifier,Elite Scaling,Strong Creator,0.022,3,1,Steps Up,True,"Positive career leverage (+0.022, 3+/1-), CII 58.8, TII 80.4: Can be #1 (Age 31 > 28, reclassified from Latent Engine)","{'self_created': np.float64(54.37), 'pressure_appetite': np.float64(65.67), 'difficulty_embrace': np.float64(51.76), 'defensive_survival': np.float64(76.92), 'force_multiplication': np.float64(42.02)}","{'scaling_efficiency': np.float64(78.85959890449683), 'pressure_appetite': np.float64(90.8), 'creation_tools': np.float64(97.0), 'opportunity_response': np.float64(71.17142857142858), 'age_trajectory': np.float64(40.01)}",High
David Nwaba,2018-19,11.26,26.53,Role Player,Low Scaling,Role Player,-0.05999999999999996,0,3,Hides,False,"Low CII 11.3, low TII 26.5","{'self_created': np.float64(19.13), 'pressure_appetite': np.float64(10.0), 'difficulty_embrace': np.float64(2.09), 'defensive_survival': np.float64(12.74), 'force_multiplication': np.float64(6.89)}","{'scaling_efficiency': np.float64(18.299336446981496), 'pressure_appetite': np.float64(8.80000000000004), 'creation_tools': np.float64(14.893452689846047), 'opportunity_response': np.float64(53.542857142857144), 'age_trajectory': np.float64(78.33)}",Medium
De'Aaron Fox,2018-19,59.73,74.05,Luxury Amplifier,High Scaling,Latent Engine,0.03849999999999995,2,0,Steps Up,True,"Medium CII 59.7, high TII 74.0, has tools","{'self_created': np.float64(58.57), 'pressure_appetite': np.float64(67.68), 'difficulty_embrace': np.float64(46.94), 'defensive_survival': np.float64(68.64), 'force_multiplication': np.float64(55.54)}","{'scaling_efficiency': np.float64(62.77810954476375), 'pressure_appetite': np.float64(79.34957983193274), 'creation_tools': np.float64(83.46666666666667), 'opportunity_response': np.float64(57.91428571428571), 'age_trajectory': np.int64(100)}",Medium
De'Anthony Melton,2018-19,29.17,50.26,Role Player,Moderate Scaling,Role Player,0.045,1,0,Steps Up,False,"Low CII 29.2, low TII 50.3","{'self_created': np.float64(14.73), 'pressure_appetite': np.float64(55.33), 'difficulty_embrace': np.float64(14.54), 'defensive_survival': np.float64(41.82), 'force_multiplication': np.float64(17.34)}","{'scaling_efficiency': np.float64(16.061547535270265), 'pressure_appetite': np.float64(73.12244897959184), 'creation_tools': np.float64(49.89688346883469), 'opportunity_response': np.float64(47.885714285714286), 'age_trajectory': np.int64(100)}",Medium
DeAndre Jordan,2018-19,15.69,39.57,Role Player,Limited Scaling,Role Player,-0.0024999999999999493,2,2,Mixed,False,"Low CII 15.7, low TII 39.6, no creation tools","{'self_created': np.float64(10.99), 'pressure_appetite': np.float64(16.41), 'difficulty_embrace': np.float64(0.3), 'defensive_survival': np.float64(42.89), 'force_multiplication': np.float64(17.97)}","{'scaling_efficiency': np.float64(19.520823680823682), 'pressure_appetite': np.float64(52.80630630630634), 'creation_tools': np.float64(10.9), 'opportunity_response': np.float64(90.00285714285714), 'age_trajectory': np.float64(48.34)}",High
DeAndre' Bembry,2018-19,16.03,30.18,Role Player,Low Scaling,Role Player,-0.051,0,1,Hides,False,"Low CII 16.0, low TII 30.2","{'self_created': np.float64(14.27), 'pressure_appetite': np.float64(12.83), 'difficulty_embrace': np.float64(3.57), 'defensive_survival': np.float64(37.72), 'force_multiplication': np.float64(21.72)}","{'scaling_efficiency': np.float64(13.547463831993776), 'pressure_appetite': np.float64(19.600000000000005), 'creation_tools': np.float64(22.680081300813008), 'opportunity_response': np.float64(51.22857142857143), 'age_trajectory': np.float64(90.0)}",Medium
DeMar DeRozan,2018-19,65.05,67.28,Luxury Amplifier,High Scaling,Strong Creator,0.07674999999999996,4,0,Steps Up,True,"Positive career leverage (+0.077), CII 65.0: Stepping up consistently","{'self_created': np.float64(62.23), 'pressure_appetite': np.float64(70.98), 'difficulty_embrace': np.float64(66.97), 'defensive_survival': np.float64(61.22), 'force_multiplication': np.float64(60.6)}","{'scaling_efficiency': np.float64(54.82004808141289), 'pressure_appetite': np.float64(73.7046931407942), 'creation_tools': np.float64(88.0), 'opportunity_response': np.float64(60.91428571428571), 'age_trajectory': np.float64(56.67)}",High
DeMarre Carroll,2018-19,14.25,27.03,Role Player,Low Scaling,Role Player,-0.06674999999999992,0,4,Hides,False,"Low CII 14.2, low TII 27.0, no creation tools","{'self_created': np.float64(6.14), 'pressure_appetite': np.float64(13.83), 'difficulty_embrace': np.float64(9.73), 'defensive_survival': np.float64(32.71), 'force_multiplication': np.float64(20.95)}","{'scaling_efficiency': np.float64(17.051400764980883), 'pressure_appetite': np.float64(16.80000000000004), 'creation_tools': np.float64(31.508972285855453), 'opportunity_response': np.float64(52.77142857142857), 'age_trajectory': np.float64(35.0)}",High
Deandre Ayton,2018-19,17.72,41.37,Role Player,Limited Scaling,Role Player,-0.0999999999999999,0,1,Hides,True,"Low CII 17.7, low TII 41.4","{'self_created': np.float64(11.13), 'pressure_appetite': np.float64(11.67), 'difficulty_embrace': np.float64(18.1), 'defensive_survival': np.float64(34.59), 'force_multiplication': np.float64(26.53)}","{'scaling_efficiency': np.float64(33.53988097904335), 'pressure_appetite': np.float64(4.440892098500626e-14), 'creation_tools': np.float64(38.35406504065041), 'opportunity_response': np.float64(90.94571428571427), 'age_trajectory': np.int64(100)}",Medium
Delon Wright,2018-19,24.58,39.12,Role Player,Limited Scaling,Role Player,-0.05399999999999995,0,2,Hides,False,"Low CII 24.6, low TII 39.1","{'self_created': np.float64(30.38), 'pressure_appetite': np.float64(18.96), 'difficulty_embrace': np.float64(13.39), 'defensive_survival': np.float64(33.09), 'force_multiplication': np.float64(30.85)}","{'scaling_efficiency': np.float64(29.39268780831572), 'pressure_appetite': np.float64(26.000000000000043), 'creation_tools': np.float64(45.40252410663642), 'opportunity_response': np.float64(50.371428571428574), 'age_trajectory': np.float64(71.66)}",Medium
Dennis Schröder,2018-19,32.15,45.63,Role Player,Limited Scaling,Luxury Amplifier,-0.011499999999999976,2,2,Mixed,True,"Negative career leverage (-0.011, 2+/2-) BUT has creation tools: Thrives as #2","{'self_created': np.float64(42.09), 'pressure_appetite': np.float64(13.67), 'difficulty_embrace': np.float64(46.31), 'defensive_survival': np.float64(27.05), 'force_multiplication': np.float64(27.87)}","{'scaling_efficiency': np.float64(39.15418767507003), 'pressure_appetite': np.float64(0.0), 'creation_tools': np.float64(84.85), 'opportunity_response': np.float64(56.114285714285714), 'age_trajectory': np.float64(85.0)}",High
Dennis Smith Jr.,2018-19,40.41,59.21,Fragile Star,Moderate Scaling,Developing Prospect,0.004,1,1,Mixed,True,"Low CII 40.4, moderate TII 59.2","{'self_created': np.float64(38.19), 'pressure_appetite': np.float64(36.64), 'difficulty_embrace': np.float64(41.81), 'defensive_survival': np.float64(47.14), 'force_multiplication': np.float64(43.57)}","{'scaling_efficiency': np.float64(42.510240210087275), 'pressure_appetite': np.float64(46.17630853994494), 'creation_tools': np.float64(82.97656722434992), 'opportunity_response': np.float64(55.42857142857143), 'age_trajectory': np.int64(100)}",Medium
Derrick Jones Jr.,2018-19,11.2,28.14,Role Player,Low Scaling,Role Player,-0.0579999999999999,0,1,Hides,False,"Low CII 11.2, low TII 28.1","{'self_created': np.float64(7.76), 'pressure_appetite': np.float64(10.0), 'difficulty_embrace': np.float64(2.49), 'defensive_survival': np.float64(37.71), 'force_multiplication': np.float64(2.19)}","{'scaling_efficiency': np.float64(10.989102167319018), 'pressure_appetite': np.float64(16.80000000000004), 'creation_tools': np.float64(13.131796155709901), 'opportunity_response': np.float64(53.457142857142856), 'age_trajectory': np.int64(100)}",Medium
Derrick Rose,2018-19,61.06,71.86,Luxury Amplifier,High Scaling,Strong Creator,0.034333333333333264,3,0,Steps Up,True,"Medium CII 61.1, high TII 71.9, has tools (Age 30 > 28, reclassified from Latent Engine)","{'self_created': np.float64(59.48), 'pressure_appetite': np.float64(68.09), 'difficulty_embrace': np.float64(54.71), 'defensive_survival': np.float64(67.62), 'force_multiplication': np.float64(51.11)}","{'scaling_efficiency': np.float64(65.20498015006963), 'pressure_appetite': np.float64(77.34176245210726), 'creation_tools': np.float64(92.35), 'opportunity_response': np.float64(64.4), 'age_trajectory': np.float64(48.34)}",Medium
Derrick White,2018-19,47.38,76.59,Fragile Star,High Scaling,Latent Engine,0.06,1,0,Steps Up,True,"Medium CII 47.4, high TII 76.6, has tools","{'self_created': np.float64(35.17), 'pressure_appetite': np.float64(63.0), 'difficulty_embrace': np.float64(31.53), 'defensive_survival': np.float64(73.12), 'force_multiplication': np.float64(38.01)}","{'scaling_efficiency': np.float64(66.75323666362992), 'pressure_appetite': np.float64(87.74157303370785), 'creation_tools': np.float64(83.81916963551657), 'opportunity_response': np.float64(59.114285714285714), 'age_trajectory': np.float64(90.0)}",Medium
Devin Booker,2018-19,79.1,80.86,Strong Creator,Elite Scaling,Franchise Engine,0.02924999999999993,3,1,Steps Up,True,CII 79.1 >= 74: Already elite creator,"{'self_created': np.float64(81.76), 'pressure_appetite': np.float64(90.0), 'difficulty_embrace': np.float64(71.17), 'defensive_survival': np.float64(71.43), 'force_multiplication': np.float64(71.22)}","{'scaling_efficiency': np.float64(70.73639236012495), 'pressure_appetite': np.float64(78.59999999999998), 'creation_tools': np.float64(85.45), 'opportunity_response': np.float64(86.0), 'age_trajectory': np.int64(100)}",High
Devin Harris,2018-19,15.03,26.56,Role Player,Low Scaling,Role Player,-0.04624999999999998,0,4,Hides,False,"Low CII 15.0, low TII 26.6, no creation tools","{'self_created': np.float64(10.1), 'pressure_appetite': np.float64(18.33), 'difficulty_embrace': np.float64(10.1), 'defensive_survival': np.float64(31.35), 'force_multiplication': np.float64(7.0)}","{'scaling_efficiency': np.float64(19.913604221635886), 'pressure_appetite': np.float64(24.00000000000004), 'creation_tools': np.float64(29.59480578139115), 'opportunity_response': np.float64(44.457142857142856), 'age_trajectory': np.int64(20)}",High
Devonte' Graham,2018-19,15.81,37.29,Role Player,Limited Scaling,Role Player,-0.073,0,1,Hides,False,"Low CII 15.8, low TII 37.3","{'self_created': np.float64(16.04), 'pressure_appetite': np.float64(10.0), 'difficulty_embrace': np.float64(20.74), 'defensive_survival': np.float64(21.81), 'force_multiplication': np.float64(10.78)}","{'scaling_efficiency': np.float64(26.447475426000675), 'pressure_appetite': np.float64(10.800000000000004), 'creation_tools': np.float64(55.572107943971005), 'opportunity_response': np.float64(43.6), 'age_trajectory': np.float64(90.0)}",Medium
Dewayne Dedmon,2018-19,18.64,42.5,Role Player,Limited Scaling,Role Player,-0.027999999999999997,2,1,Hides,False,"Low CII 18.6, low TII 42.5","{'self_created': np.float64(1.08), 'pressure_appetite': np.float64(37.58), 'difficulty_embrace': np.float64(6.39), 'defensive_survival': np.float64(41.36), 'force_multiplication': np.float64(14.4)}","{'scaling_efficiency': np.float64(16.032033346212838), 'pressure_appetite': np.float64(63.684337349397595), 'creation_tools': np.float64(21.89735037711823), 'opportunity_response': np.float64(78.16571428571429), 'age_trajectory': np.float64(56.67)}",Medium
Dion Waiters,2018-19,27.34,49.35,Role Player,Limited Scaling,Role Player,-0.003249999999999975,2,2,Mixed,False,"Low CII 27.3, low TII 49.4, no creation tools","{'self_created': np.float64(26.55), 'pressure_appetite': np.float64(30.83), 'difficulty_embrace': np.float64(25.83), 'defensive_survival': np.float64(32.29), 'force_multiplication': np.float64(16.6)}","{'scaling_efficiency': np.float64(36.151875284816505), 'pressure_appetite': np.float64(41.88262910798126), 'creation_tools': np.float64(64.4392476812092), 'opportunity_response': np.float64(53.2), 'age_trajectory': np.float64(71.66)}",High
Donovan Mitchell,2018-19,69.06,69.49,Luxury Amplifier,High Scaling,Strong Creator,0.1345,2,0,Steps Up,True,CII 69.1: Good creation (limited career data),"{'self_created': np.float64(60.65), 'pressure_appetite': np.float64(90.0), 'difficulty_embrace': np.float64(56.26), 'defensive_survival': np.float64(73.07), 'force_multiplication': np.float64(61.51)}","{'scaling_efficiency': np.float64(46.68367951358243), 'pressure_appetite': np.float64(83.8), 'creation_tools': np.float64(77.76666666666667), 'opportunity_response': np.float64(59.885714285714286), 'age_trajectory': np.int64(100)}",Medium
Dorian Finney-Smith,2018-19,13.53,36.33,Role Player,Limited Scaling,Role Player,-0.02366666666666663,0,3,Hides,False,"Low CII 13.5, low TII 36.3","{'self_created': np.float64(7.04), 'pressure_appetite': np.float64(17.39), 'difficulty_embrace': np.float64(6.94), 'defensive_survival': np.float64(34.91), 'force_multiplication': np.float64(4.48)}","{'scaling_efficiency': np.float64(8.500317460317461), 'pressure_appetite': np.float64(51.733333333333334), 'creation_tools': np.float64(26.053673592291474), 'opportunity_response': np.float64(52.0), 'age_trajectory': np.float64(78.33)}",Medium
Dragan Bender,2018-19,10.04,34.33,Role Player,Low Scaling,Role Player,-0.010499999999999999,1,1,Mixed,False,"Low CII 10.0, low TII 34.3","{'self_created': np.float64(2.83), 'pressure_appetite': np.float64(11.15), 'difficulty_embrace': np.float64(1.09), 'defensive_survival': np.float64(37.92), 'force_multiplication': np.float64(4.95)}","{'scaling_efficiency': np.float64(6.172502390265105), 'pressure_appetite': np.float64(51.84615384615385), 'creation_tools': np.float64(12.752188868042527), 'opportunity_response': np.float64(46.42857142857143), 'age_trajectory': np.int64(100)}",Medium
Draymond Green,2018-19,11.68,36.19,Role Player,Limited Scaling,Role Player,0.0014999999999999736,2,2,Mixed,False,"Mixed career leverage, no tools, low CII","{'self_created': np.float64(4.47), 'pressure_appetite': np.float64(14.42), 'difficulty_embrace': np.float64(7.39), 'defensive_survival': np.float64(30.88), 'force_multiplication': np.float64(6.21)}","{'scaling_efficiency': np.float64(13.711996913580249), 'pressure_appetite': np.float64(46.625), 'creation_tools': np.float64(30.397154471544717), 'opportunity_response': np.float64(57.82857142857143), 'age_trajectory': np.float64(56.67)}",High
Dwayne Bacon,2018-19,21.0,54.77,Role Player,Moderate Scaling,Role Player,-0.065,0,2,Hides,False,"Low CII 21.0, low TII 54.8","{'self_created': np.float64(24.54), 'pressure_appetite': np.float64(14.6), 'difficulty_embrace': np.float64(15.37), 'defensive_survival': np.float64(33.76), 'force_multiplication': np.float64(18.49)}","{'scaling_efficiency': np.float64(65.46666666666664), 'pressure_appetite': np.float64(23.6), 'creation_tools': np.float64(52.10129497103354), 'opportunity_response': np.float64(62.08571428571429), 'age_trajectory': np.float64(95.0)}",Medium
Dwight Powell,2018-19,10.62,34.15,Role Player,Low Scaling,Role Player,-0.07433333333333329,0,3,Hides,False,"Low CII 10.6, low TII 34.1","{'self_created': np.float64(0.62), 'pressure_appetite': np.float64(19.34), 'difficulty_embrace': np.float64(0.6), 'defensive_survival': np.float64(24.91), 'force_multiplication': np.float64(17.41)}","{'scaling_efficiency': np.float64(19.002466501032355), 'pressure_appetite': np.float64(27.199999999999996), 'creation_tools': np.float64(10.629794070395793), 'opportunity_response': np.float64(82.36571428571429), 'age_trajectory': np.float64(71.66)}",Medium
Dwyane Wade,2018-19,54.44,55.53,Fragile Star,Moderate Scaling,Strong Creator,0.02199999999999995,2,2,Steps Up,True,"Positive career leverage (+0.022), CII 54.4: Stepping up consistently","{'self_created': np.float64(45.14), 'pressure_appetite': np.float64(66.81), 'difficulty_embrace': np.float64(49.94), 'defensive_survival': np.float64(58.47), 'force_multiplication': np.float64(54.34)}","{'scaling_efficiency': np.float64(41.4359170203089), 'pressure_appetite': np.float64(67.60223048327134), 'creation_tools': np.float64(80.91666666666667), 'opportunity_response': np.float64(53.457142857142856), 'age_trajectory': np.int64(20)}",High
E'Twaun Moore,2018-19,15.19,42.79,Role Player,Limited Scaling,Role Player,-0.05725000000000001,0,4,Hides,False,"Low CII 15.2, low TII 42.8, no creation tools","{'self_created': np.float64(14.25), 'pressure_appetite': np.float64(10.0), 'difficulty_embrace': np.float64(20.31), 'defensive_survival': np.float64(23.61), 'force_multiplication': np.float64(8.14)}","{'scaling_efficiency': np.float64(43.535823978446324), 'pressure_appetite': np.float64(7.200000000000002), 'creation_tools': np.float64(62.48928742228598), 'opportunity_response': np.float64(70.65714285714286), 'age_trajectory': np.float64(48.34)}",High
Elfrid Payton,2018-19,36.87,55.35,Role Player,Moderate Scaling,Developing Engine,0.012,2,2,Steps Up,False,"Positive career leverage (+0.012), CII 36.9 still developing","{'self_created': np.float64(21.79), 'pressure_appetite': np.float64(60.67), 'difficulty_embrace': np.float64(13.51), 'defensive_survival': np.float64(63.23), 'force_multiplication': np.float64(29.75)}","{'scaling_efficiency': np.float64(29.133431086585205), 'pressure_appetite': np.float64(84.71073446327684), 'creation_tools': np.float64(42.258364337880664), 'opportunity_response': np.float64(56.542857142857144), 'age_trajectory': np.float64(85.0)}",High
Emmanuel Mudiay,2018-19,58.75,70.94,Luxury Amplifier,High Scaling,Latent Engine,0.047333333333333304,3,0,Steps Up,True,"Medium CII 58.8, high TII 70.9, has tools","{'self_created': np.float64(48.16), 'pressure_appetite': np.float64(76.17), 'difficulty_embrace': np.float64(46.1), 'defensive_survival': np.float64(70.47), 'force_multiplication': np.float64(54.73)}","{'scaling_efficiency': np.float64(49.058752954492505), 'pressure_appetite': np.float64(87.46451612903226), 'creation_tools': np.float64(83.55), 'opportunity_response': np.float64(54.31428571428572), 'age_trajectory': np.float64(95.0)}",Medium
Enes Freedom,2018-19,21.96,28.81,Role Player,Low Scaling,Role Player,-0.0873333333333333,0,3,Hides,False,"Low CII 22.0, low TII 28.8","{'self_created': np.float64(31.58), 'pressure_appetite': np.float64(13.5), 'difficulty_embrace': np.float64(3.5), 'defensive_survival': np.float64(29.69), 'force_multiplication': np.float64(39.59)}","{'scaling_efficiency': np.float64(21.219333545715195), 'pressure_appetite': np.float64(0.8000000000000007), 'creation_tools': np.float64(17.172795782752345), 'opportunity_response': np.float64(77.6), 'age_trajectory': np.float64(71.66)}",Medium
Eric Bledsoe,2018-19,49.81,69.57,Fragile Star,High Scaling,Strong Creator,0.04424999999999993,4,0,Steps Up,False,"Positive career leverage (+0.044), CII 49.8: Stepping up consistently","{'self_created': np.float64(54.44), 'pressure_appetite': np.float64(60.57), 'difficulty_embrace': np.float64(27.0), 'defensive_survival': np.float64(55.77), 'force_multiplication': np.float64(45.74)}","{'scaling_efficiency': np.float64(69.22892561983468), 'pressure_appetite': np.float64(71.82222222222222), 'creation_tools': np.float64(68.55365853658537), 'opportunity_response': np.float64(76.44285714285715), 'age_trajectory': np.float64(56.67)}",High
Eric Gordon,2018-19,21.01,35.65,Role Player,Limited Scaling,Role Player,-0.0605,0,4,Hides,False,"Low CII 21.0, low TII 35.6, no creation tools","{'self_created': np.float64(20.07), 'pressure_appetite': np.float64(18.0), 'difficulty_embrace': np.float64(17.9), 'defensive_survival': np.float64(36.86), 'force_multiplication': np.float64(13.82)}","{'scaling_efficiency': np.float64(33.79416490486259), 'pressure_appetite': np.float64(13.2), 'creation_tools': np.float64(43.27883342786917), 'opportunity_response': np.float64(58.17142857142857), 'age_trajectory': np.float64(48.34)}",High
Ersan Ilyasova,2018-19,16.66,33.01,Role Player,Low Scaling,Role Player,-0.030666666666666637,0,3,Hides,False,"Low CII 16.7, low TII 33.0","{'self_created': np.float64(1.45), 'pressure_appetite': np.float64(29.55), 'difficulty_embrace': np.float64(10.14), 'defensive_survival': np.float64(40.7), 'force_multiplication': np.float64(7.03)}","{'scaling_efficiency': np.float64(7.897606909781473), 'pressure_appetite': np.float64(58.83222958057395), 'creation_tools': np.float64(27.069619878317987), 'opportunity_response': np.float64(46.77142857142857), 'age_trajectory': np.float64(35.0)}",Medium
Evan Fournier,2018-19,39.72,58.71,Role Player,Moderate Scaling,Strong Creator,0.028749999999999973,3,1,Steps Up,True,"Positive career leverage (+0.029), CII 39.7 still developing (Age 26 > 25, reclassified from Developing Engine)","{'self_created': np.float64(28.88), 'pressure_appetite': np.float64(49.37), 'difficulty_embrace': np.float64(35.16), 'defensive_survival': np.float64(59.06), 'force_multiplication': np.float64(28.22)}","{'scaling_efficiency': np.float64(39.48774512903546), 'pressure_appetite': np.float64(67.2414746543779), 'creation_tools': np.float64(67.59914765276685), 'opportunity_response': np.float64(58.0), 'age_trajectory': np.float64(78.33)}",High
Evan Turner,2018-19,27.95,45.74,Role Player,Limited Scaling,Luxury Amplifier,-0.04449999999999995,0,4,Hides,True,"Negative career leverage (-0.044, 0+/4-) BUT has creation tools: Thrives as #2","{'self_created': np.float64(30.02), 'pressure_appetite': np.float64(10.0), 'difficulty_embrace': np.float64(37.39), 'defensive_survival': np.float64(40.1), 'force_multiplication': np.float64(29.48)}","{'scaling_efficiency': np.float64(47.413333333333334), 'pressure_appetite': np.float64(13.2), 'creation_tools': np.float64(79.50725532571781), 'opportunity_response': np.float64(49.857142857142854), 'age_trajectory': np.float64(48.34)}",High
Frank Jackson,2018-19,20.78,43.66,Role Player,Limited Scaling,Role Player,-0.004,0,1,Mixed,False,"Low CII 20.8, low TII 43.7","{'self_created': np.float64(11.79), 'pressure_appetite': np.float64(35.99), 'difficulty_embrace': np.float64(14.61), 'defensive_survival': np.float64(25.87), 'force_multiplication': np.float64(14.47)}","{'scaling_efficiency': np.float64(16.0102976781869), 'pressure_appetite': np.float64(52.262172284644194), 'creation_tools': np.float64(43.378893760847724), 'opportunity_response': np.float64(47.457142857142856), 'age_trajectory': np.int64(100)}",Medium
Frank Kaminsky,2018-19,7.26,26.33,Role Player,Low Scaling,Role Player,-0.06299999999999997,0,4,Hides,False,"Low CII 7.3, low TII 26.3, no creation tools","{'self_created': np.float64(1.31), 'pressure_appetite': np.float64(13.17), 'difficulty_embrace': np.float64(2.99), 'defensive_survival': np.float64(13.33), 'force_multiplication': np.float64(9.73)}","{'scaling_efficiency': np.float64(16.208175412663213), 'pressure_appetite': np.float64(1.200000000000001), 'creation_tools': np.float64(14.411698283649503), 'opportunity_response': np.float64(69.68), 'age_trajectory': np.float64(78.33)}",High
Frank Ntilikina,2018-19,17.77,43.17,Role Player,Limited Scaling,Role Player,-0.046500000000000055,1,1,Hides,True,"Low CII 17.8, low TII 43.2","{'self_created': np.float64(10.34), 'pressure_appetite': np.float64(10.0), 'difficulty_embrace': np.float64(30.7), 'defensive_survival': np.float64(34.82), 'force_multiplication': np.float64(8.09)}","{'scaling_efficiency': np.float64(38.3860799661519), 'pressure_appetite': np.float64(0.0), 'creation_tools': np.float64(71.54035612748766), 'opportunity_response': np.float64(49.0), 'age_trajectory': np.int64(100)}",Medium
Fred VanVleet,2018-19,31.66,58.65,Role Player,Moderate Scaling,Developing Prospect,-0.039499999999999896,0,2,Hides,True,"Low CII 31.7, moderate TII 58.6","{'self_created': np.float64(35.38), 'pressure_appetite': np.float64(24.18), 'difficulty_embrace': np.float64(32.56), 'defensive_survival': np.float64(41.17), 'force_multiplication': np.float64(23.14)}","{'scaling_efficiency': np.float64(52.9166286354943), 'pressure_appetite': np.float64(46.25423728813563), 'creation_tools': np.float64(72.64900096458592), 'opportunity_response': np.float64(54.57142857142857), 'age_trajectory': np.float64(85.0)}",Medium
Gary Harris,2018-19,31.01,53.33,Role Player,Moderate Scaling,Role Player,-0.022499999999999947,1,3,Hides,False,"Low CII 31.0, low TII 53.3, no creation tools","{'self_created': np.float64(18.62), 'pressure_appetite': np.float64(42.26), 'difficulty_embrace': np.float64(21.63), 'defensive_survival': np.float64(51.43), 'force_multiplication': np.float64(28.2)}","{'scaling_efficiency': np.float64(32.55395096387798), 'pressure_appetite': np.float64(63.52307692307692), 'creation_tools': np.float64(51.64987492182614), 'opportunity_response': np.float64(55.68571428571428), 'age_trajectory': np.float64(90.0)}",High
George Hill,2018-19,41.64,55.22,Fragile Star,Moderate Scaling,Luxury Amplifier,0.003499999999999996,2,2,Mixed,True,"Mixed career leverage (+0.003), low CII but has tools","{'self_created': np.float64(29.47), 'pressure_appetite': np.float64(59.83), 'difficulty_embrace': np.float64(21.5), 'defensive_survival': np.float64(70.51), 'force_multiplication': np.float64(29.63)}","{'scaling_efficiency': np.float64(30.56857048301947), 'pressure_appetite': np.float64(90.2), 'creation_tools': np.float64(60.817015098722415), 'opportunity_response': np.float64(55.599999999999994), 'age_trajectory': np.float64(30.0)}",High
Gerald Green,2018-19,10.9,27.06,Role Player,Low Scaling,Role Player,-0.09366666666666663,0,3,Hides,False,"Low CII 10.9, low TII 27.1","{'self_created': np.float64(8.13), 'pressure_appetite': np.float64(10.0), 'difficulty_embrace': np.float64(16.87), 'defensive_survival': np.float64(14.84), 'force_multiplication': np.float64(3.6)}","{'scaling_efficiency': np.float64(26.651840444484726), 'pressure_appetite': np.float64(0.0), 'creation_tools': np.float64(39.610462130937094), 'opportunity_response': np.float64(54.31428571428572), 'age_trajectory': np.float64(30.0)}",Medium
Giannis Antetokounmpo,2018-19,51.54,69.95,Fragile Star,High Scaling,Luxury Amplifier,-0.023999999999999997,1,3,Hides,True,"Negative career leverage (-0.024, 1+/3-) BUT has creation tools: Thrives as #2","{'self_created': np.float64(57.14), 'pressure_appetite': np.float64(51.37), 'difficulty_embrace': np.float64(30.34), 'defensive_survival': np.float64(52.45), 'force_multiplication': np.float64(76.2)}","{'scaling_efficiency': np.float64(73.33080072793449), 'pressure_appetite': np.float64(55.84288747346072), 'creation_tools': np.float64(60.457964372637356), 'opportunity_response': np.float64(86.0), 'age_trajectory': np.float64(90.0)}",High
Goran Dragic,2018-19,29.48,42.57,Role Player,Limited Scaling,Luxury Amplifier,-0.04774999999999997,1,3,Hides,True,"Negative career leverage (-0.048, 1+/3-) BUT has creation tools: Thrives as #2","{'self_created': np.float64(36.11), 'pressure_appetite': np.float64(23.94), 'difficulty_embrace': np.float64(32.07), 'defensive_survival': np.float64(27.33), 'force_multiplication': np.float64(21.49)}","{'scaling_efficiency': np.float64(42.614967824967835), 'pressure_appetite': np.float64(20.0), 'creation_tools': np.float64(67.97723577235772), 'opportunity_response': np.float64(54.57142857142857), 'age_trajectory': np.float64(30.0)}",High
Gordon Hayward,2018-19,28.84,51.27,Role Player,Moderate Scaling,Role Player,-0.008333333333333333,2,1,Mixed,True,"Low CII 28.8, low TII 51.3","{'self_created': np.float64(23.32), 'pressure_appetite': np.float64(23.01), 'difficulty_embrace': np.float64(27.99), 'defensive_survival': np.float64(55.29), 'force_multiplication': np.float64(22.04)}","{'scaling_efficiency': np.float64(51.325738927006384), 'pressure_appetite': np.float64(27.199999999999996), 'creation_tools': np.float64(65.14477542316406), 'opportunity_response': np.float64(69.2), 'age_trajectory': np.float64(56.67)}",Medium
Harrison Barnes,2018-19,30.36,52.93,Role Player,Moderate Scaling,Luxury Amplifier,0.007499999999999975,2,2,Mixed,True,"Mixed career leverage (+0.007), low CII but has tools","{'self_created': np.float64(23.63), 'pressure_appetite': np.float64(36.44), 'difficulty_embrace': np.float64(23.04), 'defensive_survival': np.float64(42.35), 'force_multiplication': np.float64(32.01)}","{'scaling_efficiency': np.float64(38.34060217497161), 'pressure_appetite': np.float64(48.930693069306926), 'creation_tools': np.float64(61.23997021653385), 'opportunity_response': np.float64(65.2), 'age_trajectory': np.float64(71.66)}",High
Hassan Whiteside,2018-19,17.66,26.91,Role Player,Low Scaling,Role Player,-0.04466666666666663,0,3,Hides,False,"Low CII 17.7, low TII 26.9","{'self_created': np.float64(15.4), 'pressure_appetite': np.float64(20.54), 'difficulty_embrace': np.float64(5.3), 'defensive_survival': np.float64(29.74), 'force_multiplication': np.float64(23.85)}","{'scaling_efficiency': np.float64(12.668677740863783), 'pressure_appetite': np.float64(18.80000000000004), 'creation_tools': np.float64(17.643070523728493), 'opportunity_response': np.float64(66.97142857142858), 'age_trajectory': np.float64(48.34)}",Medium
Ian Clark,2018-19,16.63,36.37,Role Player,Limited Scaling,Role Player,-0.08949999999999995,0,2,Hides,True,"Low CII 16.6, low TII 36.4","{'self_created': np.float64(12.93), 'pressure_appetite': np.float64(15.17), 'difficulty_embrace': np.float64(22.16), 'defensive_survival': np.float64(25.53), 'force_multiplication': np.float64(6.98)}","{'scaling_efficiency': np.float64(24.587977351001108), 'pressure_appetite': np.float64(18.400000000000038), 'creation_tools': np.float64(55.82097341243683), 'opportunity_response': np.float64(44.885714285714286), 'age_trajectory': np.float64(64.99000000000001)}",Medium
Ish Smith,2018-19,31.31,46.98,Role Player,Limited Scaling,Luxury Amplifier,-0.005999999999999998,1,3,Mixed,True,"Negative career leverage (-0.006, 1+/3-) BUT has creation tools: Thrives as #2","{'self_created': np.float64(33.97), 'pressure_appetite': np.float64(14.17), 'difficulty_embrace': np.float64(41.34), 'defensive_survival': np.float64(47.28), 'force_multiplication': np.float64(22.21)}","{'scaling_efficiency': np.float64(46.199999999999996), 'pressure_appetite': np.float64(12.799999999999997), 'creation_tools': np.float64(87.82316441299128), 'opportunity_response': np.float64(50.114285714285714), 'age_trajectory': np.float64(48.34)}",High
Ivan Rabb,2018-19,13.74,36.8,Role Player,Limited Scaling,Role Player,-0.05,0,1,Hides,False,"Low CII 13.7, low TII 36.8","{'self_created': np.float64(13.53), 'pressure_appetite': np.float64(12.67), 'difficulty_embrace': np.float64(10.8), 'defensive_survival': np.float64(23.25), 'force_multiplication': np.float64(8.67)}","{'scaling_efficiency': np.float64(24.731381737476205), 'pressure_appetite': np.float64(20.0), 'creation_tools': np.float64(26.25202272504653), 'opportunity_response': np.float64(60.86), 'age_trajectory': np.int64(100)}",Medium
J.J. Barea,2018-19,31.41,43.91,Role Player,Limited Scaling,Fragile Star,-0.05399999999999995,1,3,Hides,True,"Fragile Star: high usage (26.3%), low CII (31.4), extreme hiding (-0.054)","{'self_created': np.float64(40.89), 'pressure_appetite': np.float64(11.83), 'difficulty_embrace': np.float64(49.9), 'defensive_survival': np.float64(26.58), 'force_multiplication': np.float64(22.17)}","{'scaling_efficiency': np.float64(58.51711026615969), 'pressure_appetite': np.float64(0.0), 'creation_tools': np.float64(85.80466475006955), 'opportunity_response': np.float64(47.971428571428575), 'age_trajectory': np.int64(20)}",High
JJ Redick,2018-19,33.38,50.98,Role Player,Moderate Scaling,Luxury Amplifier,-0.04024999999999997,0,4,Hides,True,"Negative career leverage (-0.040, 0+/4-) BUT has creation tools: Thrives as #2","{'self_created': np.float64(24.17), 'pressure_appetite': np.float64(26.83), 'difficulty_embrace': np.float64(52.76), 'defensive_survival': np.float64(48.76), 'force_multiplication': np.float64(15.59)}","{'scaling_efficiency': np.float64(46.83372491514603), 'pressure_appetite': np.float64(25.600000000000005), 'creation_tools': np.float64(74.0), 'opportunity_response': np.float64(91.51142857142858), 'age_trajectory': np.int64(20)}",High
JaMychal Green,2018-19,15.79,39.07,Role Player,Limited Scaling,Role Player,-0.028333333333333304,1,2,Hides,False,"Low CII 15.8, low TII 39.1","{'self_created': np.float64(8.47), 'pressure_appetite': np.float64(24.44), 'difficulty_embrace': np.float64(10.77), 'defensive_survival': np.float64(23.98), 'force_multiplication': np.float64(13.89)}","{'scaling_efficiency': np.float64(21.68818030487234), 'pressure_appetite': np.float64(41.08108108108108), 'creation_tools': np.float64(27.33582729070534), 'opportunity_response': np.float64(74.39428571428572), 'age_trajectory': np.float64(56.67)}",Medium
JaVale McGee,2018-19,12.02,28.35,Role Player,Low Scaling,Role Player,-0.073,0,1,Hides,False,"Low CII 12.0, low TII 28.4","{'self_created': np.float64(2.96), 'pressure_appetite': np.float64(14.0), 'difficulty_embrace': np.float64(4.1), 'defensive_survival': np.float64(34.72), 'force_multiplication': np.float64(16.04)}","{'scaling_efficiency': np.float64(20.001034806703984), 'pressure_appetite': np.float64(10.800000000000004), 'creation_tools': np.float64(15.95551153481078), 'opportunity_response': np.float64(83.02571428571429), 'age_trajectory': np.float64(40.01)}",Medium
Jabari Parker,2018-19,31.03,51.44,Role Player,Moderate Scaling,Fragile Star,-0.07374999999999998,0,4,Hides,True,"Fragile Star: high usage (23.6%), low CII (31.0), extreme hiding (-0.074)","{'self_created': np.float64(32.53), 'pressure_appetite': np.float64(22.5), 'difficulty_embrace': np.float64(27.47), 'defensive_survival': np.float64(42.24), 'force_multiplication': np.float64(38.13)}","{'scaling_efficiency': np.float64(51.95040165399608), 'pressure_appetite': np.float64(15.600000000000001), 'creation_tools': np.float64(64.50159156676312), 'opportunity_response': np.float64(67.05714285714285), 'age_trajectory': np.float64(90.0)}",High
Jae Crowder,2018-19,11.23,29.69,Role Player,Low Scaling,Role Player,-0.05649999999999998,0,4,Hides,False,"Low CII 11.2, low TII 29.7, no creation tools","{'self_created': np.float64(6.48), 'pressure_appetite': np.float64(11.0), 'difficulty_embrace': np.float64(16.21), 'defensive_survival': np.float64(19.2), 'force_multiplication': np.float64(4.12)}","{'scaling_efficiency': np.float64(13.204464369354303), 'pressure_appetite': np.float64(9.200000000000003), 'creation_tools': np.float64(43.9970967168688), 'opportunity_response': np.float64(54.22857142857143), 'age_trajectory': np.float64(64.99000000000001)}",High
Jahlil Okafor,2018-19,22.79,34.03,Role Player,Low Scaling,Role Player,-0.07966666666666665,0,3,Hides,False,"Low CII 22.8, low TII 34.0","{'self_created': np.float64(35.89), 'pressure_appetite': np.float64(13.17), 'difficulty_embrace': np.float64(4.9), 'defensive_survival': np.float64(37.23), 'force_multiplication': np.float64(21.62)}","{'scaling_efficiency': np.float64(23.590975235382544), 'pressure_appetite': np.float64(8.400000000000002), 'creation_tools': np.float64(19.115209000574854), 'opportunity_response': np.float64(76.89714285714285), 'age_trajectory': np.float64(95.0)}",Medium
Jalen Brunson,2018-19,35.87,62.12,Role Player,Moderate Scaling,Developing Prospect,-0.001,0,1,Mixed,True,"Low CII 35.9, moderate TII 62.1","{'self_created': np.float64(39.03), 'pressure_appetite': np.float64(38.84), 'difficulty_embrace': np.float64(26.17), 'defensive_survival': np.float64(40.41), 'force_multiplication': np.float64(31.59)}","{'scaling_efficiency': np.float64(59.07239313960723), 'pressure_appetite': np.float64(53.56989247311827), 'creation_tools': np.float64(67.7751507998951), 'opportunity_response': np.float64(49.68571428571428), 'age_trajectory': np.int64(100)}",Medium
Jamal Crawford,2018-19,39.02,47.64,Role Player,Limited Scaling,Luxury Amplifier,-0.0295,1,3,Hides,True,"Negative career leverage (-0.029, 1+/3-) BUT has creation tools: Thrives as #2","{'self_created': np.float64(47.37), 'pressure_appetite': np.float64(18.79), 'difficulty_embrace': np.float64(50.34), 'defensive_survival': np.float64(53.06), 'force_multiplication': np.float64(20.88)}","{'scaling_efficiency': np.float64(55.906666666666666), 'pressure_appetite': np.float64(20.8), 'creation_tools': np.float64(82.95), 'opportunity_response': np.float64(47.199999999999996), 'age_trajectory': np.int64(20)}",High
Jamal Murray,2018-19,55.32,68.22,Luxury Amplifier,High Scaling,Strong Creator,0.027,2,1,Steps Up,True,"CII 55.3, TII 68.2","{'self_created': np.float64(47.18), 'pressure_appetite': np.float64(60.97), 'difficulty_embrace': np.float64(63.1), 'defensive_survival': np.float64(61.74), 'force_multiplication': np.float64(40.43)}","{'scaling_efficiency': np.float64(50.45813054923482), 'pressure_appetite': np.float64(66.4896265560166), 'creation_tools': np.float64(88.1), 'opportunity_response': np.float64(58.94285714285715), 'age_trajectory': np.int64(100)}",Medium
James Ennis III,2018-19,8.02,26.21,Role Player,Low Scaling,Role Player,-0.048666666666666664,0,3,Hides,False,"Low CII 8.0, low TII 26.2","{'self_created': np.float64(1.23), 'pressure_appetite': np.float64(10.0), 'difficulty_embrace': np.float64(3.96), 'defensive_survival': np.float64(27.13), 'force_multiplication': np.float64(2.86)}","{'scaling_efficiency': np.float64(15.179348370927313), 'pressure_appetite': np.float64(4.400000000000004), 'creation_tools': np.float64(20.034552845528456), 'opportunity_response': np.float64(66.98857142857142), 'age_trajectory': np.float64(64.99000000000001)}",Medium
James Harden,2018-19,85.92,80.34,Franchise Engine,Elite Scaling,Franchise Engine,0.10349999999999997,4,0,Steps Up,False,CII 85.9 >= 74: Already elite creator,"{'self_created': np.float64(100.0), 'pressure_appetite': np.float64(89.55), 'difficulty_embrace': np.float64(72.4), 'defensive_survival': np.float64(77.57), 'force_multiplication': np.float64(74.13)}","{'scaling_efficiency': np.float64(85.05367965367967), 'pressure_appetite': np.float64(85.44848484848484), 'creation_tools': np.float64(74.45), 'opportunity_response': np.float64(86.0), 'age_trajectory': np.float64(56.67)}",High
James Johnson,2018-19,15.37,28.72,Role Player,Low Scaling,Role Player,-0.008999999999999968,1,1,Mixed,False,"Low CII 15.4, low TII 28.7","{'self_created': np.float64(16.3), 'pressure_appetite': np.float64(12.0), 'difficulty_embrace': np.float64(10.21), 'defensive_survival': np.float64(24.32), 'force_multiplication': np.float64(17.9)}","{'scaling_efficiency': np.float64(22.229542780162287), 'pressure_appetite': np.float64(14.000000000000039), 'creation_tools': np.float64(38.36948922879059), 'opportunity_response': np.float64(49.171428571428564), 'age_trajectory': np.float64(35.0)}",Medium
Jaren Jackson Jr.,2018-19,22.84,39.05,Role Player,Limited Scaling,Role Player,-0.042,0,1,Hides,False,"Low CII 22.8, low TII 39.0","{'self_created': np.float64(13.81), 'pressure_appetite': np.float64(28.92), 'difficulty_embrace': np.float64(4.97), 'defensive_survival': np.float64(37.89), 'force_multiplication': np.float64(47.92)}","{'scaling_efficiency': np.float64(20.39677301802675), 'pressure_appetite': np.float64(23.200000000000003), 'creation_tools': np.float64(28.579453067257944), 'opportunity_response': np.float64(76.10857142857144), 'age_trajectory': np.int64(100)}",Medium
Jarrett Allen,2018-19,14.8,43.13,Role Player,Limited Scaling,Role Player,0.003999999999999951,1,1,Mixed,False,"Low CII 14.8, low TII 43.1","{'self_created': np.float64(0.54), 'pressure_appetite': np.float64(29.75), 'difficulty_embrace': np.float64(0.5), 'defensive_survival': np.float64(33.32), 'force_multiplication': np.float64(21.06)}","{'scaling_efficiency': np.float64(18.98337935629121), 'pressure_appetite': np.float64(49.974683544303794), 'creation_tools': np.float64(9.666666666666668), 'opportunity_response': np.float64(86.70285714285714), 'age_trajectory': np.int64(100)}",Medium
Jaylen Brown,2018-19,19.52,37.8,Role Player,Limited Scaling,Role Player,-0.05666666666666662,1,2,Hides,False,"Low CII 19.5, low TII 37.8","{'self_created': np.float64(17.55), 'pressure_appetite': np.float64(13.83), 'difficulty_embrace': np.float64(18.44), 'defensive_survival': np.float64(32.07), 'force_multiplication': np.float64(22.94)}","{'scaling_efficiency': np.float64(32.458214487396695), 'pressure_appetite': np.float64(3.200000000000003), 'creation_tools': np.float64(46.402429570807335), 'opportunity_response': np.float64(53.2), 'age_trajectory': np.int64(100)}",Medium
Jayson Tatum,2018-19,39.27,52.66,Role Player,Moderate Scaling,Role Player,-0.00950000000000005,1,1,Mixed,True,"Low CII 39.3, low TII 52.7","{'self_created': np.float64(35.89), 'pressure_appetite': np.float64(30.08), 'difficulty_embrace': np.float64(41.9), 'defensive_survival': np.float64(60.83), 'force_multiplication': np.float64(34.77)}","{'scaling_efficiency': np.float64(39.772708543669445), 'pressure_appetite': np.float64(26.799999999999997), 'creation_tools': np.float64(76.9), 'opportunity_response': np.float64(57.65714285714286), 'age_trajectory': np.int64(100)}",Medium
Jeff Green,2018-19,19.73,39.35,Role Player,Limited Scaling,Role Player,-0.050499999999999975,1,3,Hides,False,"Low CII 19.7, low TII 39.4, no creation tools","{'self_created': np.float64(12.92), 'pressure_appetite': np.float64(14.33), 'difficulty_embrace': np.float64(17.04), 'defensive_survival': np.float64(45.73), 'force_multiplication': np.float64(20.02)}","{'scaling_efficiency': np.float64(28.458463054187188), 'pressure_appetite': np.float64(20.800000000000047), 'creation_tools': np.float64(44.84928978600131), 'opportunity_response': np.float64(87.64571428571429), 'age_trajectory': np.float64(35.0)}",High
Jeff Teague,2018-19,42.64,62.0,Fragile Star,Moderate Scaling,Luxury Amplifier,-0.01475,2,2,Mixed,True,"Negative career leverage (-0.015, 2+/2-) BUT has creation tools: Thrives as #2","{'self_created': np.float64(50.35), 'pressure_appetite': np.float64(39.82), 'difficulty_embrace': np.float64(36.29), 'defensive_survival': np.float64(52.35), 'force_multiplication': np.float64(24.68)}","{'scaling_efficiency': np.float64(63.36000000000001), 'pressure_appetite': np.float64(58.52258064516129), 'creation_tools': np.float64(79.19804615788092), 'opportunity_response': np.float64(56.8), 'age_trajectory': np.float64(40.01)}",High
Jerami Grant,2018-19,11.05,36.5,Role Player,Limited Scaling,Role Player,-0.04449999999999995,0,4,Hides,False,"Low CII 11.1, low TII 36.5, no creation tools","{'self_created': np.float64(1.44), 'pressure_appetite': np.float64(11.83), 'difficulty_embrace': np.float64(4.9), 'defensive_survival': np.float64(36.61), 'force_multiplication': np.float64(11.85)}","{'scaling_efficiency': np.float64(17.105536423841055), 'pressure_appetite': np.float64(24.40000000000004), 'creation_tools': np.float64(20.470460704607046), 'opportunity_response': np.float64(84.5), 'age_trajectory': np.float64(85.0)}",High
Jeremy Lamb,2018-19,42.27,61.12,Fragile Star,Moderate Scaling,Role Player,0.005999999999999933,2,1,Mixed,True,"Low CII 42.3, moderate TII 61.1 (Age 27 > 25, reclassified from Developing Prospect)","{'self_created': np.float64(35.2), 'pressure_appetite': np.float64(53.79), 'difficulty_embrace': np.float64(31.71), 'defensive_survival': np.float64(54.13), 'force_multiplication': np.float64(37.98)}","{'scaling_efficiency': np.float64(51.418398973447836), 'pressure_appetite': np.float64(67.45454545454542), 'creation_tools': np.float64(64.50439763488544), 'opportunity_response': np.float64(58.42857142857143), 'age_trajectory': np.float64(71.66)}",Medium
Jerryd Bayless,2018-19,38.46,59.98,Role Player,Moderate Scaling,Role Player,0.01633333333333333,2,1,Steps Up,True,"Low CII 38.5, moderate TII 60.0 (Age 30 > 25, reclassified from Developing Prospect)","{'self_created': np.float64(14.73), 'pressure_appetite': np.float64(60.5), 'difficulty_embrace': np.float64(43.24), 'defensive_survival': np.float64(51.93), 'force_multiplication': np.float64(24.83)}","{'scaling_efficiency': np.float64(43.645667271836544), 'pressure_appetite': np.float64(74.03023255813955), 'creation_tools': np.float64(82.08570618264322), 'opportunity_response': np.float64(47.542857142857144), 'age_trajectory': np.float64(48.34)}",Medium
Jimmy Butler III,2018-19,55.62,72.97,Luxury Amplifier,High Scaling,Strong Creator,0.10199999999999998,4,0,Steps Up,True,"Positive career leverage (+0.102, 4+/0-), CII 55.6, TII 73.0: Can be #1 (Age 29 > 28, reclassified from Latent Engine)","{'self_created': np.float64(46.97), 'pressure_appetite': np.float64(70.17), 'difficulty_embrace': np.float64(39.34), 'defensive_survival': np.float64(70.06), 'force_multiplication': np.float64(56.1)}","{'scaling_efficiency': np.float64(60.12126645942324), 'pressure_appetite': np.float64(87.07981651376147), 'creation_tools': np.float64(80.65), 'opportunity_response': np.float64(75.80000000000001), 'age_trajectory': np.float64(56.67)}",High
Joakim Noah,2018-19,10.18,24.19,Role Player,Low Scaling,Role Player,-0.047666666666666635,0,3,Hides,False,"Low CII 10.2, low TII 24.2","{'self_created': np.float64(7.13), 'pressure_appetite': np.float64(15.83), 'difficulty_embrace': np.float64(3.1), 'defensive_survival': np.float64(15.1), 'force_multiplication': np.float64(11.96)}","{'scaling_efficiency': np.float64(16.546423323590183), 'pressure_appetite': np.float64(17.600000000000044), 'creation_tools': np.float64(15.791844379176776), 'opportunity_response': np.float64(61.14285714285714), 'age_trajectory': np.float64(25.0)}",Medium
Joe Harris,2018-19,17.85,52.51,Role Player,Moderate Scaling,Role Player,-0.013333333333333334,0,3,Mixed,False,"Low CII 17.9, low TII 52.5","{'self_created': np.float64(5.68), 'pressure_appetite': np.float64(25.12), 'difficulty_embrace': np.float64(10.19), 'defensive_survival': np.float64(41.64), 'force_multiplication': np.float64(15.79)}","{'scaling_efficiency': np.float64(34.072638844448505), 'pressure_appetite': np.float64(52.73652694610778), 'creation_tools': np.float64(41.82065624847865), 'opportunity_response': np.float64(90.47428571428571), 'age_trajectory': np.float64(71.66)}",Medium
Joe Ingles,2018-19,23.28,48.98,Role Player,Limited Scaling,Role Player,-0.048499999999999974,0,4,Hides,False,"Low CII 23.3, low TII 49.0, no creation tools","{'self_created': np.float64(29.96), 'pressure_appetite': np.float64(10.5), 'difficulty_embrace': np.float64(20.23), 'defensive_survival': np.float64(44.71), 'force_multiplication': np.float64(9.13)}","{'scaling_efficiency': np.float64(60.65009377664107), 'pressure_appetite': np.float64(13.2), 'creation_tools': np.float64(60.03713534194165), 'opportunity_response': np.float64(76.51142857142858), 'age_trajectory': np.float64(40.01)}",High
Joel Embiid,2018-19,50.55,68.62,Fragile Star,High Scaling,Strong Creator,0.029333333333333298,2,1,Steps Up,True,"CII 50.5, TII 68.6","{'self_created': np.float64(41.73), 'pressure_appetite': np.float64(64.58), 'difficulty_embrace': np.float64(29.4), 'defensive_survival': np.float64(53.45), 'force_multiplication': np.float64(79.9)}","{'scaling_efficiency': np.float64(63.70640164813541), 'pressure_appetite': np.float64(63.917431192660544), 'creation_tools': np.float64(60.62948335446657), 'opportunity_response': np.float64(86.0), 'age_trajectory': np.float64(85.0)}",Medium
John Collins,2018-19,16.33,37.42,Role Player,Limited Scaling,Role Player,-0.033,1,1,Hides,False,"Low CII 16.3, low TII 37.4","{'self_created': np.float64(6.75), 'pressure_appetite': np.float64(20.5), 'difficulty_embrace': np.float64(5.19), 'defensive_survival': np.float64(36.75), 'force_multiplication': np.float64(26.29)}","{'scaling_efficiency': np.float64(21.401253706829692), 'pressure_appetite': np.float64(13.2), 'creation_tools': np.float64(23.021827500883703), 'opportunity_response': np.float64(87.28571428571429), 'age_trajectory': np.int64(100)}",Medium
John Wall,2018-19,64.95,70.2,Luxury Amplifier,High Scaling,Latent Engine,0.05974999999999995,4,0,Steps Up,True,"Positive career leverage (+0.060, 4+/0-), CII 65.0, TII 70.2: Can be #1","{'self_created': np.float64(58.48), 'pressure_appetite': np.float64(80.85), 'difficulty_embrace': np.float64(53.81), 'defensive_survival': np.float64(75.44), 'force_multiplication': np.float64(51.11)}","{'scaling_efficiency': np.float64(54.86841091083204), 'pressure_appetite': np.float64(86.21538461538461), 'creation_tools': np.float64(82.98333333333333), 'opportunity_response': np.float64(60.57142857142857), 'age_trajectory': np.float64(64.99000000000001)}",High
Jonas Jerebko,2018-19,11.92,35.6,Role Player,Limited Scaling,Role Player,-0.019666666666666666,1,2,Mixed,False,"Low CII 11.9, low TII 35.6","{'self_created': np.float64(0.85), 'pressure_appetite': np.float64(17.75), 'difficulty_embrace': np.float64(10.87), 'defensive_survival': np.float64(30.21), 'force_multiplication': np.float64(5.2)}","{'scaling_efficiency': np.float64(22.379781094527356), 'pressure_appetite': np.float64(42.5416666666667), 'creation_tools': np.float64(26.673396567299008), 'opportunity_response': np.float64(62.745714285714286), 'age_trajectory': np.float64(35.0)}",Medium
Jonas Valančiūnas,2018-19,35.89,48.51,Role Player,Limited Scaling,Fragile Star,-0.0505,1,3,Hides,False,"Fragile Star: high usage (27.4%), low CII (35.9), extreme hiding (-0.051), no creation tools","{'self_created': np.float64(25.76), 'pressure_appetite': np.float64(56.31), 'difficulty_embrace': np.float64(8.8), 'defensive_survival': np.float64(50.91), 'force_multiplication': np.float64(46.89)}","{'scaling_efficiency': np.float64(24.33212930135558), 'pressure_appetite': np.float64(68.51386861313868), 'creation_tools': np.float64(26.815678594742153), 'opportunity_response': np.float64(77.02571428571429), 'age_trajectory': np.float64(71.66)}",High
Jonathan Isaac,2018-19,12.87,36.13,Role Player,Limited Scaling,Role Player,-0.037,0,1,Hides,False,"Low CII 12.9, low TII 36.1","{'self_created': np.float64(5.87), 'pressure_appetite': np.float64(14.96), 'difficulty_embrace': np.float64(15.37), 'defensive_survival': np.float64(25.33), 'force_multiplication': np.float64(4.97)}","{'scaling_efficiency': np.float64(11.767842975206616), 'pressure_appetite': np.float64(25.200000000000003), 'creation_tools': np.float64(41.15650406504065), 'opportunity_response': np.float64(53.8), 'age_trajectory': np.int64(100)}",Medium
Jordan Clarkson,2018-19,50.41,57.68,Fragile Star,Moderate Scaling,Luxury Amplifier,-0.019749999999999997,2,2,Mixed,True,"Negative career leverage (-0.020, 2+/2-) BUT has creation tools: Thrives as #2","{'self_created': np.float64(48.25), 'pressure_appetite': np.float64(59.73), 'difficulty_embrace': np.float64(46.74), 'defensive_survival': np.float64(49.98), 'force_multiplication': np.float64(41.59)}","{'scaling_efficiency': np.float64(40.21332912112214), 'pressure_appetite': np.float64(61.66015037593982), 'creation_tools': np.float64(74.37991014120668), 'opportunity_response': np.float64(54.4), 'age_trajectory': np.float64(71.66)}",High
Jordan McRae,2018-19,30.27,50.58,Role Player,Moderate Scaling,Role Player,-0.0509999999999999,0,1,Hides,True,"Low CII 30.3, low TII 50.6","{'self_created': np.float64(37.48), 'pressure_appetite': np.float64(16.67), 'difficulty_embrace': np.float64(38.41), 'defensive_survival': np.float64(34.89), 'force_multiplication': np.float64(19.44)}","{'scaling_efficiency': np.float64(62.733333333333334), 'pressure_appetite': np.float64(19.60000000000004), 'creation_tools': np.float64(66.16242072106584), 'opportunity_response': np.float64(47.542857142857144), 'age_trajectory': np.float64(64.99000000000001)}",Medium
Josh Hart,2018-19,18.83,44.0,Role Player,Limited Scaling,Role Player,0.0025,2,0,Mixed,False,"Low CII 18.8, low TII 44.0","{'self_created': np.float64(4.91), 'pressure_appetite': np.float64(30.63), 'difficulty_embrace': np.float64(9.5), 'defensive_survival': np.float64(43.37), 'force_multiplication': np.float64(12.92)}","{'scaling_efficiency': np.float64(13.915956043956045), 'pressure_appetite': np.float64(62.661538461538456), 'creation_tools': np.float64(36.08089430894309), 'opportunity_response': np.float64(52.942857142857136), 'age_trajectory': np.float64(90.0)}",Medium
Josh Jackson,2018-19,35.93,53.88,Role Player,Moderate Scaling,Role Player,-0.064,0,2,Hides,True,"Low CII 35.9, low TII 53.9","{'self_created': np.float64(19.67), 'pressure_appetite': np.float64(46.06), 'difficulty_embrace': np.float64(25.4), 'defensive_survival': np.float64(62.57), 'force_multiplication': np.float64(40.46)}","{'scaling_efficiency': np.float64(27.833131662345146), 'pressure_appetite': np.float64(64.76923076923077), 'creation_tools': np.float64(57.22581821972065), 'opportunity_response': np.float64(52.599999999999994), 'age_trajectory': np.int64(100)}",Medium
Josh Okogie,2018-19,14.81,32.83,Role Player,Low Scaling,Role Player,-0.0639999999999999,0,1,Hides,False,"Low CII 14.8, low TII 32.8","{'self_created': np.float64(6.69), 'pressure_appetite': np.float64(10.0), 'difficulty_embrace': np.float64(14.74), 'defensive_survival': np.float64(37.83), 'force_multiplication': np.float64(16.85)}","{'scaling_efficiency': np.float64(11.463185245331166), 'pressure_appetite': np.float64(14.40000000000004), 'creation_tools': np.float64(40.44560536145902), 'opportunity_response': np.float64(51.31428571428572), 'age_trajectory': np.int64(100)}",Medium
Josh Richardson,2018-19,41.87,64.89,Fragile Star,Moderate Scaling,Luxury Amplifier,-0.034,1,3,Hides,True,"Negative career leverage (-0.034, 1+/3-) BUT has creation tools: Thrives as #2","{'self_created': np.float64(32.05), 'pressure_appetite': np.float64(47.71), 'difficulty_embrace': np.float64(40.87), 'defensive_survival': np.float64(62.63), 'force_multiplication': np.float64(27.56)}","{'scaling_efficiency': np.float64(43.45103448275863), 'pressure_appetite': np.float64(71.94679802955662), 'creation_tools': np.float64(81.21666666666667), 'opportunity_response': np.float64(60.82857142857142), 'age_trajectory': np.float64(85.0)}",High
Jrue Holiday,2018-19,55.78,69.15,Luxury Amplifier,High Scaling,Strong Creator,0.03749999999999997,4,0,Steps Up,True,"Positive career leverage (+0.037), CII 55.8: Stepping up consistently","{'self_created': np.float64(60.6), 'pressure_appetite': np.float64(60.17), 'difficulty_embrace': np.float64(50.61), 'defensive_survival': np.float64(48.26), 'force_multiplication': np.float64(51.95)}","{'scaling_efficiency': np.float64(69.08229401452542), 'pressure_appetite': np.float64(65.0), 'creation_tools': np.float64(77.01666666666667), 'opportunity_response': np.float64(74.0), 'age_trajectory': np.float64(56.67)}",High
Julius Randle,2018-19,43.3,57.66,Fragile Star,Moderate Scaling,Fragile Star,-0.015999999999999976,1,3,Mixed,False,"Negative career leverage (-0.016, 1+/3-), NO creation tools: Fundamental skill gaps","{'self_created': np.float64(37.06), 'pressure_appetite': np.float64(58.08), 'difficulty_embrace': np.float64(13.61), 'defensive_survival': np.float64(51.74), 'force_multiplication': np.float64(71.76)}","{'scaling_efficiency': np.float64(36.508700166433364), 'pressure_appetite': np.float64(66.61758241758238), 'creation_tools': np.float64(41.626047529706064), 'opportunity_response': np.float64(84.85142857142857), 'age_trajectory': np.float64(90.0)}",High
Justin Anderson,2018-19,14.31,27.14,Role Player,Low Scaling,Role Player,-0.068,0,2,Hides,False,"Low CII 14.3, low TII 27.1","{'self_created': np.float64(8.18), 'pressure_appetite': np.float64(18.04), 'difficulty_embrace': np.float64(3.96), 'defensive_survival': np.float64(39.45), 'force_multiplication': np.float64(6.41)}","{'scaling_efficiency': np.float64(8.077945388247553), 'pressure_appetite': np.float64(26.4), 'creation_tools': np.float64(18.57336173964149), 'opportunity_response': np.float64(39.31428571428572), 'age_trajectory': np.float64(85.0)}",Medium
Justin Holiday,2018-19,16.35,35.44,Role Player,Limited Scaling,Luxury Amplifier,-0.0595,0,4,Hides,True,"Negative career leverage (-0.059, 0+/4-) BUT has creation tools: Thrives as #2","{'self_created': np.float64(9.52), 'pressure_appetite': np.float64(10.0), 'difficulty_embrace': np.float64(24.33), 'defensive_survival': np.float64(38.67), 'force_multiplication': np.float64(3.3)}","{'scaling_efficiency': np.float64(19.72021346765006), 'pressure_appetite': np.float64(15.600000000000001), 'creation_tools': np.float64(60.25661565439184), 'opportunity_response': np.float64(58.25714285714285), 'age_trajectory': np.float64(48.34)}",High
Justin Jackson,2018-19,22.17,46.95,Role Player,Limited Scaling,Role Player,0.0085,1,1,Mixed,False,"Low CII 22.2, low TII 47.0","{'self_created': np.float64(4.52), 'pressure_appetite': np.float64(48.41), 'difficulty_embrace': np.float64(14.36), 'defensive_survival': np.float64(32.53), 'force_multiplication': np.float64(9.6)}","{'scaling_efficiency': np.float64(13.241322422258598), 'pressure_appetite': np.float64(67.57163120567377), 'creation_tools': np.float64(44.88611255261489), 'opportunity_response': np.float64(54.05714285714285), 'age_trajectory': np.float64(90.0)}",Medium
Justise Winslow,2018-19,29.01,54.31,Role Player,Moderate Scaling,Role Player,0.0012499999999999994,2,2,Mixed,False,"Mixed career leverage, no tools, low CII","{'self_created': np.float64(23.79), 'pressure_appetite': np.float64(36.71), 'difficulty_embrace': np.float64(24.83), 'defensive_survival': np.float64(33.0), 'force_multiplication': np.float64(27.8)}","{'scaling_efficiency': np.float64(37.897401756819235), 'pressure_appetite': np.float64(48.53074433656961), 'creation_tools': np.float64(64.19970400189439), 'opportunity_response': np.float64(56.457142857142856), 'age_trajectory': np.float64(95.0)}",High
Jusuf Nurkić,2018-19,24.5,38.68,Role Player,Limited Scaling,Role Player,-0.042499999999999954,0,2,Hides,False,"Low CII 24.5, low TII 38.7","{'self_created': np.float64(14.18), 'pressure_appetite': np.float64(32.71), 'difficulty_embrace': np.float64(9.6), 'defensive_survival': np.float64(30.07), 'force_multiplication': np.float64(56.37)}","{'scaling_efficiency': np.float64(26.215046953483284), 'pressure_appetite': np.float64(24.80000000000004), 'creation_tools': np.float64(27.444961711027897), 'opportunity_response': np.float64(67.48571428571428), 'age_trajectory': np.float64(90.0)}",Medium
Karl-Anthony Towns,2018-19,33.83,51.33,Role Player,Moderate Scaling,Fragile Star,-0.04574999999999997,0,4,Hides,False,"Fragile Star: high usage (28.0%), high minutes (33.0), low CII (33.8), no creation tools","{'self_created': np.float64(22.41), 'pressure_appetite': np.float64(52.33), 'difficulty_embrace': np.float64(15.04), 'defensive_survival': np.float64(31.92), 'force_multiplication': np.float64(62.3)}","{'scaling_efficiency': np.float64(28.183564469914042), 'pressure_appetite': np.float64(51.21666666666667), 'creation_tools': np.float64(38.35243902439024), 'opportunity_response': np.float64(86.0), 'age_trajectory': np.float64(95.0)}",High
Kawhi Leonard,2018-19,79.31,78.07,Strong Creator,High Scaling,Franchise Engine,0.06366666666666666,3,0,Steps Up,True,CII 79.3 >= 74: Already elite creator,"{'self_created': np.float64(82.71), 'pressure_appetite': np.float64(89.67), 'difficulty_embrace': np.float64(64.66), 'defensive_survival': np.float64(77.08), 'force_multiplication': np.float64(75.83)}","{'scaling_efficiency': np.float64(65.94290206648697), 'pressure_appetite': np.float64(87.33333333333333), 'creation_tools': np.float64(85.25), 'opportunity_response': np.float64(86.0), 'age_trajectory': np.float64(64.99000000000001)}",Medium
Kelly Olynyk,2018-19,24.03,52.18,Role Player,Moderate Scaling,Role Player,-0.017666666666666633,1,2,Mixed,False,"Low CII 24.0, low TII 52.2","{'self_created': np.float64(3.44), 'pressure_appetite': np.float64(47.18), 'difficulty_embrace': np.float64(9.4), 'defensive_survival': np.float64(50.69), 'force_multiplication': np.float64(17.23)}","{'scaling_efficiency': np.float64(28.133210211841384), 'pressure_appetite': np.float64(75.97142857142858), 'creation_tools': np.float64(28.523983739837398), 'opportunity_response': np.float64(83.59142857142857), 'age_trajectory': np.float64(64.99000000000001)}",Medium
Kelly Oubre Jr.,2018-19,22.98,41.09,Role Player,Limited Scaling,Fragile Star,-0.0633333333333333,0,3,Hides,False,"Fragile Star: high usage (22.3%), low CII (23.0), extreme hiding (-0.063), no creation tools","{'self_created': np.float64(19.9), 'pressure_appetite': np.float64(20.17), 'difficulty_embrace': np.float64(15.86), 'defensive_survival': np.float64(39.73), 'force_multiplication': np.float64(28.38)}","{'scaling_efficiency': np.float64(35.06955237122991), 'pressure_appetite': np.float64(15.2), 'creation_tools': np.float64(42.833014327901125), 'opportunity_response': np.float64(58.0), 'age_trajectory': np.float64(95.0)}",Medium
Kemba Walker,2018-19,80.91,77.49,Franchise Engine,High Scaling,Franchise Engine,0.10174999999999997,4,0,Steps Up,True,CII 80.9 >= 74: Already elite creator,"{'self_created': np.float64(79.03), 'pressure_appetite': np.float64(90.0), 'difficulty_embrace': np.float64(79.24), 'defensive_survival': np.float64(84.4), 'force_multiplication': np.float64(61.97)}","{'scaling_efficiency': np.float64(70.7154314206458), 'pressure_appetite': np.float64(89.96753246753245), 'creation_tools': np.float64(87.38333333333333), 'opportunity_response': np.float64(70.91428571428571), 'age_trajectory': np.float64(56.67)}",High
Kenrich Williams,2018-19,11.48,34.1,Role Player,Low Scaling,Role Player,-0.032,0,1,Hides,False,"Low CII 11.5, low TII 34.1","{'self_created': np.float64(3.84), 'pressure_appetite': np.float64(10.0), 'difficulty_embrace': np.float64(7.91), 'defensive_survival': np.float64(38.31), 'force_multiplication': np.float64(4.99)}","{'scaling_efficiency': np.float64(11.896451301832208), 'pressure_appetite': np.float64(27.199999999999996), 'creation_tools': np.float64(35.31293639406982), 'opportunity_response': np.float64(51.14285714285714), 'age_trajectory': np.float64(90.0)}",Medium
Kent Bazemore,2018-19,27.26,39.61,Role Player,Limited Scaling,Luxury Amplifier,-0.013500000000000024,1,3,Mixed,True,"Negative career leverage (-0.014, 1+/3-) BUT has creation tools: Thrives as #2","{'self_created': np.float64(21.96), 'pressure_appetite': np.float64(26.78), 'difficulty_embrace': np.float64(28.27), 'defensive_survival': np.float64(36.61), 'force_multiplication': np.float64(28.27)}","{'scaling_efficiency': np.float64(28.578154279203805), 'pressure_appetite': np.float64(24.400000000000006), 'creation_tools': np.float64(57.35266591038003), 'opportunity_response': np.float64(52.0), 'age_trajectory': np.float64(56.67)}",High
Kentavious Caldwell-Pope,2018-19,22.3,51.99,Role Player,Moderate Scaling,Luxury Amplifier,0.005500000000000025,2,2,Mixed,True,"Mixed career leverage (+0.006), low CII but has tools","{'self_created': np.float64(9.93), 'pressure_appetite': np.float64(25.27), 'difficulty_embrace': np.float64(25.74), 'defensive_survival': np.float64(43.14), 'force_multiplication': np.float64(13.85)}","{'scaling_efficiency': np.float64(34.94131588513267), 'pressure_appetite': np.float64(47.531428571428606), 'creation_tools': np.float64(57.74512195121952), 'opportunity_response': np.float64(68.25714285714285), 'age_trajectory': np.float64(78.33)}",High
Kevin Durant,2018-19,72.76,74.14,Strong Creator,High Scaling,Strong Creator,0.04075,3,1,Steps Up,True,"Positive career leverage (+0.041, 3+/1-), CII 72.8, TII 74.1: Can be #1 (Age 30 > 28, reclassified from Latent Engine)","{'self_created': np.float64(74.13), 'pressure_appetite': np.float64(76.33), 'difficulty_embrace': np.float64(72.41), 'defensive_survival': np.float64(66.71), 'force_multiplication': np.float64(69.5)}","{'scaling_efficiency': np.float64(70.52984626294702), 'pressure_appetite': np.float64(72.386925795053), 'creation_tools': np.float64(85.75), 'opportunity_response': np.float64(86.0), 'age_trajectory': np.float64(48.34)}",High
Kevin Huerter,2018-19,24.34,54.5,Role Player,Moderate Scaling,Role Player,0.0,0,0,Mixed,False,"Low CII 24.3, low TII 54.5","{'self_created': np.float64(21.04), 'pressure_appetite': np.float64(33.83), 'difficulty_embrace': np.float64(17.87), 'defensive_survival': np.float64(33.1), 'force_multiplication': np.float64(10.33)}","{'scaling_efficiency': np.float64(40.400047534165196), 'pressure_appetite': np.float64(54.0), 'creation_tools': np.float64(53.598668898453695), 'opportunity_response': np.float64(54.4), 'age_trajectory': np.int64(100)}",Medium
Kevin Knox II,2018-19,21.22,40.84,Role Player,Limited Scaling,Role Player,-0.0559999999999999,0,1,Hides,True,"Low CII 21.2, low TII 40.8","{'self_created': np.float64(15.56), 'pressure_appetite': np.float64(20.5), 'difficulty_embrace': np.float64(23.41), 'defensive_survival': np.float64(30.62), 'force_multiplication': np.float64(21.57)}","{'scaling_efficiency': np.float64(18.506817346270036), 'pressure_appetite': np.float64(17.600000000000044), 'creation_tools': np.float64(62.696681144893645), 'opportunity_response': np.float64(55.68571428571428), 'age_trajectory': np.int64(100)}",Medium
Kevin Love,2018-19,29.9,49.4,Role Player,Limited Scaling,Fragile Star,-0.04825,0,4,Hides,False,"Fragile Star: high usage (25.9%), low CII (29.9), no creation tools","{'self_created': np.float64(15.79), 'pressure_appetite': np.float64(45.53), 'difficulty_embrace': np.float64(18.7), 'defensive_survival': np.float64(46.39), 'force_multiplication': np.float64(30.87)}","{'scaling_efficiency': np.float64(32.1169103520526), 'pressure_appetite': np.float64(59.95752895752896), 'creation_tools': np.float64(49.20307624697868), 'opportunity_response': np.float64(67.31428571428572), 'age_trajectory': np.float64(48.34)}",High
Kevon Looney,2018-19,11.76,39.73,Role Player,Limited Scaling,Role Player,-0.0414999999999999,0,2,Hides,False,"Low CII 11.8, low TII 39.7","{'self_created': np.float64(12.02), 'pressure_appetite': np.float64(10.0), 'difficulty_embrace': np.float64(10.0), 'defensive_survival': np.float64(21.76), 'force_multiplication': np.float64(3.92)}","{'scaling_efficiency': np.float64(31.03433681073025), 'pressure_appetite': np.float64(16.80000000000004), 'creation_tools': np.float64(23.998507263761162), 'opportunity_response': np.float64(79.44285714285715), 'age_trajectory': np.float64(95.0)}",Medium
Khris Middleton,2018-19,45.35,56.57,Fragile Star,Moderate Scaling,Strong Creator,0.014000000000000002,3,1,Steps Up,True,"Positive career leverage (+0.014), CII 45.4: Stepping up consistently","{'self_created': np.float64(55.89), 'pressure_appetite': np.float64(26.34), 'difficulty_embrace': np.float64(52.86), 'defensive_survival': np.float64(52.48), 'force_multiplication': np.float64(35.58)}","{'scaling_efficiency': np.float64(57.89098747215232), 'pressure_appetite': np.float64(17.600000000000044), 'creation_tools': np.float64(85.2), 'opportunity_response': np.float64(70.65714285714286), 'age_trajectory': np.float64(71.66)}",High
Klay Thompson,2018-19,29.43,44.69,Role Player,Limited Scaling,Fragile Star,-0.07200000000000001,0,4,Hides,True,"Fragile Star: high usage (25.4%), high minutes (34.0), low CII (29.4), extreme hiding (-0.072)","{'self_created': np.float64(22.03), 'pressure_appetite': np.float64(18.83), 'difficulty_embrace': np.float64(51.4), 'defensive_survival': np.float64(40.2), 'force_multiplication': np.float64(18.06)}","{'scaling_efficiency': np.float64(35.702009336878106), 'pressure_appetite': np.float64(0.0), 'creation_tools': np.float64(81.1), 'opportunity_response': np.float64(80.64285714285714), 'age_trajectory': np.float64(56.67)}",High
Kris Dunn,2018-19,41.2,66.18,Fragile Star,High Scaling,Developing Prospect,-0.0126666666666667,1,2,Mixed,True,"Low CII 41.2, moderate TII 66.2","{'self_created': np.float64(35.99), 'pressure_appetite': np.float64(38.98), 'difficulty_embrace': np.float64(45.19), 'defensive_survival': np.float64(60.02), 'force_multiplication': np.float64(26.19)}","{'scaling_efficiency': np.float64(49.33333333333333), 'pressure_appetite': np.float64(63.878787878787875), 'creation_tools': np.float64(91.9), 'opportunity_response': np.float64(56.885714285714286), 'age_trajectory': np.float64(85.0)}",Medium
Kyle Anderson,2018-19,16.9,40.6,Role Player,Limited Scaling,Role Player,-0.0265,0,1,Hides,False,"Low CII 16.9, low TII 40.6","{'self_created': np.float64(24.38), 'pressure_appetite': np.float64(10.0), 'difficulty_embrace': np.float64(13.29), 'defensive_survival': np.float64(24.38), 'force_multiplication': np.float64(7.74)}","{'scaling_efficiency': np.float64(31.62030199166279), 'pressure_appetite': np.float64(18.800000000000004), 'creation_tools': np.float64(42.656337622431344), 'opportunity_response': np.float64(62.542857142857144), 'age_trajectory': np.float64(85.0)}",Medium
Kyle Kuzma,2018-19,24.27,43.15,Role Player,Limited Scaling,Role Player,-0.02899999999999995,0,2,Hides,False,"Low CII 24.3, low TII 43.1","{'self_created': np.float64(17.05), 'pressure_appetite': np.float64(30.2), 'difficulty_embrace': np.float64(18.66), 'defensive_survival': np.float64(30.19), 'force_multiplication': np.float64(33.44)}","{'scaling_efficiency': np.float64(31.00397110757627), 'pressure_appetite': np.float64(24.000000000000004), 'creation_tools': np.float64(47.198131477022926), 'opportunity_response': np.float64(59.37142857142857), 'age_trajectory': np.float64(95.0)}",Medium
Kyle Lowry,2018-19,38.72,61.25,Role Player,Moderate Scaling,Strong Creator,0.02974999999999997,2,2,Steps Up,False,"Positive career leverage (+0.030), CII 38.7 still developing (Age 33 > 25, reclassified from Developing Engine)","{'self_created': np.float64(41.51), 'pressure_appetite': np.float64(39.21), 'difficulty_embrace': np.float64(38.13), 'defensive_survival': np.float64(41.57), 'force_multiplication': np.float64(26.04)}","{'scaling_efficiency': np.float64(61.28489393298865), 'pressure_appetite': np.float64(53.14485165794066), 'creation_tools': np.float64(75.73333333333333), 'opportunity_response': np.float64(76.22857142857143), 'age_trajectory': np.float64(30.0)}",High
Kyrie Irving,2018-19,76.82,84.46,Strong Creator,Elite Scaling,Franchise Engine,0.09824999999999998,4,0,Steps Up,True,CII 76.8 >= 74: Already elite creator,"{'self_created': np.float64(76.45), 'pressure_appetite': np.float64(90.0), 'difficulty_embrace': np.float64(63.87), 'defensive_survival': np.float64(85.72), 'force_multiplication': np.float64(57.53)}","{'scaling_efficiency': np.float64(72.81925851925853), 'pressure_appetite': np.float64(97.19999999999999), 'creation_tools': np.float64(91.25), 'opportunity_response': np.float64(86.0), 'age_trajectory': np.float64(71.66)}",High
LaMarcus Aldridge,2018-19,43.02,53.85,Fragile Star,Moderate Scaling,Luxury Amplifier,-0.042999999999999955,0,4,Hides,True,"Negative career leverage (-0.043, 0+/4-) BUT has creation tools: Thrives as #2","{'self_created': np.float64(37.68), 'pressure_appetite': np.float64(35.43), 'difficulty_embrace': np.float64(50.09), 'defensive_survival': np.float64(49.65), 'force_multiplication': np.float64(53.91)}","{'scaling_efficiency': np.float64(63.91039074291463), 'pressure_appetite': np.float64(22.0), 'creation_tools': np.float64(73.1764652348016), 'opportunity_response': np.float64(76.95714285714286), 'age_trajectory': np.float64(30.0)}",High
Lance Stephenson,2018-19,34.97,54.91,Role Player,Moderate Scaling,Luxury Amplifier,-0.009999999999999974,1,2,Mixed,True,"Negative career leverage (-0.010, 1+/2-) BUT has creation tools: Thrives as #2","{'self_created': np.float64(28.08), 'pressure_appetite': np.float64(44.94), 'difficulty_embrace': np.float64(26.76), 'defensive_survival': np.float64(52.27), 'force_multiplication': np.float64(21.15)}","{'scaling_efficiency': np.float64(40.9098572149494), 'pressure_appetite': np.float64(62.03654822335022), 'creation_tools': np.float64(69.29973587553134), 'opportunity_response': np.float64(45.14285714285714), 'age_trajectory': np.float64(64.99000000000001)}",High
Landry Shamet,2018-19,12.12,45.06,Role Player,Limited Scaling,Role Player,-0.0509999999999999,0,1,Hides,False,"Low CII 12.1, low TII 45.1","{'self_created': np.float64(6.87), 'pressure_appetite': np.float64(10.0), 'difficulty_embrace': np.float64(14.76), 'defensive_survival': np.float64(29.06), 'force_multiplication': np.float64(2.45)}","{'scaling_efficiency': np.float64(27.95140151957919), 'pressure_appetite': np.float64(19.60000000000004), 'creation_tools': np.float64(51.863807120829826), 'opportunity_response': np.float64(75.99714285714286), 'age_trajectory': np.int64(100)}",Medium
Langston Galloway,2018-19,10.1,31.97,Role Player,Low Scaling,Role Player,-0.028666666666666663,1,2,Hides,True,"Low CII 10.1, low TII 32.0","{'self_created': np.float64(4.88), 'pressure_appetite': np.float64(10.0), 'difficulty_embrace': np.float64(17.24), 'defensive_survival': np.float64(16.83), 'force_multiplication': np.float64(1.62)}","{'scaling_efficiency': np.float64(13.639908590774441), 'pressure_appetite': np.float64(10.800000000000004), 'creation_tools': np.float64(52.78453690419258), 'opportunity_response': np.float64(49.68571428571428), 'age_trajectory': np.float64(71.66)}",Medium
Larry Nance Jr.,2018-19,20.89,45.36,Role Player,Limited Scaling,Role Player,-0.027250000000000024,1,3,Hides,False,"Low CII 20.9, low TII 45.4, no creation tools","{'self_created': np.float64(13.09), 'pressure_appetite': np.float64(29.18), 'difficulty_embrace': np.float64(9.47), 'defensive_survival': np.float64(43.02), 'force_multiplication': np.float64(13.17)}","{'scaling_efficiency': np.float64(18.040983743763075), 'pressure_appetite': np.float64(58.3859649122807), 'creation_tools': np.float64(33.36685922122379), 'opportunity_response': np.float64(72.26857142857142), 'age_trajectory': np.float64(78.33)}",High
Lauri Markkanen,2018-19,22.18,37.06,Role Player,Limited Scaling,Role Player,-0.053,0,2,Hides,True,"Low CII 22.2, low TII 37.1","{'self_created': np.float64(18.58), 'pressure_appetite': np.float64(18.0), 'difficulty_embrace': np.float64(19.54), 'defensive_survival': np.float64(37.38), 'force_multiplication': np.float64(25.94)}","{'scaling_efficiency': np.float64(19.40527614516447), 'pressure_appetite': np.float64(1.200000000000001), 'creation_tools': np.float64(50.937108013937284), 'opportunity_response': np.float64(71.68571428571428), 'age_trajectory': np.int64(100)}",Medium
LeBron James,2018-19,76.21,73.94,Strong Creator,High Scaling,Franchise Engine,0.08825000000000001,4,0,Steps Up,True,CII 76.2 >= 74: Already elite creator,"{'self_created': np.float64(79.76), 'pressure_appetite': np.float64(86.78), 'difficulty_embrace': np.float64(59.54), 'defensive_survival': np.float64(72.78), 'force_multiplication': np.float64(77.63)}","{'scaling_efficiency': np.float64(74.76786352758481), 'pressure_appetite': np.float64(79.1588424437299), 'creation_tools': np.float64(81.58333333333334), 'opportunity_response': np.float64(86.0), 'age_trajectory': np.float64(25.0)}",High
Lonzo Ball,2018-19,27.21,57.0,Role Player,Moderate Scaling,Developing Prospect,0.0004999999999999501,1,1,Mixed,False,"Low CII 27.2, moderate TII 57.0","{'self_created': np.float64(19.32), 'pressure_appetite': np.float64(31.96), 'difficulty_embrace': np.float64(22.47), 'defensive_survival': np.float64(51.21), 'force_multiplication': np.float64(12.48)}","{'scaling_efficiency': np.float64(34.575956966376125), 'pressure_appetite': np.float64(62.471057884231534), 'creation_tools': np.float64(62.307158853025655), 'opportunity_response': np.float64(56.971428571428575), 'age_trajectory': np.int64(100)}",Medium
Lou Williams,2018-19,66.34,70.75,Luxury Amplifier,High Scaling,Strong Creator,0.011499999999999976,2,2,Steps Up,True,"Positive career leverage (+0.011, 2+/2-), CII 66.3, TII 70.8: Can be #1 (Age 32 > 28, reclassified from Latent Engine)","{'self_created': np.float64(63.89), 'pressure_appetite': np.float64(73.04), 'difficulty_embrace': np.float64(56.2), 'defensive_survival': np.float64(74.74), 'force_multiplication': np.float64(64.61)}","{'scaling_efficiency': np.float64(65.84803439298695), 'pressure_appetite': np.float64(79.80259740259737), 'creation_tools': np.float64(89.85), 'opportunity_response': np.float64(63.8), 'age_trajectory': np.float64(35.0)}",High
Luka Dončić,2018-19,72.69,73.33,Strong Creator,High Scaling,Latent Engine,0.07,1,0,Steps Up,True,"CII 72.7, TII 73.3: High potential (limited career data)","{'self_created': np.float64(70.41), 'pressure_appetite': np.float64(83.52), 'difficulty_embrace': np.float64(62.04), 'defensive_survival': np.float64(76.29), 'force_multiplication': np.float64(68.36)}","{'scaling_efficiency': np.float64(56.415503875969), 'pressure_appetite': np.float64(82.72972972972973), 'creation_tools': np.float64(77.18333333333334), 'opportunity_response': np.float64(68.6), 'age_trajectory': np.int64(100)}",Medium
Luke Kennard,2018-19,22.21,44.88,Role Player,Limited Scaling,Role Player,-0.0665,1,1,Hides,True,"Low CII 22.2, low TII 44.9","{'self_created': np.float64(23.91), 'pressure_appetite': np.float64(10.0), 'difficulty_embrace': np.float64(34.73), 'defensive_survival': np.float64(35.22), 'force_multiplication': np.float64(3.11)}","{'scaling_efficiency': np.float64(42.61074696300481), 'pressure_appetite': np.float64(0.0), 'creation_tools': np.float64(70.59164736340101), 'opportunity_response': np.float64(56.542857142857144), 'age_trajectory': np.float64(95.0)}",Medium
Luke Kornet,2018-19,16.08,36.97,Role Player,Limited Scaling,Role Player,-0.0089999999999999,0,1,Mixed,False,"Low CII 16.1, low TII 37.0","{'self_created': np.float64(2.28), 'pressure_appetite': np.float64(33.47), 'difficulty_embrace': np.float64(8.76), 'defensive_survival': np.float64(27.88), 'force_multiplication': np.float64(10.99)}","{'scaling_efficiency': np.float64(7.698878149885461), 'pressure_appetite': np.float64(50.089887640449476), 'creation_tools': np.float64(28.993336073810177), 'opportunity_response': np.float64(45.57142857142857), 'age_trajectory': np.float64(95.0)}",Medium
Luol Deng,2018-19,13.79,32.34,Role Player,Low Scaling,Role Player,-0.055666666666666635,0,3,Hides,False,"Low CII 13.8, low TII 32.3","{'self_created': np.float64(12.08), 'pressure_appetite': np.float64(11.83), 'difficulty_embrace': np.float64(13.07), 'defensive_survival': np.float64(24.37), 'force_multiplication': np.float64(9.37)}","{'scaling_efficiency': np.float64(26.027782277311562), 'pressure_appetite': np.float64(22.400000000000002), 'creation_tools': np.float64(34.33460529766588), 'opportunity_response': np.float64(63.78285714285714), 'age_trajectory': np.float64(25.0)}",Medium
Malcolm Brogdon,2018-19,29.03,49.06,Role Player,Limited Scaling,Role Player,-0.03533333333333336,1,2,Hides,False,"Low CII 29.0, low TII 49.1","{'self_created': np.float64(37.48), 'pressure_appetite': np.float64(18.5), 'difficulty_embrace': np.float64(15.77), 'defensive_survival': np.float64(47.5), 'force_multiplication': np.float64(28.86)}","{'scaling_efficiency': np.float64(43.17054033048356), 'pressure_appetite': np.float64(19.600000000000005), 'creation_tools': np.float64(50.161897287289705), 'opportunity_response': np.float64(88.96571428571428), 'age_trajectory': np.float64(78.33)}",Medium
Malik Beasley,2018-19,16.85,49.26,Role Player,Limited Scaling,Role Player,-0.0579999999999999,0,1,Hides,False,"Low CII 16.9, low TII 49.3","{'self_created': np.float64(8.56), 'pressure_appetite': np.float64(13.83), 'difficulty_embrace': np.float64(19.27), 'defensive_survival': np.float64(41.82), 'force_multiplication': np.float64(6.99)}","{'scaling_efficiency': np.float64(45.04909556631333), 'pressure_appetite': np.float64(16.80000000000004), 'creation_tools': np.float64(50.45256030184612), 'opportunity_response': np.float64(76.37428571428572), 'age_trajectory': np.int64(100)}",Medium
Malik Monk,2018-19,21.4,37.92,Role Player,Limited Scaling,Role Player,-0.0689999999999999,0,1,Hides,False,"Low CII 21.4, low TII 37.9","{'self_created': np.float64(18.5), 'pressure_appetite': np.float64(21.17), 'difficulty_embrace': np.float64(22.7), 'defensive_survival': np.float64(30.27), 'force_multiplication': np.float64(14.72)}","{'scaling_efficiency': np.float64(28.60501253414151), 'pressure_appetite': np.float64(12.400000000000041), 'creation_tools': np.float64(46.89590050985255), 'opportunity_response': np.float64(45.74285714285714), 'age_trajectory': np.int64(100)}",Medium
Marc Gasol,2018-19,23.89,40.76,Role Player,Limited Scaling,Luxury Amplifier,-0.009499999999999974,2,2,Mixed,True,"Negative career leverage (-0.009, 2+/2-) BUT has creation tools: Thrives as #2","{'self_created': np.float64(5.7), 'pressure_appetite': np.float64(34.29), 'difficulty_embrace': np.float64(23.09), 'defensive_survival': np.float64(39.97), 'force_multiplication': np.float64(29.97)}","{'scaling_efficiency': np.float64(19.797967130214925), 'pressure_appetite': np.float64(53.61904761904765), 'creation_tools': np.float64(51.52615176151762), 'opportunity_response': np.float64(57.4), 'age_trajectory': np.float64(25.0)}",High
Marco Belinelli,2018-19,32.67,53.04,Role Player,Moderate Scaling,Luxury Amplifier,-0.01849999999999998,1,3,Mixed,True,"Negative career leverage (-0.018, 1+/3-) BUT has creation tools: Thrives as #2","{'self_created': np.float64(12.3), 'pressure_appetite': np.float64(44.86), 'difficulty_embrace': np.float64(32.57), 'defensive_survival': np.float64(64.69), 'force_multiplication': np.float64(15.43)}","{'scaling_efficiency': np.float64(34.01916832947563), 'pressure_appetite': np.float64(71.72941176470589), 'creation_tools': np.float64(66.95806051910787), 'opportunity_response': np.float64(56.71428571428571), 'age_trajectory': np.float64(30.0)}",High
Marcus Morris Sr.,2018-19,25.56,44.54,Role Player,Limited Scaling,Luxury Amplifier,-0.04549999999999998,1,3,Hides,True,"Negative career leverage (-0.045, 1+/3-) BUT has creation tools: Thrives as #2","{'self_created': np.float64(23.76), 'pressure_appetite': np.float64(15.83), 'difficulty_embrace': np.float64(31.27), 'defensive_survival': np.float64(43.4), 'force_multiplication': np.float64(17.08)}","{'scaling_efficiency': np.float64(38.40556650246304), 'pressure_appetite': np.float64(12.799999999999997), 'creation_tools': np.float64(67.56825063078217), 'opportunity_response': np.float64(70.91428571428571), 'age_trajectory': np.float64(56.67)}",High
Mario Hezonja,2018-19,36.23,52.85,Role Player,Moderate Scaling,Role Player,0.05833333333333329,3,0,Steps Up,True,"Low CII 36.2, low TII 52.9","{'self_created': np.float64(17.88), 'pressure_appetite': np.float64(65.3), 'difficulty_embrace': np.float64(22.1), 'defensive_survival': np.float64(40.71), 'force_multiplication': np.float64(40.12)}","{'scaling_efficiency': np.float64(25.441381512911764), 'pressure_appetite': np.float64(72.51153846153846), 'creation_tools': np.float64(53.83311444652908), 'opportunity_response': np.float64(48.82857142857143), 'age_trajectory': np.float64(90.0)}",Medium
Marvin Bagley III,2018-19,23.99,39.43,Role Player,Limited Scaling,Role Player,-0.0769999999999999,0,1,Hides,False,"Low CII 24.0, low TII 39.4","{'self_created': np.float64(24.86), 'pressure_appetite': np.float64(20.0), 'difficulty_embrace': np.float64(15.97), 'defensive_survival': np.float64(23.08), 'force_multiplication': np.float64(48.77)}","{'scaling_efficiency': np.float64(26.261712789175043), 'pressure_appetite': np.float64(9.200000000000038), 'creation_tools': np.float64(47.0138897464924), 'opportunity_response': np.float64(65.68571428571428), 'age_trajectory': np.int64(100)}",Medium
Marvin Williams,2018-19,19.31,36.2,Role Player,Limited Scaling,Role Player,-0.02599999999999997,1,3,Hides,False,"Low CII 19.3, low TII 36.2, no creation tools","{'self_created': np.float64(2.03), 'pressure_appetite': np.float64(42.03), 'difficulty_embrace': np.float64(7.47), 'defensive_survival': np.float64(37.94), 'force_multiplication': np.float64(10.06)}","{'scaling_efficiency': np.float64(9.14919164493992), 'pressure_appetite': np.float64(67.37687074829932), 'creation_tools': np.float64(26.572028648857923), 'opportunity_response': np.float64(55.34285714285714), 'age_trajectory': np.float64(30.0)}",High
Mason Plumlee,2018-19,14.45,27.82,Role Player,Low Scaling,Role Player,-0.04399999999999998,0,4,Hides,False,"Low CII 14.4, low TII 27.8, no creation tools","{'self_created': np.float64(11.95), 'pressure_appetite': np.float64(10.0), 'difficulty_embrace': np.float64(3.8), 'defensive_survival': np.float64(31.3), 'force_multiplication': np.float64(29.08)}","{'scaling_efficiency': np.float64(21.871795487294236), 'pressure_appetite': np.float64(1.6000000000000014), 'creation_tools': np.float64(20.160183054660735), 'opportunity_response': np.float64(74.39428571428572), 'age_trajectory': np.float64(56.67)}",High
Matthew Dellavedova,2018-19,27.62,46.84,Role Player,Limited Scaling,Role Player,-0.02400000000000003,1,1,Hides,False,"Low CII 27.6, low TII 46.8","{'self_created': np.float64(27.31), 'pressure_appetite': np.float64(37.17), 'difficulty_embrace': np.float64(17.47), 'defensive_survival': np.float64(33.63), 'force_multiplication': np.float64(16.01)}","{'scaling_efficiency': np.float64(32.567320551708356), 'pressure_appetite': np.float64(54.0), 'creation_tools': np.float64(51.21947224963579), 'opportunity_response': np.float64(45.48571428571428), 'age_trajectory': np.float64(64.99000000000001)}",Medium
Maurice Harkless,2018-19,17.16,37.39,Role Player,Limited Scaling,Role Player,-0.03399999999999997,0,3,Hides,False,"Low CII 17.2, low TII 37.4","{'self_created': np.float64(7.29), 'pressure_appetite': np.float64(19.83), 'difficulty_embrace': np.float64(3.59), 'defensive_survival': np.float64(48.68), 'force_multiplication': np.float64(19.95)}","{'scaling_efficiency': np.float64(12.406877192982462), 'pressure_appetite': np.float64(57.6), 'creation_tools': np.float64(18.761623005118942), 'opportunity_response': np.float64(51.22857142857143), 'age_trajectory': np.float64(78.33)}",Medium
Maxi Kleber,2018-19,9.53,27.61,Role Player,Low Scaling,Role Player,-0.047,0,2,Hides,False,"Low CII 9.5, low TII 27.6","{'self_created': np.float64(0.84), 'pressure_appetite': np.float64(10.0), 'difficulty_embrace': np.float64(7.19), 'defensive_survival': np.float64(34.45), 'force_multiplication': np.float64(1.68)}","{'scaling_efficiency': np.float64(12.951395307476567), 'pressure_appetite': np.float64(7.600000000000002), 'creation_tools': np.float64(24.406146834195614), 'opportunity_response': np.float64(65.17142857142856), 'age_trajectory': np.float64(71.66)}",Medium
Meyers Leonard,2018-19,6.01,29.22,Role Player,Low Scaling,Role Player,-0.0305,1,1,Hides,False,"Low CII 6.0, low TII 29.2","{'self_created': np.float64(0.62), 'pressure_appetite': np.float64(10.0), 'difficulty_embrace': np.float64(5.39), 'defensive_survival': np.float64(14.39), 'force_multiplication': np.float64(0.91)}","{'scaling_efficiency': np.float64(19.68733987663421), 'pressure_appetite': np.float64(4.400000000000004), 'creation_tools': np.float64(18.533401538713374), 'opportunity_response': np.float64(75.57714285714286), 'age_trajectory': np.float64(71.66)}",Medium
Michael Kidd-Gilchrist,2018-19,12.61,32.11,Role Player,Low Scaling,Role Player,-0.053333333333333295,0,3,Hides,True,"Low CII 12.6, low TII 32.1","{'self_created': np.float64(9.55), 'pressure_appetite': np.float64(10.0), 'difficulty_embrace': np.float64(13.09), 'defensive_survival': np.float64(27.37), 'force_multiplication': np.float64(5.19)}","{'scaling_efficiency': np.float64(22.913594381036006), 'pressure_appetite': np.float64(10.800000000000004), 'creation_tools': np.float64(30.5892900791753), 'opportunity_response': np.float64(52.77142857142857), 'age_trajectory': np.float64(85.0)}",Medium
Mikal Bridges,2018-19,10.49,42.86,Role Player,Limited Scaling,Role Player,-0.017,0,1,Mixed,False,"Low CII 10.5, low TII 42.9","{'self_created': np.float64(3.24), 'pressure_appetite': np.float64(16.76), 'difficulty_embrace': np.float64(7.64), 'defensive_survival': np.float64(22.57), 'force_multiplication': np.float64(4.15)}","{'scaling_efficiency': np.float64(13.531274586099038), 'pressure_appetite': np.float64(45.76190476190476), 'creation_tools': np.float64(40.08330942132951), 'opportunity_response': np.float64(62.28571428571429), 'age_trajectory': np.int64(100)}",Medium
Mike Conley,2018-19,73.6,76.6,Strong Creator,High Scaling,Strong Creator,0.08124999999999992,4,0,Steps Up,True,"Positive career leverage (+0.081, 4+/0-), CII 73.6, TII 76.6: Can be #1 (Age 31 > 28, reclassified from Latent Engine)","{'self_created': np.float64(72.76), 'pressure_appetite': np.float64(86.0), 'difficulty_embrace': np.float64(60.91), 'defensive_survival': np.float64(80.22), 'force_multiplication': np.float64(60.57)}","{'scaling_efficiency': np.float64(72.06516792014476), 'pressure_appetite': np.float64(90.39999999999999), 'creation_tools': np.float64(83.98333333333333), 'opportunity_response': np.float64(77.21428571428572), 'age_trajectory': np.float64(40.01)}",High
Mike Muscala,2018-19,19.12,40.25,Role Player,Limited Scaling,Role Player,-0.027000000000000052,1,1,Hides,False,"Low CII 19.1, low TII 40.2","{'self_created': np.float64(0.51), 'pressure_appetite': np.float64(36.75), 'difficulty_embrace': np.float64(7.1), 'defensive_survival': np.float64(50.45), 'force_multiplication': np.float64(7.94)}","{'scaling_efficiency': np.float64(10.558253609438157), 'pressure_appetite': np.float64(71.71304347826084), 'creation_tools': np.float64(19.08291504654177), 'opportunity_response': np.float64(54.48571428571428), 'age_trajectory': np.float64(71.66)}",Medium
Mike Scott,2018-19,21.76,39.34,Role Player,Limited Scaling,Role Player,-0.03700000000000005,1,1,Hides,False,"Low CII 21.8, low TII 39.3","{'self_created': np.float64(2.04), 'pressure_appetite': np.float64(39.28), 'difficulty_embrace': np.float64(11.46), 'defensive_survival': np.float64(55.07), 'force_multiplication': np.float64(7.74)}","{'scaling_efficiency': np.float64(7.677463111863452), 'pressure_appetite': np.float64(74.21151079136688), 'creation_tools': np.float64(33.61399953208165), 'opportunity_response': np.float64(46.17142857142857), 'age_trajectory': np.float64(48.34)}",Medium
Miles Bridges,2018-19,9.41,32.49,Role Player,Low Scaling,Role Player,-0.059,0,1,Hides,False,"Low CII 9.4, low TII 32.5","{'self_created': np.float64(3.56), 'pressure_appetite': np.float64(10.0), 'difficulty_embrace': np.float64(7.73), 'defensive_survival': np.float64(20.42), 'force_multiplication': np.float64(12.32)}","{'scaling_efficiency': np.float64(18.85674211502783), 'pressure_appetite': np.float64(16.400000000000002), 'creation_tools': np.float64(26.787282229965157), 'opportunity_response': np.float64(49.171428571428564), 'age_trajectory': np.int64(100)}",Medium
Mitchell Robinson,2018-19,12.09,35.45,Role Player,Limited Scaling,Role Player,-0.0349999999999999,0,1,Hides,False,"Low CII 12.1, low TII 35.5","{'self_created': np.float64(18.66), 'pressure_appetite': np.float64(10.0), 'difficulty_embrace': np.float64(0.4), 'defensive_survival': np.float64(19.33), 'force_multiplication': np.float64(10.15)}","{'scaling_efficiency': np.float64(17.443206205559147), 'pressure_appetite': np.float64(26.000000000000043), 'creation_tools': np.float64(7.533333333333333), 'opportunity_response': np.float64(81.42285714285714), 'age_trajectory': np.int64(100)}",Medium
Monte Morris,2018-19,26.6,57.79,Role Player,Moderate Scaling,Developing Prospect,-0.089,0,1,Hides,True,"Low CII 26.6, moderate TII 57.8","{'self_created': np.float64(37.31), 'pressure_appetite': np.float64(10.0), 'difficulty_embrace': np.float64(33.01), 'defensive_survival': np.float64(33.88), 'force_multiplication': np.float64(12.19)}","{'scaling_efficiency': np.float64(71.11105845181672), 'pressure_appetite': np.float64(4.400000000000004), 'creation_tools': np.float64(81.08495934959349), 'opportunity_response': np.float64(67.57142857142857), 'age_trajectory': np.float64(90.0)}",Medium
Montrezl Harrell,2018-19,20.72,37.06,Role Player,Limited Scaling,Role Player,-0.069,0,2,Hides,False,"Low CII 20.7, low TII 37.1","{'self_created': np.float64(15.15), 'pressure_appetite': np.float64(20.67), 'difficulty_embrace': np.float64(4.99), 'defensive_survival': np.float64(30.99), 'force_multiplication': np.float64(53.61)}","{'scaling_efficiency': np.float64(25.778399809501135), 'pressure_appetite': np.float64(14.8), 'creation_tools': np.float64(22.803139214211527), 'opportunity_response': np.float64(83.79714285714286), 'age_trajectory': np.float64(85.0)}",Medium
Myles Turner,2018-19,16.64,40.96,Role Player,Limited Scaling,Luxury Amplifier,-0.042249999999999975,0,4,Hides,True,"Negative career leverage (-0.042, 0+/4-) BUT has creation tools: Thrives as #2","{'self_created': np.float64(2.24), 'pressure_appetite': np.float64(16.67), 'difficulty_embrace': np.float64(23.99), 'defensive_survival': np.float64(33.48), 'force_multiplication': np.float64(19.76)}","{'scaling_efficiency': np.float64(21.190304763252872), 'pressure_appetite': np.float64(16.400000000000002), 'creation_tools': np.float64(51.401448298402585), 'opportunity_response': np.float64(71.51428571428572), 'age_trajectory': np.float64(95.0)}",High
Nemanja Bjelica,2018-19,14.15,30.73,Role Player,Low Scaling,Role Player,-0.033333333333333305,1,2,Hides,False,"Low CII 14.2, low TII 30.7","{'self_created': np.float64(9.92), 'pressure_appetite': np.float64(12.17), 'difficulty_embrace': np.float64(5.84), 'defensive_survival': np.float64(37.28), 'force_multiplication': np.float64(13.69)}","{'scaling_efficiency': np.float64(16.761318289029127), 'pressure_appetite': np.float64(20.4), 'creation_tools': np.float64(31.36972799357623), 'opportunity_response': np.float64(68.87428571428572), 'age_trajectory': np.float64(40.01)}",Medium
Nicolas Batum,2018-19,19.39,49.65,Role Player,Limited Scaling,Role Player,-0.02249999999999995,0,4,Hides,False,"Low CII 19.4, low TII 49.6, no creation tools","{'self_created': np.float64(22.21), 'pressure_appetite': np.float64(10.0), 'difficulty_embrace': np.float64(21.54), 'defensive_survival': np.float64(35.31), 'force_multiplication': np.float64(6.25)}","{'scaling_efficiency': np.float64(54.26723887157355), 'pressure_appetite': np.float64(16.8), 'creation_tools': np.float64(64.23693514842125), 'opportunity_response': np.float64(76.60571428571428), 'age_trajectory': np.float64(48.34)}",High
Nik Stauskas,2018-19,19.11,44.5,Role Player,Limited Scaling,Role Player,-0.023999999999999997,0,3,Hides,False,"Low CII 19.1, low TII 44.5","{'self_created': np.float64(16.44), 'pressure_appetite': np.float64(20.79), 'difficulty_embrace': np.float64(20.14), 'defensive_survival': np.float64(27.95), 'force_multiplication': np.float64(7.61)}","{'scaling_efficiency': np.float64(39.18108686350023), 'pressure_appetite': np.float64(27.599999999999998), 'creation_tools': np.float64(53.874827651785296), 'opportunity_response': np.float64(43.77142857142857), 'age_trajectory': np.float64(85.0)}",Medium
Nikola Jokić,2018-19,42.57,55.74,Fragile Star,Moderate Scaling,Fragile Star,-0.00725,1,3,Mixed,False,"Negative career leverage (-0.007, 1+/3-), NO creation tools: Fundamental skill gaps","{'self_created': np.float64(32.28), 'pressure_appetite': np.float64(62.43), 'difficulty_embrace': np.float64(16.84), 'defensive_survival': np.float64(50.12), 'force_multiplication': np.float64(63.96)}","{'scaling_efficiency': np.float64(24.225606814062566), 'pressure_appetite': np.float64(71.6922509225092), 'creation_tools': np.float64(43.596767467674674), 'opportunity_response': np.float64(85.51142857142858), 'age_trajectory': np.float64(90.0)}",High
Nikola Mirotic,2018-19,21.72,45.47,Role Player,Limited Scaling,Role Player,-0.03874999999999997,0,4,Hides,False,"Low CII 21.7, low TII 45.5, no creation tools","{'self_created': np.float64(8.53), 'pressure_appetite': np.float64(25.72), 'difficulty_embrace': np.float64(19.26), 'defensive_survival': np.float64(48.23), 'force_multiplication': np.float64(16.48)}","{'scaling_efficiency': np.float64(35.36798215691418), 'pressure_appetite': np.float64(25.20000000000004), 'creation_tools': np.float64(50.26637066856105), 'opportunity_response': np.float64(80.05142857142857), 'age_trajectory': np.float64(64.99000000000001)}",High
Nikola Vučević,2018-19,29.83,48.43,Role Player,Limited Scaling,Luxury Amplifier,-0.009250000000000001,1,3,Mixed,True,"Negative career leverage (-0.009, 1+/3-) BUT has creation tools: Thrives as #2","{'self_created': np.float64(12.17), 'pressure_appetite': np.float64(51.64), 'difficulty_embrace': np.float64(19.5), 'defensive_survival': np.float64(31.97), 'force_multiplication': np.float64(45.71)}","{'scaling_efficiency': np.float64(30.31961582739021), 'pressure_appetite': np.float64(51.210144927536234), 'creation_tools': np.float64(43.6226994226464), 'opportunity_response': np.float64(75.41428571428571), 'age_trajectory': np.float64(64.99000000000001)}",High
Noah Vonleh,2018-19,22.39,40.1,Role Player,Limited Scaling,Role Player,-0.0594999999999999,0,2,Hides,False,"Low CII 22.4, low TII 40.1","{'self_created': np.float64(27.0), 'pressure_appetite': np.float64(21.25), 'difficulty_embrace': np.float64(5.39), 'defensive_survival': np.float64(33.27), 'force_multiplication': np.float64(29.11)}","{'scaling_efficiency': np.float64(18.74959420289856), 'pressure_appetite': np.float64(45.2916666666667), 'creation_tools': np.float64(24.240063233965675), 'opportunity_response': np.float64(58.68571428571428), 'age_trajectory': np.float64(95.0)}",Medium
OG Anunoby,2018-19,11.65,30.69,Role Player,Low Scaling,Role Player,-0.047499999999999945,0,2,Hides,False,"Low CII 11.7, low TII 30.7","{'self_created': np.float64(10.85), 'pressure_appetite': np.float64(10.67), 'difficulty_embrace': np.float64(5.86), 'defensive_survival': np.float64(21.88), 'force_multiplication': np.float64(12.77)}","{'scaling_efficiency': np.float64(12.194976622678121), 'pressure_appetite': np.float64(22.400000000000002), 'creation_tools': np.float64(20.94061744671501), 'opportunity_response': np.float64(48.31428571428572), 'age_trajectory': np.int64(100)}",Medium
Otto Porter Jr.,2018-19,30.93,57.47,Role Player,Moderate Scaling,Luxury Amplifier,-0.05349999999999992,0,4,Hides,True,"Negative career leverage (-0.053, 0+/4-) BUT has creation tools: Thrives as #2","{'self_created': np.float64(25.3), 'pressure_appetite': np.float64(30.33), 'difficulty_embrace': np.float64(38.87), 'defensive_survival': np.float64(43.59), 'force_multiplication': np.float64(14.45)}","{'scaling_efficiency': np.float64(41.50210503186111), 'pressure_appetite': np.float64(46.24864864864868), 'creation_tools': np.float64(73.5), 'opportunity_response': np.float64(72.8), 'age_trajectory': np.float64(78.33)}",High
P.J. Tucker,2018-19,13.68,32.46,Role Player,Low Scaling,Role Player,0.005,2,2,Mixed,False,"Mixed career leverage, no tools, low CII","{'self_created': np.float64(0.82), 'pressure_appetite': np.float64(34.46), 'difficulty_embrace': np.float64(2.39), 'defensive_survival': np.float64(25.2), 'force_multiplication': np.float64(5.65)}","{'scaling_efficiency': np.float64(8.508112507480554), 'pressure_appetite': np.float64(60.79999999999997), 'creation_tools': np.float64(15.82678602317938), 'opportunity_response': np.float64(60.31428571428572), 'age_trajectory': np.float64(25.0)}",High
Pascal Siakam,2018-19,25.15,39.61,Role Player,Limited Scaling,Role Player,-0.08249999999999995,0,2,Hides,False,"Low CII 25.1, low TII 39.6","{'self_created': np.float64(32.97), 'pressure_appetite': np.float64(16.17), 'difficulty_embrace': np.float64(7.59), 'defensive_survival': np.float64(40.31), 'force_multiplication': np.float64(36.53)}","{'scaling_efficiency': np.float64(26.530775852554907), 'pressure_appetite': np.float64(12.800000000000043), 'creation_tools': np.float64(30.766934364465595), 'opportunity_response': np.float64(91.98285714285714), 'age_trajectory': np.float64(85.0)}",Medium
Pat Connaughton,2018-19,7.28,30.4,Role Player,Low Scaling,Role Player,-0.056,0,1,Hides,False,"Low CII 7.3, low TII 30.4","{'self_created': np.float64(1.71), 'pressure_appetite': np.float64(10.0), 'difficulty_embrace': np.float64(5.76), 'defensive_survival': np.float64(19.29), 'force_multiplication': np.float64(2.2)}","{'scaling_efficiency': np.float64(15.593871794871788), 'pressure_appetite': np.float64(17.6), 'creation_tools': np.float64(26.372138836772983), 'opportunity_response': np.float64(54.74285714285714), 'age_trajectory': np.float64(78.33)}",Medium
Patrick Beverley,2018-19,21.31,48.29,Role Player,Limited Scaling,Role Player,-0.049333333333333264,0,3,Hides,False,"Low CII 21.3, low TII 48.3","{'self_created': np.float64(18.2), 'pressure_appetite': np.float64(22.33), 'difficulty_embrace': np.float64(9.69), 'defensive_survival': np.float64(45.87), 'force_multiplication': np.float64(14.53)}","{'scaling_efficiency': np.float64(33.65700000000002), 'pressure_appetite': np.float64(57.650000000000034), 'creation_tools': np.float64(49.34756097560975), 'opportunity_response': np.float64(60.48571428571428), 'age_trajectory': np.float64(48.34)}",Medium
Patty Mills,2018-19,25.74,47.21,Role Player,Limited Scaling,Luxury Amplifier,-0.015749999999999948,2,2,Mixed,True,"Negative career leverage (-0.016, 2+/2-) BUT has creation tools: Thrives as #2","{'self_created': np.float64(33.47), 'pressure_appetite': np.float64(10.0), 'difficulty_embrace': np.float64(31.73), 'defensive_survival': np.float64(40.02), 'force_multiplication': np.float64(8.47)}","{'scaling_efficiency': np.float64(54.34663265306121), 'pressure_appetite': np.float64(6.800000000000046), 'creation_tools': np.float64(71.64756097560975), 'opportunity_response': np.float64(66.97142857142858), 'age_trajectory': np.float64(48.34)}",High
Paul George,2018-19,68.08,71.86,Luxury Amplifier,High Scaling,Strong Creator,0.030000000000000002,3,1,Steps Up,True,"Positive career leverage (+0.030, 3+/1-), CII 68.1, TII 71.9: Can be #1 (Age 29 > 28, reclassified from Latent Engine)","{'self_created': np.float64(68.81), 'pressure_appetite': np.float64(73.94), 'difficulty_embrace': np.float64(60.0), 'defensive_survival': np.float64(73.26), 'force_multiplication': np.float64(59.67)}","{'scaling_efficiency': np.float64(59.002715373682065), 'pressure_appetite': np.float64(78.96842105263158), 'creation_tools': np.float64(79.25), 'opportunity_response': np.float64(86.0), 'age_trajectory': np.float64(56.67)}",High
Paul Millsap,2018-19,25.85,42.45,Role Player,Limited Scaling,Role Player,-0.017249999999999974,1,2,Mixed,False,"Low CII 25.9, low TII 42.5, no creation tools","{'self_created': np.float64(20.62), 'pressure_appetite': np.float64(26.22), 'difficulty_embrace': np.float64(14.96), 'defensive_survival': np.float64(41.76), 'force_multiplication': np.float64(38.52)}","{'scaling_efficiency': np.float64(26.313316437122744), 'pressure_appetite': np.float64(49.60034904013965), 'creation_tools': np.float64(45.58617673349508), 'opportunity_response': np.float64(70.22857142857143), 'age_trajectory': np.float64(25.0)}",High
Rajon Rondo,2018-19,26.08,46.01,Role Player,Limited Scaling,Role Player,-0.043999999999999935,0,3,Hides,False,"Low CII 26.1, low TII 46.0","{'self_created': np.float64(30.59), 'pressure_appetite': np.float64(10.0), 'difficulty_embrace': np.float64(30.79), 'defensive_survival': np.float64(42.49), 'force_multiplication': np.float64(18.75)}","{'scaling_efficiency': np.float64(54.0), 'pressure_appetite': np.float64(9.60000000000004), 'creation_tools': np.float64(79.63939307997731), 'opportunity_response': np.float64(56.542857142857144), 'age_trajectory': np.float64(30.0)}",Medium
Reggie Bullock Jr.,2018-19,25.59,50.0,Role Player,Moderate Scaling,Role Player,-0.03066666666666663,1,2,Hides,True,"Low CII 25.6, low TII 50.0","{'self_created': np.float64(6.46), 'pressure_appetite': np.float64(38.45), 'difficulty_embrace': np.float64(21.39), 'defensive_survival': np.float64(59.39), 'force_multiplication': np.float64(8.5)}","{'scaling_efficiency': np.float64(18.732440729866514), 'pressure_appetite': np.float64(70.71688311688312), 'creation_tools': np.float64(54.11548410938655), 'opportunity_response': np.float64(62.542857142857144), 'age_trajectory': np.float64(64.99000000000001)}",Medium
Reggie Jackson,2018-19,51.95,64.62,Fragile Star,Moderate Scaling,Strong Creator,0.11125,4,0,Steps Up,True,"Positive career leverage (+0.111), CII 52.0: Stepping up consistently","{'self_created': np.float64(46.94), 'pressure_appetite': np.float64(65.05), 'difficulty_embrace': np.float64(41.66), 'defensive_survival': np.float64(62.3), 'force_multiplication': np.float64(39.24)}","{'scaling_efficiency': np.float64(52.15979820550329), 'pressure_appetite': np.float64(77.65991561181434), 'creation_tools': np.float64(78.28556653288052), 'opportunity_response': np.float64(54.91428571428571), 'age_trajectory': np.float64(56.67)}",High
Richaun Holmes,2018-19,11.08,31.95,Role Player,Low Scaling,Role Player,-0.06749999999999995,0,2,Hides,False,"Low CII 11.1, low TII 31.9","{'self_created': np.float64(4.18), 'pressure_appetite': np.float64(12.33), 'difficulty_embrace': np.float64(1.1), 'defensive_survival': np.float64(36.83), 'force_multiplication': np.float64(9.98)}","{'scaling_efficiency': np.float64(19.38477137606745), 'pressure_appetite': np.float64(16.000000000000043), 'creation_tools': np.float64(9.741622278291748), 'opportunity_response': np.float64(77.93428571428572), 'age_trajectory': np.float64(85.0)}",Medium
Ricky Rubio,2018-19,34.35,50.21,Role Player,Moderate Scaling,Luxury Amplifier,-0.043749999999999976,0,4,Hides,True,"Negative career leverage (-0.044, 0+/4-) BUT has creation tools: Thrives as #2","{'self_created': np.float64(34.32), 'pressure_appetite': np.float64(19.67), 'difficulty_embrace': np.float64(43.26), 'defensive_survival': np.float64(48.33), 'force_multiplication': np.float64(32.35)}","{'scaling_efficiency': np.float64(48.19066585968048), 'pressure_appetite': np.float64(14.8), 'creation_tools': np.float64(86.55964573446639), 'opportunity_response': np.float64(54.91428571428571), 'age_trajectory': np.float64(64.99000000000001)}",High
Robert Covington,2018-19,20.26,48.65,Role Player,Limited Scaling,Role Player,-0.011249999999999951,1,3,Mixed,False,"Low CII 20.3, low TII 48.6, no creation tools","{'self_created': np.float64(6.44), 'pressure_appetite': np.float64(26.21), 'difficulty_embrace': np.float64(15.37), 'defensive_survival': np.float64(54.07), 'force_multiplication': np.float64(5.96)}","{'scaling_efficiency': np.float64(20.99344155844155), 'pressure_appetite': np.float64(59.69696969696973), 'creation_tools': np.float64(46.87934220251293), 'opportunity_response': np.float64(77.0), 'age_trajectory': np.float64(64.99000000000001)}",High
Robin Lopez,2018-19,25.89,39.69,Role Player,Limited Scaling,Role Player,-0.042999999999999955,0,4,Hides,False,"Low CII 25.9, low TII 39.7, no creation tools","{'self_created': np.float64(25.06), 'pressure_appetite': np.float64(27.46), 'difficulty_embrace': np.float64(5.3), 'defensive_survival': np.float64(43.11), 'force_multiplication': np.float64(39.85)}","{'scaling_efficiency': np.float64(22.7623606557377), 'pressure_appetite': np.float64(56.071038251366154), 'creation_tools': np.float64(17.98789373139633), 'opportunity_response': np.float64(74.96000000000001), 'age_trajectory': np.float64(40.01)}",High
Rodney Hood,2018-19,37.91,58.09,Role Player,Moderate Scaling,Luxury Amplifier,-0.025999999999999975,1,3,Hides,True,"Negative career leverage (-0.026, 1+/3-) BUT has creation tools: Thrives as #2","{'self_created': np.float64(38.45), 'pressure_appetite': np.float64(32.46), 'difficulty_embrace': np.float64(42.03), 'defensive_survival': np.float64(49.58), 'force_multiplication': np.float64(24.14)}","{'scaling_efficiency': np.float64(46.75235122763214), 'pressure_appetite': np.float64(53.220973782771566), 'creation_tools': np.float64(74.45), 'opportunity_response': np.float64(53.542857142857144), 'age_trajectory': np.float64(78.33)}",High
Rodney McGruder,2018-19,12.24,32.98,Role Player,Low Scaling,Role Player,-0.03099999999999995,0,2,Hides,False,"Low CII 12.2, low TII 33.0","{'self_created': np.float64(11.66), 'pressure_appetite': np.float64(10.17), 'difficulty_embrace': np.float64(8.23), 'defensive_survival': np.float64(25.9), 'force_multiplication': np.float64(6.7)}","{'scaling_efficiency': np.float64(16.32023149558331), 'pressure_appetite': np.float64(21.600000000000037), 'creation_tools': np.float64(39.21920247773906), 'opportunity_response': np.float64(51.14285714285714), 'age_trajectory': np.float64(71.66)}",Medium
Rondae Hollis-Jefferson,2018-19,14.27,26.4,Role Player,Low Scaling,Role Player,-0.0799999999999999,0,3,Hides,False,"Low CII 14.3, low TII 26.4","{'self_created': np.float64(6.51), 'pressure_appetite': np.float64(14.17), 'difficulty_embrace': np.float64(8.89), 'defensive_survival': np.float64(25.25), 'force_multiplication': np.float64(32.11)}","{'scaling_efficiency': np.float64(8.725675727780992), 'pressure_appetite': np.float64(6.000000000000045), 'creation_tools': np.float64(29.723441734417346), 'opportunity_response': np.float64(48.91428571428571), 'age_trajectory': np.float64(90.0)}",Medium
Royce O'Neale,2018-19,6.79,28.68,Role Player,Low Scaling,Role Player,-0.063,0,2,Hides,False,"Low CII 6.8, low TII 28.7","{'self_created': np.float64(2.02), 'pressure_appetite': np.float64(10.0), 'difficulty_embrace': np.float64(3.07), 'defensive_survival': np.float64(15.05), 'force_multiplication': np.float64(8.16)}","{'scaling_efficiency': np.float64(19.779038275733924), 'pressure_appetite': np.float64(4.400000000000004), 'creation_tools': np.float64(19.381195423065343), 'opportunity_response': np.float64(66.23428571428572), 'age_trajectory': np.float64(78.33)}",Medium
Rudy Gay,2018-19,35.54,52.78,Role Player,Moderate Scaling,Luxury Amplifier,-0.019499999999999976,2,2,Mixed,True,"Negative career leverage (-0.019, 2+/2-) BUT has creation tools: Thrives as #2","{'self_created': np.float64(45.31), 'pressure_appetite': np.float64(17.17), 'difficulty_embrace': np.float64(39.54), 'defensive_survival': np.float64(47.12), 'force_multiplication': np.float64(26.78)}","{'scaling_efficiency': np.float64(61.34057169202395), 'pressure_appetite': np.float64(10.800000000000004), 'creation_tools': np.float64(81.12285456187895), 'opportunity_response': np.float64(79.67428571428572), 'age_trajectory': np.float64(35.0)}",High
Rudy Gobert,2018-19,22.15,45.92,Role Player,Limited Scaling,Role Player,-0.009499999999999998,2,2,Mixed,False,"Low CII 22.1, low TII 45.9, no creation tools","{'self_created': np.float64(8.59), 'pressure_appetite': np.float64(38.01), 'difficulty_embrace': np.float64(0.2), 'defensive_survival': np.float64(49.46), 'force_multiplication': np.float64(26.1)}","{'scaling_efficiency': np.float64(19.558725099601595), 'pressure_appetite': np.float64(66.54285714285714), 'creation_tools': np.float64(12.266666666666666), 'opportunity_response': np.float64(91.98285714285714), 'age_trajectory': np.float64(71.66)}",High
Russell Westbrook,2018-19,64.98,64.24,Luxury Amplifier,Moderate Scaling,Strong Creator,0.09399999999999992,4,0,Steps Up,True,"Positive career leverage (+0.094), CII 65.0: Stepping up consistently","{'self_created': np.float64(56.3), 'pressure_appetite': np.float64(72.04), 'difficulty_embrace': np.float64(65.39), 'defensive_survival': np.float64(69.02), 'force_multiplication': np.float64(66.51)}","{'scaling_efficiency': np.float64(48.79414328871565), 'pressure_appetite': np.float64(75.85847176079734), 'creation_tools': np.float64(83.25), 'opportunity_response': np.float64(61.0), 'age_trajectory': np.float64(48.34)}",High
Ryan Arcidiacono,2018-19,24.1,49.5,Role Player,Limited Scaling,Role Player,-0.039,0,1,Hides,False,"Low CII 24.1, low TII 49.5","{'self_created': np.float64(36.26), 'pressure_appetite': np.float64(10.0), 'difficulty_embrace': np.float64(16.9), 'defensive_survival': np.float64(39.42), 'force_multiplication': np.float64(14.3)}","{'scaling_efficiency': np.float64(42.535999999999994), 'pressure_appetite': np.float64(24.400000000000006), 'creation_tools': np.float64(58.323962893475084), 'opportunity_response': np.float64(69.81714285714285), 'age_trajectory': np.float64(85.0)}",Medium
Salah Mejri,2018-19,25.74,39.4,Role Player,Limited Scaling,Role Player,-0.016333333333333297,1,2,Mixed,False,"Low CII 25.7, low TII 39.4","{'self_created': np.float64(1.88), 'pressure_appetite': np.float64(60.0), 'difficulty_embrace': np.float64(0.69), 'defensive_survival': np.float64(56.83), 'force_multiplication': np.float64(15.14)}","{'scaling_efficiency': np.float64(11.650966131907317), 'pressure_appetite': np.float64(89.7), 'creation_tools': np.float64(17.48785801583506), 'opportunity_response': np.float64(46.51428571428571), 'age_trajectory': np.float64(30.0)}",Medium
Serge Ibaka,2018-19,19.54,38.19,Role Player,Limited Scaling,Fragile Star,-0.06424999999999997,0,4,Hides,True,"Fragile Star: high usage (22.7%), low CII (19.5), extreme hiding (-0.064)","{'self_created': np.float64(2.49), 'pressure_appetite': np.float64(24.19), 'difficulty_embrace': np.float64(23.29), 'defensive_survival': np.float64(35.28), 'force_multiplication': np.float64(27.94)}","{'scaling_efficiency': np.float64(24.859813787355627), 'pressure_appetite': np.float64(19.600000000000005), 'creation_tools': np.float64(42.97546470398625), 'opportunity_response': np.float64(77.14571428571429), 'age_trajectory': np.float64(56.67)}",High
Seth Curry,2018-19,25.19,51.91,Role Player,Moderate Scaling,Role Player,-0.060999999999999964,0,3,Hides,True,"Low CII 25.2, low TII 51.9","{'self_created': np.float64(28.08), 'pressure_appetite': np.float64(10.0), 'difficulty_embrace': np.float64(31.51), 'defensive_survival': np.float64(48.8), 'force_multiplication': np.float64(6.42)}","{'scaling_efficiency': np.float64(56.420179372197296), 'pressure_appetite': np.float64(11.200000000000006), 'creation_tools': np.float64(74.19518143961928), 'opportunity_response': np.float64(72.32), 'age_trajectory': np.float64(64.99000000000001)}",Medium
Shai Gilgeous-Alexander,2018-19,36.46,61.74,Role Player,Moderate Scaling,Developing Prospect,-0.037,0,1,Hides,True,"Low CII 36.5, moderate TII 61.7","{'self_created': np.float64(44.7), 'pressure_appetite': np.float64(20.3), 'difficulty_embrace': np.float64(33.86), 'defensive_survival': np.float64(52.2), 'force_multiplication': np.float64(33.69)}","{'scaling_efficiency': np.float64(67.73333333333333), 'pressure_appetite': np.float64(25.200000000000003), 'creation_tools': np.float64(80.82842401500938), 'opportunity_response': np.float64(59.71428571428571), 'age_trajectory': np.int64(100)}",Medium
Shaquille Harrison,2018-19,18.17,32.0,Role Player,Low Scaling,Role Player,-0.037,0,1,Hides,False,"Low CII 18.2, low TII 32.0","{'self_created': np.float64(17.7), 'pressure_appetite': np.float64(14.96), 'difficulty_embrace': np.float64(4.37), 'defensive_survival': np.float64(43.37), 'force_multiplication': np.float64(17.41)}","{'scaling_efficiency': np.float64(15.597328431372546), 'pressure_appetite': np.float64(25.200000000000003), 'creation_tools': np.float64(26.7760162601626), 'opportunity_response': np.float64(47.8), 'age_trajectory': np.float64(85.0)}",Medium
Shelvin Mack,2018-19,23.45,45.36,Role Player,Limited Scaling,Role Player,-0.04399999999999995,0,4,Hides,False,"Low CII 23.4, low TII 45.4, no creation tools","{'self_created': np.float64(24.47), 'pressure_appetite': np.float64(11.67), 'difficulty_embrace': np.float64(27.83), 'defensive_survival': np.float64(33.96), 'force_multiplication': np.float64(25.31)}","{'scaling_efficiency': np.float64(46.06666666666666), 'pressure_appetite': np.float64(12.400000000000041), 'creation_tools': np.float64(76.5302221011037), 'opportunity_response': np.float64(49.77142857142857), 'age_trajectory': np.float64(56.67)}",High
Solomon Hill,2018-19,7.94,31.02,Role Player,Low Scaling,Role Player,-0.025999999999999968,0,3,Hides,False,"Low CII 7.9, low TII 31.0","{'self_created': np.float64(1.47), 'pressure_appetite': np.float64(13.46), 'difficulty_embrace': np.float64(4.99), 'defensive_survival': np.float64(18.24), 'force_multiplication': np.float64(4.0)}","{'scaling_efficiency': np.float64(6.019791186857053), 'pressure_appetite': np.float64(43.871794871794904), 'creation_tools': np.float64(22.63880550343965), 'opportunity_response': np.float64(48.14285714285714), 'age_trajectory': np.float64(64.99000000000001)}",Medium
Spencer Dinwiddie,2018-19,57.44,73.42,Luxury Amplifier,High Scaling,Strong Creator,0.07366666666666659,3,0,Steps Up,False,"Medium CII 57.4, high TII 73.4, developing tools (Age 26 > 25, reclassified from Developing Star)","{'self_created': np.float64(65.01), 'pressure_appetite': np.float64(65.25), 'difficulty_embrace': np.float64(35.64), 'defensive_survival': np.float64(58.62), 'force_multiplication': np.float64(57.04)}","{'scaling_efficiency': np.float64(73.32116435961075), 'pressure_appetite': np.float64(73.30578512396691), 'creation_tools': np.float64(67.80164617348652), 'opportunity_response': np.float64(77.99428571428572), 'age_trajectory': np.float64(78.33)}",Medium
Stanley Johnson,2018-19,13.71,27.68,Role Player,Low Scaling,Role Player,-0.048999999999999995,1,2,Hides,False,"Low CII 13.7, low TII 27.7","{'self_created': np.float64(13.75), 'pressure_appetite': np.float64(10.0), 'difficulty_embrace': np.float64(11.53), 'defensive_survival': np.float64(28.72), 'force_multiplication': np.float64(4.74)}","{'scaling_efficiency': np.float64(14.249389995682472), 'pressure_appetite': np.float64(0.0), 'creation_tools': np.float64(34.50326514555468), 'opportunity_response': np.float64(46.68571428571428), 'age_trajectory': np.float64(95.0)}",Medium
Stephen Curry,2018-19,64.72,74.93,Luxury Amplifier,High Scaling,Strong Creator,0.06999999999999995,4,0,Steps Up,True,"Positive career leverage (+0.070, 4+/0-), CII 64.7, TII 74.9: Can be #1 (Age 31 > 28, reclassified from Latent Engine)","{'self_created': np.float64(58.91), 'pressure_appetite': np.float64(77.47), 'difficulty_embrace': np.float64(57.8), 'defensive_survival': np.float64(76.39), 'force_multiplication': np.float64(46.6)}","{'scaling_efficiency': np.float64(68.19501534211608), 'pressure_appetite': np.float64(84.26712328767123), 'creation_tools': np.float64(82.5), 'opportunity_response': np.float64(86.0), 'age_trajectory': np.float64(40.01)}",High
Sterling Brown,2018-19,25.61,49.32,Role Player,Limited Scaling,Role Player,0.071,1,0,Steps Up,False,"Low CII 25.6, low TII 49.3","{'self_created': np.float64(5.39), 'pressure_appetite': np.float64(60.0), 'difficulty_embrace': np.float64(8.43), 'defensive_survival': np.float64(36.7), 'force_multiplication': np.float64(18.04)}","{'scaling_efficiency': np.float64(25.146116493375516), 'pressure_appetite': np.float64(78.1), 'creation_tools': np.float64(27.03907076990233), 'opportunity_response': np.float64(52.25714285714285), 'age_trajectory': np.float64(90.0)}",Medium
Steven Adams,2018-19,14.97,35.29,Role Player,Limited Scaling,Role Player,-0.0563333333333333,0,3,Hides,False,"Low CII 15.0, low TII 35.3","{'self_created': np.float64(17.34), 'pressure_appetite': np.float64(10.5), 'difficulty_embrace': np.float64(3.5), 'defensive_survival': np.float64(25.72), 'force_multiplication': np.float64(25.87)}","{'scaling_efficiency': np.float64(21.10285784919654), 'pressure_appetite': np.float64(17.200000000000003), 'creation_tools': np.float64(17.445528455284553), 'opportunity_response': np.float64(84.5), 'age_trajectory': np.float64(85.0)}",Medium
T.J. Warren,2018-19,34.29,62.27,Role Player,Moderate Scaling,Luxury Amplifier,-0.034249999999999975,0,4,Hides,True,"Negative career leverage (-0.034, 0+/4-) BUT has creation tools: Thrives as #2","{'self_created': np.float64(29.43), 'pressure_appetite': np.float64(40.79), 'difficulty_embrace': np.float64(25.21), 'defensive_survival': np.float64(54.36), 'force_multiplication': np.float64(20.63)}","{'scaling_efficiency': np.float64(45.5970155001444), 'pressure_appetite': np.float64(61.85218702865761), 'creation_tools': np.float64(62.169479086193576), 'opportunity_response': np.float64(81.29428571428572), 'age_trajectory': np.float64(85.0)}",High
Taj Gibson,2018-19,18.92,32.2,Role Player,Low Scaling,Role Player,-0.07899999999999996,0,3,Hides,False,"Low CII 18.9, low TII 32.2","{'self_created': np.float64(15.37), 'pressure_appetite': np.float64(13.5), 'difficulty_embrace': np.float64(8.9), 'defensive_survival': np.float64(39.21), 'force_multiplication': np.float64(32.69)}","{'scaling_efficiency': np.float64(22.406308164159483), 'pressure_appetite': np.float64(21.6), 'creation_tools': np.float64(24.356048877854047), 'opportunity_response': np.float64(84.72285714285715), 'age_trajectory': np.float64(25.0)}",Medium
Taurean Prince,2018-19,26.15,49.96,Role Player,Limited Scaling,Role Player,-0.0344999999999999,0,2,Hides,False,"Low CII 26.1, low TII 50.0","{'self_created': np.float64(30.34), 'pressure_appetite': np.float64(16.67), 'difficulty_embrace': np.float64(28.63), 'defensive_survival': np.float64(39.24), 'force_multiplication': np.float64(12.73)}","{'scaling_efficiency': np.float64(45.58047424035592), 'pressure_appetite': np.float64(20.000000000000043), 'creation_tools': np.float64(60.57387676508344), 'opportunity_response': np.float64(71.17142857142858), 'age_trajectory': np.float64(85.0)}",Medium
Terrence Ross,2018-19,33.48,49.39,Role Player,Limited Scaling,Luxury Amplifier,-0.0037500000000000016,1,3,Mixed,True,"Negative career leverage (-0.004, 1+/3-) BUT has creation tools: Thrives as #2","{'self_created': np.float64(23.07), 'pressure_appetite': np.float64(32.13), 'difficulty_embrace': np.float64(48.7), 'defensive_survival': np.float64(47.56), 'force_multiplication': np.float64(16.55)}","{'scaling_efficiency': np.float64(34.574753240120046), 'pressure_appetite': np.float64(26.4), 'creation_tools': np.float64(79.55), 'opportunity_response': np.float64(66.71428571428571), 'age_trajectory': np.float64(64.99000000000001)}",High
Terry Rozier,2018-19,19.11,40.41,Role Player,Limited Scaling,Role Player,-0.09400000000000001,0,3,Hides,False,"Low CII 19.1, low TII 40.4","{'self_created': np.float64(24.48), 'pressure_appetite': np.float64(10.0), 'difficulty_embrace': np.float64(27.27), 'defensive_survival': np.float64(17.26), 'force_multiplication': np.float64(12.19)}","{'scaling_efficiency': np.float64(35.782684092515005), 'pressure_appetite': np.float64(0.0), 'creation_tools': np.float64(68.00897228585545), 'opportunity_response': np.float64(50.457142857142856), 'age_trajectory': np.float64(85.0)}",Medium
Thaddeus Young,2018-19,19.48,31.3,Role Player,Low Scaling,Role Player,-0.043249999999999976,0,4,Hides,False,"Low CII 19.5, low TII 31.3, no creation tools","{'self_created': np.float64(19.78), 'pressure_appetite': np.float64(21.61), 'difficulty_embrace': np.float64(4.39), 'defensive_survival': np.float64(28.51), 'force_multiplication': np.float64(29.87)}","{'scaling_efficiency': np.float64(17.3994076544651), 'pressure_appetite': np.float64(26.799999999999997), 'creation_tools': np.float64(21.908722805105146), 'opportunity_response': np.float64(73.31428571428572), 'age_trajectory': np.float64(40.01)}",High
Thomas Bryant,2018-19,24.27,54.34,Role Player,Moderate Scaling,Role Player,0.0279999999999999,1,0,Steps Up,False,"Low CII 24.3, low TII 54.3","{'self_created': np.float64(0.69), 'pressure_appetite': np.float64(51.22), 'difficulty_embrace': np.float64(9.69), 'defensive_survival': np.float64(47.92), 'force_multiplication': np.float64(21.35)}","{'scaling_efficiency': np.float64(28.119366515837104), 'pressure_appetite': np.float64(74.8941176470588), 'creation_tools': np.float64(24.700549976088), 'opportunity_response': np.float64(81.61142857142858), 'age_trajectory': np.int64(100)}",Medium
Tim Hardaway Jr.,2018-19,44.55,55.2,Fragile Star,Moderate Scaling,Role Player,0.0003333333333333666,1,2,Mixed,True,"Low CII 44.5, moderate TII 55.2 (Age 27 > 25, reclassified from Developing Prospect)","{'self_created': np.float64(38.64), 'pressure_appetite': np.float64(45.23), 'difficulty_embrace': np.float64(47.3), 'defensive_survival': np.float64(58.17), 'force_multiplication': np.float64(34.69)}","{'scaling_efficiency': np.float64(31.57792951909017), 'pressure_appetite': np.float64(57.9349593495935), 'creation_tools': np.float64(76.81666666666666), 'opportunity_response': np.float64(58.08571428571429), 'age_trajectory': np.float64(71.66)}",Medium
Tobias Harris,2018-19,38.59,56.26,Role Player,Moderate Scaling,Fragile Star,-0.06599999999999995,0,4,Hides,True,"Fragile Star: high usage (22.5%), high minutes (34.7), low CII (38.6), extreme hiding (-0.066)","{'self_created': np.float64(51.93), 'pressure_appetite': np.float64(19.5), 'difficulty_embrace': np.float64(38.21), 'defensive_survival': np.float64(48.36), 'force_multiplication': np.float64(32.37)}","{'scaling_efficiency': np.float64(56.408730456535324), 'pressure_appetite': np.float64(12.799999999999997), 'creation_tools': np.float64(80.4), 'opportunity_response': np.float64(81.5), 'age_trajectory': np.float64(78.33)}",High
Tomas Satoransky,2018-19,26.26,50.32,Role Player,Moderate Scaling,Role Player,-0.007,0,1,Mixed,False,"Low CII 26.3, low TII 50.3","{'self_created': np.float64(28.19), 'pressure_appetite': np.float64(27.31), 'difficulty_embrace': np.float64(16.47), 'defensive_survival': np.float64(35.03), 'force_multiplication': np.float64(24.27)}","{'scaling_efficiency': np.float64(27.74407084696925), 'pressure_appetite': np.float64(50.76019184652279), 'creation_tools': np.float64(56.344665730829966), 'opportunity_response': np.float64(72.45714285714286), 'age_trajectory': np.float64(71.66)}",Medium
Tony Parker,2018-19,44.03,56.82,Fragile Star,Moderate Scaling,Role Player,0.011666666666666698,2,1,Steps Up,True,"Low CII 44.0, moderate TII 56.8 (Age 37 > 25, reclassified from Developing Prospect)","{'self_created': np.float64(41.38), 'pressure_appetite': np.float64(44.18), 'difficulty_embrace': np.float64(42.79), 'defensive_survival': np.float64(57.32), 'force_multiplication': np.float64(34.14)}","{'scaling_efficiency': np.float64(55.90666666666667), 'pressure_appetite': np.float64(60.71929824561407), 'creation_tools': np.float64(79.60515453737533), 'opportunity_response': np.float64(46.34285714285714), 'age_trajectory': np.int64(20)}",Medium
Torrey Craig,2018-19,16.06,38.17,Role Player,Limited Scaling,Role Player,-0.013,0,2,Mixed,False,"Low CII 16.1, low TII 38.2","{'self_created': np.float64(2.04), 'pressure_appetite': np.float64(26.51), 'difficulty_embrace': np.float64(4.29), 'defensive_survival': np.float64(49.87), 'force_multiplication': np.float64(4.85)}","{'scaling_efficiency': np.float64(10.457831787535284), 'pressure_appetite': np.float64(64.55371900826447), 'creation_tools': np.float64(25.87735671571592), 'opportunity_response': np.float64(48.14285714285714), 'age_trajectory': np.float64(64.99000000000001)}",Medium
Trae Young,2018-19,70.07,74.02,Strong Creator,High Scaling,Latent Engine,0.0929999999999999,1,0,Steps Up,True,"CII 70.1, TII 74.0: High potential (limited career data)","{'self_created': np.float64(66.46), 'pressure_appetite': np.float64(85.0), 'difficulty_embrace': np.float64(57.4), 'defensive_survival': np.float64(74.73), 'force_multiplication': np.float64(61.96)}","{'scaling_efficiency': np.float64(61.13703971119135), 'pressure_appetite': np.float64(87.01480144404331), 'creation_tools': np.float64(76.51666666666667), 'opportunity_response': np.float64(57.48571428571428), 'age_trajectory': np.int64(100)}",Medium
Trevor Ariza,2018-19,14.98,32.97,Role Player,Low Scaling,Role Player,-0.03924999999999995,0,4,Hides,False,"Low CII 15.0, low TII 33.0, no creation tools","{'self_created': np.float64(10.2), 'pressure_appetite': np.float64(13.5), 'difficulty_embrace': np.float64(15.01), 'defensive_survival': np.float64(27.05), 'force_multiplication': np.float64(14.89)}","{'scaling_efficiency': np.float64(18.12412392880686), 'pressure_appetite': np.float64(22.800000000000004), 'creation_tools': np.float64(49.05652389450724), 'opportunity_response': np.float64(60.14285714285714), 'age_trajectory': np.float64(30.0)}",High
Trey Burke,2018-19,48.59,62.35,Fragile Star,Moderate Scaling,Strong Creator,-0.015333333333333301,1,2,Mixed,True,"CII 48.6, TII 62.4","{'self_created': np.float64(46.06), 'pressure_appetite': np.float64(51.15), 'difficulty_embrace': np.float64(43.13), 'defensive_survival': np.float64(66.42), 'force_multiplication': np.float64(33.93)}","{'scaling_efficiency': np.float64(46.73102184637069), 'pressure_appetite': np.float64(68.68760330578512), 'creation_tools': np.float64(80.91556137875429), 'opportunity_response': np.float64(47.62857142857143), 'age_trajectory': np.float64(78.33)}",Medium
Tristan Thompson,2018-19,23.87,39.11,Role Player,Limited Scaling,Role Player,-0.03724999999999998,0,4,Hides,False,"Low CII 23.9, low TII 39.1, no creation tools","{'self_created': np.float64(23.73), 'pressure_appetite': np.float64(28.84), 'difficulty_embrace': np.float64(7.1), 'defensive_survival': np.float64(39.29), 'force_multiplication': np.float64(22.27)}","{'scaling_efficiency': np.float64(15.212036697247715), 'pressure_appetite': np.float64(54.58476190476193), 'creation_tools': np.float64(26.304065040650407), 'opportunity_response': np.float64(60.91428571428571), 'age_trajectory': np.float64(64.99000000000001)}",High
Troy Brown Jr.,2018-19,24.4,48.2,Role Player,Limited Scaling,Role Player,0.011,1,0,Steps Up,True,"Low CII 24.4, low TII 48.2","{'self_created': np.float64(8.85), 'pressure_appetite': np.float64(40.68), 'difficulty_embrace': np.float64(16.27), 'defensive_survival': np.float64(45.38), 'force_multiplication': np.float64(15.19)}","{'scaling_efficiency': np.float64(19.57628315730065), 'pressure_appetite': np.float64(64.37721518987343), 'creation_tools': np.float64(48.91517958217557), 'opportunity_response': np.float64(43.0), 'age_trajectory': np.int64(100)}",Medium
Tyler Dorsey,2018-19,30.77,47.01,Role Player,Limited Scaling,Role Player,-0.0005000000000000004,1,1,Mixed,False,"Low CII 30.8, low TII 47.0","{'self_created': np.float64(11.47), 'pressure_appetite': np.float64(61.83), 'difficulty_embrace': np.float64(16.39), 'defensive_survival': np.float64(44.6), 'force_multiplication': np.float64(19.0)}","{'scaling_efficiency': np.float64(16.13152796029036), 'pressure_appetite': np.float64(73.18461538461538), 'creation_tools': np.float64(39.31172607879925), 'opportunity_response': np.float64(43.42857142857143), 'age_trajectory': np.float64(95.0)}",Medium
Tyler Johnson,2018-19,22.11,43.13,Role Player,Limited Scaling,Role Player,-0.01099999999999995,0,2,Mixed,False,"Low CII 22.1, low TII 43.1","{'self_created': np.float64(11.09), 'pressure_appetite': np.float64(29.33), 'difficulty_embrace': np.float64(12.56), 'defensive_survival': np.float64(48.39), 'force_multiplication': np.float64(16.81)}","{'scaling_efficiency': np.float64(13.572370170709798), 'pressure_appetite': np.float64(58.20000000000003), 'creation_tools': np.float64(46.22018970189701), 'opportunity_response': np.float64(53.971428571428575), 'age_trajectory': np.float64(71.66)}",Medium
Tyson Chandler,2018-19,10.11,26.31,Role Player,Low Scaling,Role Player,-0.025749999999999974,1,3,Hides,False,"Low CII 10.1, low TII 26.3, no creation tools","{'self_created': np.float64(15.32), 'pressure_appetite': np.float64(10.0), 'difficulty_embrace': np.float64(0.0), 'defensive_survival': np.float64(18.05), 'force_multiplication': np.float64(3.05)}","{'scaling_efficiency': np.float64(17.87928143712575), 'pressure_appetite': np.float64(24.400000000000006), 'creation_tools': np.float64(6.5), 'opportunity_response': np.float64(76.99142857142857), 'age_trajectory': np.int64(20)}",High
Tyus Jones,2018-19,24.15,51.83,Role Player,Moderate Scaling,Role Player,-0.05,0,2,Hides,True,"Low CII 24.1, low TII 51.8","{'self_created': np.float64(30.22), 'pressure_appetite': np.float64(10.0), 'difficulty_embrace': np.float64(33.27), 'defensive_survival': np.float64(27.3), 'force_multiplication': np.float64(18.35)}","{'scaling_efficiency': np.float64(48.93333333333334), 'pressure_appetite': np.float64(16.0), 'creation_tools': np.float64(80.3), 'opportunity_response': np.float64(50.62857142857143), 'age_trajectory': np.float64(95.0)}",Medium
Victor Oladipo,2018-19,71.04,69.49,Strong Creator,High Scaling,Strong Creator,0.03675,3,1,Steps Up,True,"Positive career leverage (+0.037), CII 71.0: Stepping up consistently","{'self_created': np.float64(54.77), 'pressure_appetite': np.float64(90.0), 'difficulty_embrace': np.float64(67.83), 'defensive_survival': np.float64(91.26), 'force_multiplication': np.float64(48.52)}","{'scaling_efficiency': np.float64(41.89195170445922), 'pressure_appetite': np.float64(95.4), 'creation_tools': np.float64(85.75), 'opportunity_response': np.float64(58.34285714285714), 'age_trajectory': np.float64(71.66)}",High
Vince Carter,2018-19,18.31,37.05,Role Player,Limited Scaling,Role Player,-0.03699999999999992,0,4,Hides,False,"Low CII 18.3, low TII 37.0, no creation tools","{'self_created': np.float64(5.02), 'pressure_appetite': np.float64(31.94), 'difficulty_embrace': np.float64(11.7), 'defensive_survival': np.float64(37.65), 'force_multiplication': np.float64(8.32)}","{'scaling_efficiency': np.float64(21.529671261929995), 'pressure_appetite': np.float64(50.89837398373984), 'creation_tools': np.float64(40.33535593892525), 'opportunity_response': np.float64(52.0), 'age_trajectory': np.int64(20)}",High
Wayne Ellington,2018-19,23.59,50.09,Role Player,Moderate Scaling,Role Player,-0.03124999999999995,0,4,Hides,False,"Low CII 23.6, low TII 50.1, no creation tools","{'self_created': np.float64(10.62), 'pressure_appetite': np.float64(32.49), 'difficulty_embrace': np.float64(18.49), 'defensive_survival': np.float64(51.37), 'force_multiplication': np.float64(8.79)}","{'scaling_efficiency': np.float64(34.575586241592084), 'pressure_appetite': np.float64(62.91217564870259), 'creation_tools': np.float64(48.9626527432939), 'opportunity_response': np.float64(68.0), 'age_trajectory': np.float64(40.01)}",High
Wayne Selden,2018-19,17.84,32.65,Role Player,Low Scaling,Role Player,-0.0509999999999999,0,2,Hides,True,"Low CII 17.8, low TII 32.6","{'self_created': np.float64(14.49), 'pressure_appetite': np.float64(10.0), 'difficulty_embrace': np.float64(23.54), 'defensive_survival': np.float64(37.02), 'force_multiplication': np.float64(7.28)}","{'scaling_efficiency': np.float64(16.57830826590915), 'pressure_appetite': np.float64(2.8000000000000425), 'creation_tools': np.float64(54.28222800767334), 'opportunity_response': np.float64(47.457142857142856), 'age_trajectory': np.float64(90.0)}",Medium
Wendell Carter Jr.,2018-19,13.55,35.65,Role Player,Limited Scaling,Role Player,-0.049,0,1,Hides,True,"Low CII 13.6, low TII 35.6","{'self_created': np.float64(3.46), 'pressure_appetite': np.float64(17.17), 'difficulty_embrace': np.float64(17.59), 'defensive_survival': np.float64(19.56), 'force_multiplication': np.float64(17.65)}","{'scaling_efficiency': np.float64(16.187490654205615), 'pressure_appetite': np.float64(20.4), 'creation_tools': np.float64(39.03509485094851), 'opportunity_response': np.float64(52.599999999999994), 'age_trajectory': np.int64(100)}",Medium
Wesley Matthews,2018-19,21.44,40.04,Role Player,Limited Scaling,Role Player,-0.02124999999999995,0,4,Hides,False,"Low CII 21.4, low TII 40.0, no creation tools","{'self_created': np.float64(16.3), 'pressure_appetite': np.float64(16.61), 'difficulty_embrace': np.float64(25.79), 'defensive_survival': np.float64(38.15), 'force_multiplication': np.float64(15.17)}","{'scaling_efficiency': np.float64(36.051813161826814), 'pressure_appetite': np.float64(23.600000000000037), 'creation_tools': np.float64(56.414227642276416), 'opportunity_response': np.float64(56.971428571428575), 'age_trajectory': np.float64(35.0)}",High
Will Barton,2018-19,22.51,37.38,Role Player,Limited Scaling,Role Player,-0.0027500000000000475,3,1,Mixed,False,"Low CII 22.5, low TII 37.4, no creation tools","{'self_created': np.float64(23.51), 'pressure_appetite': np.float64(10.83), 'difficulty_embrace': np.float64(28.36), 'defensive_survival': np.float64(39.69), 'force_multiplication': np.float64(11.23)}","{'scaling_efficiency': np.float64(31.013854293854294), 'pressure_appetite': np.float64(4.0000000000000036), 'creation_tools': np.float64(61.809849906191374), 'opportunity_response': np.float64(54.74285714285714), 'age_trajectory': np.float64(64.99000000000001)}",High
Willie Cauley-Stein,2018-19,15.99,35.47,Role Player,Limited Scaling,Role Player,-0.033499999999999974,1,3,Hides,False,"Low CII 16.0, low TII 35.5, no creation tools","{'self_created': np.float64(3.24), 'pressure_appetite': np.float64(17.65), 'difficulty_embrace': np.float64(8.8), 'defensive_survival': np.float64(44.66), 'force_multiplication': np.float64(21.51)}","{'scaling_efficiency': np.float64(15.41195280703143), 'pressure_appetite': np.float64(24.80000000000004), 'creation_tools': np.float64(27.928441186145967), 'opportunity_response': np.float64(70.4), 'age_trajectory': np.float64(85.0)}",High
Zach LaVine,2018-19,69.0,76.25,Luxury Amplifier,High Scaling,Latent Engine,0.029500000000000026,2,2,Steps Up,True,"Positive career leverage (+0.030, 2+/2-), CII 69.0, TII 76.2: Can be #1","{'self_created': np.float64(67.28), 'pressure_appetite': np.float64(88.67), 'difficulty_embrace': np.float64(49.86), 'defensive_survival': np.float64(64.95), 'force_multiplication': np.float64(69.33)}","{'scaling_efficiency': np.float64(65.327682678531), 'pressure_appetite': np.float64(78.70872483221477), 'creation_tools': np.float64(81.31666666666666), 'opportunity_response': np.float64(78.07142857142857), 'age_trajectory': np.float64(90.0)}",High
