player_name,season,cii,tii,cii_archetype,tii_archetype,archetype_2d,career_leverage_mean,career_positive_seasons,career_negative_seasons,career_pattern,has_creation_tools,reasoning,cii_components,tii_components,confidence
Aaron Gordon,2020-21,25.32,44.32,Role Player,Limited Scaling,Role Player,-0.059333333333333266,0,6,Hides,False,"Low CII 25.3, low TII 44.3, no creation tools","{'self_created': np.float64(28.94), 'pressure_appetite': np.float64(15.0), 'difficulty_embrace': np.float64(26.11), 'defensive_survival': np.float64(33.33), 'force_multiplication': np.float64(26.7)}","{'scaling_efficiency': np.float64(40.66681846932323), 'pressure_appetite': np.float64(10.400000000000041), 'creation_tools': np.float64(64.04072214251553), 'opportunity_response': np.float64(54.74285714285714), 'age_trajectory': np.float64(85.0)}",High
Aaron Holiday,2020-21,22.12,36.12,Role Player,Limited Scaling,Role Player,-0.035,0,1,Hides,False,"Low CII 22.1, low TII 36.1","{'self_created': np.float64(13.26), 'pressure_appetite': np.float64(22.89), 'difficulty_embrace': np.float64(16.0), 'defensive_survival': np.float64(51.58), 'force_multiplication': np.float64(14.86)}","{'scaling_efficiency': np.float64(18.489058378162984), 'pressure_appetite': np.float64(25.999999999999996), 'creation_tools': np.float64(40.65463715748269), 'opportunity_response': np.float64(46.25714285714285), 'age_trajectory': np.float64(90.0)}",Medium
Al Horford,2020-21,24.25,36.53,Role Player,Limited Scaling,Luxury Amplifier,-0.032600000000000004,0,5,Hides,True,"Negative career leverage (-0.033, 0+/5-) BUT has creation tools: Thrives as #2","{'self_created': np.float64(11.35), 'pressure_appetite': np.float64(38.59), 'difficulty_embrace': np.float64(17.47), 'defensive_survival': np.float64(33.97), 'force_multiplication': np.float64(26.07)}","{'scaling_efficiency': np.float64(18.993696576453516), 'pressure_appetite': np.float64(47.77828054298642), 'creation_tools': np.float64(43.2439999264246), 'opportunity_response': np.float64(54.91428571428571), 'age_trajectory': np.int64(20)}",High
Alec Burks,2020-21,50.66,70.38,Fragile Star,High Scaling,Strong Creator,0.03783333333333334,5,1,Steps Up,True,"Positive career leverage (+0.038, 5+/1-), CII 50.7, TII 70.4: Can be #1 (Age 29 > 28, reclassified from Latent Engine)","{'self_created': np.float64(38.5), 'pressure_appetite': np.float64(71.33), 'difficulty_embrace': np.float64(34.81), 'defensive_survival': np.float64(74.43), 'force_multiplication': np.float64(31.47)}","{'scaling_efficiency': np.float64(55.97732867774131), 'pressure_appetite': np.float64(90.69230769230768), 'creation_tools': np.float64(74.53333333333333), 'opportunity_response': np.float64(68.94285714285714), 'age_trajectory': np.float64(56.67)}",High
Aleksej Pokusevski,2020-21,37.08,58.8,Role Player,Moderate Scaling,Developing Prospect,0.0859999999999999,1,0,Steps Up,True,"Low CII 37.1, moderate TII 58.8","{'self_created': np.float64(6.96), 'pressure_appetite': np.float64(70.5), 'difficulty_embrace': np.float64(25.99), 'defensive_survival': np.float64(65.04), 'force_multiplication': np.float64(24.16)}","{'scaling_efficiency': np.float64(20.76739988719684), 'pressure_appetite': np.float64(91.6), 'creation_tools': np.float64(59.54988444554496), 'opportunity_response': np.float64(51.74285714285714), 'age_trajectory': np.int64(100)}",Medium
Alex Caruso,2020-21,26.67,46.81,Role Player,Limited Scaling,Role Player,-0.028333333333333335,1,2,Hides,False,"Low CII 26.7, low TII 46.8","{'self_created': np.float64(14.55), 'pressure_appetite': np.float64(38.75), 'difficulty_embrace': np.float64(10.16), 'defensive_survival': np.float64(58.17), 'force_multiplication': np.float64(18.61)}","{'scaling_efficiency': np.float64(18.7861550387597), 'pressure_appetite': np.float64(72.78333333333335), 'creation_tools': np.float64(42.29182475158085), 'opportunity_response': np.float64(49.0), 'age_trajectory': np.float64(71.66)}",Medium
Andre Drummond,2020-21,17.29,24.23,Role Player,Low Scaling,Fragile Star,-0.0443333333333333,0,6,Hides,False,"Fragile Star: high usage (26.9%), low CII (17.3), no creation tools","{'self_created': np.float64(13.89), 'pressure_appetite': np.float64(25.5), 'difficulty_embrace': np.float64(0.8), 'defensive_survival': np.float64(19.49), 'force_multiplication': np.float64(36.61)}","{'scaling_efficiency': np.float64(11.341326006141912), 'pressure_appetite': np.float64(9.600000000000005), 'creation_tools': np.float64(15.692507631396017), 'opportunity_response': np.float64(54.142857142857146), 'age_trajectory': np.float64(71.66)}",High
Andrew Wiggins,2020-21,30.24,49.91,Role Player,Limited Scaling,Luxury Amplifier,-0.0030000000000000152,3,3,Mixed,True,"Negative career leverage (-0.003, 3+/3-) BUT has creation tools: Thrives as #2","{'self_created': np.float64(37.0), 'pressure_appetite': np.float64(19.17), 'difficulty_embrace': np.float64(34.81), 'defensive_survival': np.float64(31.72), 'force_multiplication': np.float64(26.24)}","{'scaling_efficiency': np.float64(44.774655739666194), 'pressure_appetite': np.float64(10.400000000000006), 'creation_tools': np.float64(75.83333333333334), 'opportunity_response': np.float64(72.54285714285714), 'age_trajectory': np.float64(78.33)}",High
Anthony Davis,2020-21,41.67,58.51,Fragile Star,Moderate Scaling,Strong Creator,0.015500000000000016,3,3,Steps Up,True,"Positive career leverage (+0.016), CII 41.7 still developing (Age 28 > 25, reclassified from Developing Engine)","{'self_created': np.float64(32.12), 'pressure_appetite': np.float64(50.91), 'difficulty_embrace': np.float64(38.76), 'defensive_survival': np.float64(45.98), 'force_multiplication': np.float64(46.61)}","{'scaling_efficiency': np.float64(48.94991481299931), 'pressure_appetite': np.float64(48.45528455284557), 'creation_tools': np.float64(74.56954193932184), 'opportunity_response': np.float64(68.68571428571428), 'age_trajectory': np.float64(64.99000000000001)}",High
Anthony Edwards,2020-21,38.23,46.94,Role Player,Limited Scaling,Role Player,-0.057,0,1,Hides,False,"Low CII 38.2, low TII 46.9","{'self_created': np.float64(41.8), 'pressure_appetite': np.float64(29.88), 'difficulty_embrace': np.float64(39.1), 'defensive_survival': np.float64(42.88), 'force_multiplication': np.float64(39.71)}","{'scaling_efficiency': np.float64(35.7023666594688), 'pressure_appetite': np.float64(17.200000000000003), 'creation_tools': np.float64(65.75), 'opportunity_response': np.float64(58.51428571428571), 'age_trajectory': np.int64(100)}",Medium
Austin Rivers,2020-21,32.62,51.63,Role Player,Moderate Scaling,Role Player,-0.02999999999999996,1,4,Hides,False,"Low CII 32.6, low TII 51.6, no creation tools","{'self_created': np.float64(27.02), 'pressure_appetite': np.float64(45.23), 'difficulty_embrace': np.float64(13.33), 'defensive_survival': np.float64(62.1), 'force_multiplication': np.float64(12.25)}","{'scaling_efficiency': np.float64(28.24670588235295), 'pressure_appetite': np.float64(77.0), 'creation_tools': np.float64(44.19850948509485), 'opportunity_response': np.float64(57.14285714285714), 'age_trajectory': np.float64(64.99000000000001)}",High
Bam Adebayo,2020-21,38.16,70.69,Role Player,High Scaling,Developing Star,-0.028666666666666663,0,3,Hides,True,"Low CII 38.2 but high TII 70.7, has tools","{'self_created': np.float64(28.03), 'pressure_appetite': np.float64(42.5), 'difficulty_embrace': np.float64(25.69), 'defensive_survival': np.float64(54.55), 'force_multiplication': np.float64(58.09)}","{'scaling_efficiency': np.float64(65.49901370089138), 'pressure_appetite': np.float64(61.48354792560801), 'creation_tools': np.float64(64.10615338986008), 'opportunity_response': np.float64(89.0), 'age_trajectory': np.float64(95.0)}",Medium
Ben Simmons,2020-21,33.39,44.48,Role Player,Limited Scaling,Role Player,-0.05749999999999997,0,4,Hides,False,"Low CII 33.4, low TII 44.5, no creation tools","{'self_created': np.float64(44.92), 'pressure_appetite': np.float64(21.13), 'difficulty_embrace': np.float64(12.39), 'defensive_survival': np.float64(47.47), 'force_multiplication': np.float64(50.29)}","{'scaling_efficiency': np.float64(30.70473748473748), 'pressure_appetite': np.float64(22.400000000000002), 'creation_tools': np.float64(39.984146341463415), 'opportunity_response': np.float64(84.5), 'age_trajectory': np.float64(90.0)}",High
Bismack Biyombo,2020-21,8.57,24.99,Role Player,Low Scaling,Role Player,-0.04059999999999998,0,5,Hides,False,"Low CII 8.6, low TII 25.0, no creation tools","{'self_created': np.float64(0.4), 'pressure_appetite': np.float64(10.0), 'difficulty_embrace': np.float64(0.4), 'defensive_survival': np.float64(33.26), 'force_multiplication': np.float64(8.82)}","{'scaling_efficiency': np.float64(12.044844500632106), 'pressure_appetite': np.float64(19.200000000000003), 'creation_tools': np.float64(9.51453341967048), 'opportunity_response': np.float64(54.48571428571428), 'age_trajectory': np.float64(64.99000000000001)}",High
Blake Griffin,2020-21,22.5,39.26,Role Player,Limited Scaling,Role Player,-0.01133333333333335,1,5,Mixed,False,"Low CII 22.5, low TII 39.3, no creation tools","{'self_created': np.float64(24.96), 'pressure_appetite': np.float64(20.45), 'difficulty_embrace': np.float64(16.63), 'defensive_survival': np.float64(31.15), 'force_multiplication': np.float64(19.0)}","{'scaling_efficiency': np.float64(42.5656697042163), 'pressure_appetite': np.float64(23.6), 'creation_tools': np.float64(45.60993274592431), 'opportunity_response': np.float64(53.114285714285714), 'age_trajectory': np.float64(35.0)}",High
Bogdan Bogdanović,2020-21,33.56,59.17,Role Player,Moderate Scaling,Luxury Amplifier,-0.017750000000000002,2,2,Mixed,True,"Negative career leverage (-0.018, 2+/2-) BUT has creation tools: Thrives as #2","{'self_created': np.float64(35.79), 'pressure_appetite': np.float64(27.95), 'difficulty_embrace': np.float64(30.96), 'defensive_survival': np.float64(55.83), 'force_multiplication': np.float64(12.72)}","{'scaling_efficiency': np.float64(60.72432900432901), 'pressure_appetite': np.float64(26.4), 'creation_tools': np.float64(71.7869918699187), 'opportunity_response': np.float64(90.00285714285714), 'age_trajectory': np.float64(64.99000000000001)}",High
Bojan Bogdanovic,2020-21,26.81,46.57,Role Player,Limited Scaling,Fragile Star,-0.04666666666666664,0,6,Hides,False,"Fragile Star: high usage (22.5%), low CII (26.8), no creation tools","{'self_created': np.float64(27.66), 'pressure_appetite': np.float64(29.37), 'difficulty_embrace': np.float64(19.4), 'defensive_survival': np.float64(29.5), 'force_multiplication': np.float64(28.62)}","{'scaling_efficiency': np.float64(47.53242330230954), 'pressure_appetite': np.float64(24.800000000000004), 'creation_tools': np.float64(52.66544715447154), 'opportunity_response': np.float64(80.54), 'age_trajectory': np.float64(35.0)}",High
Brad Wanamaker,2020-21,26.54,44.3,Role Player,Limited Scaling,Role Player,-0.025499999999999953,0,2,Hides,False,"Low CII 26.5, low TII 44.3","{'self_created': np.float64(15.86), 'pressure_appetite': np.float64(29.66), 'difficulty_embrace': np.float64(17.21), 'defensive_survival': np.float64(57.51), 'force_multiplication': np.float64(22.96)}","{'scaling_efficiency': np.float64(28.04), 'pressure_appetite': np.float64(60.6987951807229), 'creation_tools': np.float64(49.18675188559114), 'opportunity_response': np.float64(45.82857142857143), 'age_trajectory': np.float64(40.01)}",Medium
Bradley Beal,2020-21,70.9,73.73,Strong Creator,High Scaling,Latent Engine,0.04599999999999991,5,1,Steps Up,True,"Positive career leverage (+0.046, 5+/1-), CII 70.9, TII 73.7: Can be #1","{'self_created': np.float64(70.02), 'pressure_appetite': np.float64(78.81), 'difficulty_embrace': np.float64(64.69), 'defensive_survival': np.float64(73.23), 'force_multiplication': np.float64(62.68)}","{'scaling_efficiency': np.float64(61.11401237232053), 'pressure_appetite': np.float64(77.4586102719033), 'creation_tools': np.float64(83.15), 'opportunity_response': np.float64(86.0), 'age_trajectory': np.float64(64.99000000000001)}",High
Brandon Ingram,2020-21,64.3,73.71,Luxury Amplifier,High Scaling,Luxury Amplifier,-0.010400000000000001,2,3,Mixed,True,"Negative career leverage (-0.010, 2+/3-) BUT has creation tools: Thrives as #2","{'self_created': np.float64(69.23), 'pressure_appetite': np.float64(63.99), 'difficulty_embrace': np.float64(71.37), 'defensive_survival': np.float64(56.14), 'force_multiplication': np.float64(48.43)}","{'scaling_efficiency': np.float64(63.53145662714125), 'pressure_appetite': np.float64(63.96129032258062), 'creation_tools': np.float64(86.95), 'opportunity_response': np.float64(78.5), 'age_trajectory': np.float64(95.0)}",High
Brook Lopez,2020-21,10.99,31.86,Role Player,Low Scaling,Role Player,-0.044499999999999984,1,5,Hides,False,"Low CII 11.0, low TII 31.9, no creation tools","{'self_created': np.float64(5.81), 'pressure_appetite': np.float64(11.33), 'difficulty_embrace': np.float64(9.56), 'defensive_survival': np.float64(23.78), 'force_multiplication': np.float64(9.36)}","{'scaling_efficiency': np.float64(17.795561384779624), 'pressure_appetite': np.float64(16.8), 'creation_tools': np.float64(30.892051131354687), 'opportunity_response': np.float64(87.64571428571429), 'age_trajectory': np.float64(30.0)}",High
Bruce Brown,2020-21,11.31,34.0,Role Player,Low Scaling,Role Player,-0.03,0,2,Hides,False,"Low CII 11.3, low TII 34.0","{'self_created': np.float64(4.57), 'pressure_appetite': np.float64(10.67), 'difficulty_embrace': np.float64(3.0), 'defensive_survival': np.float64(38.96), 'force_multiplication': np.float64(8.25)}","{'scaling_efficiency': np.float64(18.115201538276647), 'pressure_appetite': np.float64(18.800000000000004), 'creation_tools': np.float64(17.666469887628814), 'opportunity_response': np.float64(75.52571428571429), 'age_trajectory': np.float64(90.0)}",Medium
Bryn Forbes,2020-21,14.68,47.85,Role Player,Limited Scaling,Role Player,-0.052333333333333294,1,2,Hides,True,"Low CII 14.7, low TII 47.9","{'self_created': np.float64(9.37), 'pressure_appetite': np.float64(10.0), 'difficulty_embrace': np.float64(27.69), 'defensive_survival': np.float64(23.54), 'force_multiplication': np.float64(2.95)}","{'scaling_efficiency': np.float64(50.991930477964), 'pressure_appetite': np.float64(2.0000000000000417), 'creation_tools': np.float64(64.30636856368564), 'opportunity_response': np.float64(80.19714285714286), 'age_trajectory': np.float64(71.66)}",Medium
Buddy Hield,2020-21,34.87,56.94,Role Player,Moderate Scaling,Fragile Star,-0.00679999999999998,2,3,Mixed,False,"Fragile Star: high minutes (34.3), low CII (34.9), no creation tools","{'self_created': np.float64(34.65), 'pressure_appetite': np.float64(30.67), 'difficulty_embrace': np.float64(40.26), 'defensive_survival': np.float64(50.0), 'force_multiplication': np.float64(12.58)}","{'scaling_efficiency': np.float64(44.4117424274638), 'pressure_appetite': np.float64(47.850746268656714), 'creation_tools': np.float64(68.46666666666667), 'opportunity_response': np.float64(76.39999999999999), 'age_trajectory': np.float64(64.99000000000001)}",High
CJ McCollum,2020-21,63.03,62.56,Luxury Amplifier,Moderate Scaling,Luxury Amplifier,-0.02583333333333332,1,5,Hides,True,"Negative career leverage (-0.026, 1+/5-) BUT has creation tools: Thrives as #2","{'self_created': np.float64(79.4), 'pressure_appetite': np.float64(38.74), 'difficulty_embrace': np.float64(79.79), 'defensive_survival': np.float64(68.6), 'force_multiplication': np.float64(32.77)}","{'scaling_efficiency': np.float64(68.95974587277456), 'pressure_appetite': np.float64(25.999999999999996), 'creation_tools': np.float64(90.3), 'opportunity_response': np.float64(77.64285714285714), 'age_trajectory': np.float64(56.67)}",High
Cam Reddish,2020-21,18.63,39.48,Role Player,Limited Scaling,Role Player,-0.064,0,2,Hides,False,"Low CII 18.6, low TII 39.5","{'self_created': np.float64(11.07), 'pressure_appetite': np.float64(21.03), 'difficulty_embrace': np.float64(17.13), 'defensive_survival': np.float64(38.42), 'force_multiplication': np.float64(8.66)}","{'scaling_efficiency': np.float64(17.78229966754557), 'pressure_appetite': np.float64(25.600000000000005), 'creation_tools': np.float64(46.91218845795015), 'opportunity_response': np.float64(55.771428571428565), 'age_trajectory': np.int64(100)}",Medium
Cameron Johnson,2020-21,9.86,27.94,Role Player,Low Scaling,Role Player,-0.07349999999999995,0,2,Hides,False,"Low CII 9.9, low TII 27.9","{'self_created': np.float64(2.92), 'pressure_appetite': np.float64(10.0), 'difficulty_embrace': np.float64(10.46), 'defensive_survival': np.float64(28.28), 'force_multiplication': np.float64(1.51)}","{'scaling_efficiency': np.float64(11.945445068546503), 'pressure_appetite': np.float64(2.0000000000000018), 'creation_tools': np.float64(33.59729327781082), 'opportunity_response': np.float64(57.57142857142857), 'age_trajectory': np.float64(85.0)}",Medium
Caris LeVert,2020-21,63.56,66.15,Luxury Amplifier,High Scaling,Strong Creator,0.009000000000000041,1,4,Mixed,True,Mixed career leverage (+0.009) but has tools/CII,"{'self_created': np.float64(56.2), 'pressure_appetite': np.float64(83.0), 'difficulty_embrace': np.float64(55.73), 'defensive_survival': np.float64(66.97), 'force_multiplication': np.float64(47.56)}","{'scaling_efficiency': np.float64(47.245203252032525), 'pressure_appetite': np.float64(80.56308243727597), 'creation_tools': np.float64(76.43333333333334), 'opportunity_response': np.float64(58.08571428571429), 'age_trajectory': np.float64(78.33)}",High
Carmelo Anthony,2020-21,39.85,42.35,Role Player,Limited Scaling,Luxury Amplifier,-0.011599999999999982,2,3,Mixed,True,"Negative career leverage (-0.012, 2+/3-) BUT has creation tools: Thrives as #2","{'self_created': np.float64(44.56), 'pressure_appetite': np.float64(25.27), 'difficulty_embrace': np.float64(58.8), 'defensive_survival': np.float64(39.36), 'force_multiplication': np.float64(25.01)}","{'scaling_efficiency': np.float64(37.81812958691551), 'pressure_appetite': np.float64(20.4), 'creation_tools': np.float64(80.5), 'opportunity_response': np.float64(52.0), 'age_trajectory': np.int64(20)}",High
Cedi Osman,2020-21,24.72,46.39,Role Player,Limited Scaling,Role Player,-0.006333333333333301,1,2,Mixed,False,"Low CII 24.7, low TII 46.4","{'self_created': np.float64(10.48), 'pressure_appetite': np.float64(38.52), 'difficulty_embrace': np.float64(15.83), 'defensive_survival': np.float64(45.6), 'force_multiplication': np.float64(19.44)}","{'scaling_efficiency': np.float64(22.280583301723766), 'pressure_appetite': np.float64(59.45454545454545), 'creation_tools': np.float64(45.34358626919603), 'opportunity_response': np.float64(52.942857142857136), 'age_trajectory': np.float64(78.33)}",Medium
Chasson Randle,2020-21,27.84,55.15,Role Player,Moderate Scaling,Role Player,0.013499999999999951,2,0,Steps Up,False,"Low CII 27.8, moderate TII 55.1 (Age 28 > 25, reclassified from Developing Prospect)","{'self_created': np.float64(27.32), 'pressure_appetite': np.float64(36.78), 'difficulty_embrace': np.float64(21.9), 'defensive_survival': np.float64(30.06), 'force_multiplication': np.float64(15.64)}","{'scaling_efficiency': np.float64(45.47366861326593), 'pressure_appetite': np.float64(56.948051948051955), 'creation_tools': np.float64(67.51178861788618), 'opportunity_response': np.float64(48.48571428571428), 'age_trajectory': np.float64(64.99000000000001)}",Medium
Chris Boucher,2020-21,17.4,36.95,Role Player,Limited Scaling,Role Player,-0.031,0,1,Hides,False,"Low CII 17.4, low TII 37.0","{'self_created': np.float64(3.45), 'pressure_appetite': np.float64(27.63), 'difficulty_embrace': np.float64(4.77), 'defensive_survival': np.float64(44.57), 'force_multiplication': np.float64(18.17)}","{'scaling_efficiency': np.float64(18.06149439622625), 'pressure_appetite': np.float64(27.599999999999998), 'creation_tools': np.float64(27.06804314577799), 'opportunity_response': np.float64(84.81714285714285), 'age_trajectory': np.float64(64.99000000000001)}",Medium
Chris Paul,2020-21,80.4,84.24,Franchise Engine,Elite Scaling,Franchise Engine,0.047166666666666655,5,1,Steps Up,True,CII 80.4 >= 74: Already elite creator,"{'self_created': np.float64(96.02), 'pressure_appetite': np.float64(74.67), 'difficulty_embrace': np.float64(85.43), 'defensive_survival': np.float64(78.5), 'force_multiplication': np.float64(40.65)}","{'scaling_efficiency': np.float64(91.17142857142858), 'pressure_appetite': np.float64(87.5733031674208), 'creation_tools': np.float64(98.5), 'opportunity_response': np.float64(88.60571428571428), 'age_trajectory': np.int64(20)}",High
Christian Wood,2020-21,26.78,52.53,Role Player,Moderate Scaling,Role Player,-0.055,0,2,Hides,False,"Low CII 26.8, low TII 52.5","{'self_created': np.float64(16.55), 'pressure_appetite': np.float64(38.37), 'difficulty_embrace': np.float64(16.79), 'defensive_survival': np.float64(35.88), 'force_multiplication': np.float64(34.84)}","{'scaling_efficiency': np.float64(46.37470229867404), 'pressure_appetite': np.float64(27.599999999999998), 'creation_tools': np.float64(49.31577395185717), 'opportunity_response': np.float64(89.0), 'age_trajectory': np.float64(85.0)}",Medium
Chuma Okeke,2020-21,20.19,41.62,Role Player,Limited Scaling,Role Player,-0.0779999999999999,0,1,Hides,True,"Low CII 20.2, low TII 41.6","{'self_created': np.float64(15.93), 'pressure_appetite': np.float64(10.0), 'difficulty_embrace': np.float64(30.01), 'defensive_survival': np.float64(44.33), 'force_multiplication': np.float64(2.55)}","{'scaling_efficiency': np.float64(28.62951352285492), 'pressure_appetite': np.float64(8.80000000000004), 'creation_tools': np.float64(64.72569563723806), 'opportunity_response': np.float64(52.599999999999994), 'age_trajectory': np.int64(100)}",Medium
Clint Capela,2020-21,21.97,41.39,Role Player,Limited Scaling,Role Player,-0.06039999999999997,0,5,Hides,False,"Low CII 22.0, low TII 41.4, no creation tools","{'self_created': np.float64(14.64), 'pressure_appetite': np.float64(31.9), 'difficulty_embrace': np.float64(0.6), 'defensive_survival': np.float64(47.89), 'force_multiplication': np.float64(23.0)}","{'scaling_efficiency': np.float64(16.41000304055102), 'pressure_appetite': np.float64(58.321243523316056), 'creation_tools': np.float64(11.446160326888243), 'opportunity_response': np.float64(82.88), 'age_trajectory': np.float64(71.66)}",High
Coby White,2020-21,38.11,56.06,Role Player,Moderate Scaling,Developing Prospect,-0.05499999999999995,0,2,Hides,True,"Low CII 38.1, moderate TII 56.1","{'self_created': np.float64(37.88), 'pressure_appetite': np.float64(30.73), 'difficulty_embrace': np.float64(39.04), 'defensive_survival': np.float64(58.11), 'force_multiplication': np.float64(25.35)}","{'scaling_efficiency': np.float64(48.888418430884194), 'pressure_appetite': np.float64(27.199999999999996), 'creation_tools': np.float64(79.64193674128522), 'opportunity_response': np.float64(57.74285714285714), 'age_trajectory': np.int64(100)}",Medium
Cody Zeller,2020-21,9.52,27.21,Role Player,Low Scaling,Role Player,-0.07379999999999996,0,5,Hides,False,"Low CII 9.5, low TII 27.2, no creation tools","{'self_created': np.float64(5.52), 'pressure_appetite': np.float64(10.0), 'difficulty_embrace': np.float64(2.1), 'defensive_survival': np.float64(27.39), 'force_multiplication': np.float64(8.37)}","{'scaling_efficiency': np.float64(17.400325312129453), 'pressure_appetite': np.float64(6.800000000000046), 'creation_tools': np.float64(13.305562445454964), 'opportunity_response': np.float64(74.20571428571428), 'age_trajectory': np.float64(64.99000000000001)}",High
Cole Anthony,2020-21,48.44,67.51,Fragile Star,High Scaling,Strong Creator,0.024,1,0,Steps Up,True,"CII 48.4, TII 67.5","{'self_created': np.float64(37.36), 'pressure_appetite': np.float64(57.63), 'difficulty_embrace': np.float64(42.89), 'defensive_survival': np.float64(71.68), 'force_multiplication': np.float64(34.92)}","{'scaling_efficiency': np.float64(44.46782745480927), 'pressure_appetite': np.float64(76.84255319148936), 'creation_tools': np.float64(84.14020930634838), 'opportunity_response': np.float64(54.22857142857143), 'age_trajectory': np.int64(100)}",Medium
Collin Sexton,2020-21,63.44,78.43,Luxury Amplifier,High Scaling,Latent Engine,0.0006666666666666673,1,2,Mixed,True,"Medium CII 63.4, high TII 78.4, has tools","{'self_created': np.float64(57.79), 'pressure_appetite': np.float64(74.45), 'difficulty_embrace': np.float64(48.93), 'defensive_survival': np.float64(76.67), 'force_multiplication': np.float64(62.01)}","{'scaling_efficiency': np.float64(67.31393825441272), 'pressure_appetite': np.float64(83.22657342657342), 'creation_tools': np.float64(78.26666666666667), 'opportunity_response': np.float64(78.5), 'age_trajectory': np.int64(100)}",Medium
Cory Joseph,2020-21,24.29,44.86,Role Player,Limited Scaling,Role Player,-0.05539999999999996,0,5,Hides,False,"Low CII 24.3, low TII 44.9, no creation tools","{'self_created': np.float64(35.04), 'pressure_appetite': np.float64(13.62), 'difficulty_embrace': np.float64(19.36), 'defensive_survival': np.float64(29.78), 'force_multiplication': np.float64(20.37)}","{'scaling_efficiency': np.float64(41.00493529586091), 'pressure_appetite': np.float64(24.400000000000006), 'creation_tools': np.float64(61.42082374597331), 'opportunity_response': np.float64(56.71428571428571), 'age_trajectory': np.float64(56.67)}",High
D'Angelo Russell,2020-21,69.9,77.32,Luxury Amplifier,High Scaling,Latent Engine,0.046666666666666655,5,1,Steps Up,True,"Positive career leverage (+0.047, 5+/1-), CII 69.9, TII 77.3: Can be #1","{'self_created': np.float64(61.33), 'pressure_appetite': np.float64(89.33), 'difficulty_embrace': np.float64(61.0), 'defensive_survival': np.float64(81.29), 'force_multiplication': np.float64(47.75)}","{'scaling_efficiency': np.float64(63.3492177528138), 'pressure_appetite': np.float64(90.28586572438162), 'creation_tools': np.float64(87.15), 'opportunity_response': np.float64(65.42857142857143), 'age_trajectory': np.float64(85.0)}",High
Damian Lillard,2020-21,85.01,80.56,Franchise Engine,Elite Scaling,Franchise Engine,0.0573333333333333,6,0,Steps Up,True,CII 85.0 >= 74: Already elite creator,"{'self_created': np.float64(100.0), 'pressure_appetite': np.float64(81.1), 'difficulty_embrace': np.float64(77.5), 'defensive_survival': np.float64(85.44), 'force_multiplication': np.float64(64.17)}","{'scaling_efficiency': np.float64(84.47593966456876), 'pressure_appetite': np.float64(84.92156862745098), 'creation_tools': np.float64(81.25), 'opportunity_response': np.float64(86.0), 'age_trajectory': np.float64(48.34)}",High
Damion Lee,2020-21,23.38,50.2,Role Player,Moderate Scaling,Role Player,0.002333333333333368,2,1,Mixed,False,"Low CII 23.4, low TII 50.2","{'self_created': np.float64(2.21), 'pressure_appetite': np.float64(55.17), 'difficulty_embrace': np.float64(7.86), 'defensive_survival': np.float64(40.47), 'force_multiplication': np.float64(12.83)}","{'scaling_efficiency': np.float64(19.822483621908006), 'pressure_appetite': np.float64(77.4), 'creation_tools': np.float64(32.156337622431344), 'opportunity_response': np.float64(79.82), 'age_trajectory': np.float64(64.99000000000001)}",Medium
Damyean Dotson,2020-21,33.64,56.01,Role Player,Moderate Scaling,Role Player,-0.0035000000000000517,1,1,Mixed,True,"Low CII 33.6, moderate TII 56.0 (Age 27 > 25, reclassified from Developing Prospect)","{'self_created': np.float64(13.99), 'pressure_appetite': np.float64(50.37), 'difficulty_embrace': np.float64(27.06), 'defensive_survival': np.float64(66.75), 'force_multiplication': np.float64(14.25)}","{'scaling_efficiency': np.float64(29.91046025104602), 'pressure_appetite': np.float64(79.05679012345676), 'creation_tools': np.float64(64.61594399277327), 'opportunity_response': np.float64(47.885714285714286), 'age_trajectory': np.float64(71.66)}",Medium
Daniel Theis,2020-21,20.7,47.78,Role Player,Limited Scaling,Role Player,-0.03999999999999996,1,2,Hides,True,"Low CII 20.7, low TII 47.8","{'self_created': np.float64(0.85), 'pressure_appetite': np.float64(38.45), 'difficulty_embrace': np.float64(13.37), 'defensive_survival': np.float64(46.1), 'force_multiplication': np.float64(12.44)}","{'scaling_efficiency': np.float64(25.191223334043006), 'pressure_appetite': np.float64(66.71688311688312), 'creation_tools': np.float64(31.096119733924613), 'opportunity_response': np.float64(77.69428571428571), 'age_trajectory': np.float64(56.67)}",Medium
Danilo Gallinari,2020-21,20.97,46.57,Role Player,Limited Scaling,Luxury Amplifier,-0.028999999999999932,0,6,Hides,True,"Negative career leverage (-0.029, 0+/6-) BUT has creation tools: Thrives as #2","{'self_created': np.float64(18.91), 'pressure_appetite': np.float64(15.5), 'difficulty_embrace': np.float64(27.19), 'defensive_survival': np.float64(25.44), 'force_multiplication': np.float64(21.68)}","{'scaling_efficiency': np.float64(49.522991234324536), 'pressure_appetite': np.float64(8.80000000000004), 'creation_tools': np.float64(66.6023484760914), 'opportunity_response': np.float64(84.62857142857143), 'age_trajectory': np.float64(35.0)}",High
Danny Green,2020-21,17.08,42.06,Role Player,Limited Scaling,Role Player,0.00033333333333333376,2,4,Mixed,False,"Mixed career leverage, no tools, low CII","{'self_created': np.float64(5.52), 'pressure_appetite': np.float64(29.53), 'difficulty_embrace': np.float64(13.17), 'defensive_survival': np.float64(32.15), 'force_multiplication': np.float64(5.83)}","{'scaling_efficiency': np.float64(21.91774897456931), 'pressure_appetite': np.float64(52.608695652173914), 'creation_tools': np.float64(44.12705903145988), 'opportunity_response': np.float64(73.4), 'age_trajectory': np.float64(25.0)}",High
Danuel House Jr.,2020-21,22.42,47.09,Role Player,Limited Scaling,Role Player,-0.014666666666666666,0,3,Mixed,False,"Low CII 22.4, low TII 47.1","{'self_created': np.float64(12.61), 'pressure_appetite': np.float64(33.27), 'difficulty_embrace': np.float64(16.4), 'defensive_survival': np.float64(42.07), 'force_multiplication': np.float64(7.31)}","{'scaling_efficiency': np.float64(28.57690468307399), 'pressure_appetite': np.float64(53.549019607843135), 'creation_tools': np.float64(53.275601785429615), 'opportunity_response': np.float64(53.2), 'age_trajectory': np.float64(64.99000000000001)}",Medium
Darius Bazley,2020-21,19.19,38.97,Role Player,Limited Scaling,Role Player,-0.067,0,1,Hides,False,"Low CII 19.2, low TII 39.0","{'self_created': np.float64(16.25), 'pressure_appetite': np.float64(18.5), 'difficulty_embrace': np.float64(18.49), 'defensive_survival': np.float64(22.34), 'force_multiplication': np.float64(26.43)}","{'scaling_efficiency': np.float64(23.43935178222289), 'pressure_appetite': np.float64(13.2), 'creation_tools': np.float64(49.867304393227414), 'opportunity_response': np.float64(57.74285714285714), 'age_trajectory': np.int64(100)}",Medium
Darius Garland,2020-21,55.82,72.12,Luxury Amplifier,High Scaling,Latent Engine,0.005999999999999948,1,1,Mixed,True,"Medium CII 55.8, high TII 72.1, has tools","{'self_created': np.float64(53.33), 'pressure_appetite': np.float64(65.63), 'difficulty_embrace': np.float64(45.76), 'defensive_survival': np.float64(65.42), 'force_multiplication': np.float64(44.47)}","{'scaling_efficiency': np.float64(57.945641412237734), 'pressure_appetite': np.float64(77.26530612244895), 'creation_tools': np.float64(82.58333333333334), 'opportunity_response': np.float64(59.37142857142857), 'age_trajectory': np.int64(100)}",Medium
De'Aaron Fox,2020-21,76.45,80.75,Strong Creator,Elite Scaling,Franchise Engine,0.04699999999999997,4,0,Steps Up,True,CII 76.5 >= 74: Already elite creator,"{'self_created': np.float64(79.08), 'pressure_appetite': np.float64(87.5), 'difficulty_embrace': np.float64(64.86), 'defensive_survival': np.float64(75.31), 'force_multiplication': np.float64(65.81)}","{'scaling_efficiency': np.float64(74.22236953992122), 'pressure_appetite': np.float64(84.42894736842105), 'creation_tools': np.float64(80.51666666666667), 'opportunity_response': np.float64(78.5), 'age_trajectory': np.float64(95.0)}",High
De'Andre Hunter,2020-21,26.34,62.08,Role Player,Moderate Scaling,Developing Prospect,-0.0429999999999999,0,2,Hides,True,"Low CII 26.3, moderate TII 62.1","{'self_created': np.float64(23.66), 'pressure_appetite': np.float64(26.86), 'difficulty_embrace': np.float64(29.19), 'defensive_survival': np.float64(33.28), 'force_multiplication': np.float64(17.0)}","{'scaling_efficiency': np.float64(53.51473840895308), 'pressure_appetite': np.float64(41.64261168384883), 'creation_tools': np.float64(63.22426871175928), 'opportunity_response': np.float64(89.81428571428572), 'age_trajectory': np.float64(95.0)}",Medium
De'Anthony Melton,2020-21,28.21,58.79,Role Player,Moderate Scaling,Developing Prospect,0.0036666666666667325,1,2,Mixed,False,"Low CII 28.2, moderate TII 58.8","{'self_created': np.float64(25.41), 'pressure_appetite': np.float64(31.12), 'difficulty_embrace': np.float64(15.34), 'defensive_survival': np.float64(54.65), 'force_multiplication': np.float64(15.45)}","{'scaling_efficiency': np.float64(50.324609809625876), 'pressure_appetite': np.float64(58.28571428571432), 'creation_tools': np.float64(49.93912978018669), 'opportunity_response': np.float64(64.22857142857143), 'age_trajectory': np.float64(95.0)}",Medium
DeAndre Jordan,2020-21,9.92,29.32,Role Player,Low Scaling,Role Player,-0.006999999999999983,3,3,Mixed,False,"Low CII 9.9, low TII 29.3, no creation tools","{'self_created': np.float64(0.42), 'pressure_appetite': np.float64(10.0), 'difficulty_embrace': np.float64(0.0), 'defensive_survival': np.float64(42.03), 'force_multiplication': np.float64(9.87)}","{'scaling_efficiency': np.float64(18.75349878934625), 'pressure_appetite': np.float64(24.800000000000004), 'creation_tools': np.float64(8.0), 'opportunity_response': np.float64(82.64857142857143), 'age_trajectory': np.float64(35.0)}",High
DeAndre' Bembry,2020-21,12.93,27.67,Role Player,Low Scaling,Role Player,-0.05366666666666663,0,3,Hides,False,"Low CII 12.9, low TII 27.7","{'self_created': np.float64(18.0), 'pressure_appetite': np.float64(10.0), 'difficulty_embrace': np.float64(2.47), 'defensive_survival': np.float64(27.07), 'force_multiplication': np.float64(4.76)}","{'scaling_efficiency': np.float64(20.77752645224581), 'pressure_appetite': np.float64(6.400000000000046), 'creation_tools': np.float64(19.9926772014199), 'opportunity_response': np.float64(53.37142857142857), 'age_trajectory': np.float64(78.33)}",Medium
DeMar DeRozan,2020-21,73.68,81.19,Strong Creator,Elite Scaling,Franchise Engine,0.07916666666666662,6,0,Steps Up,True,CII 73.7 near threshold with elite TII 81.2: Franchise Engine,"{'self_created': np.float64(73.46), 'pressure_appetite': np.float64(87.5), 'difficulty_embrace': np.float64(57.07), 'defensive_survival': np.float64(76.95), 'force_multiplication': np.float64(68.1)}","{'scaling_efficiency': np.float64(77.38655462184875), 'pressure_appetite': np.float64(92.0), 'creation_tools': np.float64(88.1), 'opportunity_response': np.float64(89.0), 'age_trajectory': np.float64(40.01)}",High
Dean Wade,2020-21,7.69,35.27,Role Player,Limited Scaling,Role Player,-0.024,0,1,Hides,False,"Low CII 7.7, low TII 35.3","{'self_created': np.float64(0.8), 'pressure_appetite': np.float64(14.42), 'difficulty_embrace': np.float64(4.69), 'defensive_survival': np.float64(16.85), 'force_multiplication': np.float64(3.8)}","{'scaling_efficiency': np.float64(12.752108974358968), 'pressure_appetite': np.float64(42.625), 'creation_tools': np.float64(18.852032520325203), 'opportunity_response': np.float64(53.457142857142856), 'age_trajectory': np.float64(90.0)}",Medium
Deandre Ayton,2020-21,15.34,42.76,Role Player,Limited Scaling,Role Player,-0.07499999999999994,0,3,Hides,False,"Low CII 15.3, low TII 42.8","{'self_created': np.float64(10.86), 'pressure_appetite': np.float64(12.0), 'difficulty_embrace': np.float64(10.0), 'defensive_survival': np.float64(32.27), 'force_multiplication': np.float64(22.41)}","{'scaling_efficiency': np.float64(34.07881526469114), 'pressure_appetite': np.float64(13.200000000000038), 'creation_tools': np.float64(28.02538947177181), 'opportunity_response': np.float64(90.85142857142857), 'age_trajectory': np.int64(100)}",Medium
Dejounte Murray,2020-21,42.76,53.92,Fragile Star,Moderate Scaling,Role Player,-0.027333333333333334,1,2,Hides,True,"Low CII 42.8, low TII 53.9","{'self_created': np.float64(42.76), 'pressure_appetite': np.float64(25.51), 'difficulty_embrace': np.float64(60.64), 'defensive_survival': np.float64(56.51), 'force_multiplication': np.float64(29.47)}","{'scaling_efficiency': np.float64(44.55529579122573), 'pressure_appetite': np.float64(20.0), 'creation_tools': np.float64(89.0), 'opportunity_response': np.float64(58.34285714285714), 'age_trajectory': np.float64(90.0)}",Medium
Delon Wright,2020-21,27.21,45.92,Role Player,Limited Scaling,Role Player,-0.046666666666666634,0,3,Hides,False,"Low CII 27.2, low TII 45.9","{'self_created': np.float64(40.0), 'pressure_appetite': np.float64(18.39), 'difficulty_embrace': np.float64(17.46), 'defensive_survival': np.float64(28.67), 'force_multiplication': np.float64(28.24)}","{'scaling_efficiency': np.float64(43.79354178636962), 'pressure_appetite': np.float64(27.199999999999996), 'creation_tools': np.float64(56.02858746072123), 'opportunity_response': np.float64(60.74285714285714), 'age_trajectory': np.float64(56.67)}",Medium
Deni Avdija,2020-21,7.46,30.66,Role Player,Low Scaling,Role Player,-0.044,0,1,Hides,False,"Low CII 7.5, low TII 30.7","{'self_created': np.float64(1.75), 'pressure_appetite': np.float64(10.0), 'difficulty_embrace': np.float64(6.39), 'defensive_survival': np.float64(17.19), 'force_multiplication': np.float64(5.78)}","{'scaling_efficiency': np.float64(8.144106083952002), 'pressure_appetite': np.float64(22.400000000000002), 'creation_tools': np.float64(24.862525837122778), 'opportunity_response': np.float64(50.971428571428575), 'age_trajectory': np.int64(100)}",Medium
Dennis Schröder,2020-21,47.42,66.02,Fragile Star,High Scaling,Luxury Amplifier,-0.014833333333333316,3,3,Mixed,True,"Negative career leverage (-0.015, 3+/3-) BUT has creation tools: Thrives as #2","{'self_created': np.float64(44.03), 'pressure_appetite': np.float64(47.03), 'difficulty_embrace': np.float64(41.7), 'defensive_survival': np.float64(64.91), 'force_multiplication': np.float64(43.72)}","{'scaling_efficiency': np.float64(55.77124556218517), 'pressure_appetite': np.float64(66.92863436123348), 'creation_tools': np.float64(83.04244117331041), 'opportunity_response': np.float64(58.51428571428571), 'age_trajectory': np.float64(71.66)}",High
Denzel Valentine,2020-21,14.15,33.06,Role Player,Low Scaling,Role Player,-0.047,0,2,Hides,False,"Low CII 14.2, low TII 33.1","{'self_created': np.float64(11.61), 'pressure_appetite': np.float64(11.17), 'difficulty_embrace': np.float64(20.67), 'defensive_survival': np.float64(21.95), 'force_multiplication': np.float64(4.45)}","{'scaling_efficiency': np.float64(22.860091977516603), 'pressure_appetite': np.float64(6.800000000000002), 'creation_tools': np.float64(52.67336328626443), 'opportunity_response': np.float64(45.31428571428572), 'age_trajectory': np.float64(71.66)}",Medium
Derrick Rose,2020-21,45.67,61.65,Fragile Star,Moderate Scaling,Strong Creator,0.043799999999999985,4,1,Steps Up,True,"Positive career leverage (+0.044), CII 45.7: Stepping up consistently","{'self_created': np.float64(52.75), 'pressure_appetite': np.float64(41.83), 'difficulty_embrace': np.float64(46.77), 'defensive_survival': np.float64(39.96), 'force_multiplication': np.float64(40.37)}","{'scaling_efficiency': np.float64(64.97580382580382), 'pressure_appetite': np.float64(45.50000000000003), 'creation_tools': np.float64(86.93766937669376), 'opportunity_response': np.float64(65.94285714285714), 'age_trajectory': np.float64(35.0)}",High
Derrick White,2020-21,23.26,43.12,Role Player,Limited Scaling,Fragile Star,-0.022999999999999965,1,2,Hides,False,"Fragile Star: high usage (22.3%), low CII (23.3), no creation tools","{'self_created': np.float64(24.5), 'pressure_appetite': np.float64(18.0), 'difficulty_embrace': np.float64(23.47), 'defensive_survival': np.float64(36.02), 'force_multiplication': np.float64(13.16)}","{'scaling_efficiency': np.float64(42.41539185960034), 'pressure_appetite': np.float64(10.000000000000004), 'creation_tools': np.float64(55.85033541142586), 'opportunity_response': np.float64(59.28571428571429), 'age_trajectory': np.float64(78.33)}",Medium
Devin Booker,2020-21,67.19,72.88,Luxury Amplifier,High Scaling,Latent Engine,0.028833333333333284,5,1,Steps Up,True,"Positive career leverage (+0.029, 5+/1-), CII 67.2, TII 72.9: Can be #1","{'self_created': np.float64(73.39), 'pressure_appetite': np.float64(68.95), 'difficulty_embrace': np.float64(68.5), 'defensive_survival': np.float64(53.56), 'force_multiplication': np.float64(61.99)}","{'scaling_efficiency': np.float64(61.07055422595408), 'pressure_appetite': np.float64(62.14984326018809), 'creation_tools': np.float64(85.6), 'opportunity_response': np.float64(86.0), 'age_trajectory': np.float64(90.0)}",High
Devonte' Graham,2020-21,45.0,66.32,Fragile Star,High Scaling,Strong Creator,0.0013333333333333346,2,1,Mixed,False,"CII 45.0, TII 66.3","{'self_created': np.float64(33.88), 'pressure_appetite': np.float64(50.72), 'difficulty_embrace': np.float64(45.43), 'defensive_survival': np.float64(71.34), 'force_multiplication': np.float64(23.71)}","{'scaling_efficiency': np.float64(50.41170904650545), 'pressure_appetite': np.float64(73.74976303317537), 'creation_tools': np.float64(77.46666666666667), 'opportunity_response': np.float64(62.885714285714286), 'age_trajectory': np.float64(78.33)}",Medium
Dillon Brooks,2020-21,39.78,51.29,Role Player,Moderate Scaling,Fragile Star,-0.05933333333333327,0,3,Hides,True,"Fragile Star: high usage (25.6%), low CII (39.8), extreme hiding (-0.059)","{'self_created': np.float64(31.94), 'pressure_appetite': np.float64(41.78), 'difficulty_embrace': np.float64(46.46), 'defensive_survival': np.float64(49.25), 'force_multiplication': np.float64(30.72)}","{'scaling_efficiency': np.float64(27.39995716315614), 'pressure_appetite': np.float64(48.71614583333337), 'creation_tools': np.float64(69.55), 'opportunity_response': np.float64(56.542857142857144), 'age_trajectory': np.float64(85.0)}",Medium
Domantas Sabonis,2020-21,25.29,41.53,Role Player,Limited Scaling,Fragile Star,-0.053999999999999965,0,3,Hides,False,"Fragile Star: high usage (23.9%), high minutes (36.0), low CII (25.3), extreme hiding (-0.054), no creation tools","{'self_created': np.float64(23.7), 'pressure_appetite': np.float64(22.83), 'difficulty_embrace': np.float64(13.77), 'defensive_survival': np.float64(29.62), 'force_multiplication': np.float64(52.76)}","{'scaling_efficiency': np.float64(24.64763369385016), 'pressure_appetite': np.float64(15.2), 'creation_tools': np.float64(42.451360683062894), 'opportunity_response': np.float64(89.0), 'age_trajectory': np.float64(85.0)}",Medium
Donovan Mitchell,2020-21,78.45,77.99,Strong Creator,High Scaling,Franchise Engine,0.11949999999999997,4,0,Steps Up,True,CII 78.5 >= 74: Already elite creator,"{'self_created': np.float64(80.68), 'pressure_appetite': np.float64(90.0), 'difficulty_embrace': np.float64(73.91), 'defensive_survival': np.float64(71.64), 'force_multiplication': np.float64(62.16)}","{'scaling_efficiency': np.float64(67.44564831449921), 'pressure_appetite': np.float64(80.24434250764524), 'creation_tools': np.float64(85.65), 'opportunity_response': np.float64(77.12857142857143), 'age_trajectory': np.float64(90.0)}",High
Dorian Finney-Smith,2020-21,15.39,46.74,Role Player,Limited Scaling,Role Player,-0.01799999999999994,0,5,Mixed,False,"Low CII 15.4, low TII 46.7, no creation tools","{'self_created': np.float64(2.27), 'pressure_appetite': np.float64(23.0), 'difficulty_embrace': np.float64(4.64), 'defensive_survival': np.float64(50.46), 'force_multiplication': np.float64(4.6)}","{'scaling_efficiency': np.float64(17.967104166666665), 'pressure_appetite': np.float64(62.13333333333337), 'creation_tools': np.float64(33.21246612466125), 'opportunity_response': np.float64(84.5), 'age_trajectory': np.float64(64.99000000000001)}",High
Doug McDermott,2020-21,8.35,33.99,Role Player,Low Scaling,Role Player,-0.0833333333333333,0,3,Hides,False,"Low CII 8.3, low TII 34.0","{'self_created': np.float64(4.71), 'pressure_appetite': np.float64(10.0), 'difficulty_embrace': np.float64(9.66), 'defensive_survival': np.float64(13.84), 'force_multiplication': np.float64(4.32)}","{'scaling_efficiency': np.float64(28.926814004808797), 'pressure_appetite': np.float64(0.0), 'creation_tools': np.float64(34.38771268125052), 'opportunity_response': np.float64(85.1), 'age_trajectory': np.float64(56.67)}",Medium
Draymond Green,2020-21,21.27,40.72,Role Player,Limited Scaling,Role Player,-0.0050000000000000175,3,3,Mixed,False,"Low CII 21.3, low TII 40.7, no creation tools","{'self_created': np.float64(10.15), 'pressure_appetite': np.float64(36.02), 'difficulty_embrace': np.float64(8.29), 'defensive_survival': np.float64(35.96), 'force_multiplication': np.float64(21.7)}","{'scaling_efficiency': np.float64(19.008896028037384), 'pressure_appetite': np.float64(60.6875), 'creation_tools': np.float64(35.72073170731707), 'opportunity_response': np.float64(58.0), 'age_trajectory': np.float64(40.01)}",High
Dwayne Bacon,2020-21,33.09,52.74,Role Player,Moderate Scaling,Luxury Amplifier,-0.026750000000000024,2,2,Hides,True,"Negative career leverage (-0.027, 2+/2-) BUT has creation tools: Thrives as #2","{'self_created': np.float64(25.39), 'pressure_appetite': np.float64(42.89), 'difficulty_embrace': np.float64(30.21), 'defensive_survival': np.float64(34.98), 'force_multiplication': np.float64(34.63)}","{'scaling_efficiency': np.float64(30.143041186365352), 'pressure_appetite': np.float64(56.554404145077726), 'creation_tools': np.float64(65.53342811407387), 'opportunity_response': np.float64(53.028571428571425), 'age_trajectory': np.float64(85.0)}",High
Dwight Howard,2020-21,14.61,26.72,Role Player,Low Scaling,Role Player,-0.05599999999999994,0,5,Hides,False,"Low CII 14.6, low TII 26.7, no creation tools","{'self_created': np.float64(23.44), 'pressure_appetite': np.float64(14.5), 'difficulty_embrace': np.float64(2.9), 'defensive_survival': np.float64(18.74), 'force_multiplication': np.float64(5.59)}","{'scaling_efficiency': np.float64(17.002844468342516), 'pressure_appetite': np.float64(21.600000000000037), 'creation_tools': np.float64(12.366666666666667), 'opportunity_response': np.float64(78.31142857142858), 'age_trajectory': np.int64(20)}",High
Edmond Sumner,2020-21,12.06,34.11,Role Player,Low Scaling,Role Player,-0.0839999999999999,0,1,Hides,False,"Low CII 12.1, low TII 34.1","{'self_created': np.float64(8.88), 'pressure_appetite': np.float64(10.0), 'difficulty_embrace': np.float64(4.07), 'defensive_survival': np.float64(35.48), 'force_multiplication': np.float64(7.61)}","{'scaling_efficiency': np.float64(24.410256410256412), 'pressure_appetite': np.float64(6.400000000000046), 'creation_tools': np.float64(25.467110125646713), 'opportunity_response': np.float64(77.27428571428571), 'age_trajectory': np.float64(85.0)}",Medium
Eric Bledsoe,2020-21,27.54,50.55,Role Player,Moderate Scaling,Strong Creator,0.01766666666666664,4,2,Steps Up,False,"Positive career leverage (+0.018), CII 27.5 still developing (Age 31 > 25, reclassified from Developing Engine)","{'self_created': np.float64(23.69), 'pressure_appetite': np.float64(25.55), 'difficulty_embrace': np.float64(27.24), 'defensive_survival': np.float64(44.02), 'force_multiplication': np.float64(19.91)}","{'scaling_efficiency': np.float64(41.250152280243185), 'pressure_appetite': np.float64(50.747697974217346), 'creation_tools': np.float64(65.07067106858915), 'opportunity_response': np.float64(56.457142857142856), 'age_trajectory': np.float64(40.01)}",High
Eric Gordon,2020-21,27.35,40.31,Role Player,Limited Scaling,Fragile Star,-0.07316666666666666,0,6,Hides,False,"Fragile Star: high usage (24.6%), low CII (27.4), extreme hiding (-0.073), no creation tools","{'self_created': np.float64(41.73), 'pressure_appetite': np.float64(19.17), 'difficulty_embrace': np.float64(19.46), 'defensive_survival': np.float64(29.98), 'force_multiplication': np.float64(16.45)}","{'scaling_efficiency': np.float64(49.627651876518755), 'pressure_appetite': np.float64(3.600000000000003), 'creation_tools': np.float64(47.73512790005949), 'opportunity_response': np.float64(76.52857142857142), 'age_trajectory': np.float64(35.0)}",High
Eric Paschall,2020-21,21.44,37.22,Role Player,Limited Scaling,Role Player,-0.07999999999999996,0,2,Hides,True,"Low CII 21.4, low TII 37.2","{'self_created': np.float64(22.44), 'pressure_appetite': np.float64(10.33), 'difficulty_embrace': np.float64(27.79), 'defensive_survival': np.float64(33.13), 'force_multiplication': np.float64(15.94)}","{'scaling_efficiency': np.float64(24.307714787495623), 'pressure_appetite': np.float64(0.0), 'creation_tools': np.float64(60.433774581335555), 'opportunity_response': np.float64(58.91428571428571), 'age_trajectory': np.float64(90.0)}",Medium
Evan Fournier,2020-21,45.07,69.16,Fragile Star,High Scaling,Strong Creator,0.028666666666666635,5,1,Steps Up,True,"Positive career leverage (+0.029), CII 45.1: Stepping up consistently","{'self_created': np.float64(43.03), 'pressure_appetite': np.float64(50.14), 'difficulty_embrace': np.float64(40.66), 'defensive_survival': np.float64(60.24), 'force_multiplication': np.float64(24.6)}","{'scaling_efficiency': np.float64(65.08287673338866), 'pressure_appetite': np.float64(63.17297297297297), 'creation_tools': np.float64(71.26666666666667), 'opportunity_response': np.float64(87.28571428571429), 'age_trajectory': np.float64(64.99000000000001)}",High
Facundo Campazzo,2020-21,19.72,45.41,Role Player,Limited Scaling,Role Player,-0.021,0,1,Hides,False,"Low CII 19.7, low TII 45.4","{'self_created': np.float64(20.61), 'pressure_appetite': np.float64(16.32), 'difficulty_embrace': np.float64(11.56), 'defensive_survival': np.float64(38.46), 'force_multiplication': np.float64(13.77)}","{'scaling_efficiency': np.float64(34.57790742924529), 'pressure_appetite': np.float64(48.046875), 'creation_tools': np.float64(49.14837398373983), 'opportunity_response': np.float64(55.77142857142857), 'age_trajectory': np.float64(48.34)}",Medium
Frank Jackson,2020-21,16.28,39.05,Role Player,Limited Scaling,Role Player,-0.04533333333333334,0,3,Hides,False,"Low CII 16.3, low TII 39.0","{'self_created': np.float64(12.17), 'pressure_appetite': np.float64(16.83), 'difficulty_embrace': np.float64(13.31), 'defensive_survival': np.float64(32.95), 'force_multiplication': np.float64(8.2)}","{'scaling_efficiency': np.float64(28.7338570265429), 'pressure_appetite': np.float64(13.599999999999998), 'creation_tools': np.float64(33.71248379875103), 'opportunity_response': np.float64(71.94285714285715), 'age_trajectory': np.float64(95.0)}",Medium
Fred VanVleet,2020-21,47.49,60.54,Fragile Star,Moderate Scaling,Luxury Amplifier,-0.019749999999999924,1,3,Mixed,True,"Negative career leverage (-0.020, 1+/3-) BUT has creation tools: Thrives as #2","{'self_created': np.float64(49.74), 'pressure_appetite': np.float64(46.57), 'difficulty_embrace': np.float64(54.51), 'defensive_survival': np.float64(43.63), 'force_multiplication': np.float64(34.81)}","{'scaling_efficiency': np.float64(49.15794290344739), 'pressure_appetite': np.float64(52.772151898734215), 'creation_tools': np.float64(81.41666666666666), 'opportunity_response': np.float64(61.0), 'age_trajectory': np.float64(71.66)}",High
Furkan Korkmaz,2020-21,30.81,54.78,Role Player,Moderate Scaling,Role Player,0.0169999999999999,1,0,Steps Up,False,"Low CII 30.8, low TII 54.8","{'self_created': np.float64(13.35), 'pressure_appetite': np.float64(48.9), 'difficulty_embrace': np.float64(18.91), 'defensive_survival': np.float64(61.4), 'force_multiplication': np.float64(15.9)}","{'scaling_efficiency': np.float64(32.574674556213026), 'pressure_appetite': np.float64(74.6307692307692), 'creation_tools': np.float64(48.6001146549927), 'opportunity_response': np.float64(47.542857142857144), 'age_trajectory': np.float64(95.0)}",Medium
Garrett Temple,2020-21,15.0,39.78,Role Player,Limited Scaling,Role Player,-0.0318,0,5,Hides,False,"Low CII 15.0, low TII 39.8, no creation tools","{'self_created': np.float64(6.42), 'pressure_appetite': np.float64(13.9), 'difficulty_embrace': np.float64(15.93), 'defensive_survival': np.float64(37.22), 'force_multiplication': np.float64(8.32)}","{'scaling_efficiency': np.float64(17.973930620049163), 'pressure_appetite': np.float64(50.57142857142857), 'creation_tools': np.float64(57.93360433604336), 'opportunity_response': np.float64(54.4), 'age_trajectory': np.int64(20)}",High
Gary Harris,2020-21,15.31,36.94,Role Player,Limited Scaling,Role Player,-0.03533333333333328,1,5,Hides,False,"Low CII 15.3, low TII 36.9, no creation tools","{'self_created': np.float64(13.75), 'pressure_appetite': np.float64(10.0), 'difficulty_embrace': np.float64(20.94), 'defensive_survival': np.float64(26.57), 'force_multiplication': np.float64(5.08)}","{'scaling_efficiency': np.float64(29.52094331605337), 'pressure_appetite': np.float64(6.000000000000001), 'creation_tools': np.float64(52.67589728336308), 'opportunity_response': np.float64(54.74285714285714), 'age_trajectory': np.float64(78.33)}",High
Gary Trent Jr.,2020-21,35.18,47.84,Role Player,Limited Scaling,Role Player,-0.047499999999999945,0,2,Hides,True,"Low CII 35.2, low TII 47.8","{'self_created': np.float64(35.17), 'pressure_appetite': np.float64(19.75), 'difficulty_embrace': np.float64(48.44), 'defensive_survival': np.float64(56.97), 'force_multiplication': np.float64(14.58)}","{'scaling_efficiency': np.float64(34.31716577540108), 'pressure_appetite': np.float64(20.400000000000045), 'creation_tools': np.float64(68.98333333333333), 'opportunity_response': np.float64(57.65714285714286), 'age_trajectory': np.int64(100)}",Medium
George Hill,2020-21,28.95,58.8,Role Player,Moderate Scaling,Role Player,-0.00816666666666667,2,4,Mixed,False,"Low CII 28.9, low TII 58.8, no creation tools","{'self_created': np.float64(34.81), 'pressure_appetite': np.float64(26.54), 'difficulty_embrace': np.float64(19.89), 'defensive_survival': np.float64(44.09), 'force_multiplication': np.float64(12.78)}","{'scaling_efficiency': np.float64(71.06773144040223), 'pressure_appetite': np.float64(50.87784679089026), 'creation_tools': np.float64(57.08467656415694), 'opportunity_response': np.float64(75.62), 'age_trajectory': np.int64(20)}",High
Giannis Antetokounmpo,2020-21,57.46,61.69,Luxury Amplifier,Moderate Scaling,Luxury Amplifier,-0.014333333333333314,2,4,Mixed,True,"Negative career leverage (-0.014, 2+/4-) BUT has creation tools: Thrives as #2","{'self_created': np.float64(73.82), 'pressure_appetite': np.float64(43.96), 'difficulty_embrace': np.float64(42.99), 'defensive_survival': np.float64(49.2), 'force_multiplication': np.float64(83.48)}","{'scaling_efficiency': np.float64(72.60759073987902), 'pressure_appetite': np.float64(20.000000000000043), 'creation_tools': np.float64(70.85599593495934), 'opportunity_response': np.float64(86.0), 'age_trajectory': np.float64(78.33)}",High
Goran Dragic,2020-21,31.6,46.55,Role Player,Limited Scaling,Fragile Star,-0.05149999999999996,1,5,Hides,True,"Fragile Star: high usage (23.9%), low CII (31.6), extreme hiding (-0.051)","{'self_created': np.float64(38.96), 'pressure_appetite': np.float64(23.17), 'difficulty_embrace': np.float64(32.97), 'defensive_survival': np.float64(31.02), 'force_multiplication': np.float64(28.76)}","{'scaling_efficiency': np.float64(59.03461232964958), 'pressure_appetite': np.float64(16.0), 'creation_tools': np.float64(71.53948021906997), 'opportunity_response': np.float64(56.885714285714286), 'age_trajectory': np.int64(20)}",High
Gordon Hayward,2020-21,46.77,67.99,Fragile Star,High Scaling,Luxury Amplifier,-0.00699999999999998,3,2,Mixed,True,"Negative career leverage (-0.007, 3+/2-) BUT has creation tools: Thrives as #2","{'self_created': np.float64(33.64), 'pressure_appetite': np.float64(63.11), 'difficulty_embrace': np.float64(40.2), 'defensive_survival': np.float64(65.14), 'force_multiplication': np.float64(30.94)}","{'scaling_efficiency': np.float64(52.66290514439879), 'pressure_appetite': np.float64(80.54893617021277), 'creation_tools': np.float64(79.11666666666667), 'opportunity_response': np.float64(81.5), 'age_trajectory': np.float64(40.01)}",High
Gorgui Dieng,2020-21,13.81,31.87,Role Player,Low Scaling,Role Player,-0.011,1,3,Mixed,False,"Low CII 13.8, low TII 31.9, no creation tools","{'self_created': np.float64(10.0), 'pressure_appetite': np.float64(10.5), 'difficulty_embrace': np.float64(9.17), 'defensive_survival': np.float64(38.84), 'force_multiplication': np.float64(5.23)}","{'scaling_efficiency': np.float64(21.48140511368449), 'pressure_appetite': np.float64(13.599999999999998), 'creation_tools': np.float64(33.34864097753403), 'opportunity_response': np.float64(75.67142857142858), 'age_trajectory': np.float64(40.01)}",High
Grayson Allen,2020-21,15.93,50.61,Role Player,Moderate Scaling,Role Player,-0.033,0,1,Hides,False,"Low CII 15.9, low TII 50.6","{'self_created': np.float64(10.55), 'pressure_appetite': np.float64(18.09), 'difficulty_embrace': np.float64(14.41), 'defensive_survival': np.float64(29.93), 'force_multiplication': np.float64(8.74)}","{'scaling_efficiency': np.float64(48.005444027517186), 'pressure_appetite': np.float64(26.799999999999997), 'creation_tools': np.float64(51.984850287527266), 'opportunity_response': np.float64(70.76), 'age_trajectory': np.float64(85.0)}",Medium
Hamidou Diallo,2020-21,28.44,41.81,Role Player,Limited Scaling,Role Player,-0.031,0,1,Hides,False,"Low CII 28.4, low TII 41.8","{'self_created': np.float64(29.1), 'pressure_appetite': np.float64(30.97), 'difficulty_embrace': np.float64(15.86), 'defensive_survival': np.float64(29.71), 'force_multiplication': np.float64(43.39)}","{'scaling_efficiency': np.float64(25.105499344692014), 'pressure_appetite': np.float64(27.599999999999998), 'creation_tools': np.float64(48.46794584918326), 'opportunity_response': np.float64(51.22857142857143), 'age_trajectory': np.int64(100)}",Medium
Harrison Barnes,2020-21,29.19,55.67,Role Player,Moderate Scaling,Role Player,0.00966666666666665,3,2,Mixed,False,"Mixed career leverage, no tools, low CII","{'self_created': np.float64(23.75), 'pressure_appetite': np.float64(36.5), 'difficulty_embrace': np.float64(12.61), 'defensive_survival': np.float64(46.89), 'force_multiplication': np.float64(33.83)}","{'scaling_efficiency': np.float64(38.98600811775637), 'pressure_appetite': np.float64(58.0), 'creation_tools': np.float64(50.01258959926877), 'opportunity_response': np.float64(92.0), 'age_trajectory': np.float64(56.67)}",High
Immanuel Quickley,2020-21,38.9,53.45,Role Player,Moderate Scaling,Role Player,-0.064,0,1,Hides,True,"Low CII 38.9, low TII 53.5","{'self_created': np.float64(52.66), 'pressure_appetite': np.float64(23.67), 'difficulty_embrace': np.float64(37.4), 'defensive_survival': np.float64(47.27), 'force_multiplication': np.float64(26.12)}","{'scaling_efficiency': np.float64(57.81810790835181), 'pressure_appetite': np.float64(14.399999999999999), 'creation_tools': np.float64(67.05), 'opportunity_response': np.float64(60.62857142857143), 'age_trajectory': np.int64(100)}",Medium
Isaac Okoro,2020-21,14.64,37.18,Role Player,Limited Scaling,Role Player,-0.0359999999999999,0,1,Hides,False,"Low CII 14.6, low TII 37.2","{'self_created': np.float64(9.06), 'pressure_appetite': np.float64(11.0), 'difficulty_embrace': np.float64(6.61), 'defensive_survival': np.float64(39.46), 'force_multiplication': np.float64(19.36)}","{'scaling_efficiency': np.float64(17.88234962717482), 'pressure_appetite': np.float64(25.60000000000004), 'creation_tools': np.float64(32.98114622695523), 'opportunity_response': np.float64(58.77142857142857), 'age_trajectory': np.int64(100)}",Medium
Isaiah Roby,2020-21,19.8,39.88,Role Player,Limited Scaling,Role Player,-0.03,0,1,Hides,False,"Low CII 19.8, low TII 39.9","{'self_created': np.float64(17.79), 'pressure_appetite': np.float64(21.31), 'difficulty_embrace': np.float64(6.24), 'defensive_survival': np.float64(36.03), 'force_multiplication': np.float64(24.87)}","{'scaling_efficiency': np.float64(15.960595158783036), 'pressure_appetite': np.float64(48.84210526315789), 'creation_tools': np.float64(24.135356344791518), 'opportunity_response': np.float64(57.05714285714285), 'age_trajectory': np.float64(95.0)}",Medium
Isaiah Stewart,2020-21,20.5,44.46,Role Player,Limited Scaling,Role Player,-0.009,0,1,Mixed,False,"Low CII 20.5, low TII 44.5","{'self_created': np.float64(11.91), 'pressure_appetite': np.float64(28.23), 'difficulty_embrace': np.float64(5.6), 'defensive_survival': np.float64(51.04), 'force_multiplication': np.float64(10.98)}","{'scaling_efficiency': np.float64(14.63972881355932), 'pressure_appetite': np.float64(61.92), 'creation_tools': np.float64(16.950948509485094), 'opportunity_response': np.float64(74.67714285714285), 'age_trajectory': np.int64(100)}",Medium
Ish Smith,2020-21,22.35,41.44,Role Player,Limited Scaling,Luxury Amplifier,-0.028499999999999984,1,5,Hides,True,"Negative career leverage (-0.028, 1+/5-) BUT has creation tools: Thrives as #2","{'self_created': np.float64(23.4), 'pressure_appetite': np.float64(10.0), 'difficulty_embrace': np.float64(40.27), 'defensive_survival': np.float64(23.27), 'force_multiplication': np.float64(12.85)}","{'scaling_efficiency': np.float64(46.13333333333333), 'pressure_appetite': np.float64(3.200000000000003), 'creation_tools': np.float64(79.75), 'opportunity_response': np.float64(49.0), 'age_trajectory': np.float64(35.0)}",High
Ivica Zubac,2020-21,11.96,33.4,Role Player,Low Scaling,Role Player,-0.059,0,1,Hides,False,"Low CII 12.0, low TII 33.4","{'self_created': np.float64(8.4), 'pressure_appetite': np.float64(10.0), 'difficulty_embrace': np.float64(0.6), 'defensive_survival': np.float64(35.91), 'force_multiplication': np.float64(14.37)}","{'scaling_efficiency': np.float64(19.608376302021966), 'pressure_appetite': np.float64(16.400000000000002), 'creation_tools': np.float64(9.8), 'opportunity_response': np.float64(83.02571428571429), 'age_trajectory': np.float64(90.0)}",Medium
Ja Morant,2020-21,59.09,70.11,Luxury Amplifier,High Scaling,Latent Engine,0.11649999999999994,2,0,Steps Up,True,"Medium CII 59.1, high TII 70.1, has tools","{'self_created': np.float64(49.85), 'pressure_appetite': np.float64(82.83), 'difficulty_embrace': np.float64(36.11), 'defensive_survival': np.float64(63.69), 'force_multiplication': np.float64(66.54)}","{'scaling_efficiency': np.float64(55.60246748960729), 'pressure_appetite': np.float64(82.74157303370785), 'creation_tools': np.float64(69.51166986388965), 'opportunity_response': np.float64(58.94285714285715), 'age_trajectory': np.int64(100)}",Medium
Jaden McDaniels,2020-21,8.8,32.4,Role Player,Low Scaling,Role Player,-0.0619999999999999,0,1,Hides,False,"Low CII 8.8, low TII 32.4","{'self_created': np.float64(2.37), 'pressure_appetite': np.float64(10.0), 'difficulty_embrace': np.float64(8.26), 'defensive_survival': np.float64(24.98), 'force_multiplication': np.float64(1.9)}","{'scaling_efficiency': np.float64(11.032738642519934), 'pressure_appetite': np.float64(15.20000000000004), 'creation_tools': np.float64(33.28337467272978), 'opportunity_response': np.float64(57.57142857142857), 'age_trajectory': np.int64(100)}",Medium
Jae Crowder,2020-21,10.91,35.84,Role Player,Limited Scaling,Role Player,-0.04483333333333331,0,6,Hides,False,"Low CII 10.9, low TII 35.8, no creation tools","{'self_created': np.float64(3.86), 'pressure_appetite': np.float64(12.33), 'difficulty_embrace': np.float64(12.69), 'defensive_survival': np.float64(25.38), 'force_multiplication': np.float64(3.28)}","{'scaling_efficiency': np.float64(19.6037894736842), 'pressure_appetite': np.float64(24.80000000000004), 'creation_tools': np.float64(41.68842533162174), 'opportunity_response': np.float64(70.57142857142857), 'age_trajectory': np.float64(48.34)}",High
Jae'Sean Tate,2020-21,19.92,40.56,Role Player,Limited Scaling,Role Player,-0.018,0,1,Mixed,False,"Low CII 19.9, low TII 40.6","{'self_created': np.float64(18.92), 'pressure_appetite': np.float64(25.46), 'difficulty_embrace': np.float64(2.39), 'defensive_survival': np.float64(33.91), 'force_multiplication': np.float64(23.18)}","{'scaling_efficiency': np.float64(19.466371228089894), 'pressure_appetite': np.float64(45.98757763975155), 'creation_tools': np.float64(19.57237539766702), 'opportunity_response': np.float64(72.02857142857142), 'age_trajectory': np.float64(85.0)}",Medium
Jakob Poeltl,2020-21,11.77,34.98,Role Player,Low Scaling,Role Player,-0.033,1,2,Hides,False,"Low CII 11.8, low TII 35.0","{'self_created': np.float64(5.69), 'pressure_appetite': np.float64(10.0), 'difficulty_embrace': np.float64(3.4), 'defensive_survival': np.float64(37.18), 'force_multiplication': np.float64(13.02)}","{'scaling_efficiency': np.float64(17.59774203867965), 'pressure_appetite': np.float64(24.800000000000004), 'creation_tools': np.float64(15.251094434021264), 'opportunity_response': np.float64(79.67428571428572), 'age_trajectory': np.float64(85.0)}",Medium
Jalen Brunson,2020-21,50.67,77.25,Fragile Star,High Scaling,Latent Engine,0.016333333333333266,2,1,Steps Up,True,"Medium CII 50.7, high TII 77.2, has tools","{'self_created': np.float64(63.32), 'pressure_appetite': np.float64(54.71), 'difficulty_embrace': np.float64(30.59), 'defensive_survival': np.float64(53.76), 'force_multiplication': np.float64(38.1)}","{'scaling_efficiency': np.float64(77.15578231292517), 'pressure_appetite': np.float64(66.75918367346937), 'creation_tools': np.float64(77.88507549361208), 'opportunity_response': np.float64(85.57142857142857), 'age_trajectory': np.float64(90.0)}",Medium
Jalen McDaniels,2020-21,9.45,26.03,Role Player,Low Scaling,Role Player,-0.096,0,1,Hides,False,"Low CII 9.4, low TII 26.0","{'self_created': np.float64(7.35), 'pressure_appetite': np.float64(10.0), 'difficulty_embrace': np.float64(4.99), 'defensive_survival': np.float64(21.35), 'force_multiplication': np.float64(5.48)}","{'scaling_efficiency': np.float64(12.756921780011353), 'pressure_appetite': np.float64(1.6000000000000014), 'creation_tools': np.float64(21.398640977534033), 'opportunity_response': np.float64(53.457142857142856), 'age_trajectory': np.float64(95.0)}",Medium
Jamal Murray,2020-21,72.54,83.53,Strong Creator,Elite Scaling,Franchise Engine,0.03379999999999996,4,1,Steps Up,True,CII 72.5 near threshold with elite TII 83.5: Franchise Engine,"{'self_created': np.float64(80.52), 'pressure_appetite': np.float64(67.57), 'difficulty_embrace': np.float64(73.73), 'defensive_survival': np.float64(84.34), 'force_multiplication': np.float64(40.91)}","{'scaling_efficiency': np.float64(72.82652626766853), 'pressure_appetite': np.float64(82.68852459016391), 'creation_tools': np.float64(93.3), 'opportunity_response': np.float64(89.0), 'age_trajectory': np.float64(90.0)}",High
James Ennis III,2020-21,16.37,46.61,Role Player,Limited Scaling,Role Player,-0.04959999999999999,0,5,Hides,False,"Low CII 16.4, low TII 46.6, no creation tools","{'self_created': np.float64(13.61), 'pressure_appetite': np.float64(16.05), 'difficulty_embrace': np.float64(10.71), 'defensive_survival': np.float64(37.72), 'force_multiplication': np.float64(4.79)}","{'scaling_efficiency': np.float64(33.13649806784027), 'pressure_appetite': np.float64(46.38199513381995), 'creation_tools': np.float64(37.66118034538009), 'opportunity_response': np.float64(84.72285714285715), 'age_trajectory': np.float64(48.34)}",High
James Harden,2020-21,79.94,81.63,Strong Creator,Elite Scaling,Franchise Engine,0.08516666666666665,6,0,Steps Up,False,CII 79.9 >= 74: Already elite creator,"{'self_created': np.float64(97.18), 'pressure_appetite': np.float64(84.5), 'difficulty_embrace': np.float64(60.96), 'defensive_survival': np.float64(84.34), 'force_multiplication': np.float64(48.17)}","{'scaling_efficiency': np.float64(92.31129059397611), 'pressure_appetite': np.float64(89.33639575971732), 'creation_tools': np.float64(73.51666666666667), 'opportunity_response': np.float64(86.0), 'age_trajectory': np.float64(40.01)}",High
James Johnson,2020-21,21.37,33.58,Role Player,Low Scaling,Role Player,-0.01539999999999998,1,3,Mixed,False,"Low CII 21.4, low TII 33.6, no creation tools","{'self_created': np.float64(10.98), 'pressure_appetite': np.float64(29.13), 'difficulty_embrace': np.float64(7.64), 'defensive_survival': np.float64(46.27), 'force_multiplication': np.float64(23.24)}","{'scaling_efficiency': np.float64(11.684112172231043), 'pressure_appetite': np.float64(60.2570281124498), 'creation_tools': np.float64(26.12071211675972), 'opportunity_response': np.float64(48.57142857142857), 'age_trajectory': np.float64(25.0)}",High
Jarred Vanderbilt,2020-21,14.32,42.62,Role Player,Limited Scaling,Role Player,-0.0199999999999999,0,1,Mixed,False,"Low CII 14.3, low TII 42.6","{'self_created': np.float64(10.87), 'pressure_appetite': np.float64(14.83), 'difficulty_embrace': np.float64(0.4), 'defensive_survival': np.float64(45.34), 'force_multiplication': np.float64(4.73)}","{'scaling_efficiency': np.float64(19.566754403456297), 'pressure_appetite': np.float64(56.28248587570625), 'creation_tools': np.float64(9.929171834091223), 'opportunity_response': np.float64(71.28285714285714), 'age_trajectory': np.int64(100)}",Medium
Jarrett Allen,2020-21,11.74,35.49,Role Player,Limited Scaling,Role Player,-0.018333333333333365,1,2,Mixed,False,"Low CII 11.7, low TII 35.5","{'self_created': np.float64(9.36), 'pressure_appetite': np.float64(10.0), 'difficulty_embrace': np.float64(2.5), 'defensive_survival': np.float64(27.43), 'force_multiplication': np.float64(18.16)}","{'scaling_efficiency': np.float64(19.774843479628757), 'pressure_appetite': np.float64(14.8), 'creation_tools': np.float64(14.333333333333334), 'opportunity_response': np.float64(89.90857142857143), 'age_trajectory': np.float64(95.0)}",Medium
Jaxson Hayes,2020-21,13.65,41.32,Role Player,Limited Scaling,Role Player,-0.03949999999999995,0,2,Hides,False,"Low CII 13.7, low TII 41.3","{'self_created': np.float64(3.96), 'pressure_appetite': np.float64(23.86), 'difficulty_embrace': np.float64(4.19), 'defensive_survival': np.float64(32.72), 'force_multiplication': np.float64(7.52)}","{'scaling_efficiency': np.float64(18.04257525083612), 'pressure_appetite': np.float64(45.474358974359006), 'creation_tools': np.float64(14.801824056702106), 'opportunity_response': np.float64(77.18), 'age_trajectory': np.int64(100)}",Medium
Jaylen Brown,2020-21,42.94,57.47,Fragile Star,Moderate Scaling,Luxury Amplifier,-0.059199999999999954,1,4,Hides,True,"Negative career leverage (-0.059, 1+/4-) BUT has creation tools: Thrives as #2","{'self_created': np.float64(50.87), 'pressure_appetite': np.float64(34.25), 'difficulty_embrace': np.float64(44.47), 'defensive_survival': np.float64(42.5), 'force_multiplication': np.float64(38.51)}","{'scaling_efficiency': np.float64(57.71905575474646), 'pressure_appetite': np.float64(16.000000000000043), 'creation_tools': np.float64(71.28333333333333), 'opportunity_response': np.float64(86.0), 'age_trajectory': np.float64(90.0)}",High
Jayson Tatum,2020-21,74.28,78.43,Strong Creator,High Scaling,Franchise Engine,0.008499999999999924,3,1,Mixed,True,CII 74.3 >= 74: Already elite creator,"{'self_created': np.float64(75.03), 'pressure_appetite': np.float64(76.77), 'difficulty_embrace': np.float64(71.33), 'defensive_survival': np.float64(78.27), 'force_multiplication': np.float64(65.68)}","{'scaling_efficiency': np.float64(64.83912678899719), 'pressure_appetite': np.float64(83.52281879194629), 'creation_tools': np.float64(84.11666666666667), 'opportunity_response': np.float64(78.5), 'age_trajectory': np.float64(95.0)}",High
Jeff Green,2020-21,12.33,33.41,Role Player,Low Scaling,Role Player,-0.04919999999999998,1,4,Hides,False,"Low CII 12.3, low TII 33.4, no creation tools","{'self_created': np.float64(3.4), 'pressure_appetite': np.float64(11.67), 'difficulty_embrace': np.float64(8.16), 'defensive_survival': np.float64(31.19), 'force_multiplication': np.float64(20.82)}","{'scaling_efficiency': np.float64(21.321166436400485), 'pressure_appetite': np.float64(22.400000000000002), 'creation_tools': np.float64(28.987102734663708), 'opportunity_response': np.float64(87.45714285714286), 'age_trajectory': np.float64(25.0)}",High
Jeff Teague,2020-21,26.0,34.12,Role Player,Low Scaling,Role Player,-0.03366666666666665,2,4,Hides,False,"Low CII 26.0, low TII 34.1, no creation tools","{'self_created': np.float64(45.14), 'pressure_appetite': np.float64(10.0), 'difficulty_embrace': np.float64(13.8), 'defensive_survival': np.float64(38.5), 'force_multiplication': np.float64(14.21)}","{'scaling_efficiency': np.float64(41.599999999999994), 'pressure_appetite': np.float64(0.40000000000004476), 'creation_tools': np.float64(53.807578730959726), 'opportunity_response': np.float64(51.82857142857143), 'age_trajectory': np.float64(30.0)}",High
Jerami Grant,2020-21,48.16,62.8,Fragile Star,Moderate Scaling,Luxury Amplifier,-0.03549999999999996,1,5,Hides,True,"Negative career leverage (-0.035, 1+/5-) BUT has creation tools: Thrives as #2","{'self_created': np.float64(30.1), 'pressure_appetite': np.float64(70.73), 'difficulty_embrace': np.float64(36.06), 'defensive_survival': np.float64(61.16), 'force_multiplication': np.float64(50.62)}","{'scaling_efficiency': np.float64(39.01037628750721), 'pressure_appetite': np.float64(77.42158273381293), 'creation_tools': np.float64(70.3298327191905), 'opportunity_response': np.float64(70.05714285714285), 'age_trajectory': np.float64(71.66)}",High
Jeremy Lamb,2020-21,41.97,67.14,Fragile Star,High Scaling,Strong Creator,0.01699999999999998,3,2,Steps Up,False,"Positive career leverage (+0.017), CII 42.0 still developing (Age 29 > 25, reclassified from Developing Engine)","{'self_created': np.float64(27.17), 'pressure_appetite': np.float64(68.5), 'difficulty_embrace': np.float64(23.73), 'defensive_survival': np.float64(63.47), 'force_multiplication': np.float64(24.27)}","{'scaling_efficiency': np.float64(51.32888888888887), 'pressure_appetite': np.float64(88.1), 'creation_tools': np.float64(64.29430894308943), 'opportunity_response': np.float64(74.58285714285714), 'age_trajectory': np.float64(56.67)}",High
Jimmy Butler III,2020-21,62.36,74.66,Luxury Amplifier,High Scaling,Strong Creator,0.09999999999999996,6,0,Steps Up,True,"Positive career leverage (+0.100, 6+/0-), CII 62.4, TII 74.7: Can be #1 (Age 31 > 28, reclassified from Latent Engine)","{'self_created': np.float64(64.57), 'pressure_appetite': np.float64(79.5), 'difficulty_embrace': np.float64(37.39), 'defensive_survival': np.float64(55.6), 'force_multiplication': np.float64(73.0)}","{'scaling_efficiency': np.float64(76.39954497958337), 'pressure_appetite': np.float64(76.82316602316601), 'creation_tools': np.float64(75.93765106569984), 'opportunity_response': np.float64(89.0), 'age_trajectory': np.float64(40.01)}",High
Joe Harris,2020-21,12.93,49.29,Role Player,Limited Scaling,Role Player,-0.023999999999999973,0,4,Hides,False,"Low CII 12.9, low TII 49.3, no creation tools","{'self_created': np.float64(9.29), 'pressure_appetite': np.float64(10.17), 'difficulty_embrace': np.float64(18.21), 'defensive_survival': np.float64(24.25), 'force_multiplication': np.float64(3.19)}","{'scaling_efficiency': np.float64(51.57261862162742), 'pressure_appetite': np.float64(17.600000000000044), 'creation_tools': np.float64(50.33289058049816), 'opportunity_response': np.float64(91.22857142857143), 'age_trajectory': np.float64(56.67)}",High
Joe Ingles,2020-21,25.6,55.65,Role Player,Moderate Scaling,Role Player,-0.054166666666666634,0,6,Hides,False,"Low CII 25.6, low TII 55.6, no creation tools","{'self_created': np.float64(42.17), 'pressure_appetite': np.float64(10.0), 'difficulty_embrace': np.float64(23.81), 'defensive_survival': np.float64(32.48), 'force_multiplication': np.float64(8.16)}","{'scaling_efficiency': np.float64(78.02678410117434), 'pressure_appetite': np.float64(10.800000000000004), 'creation_tools': np.float64(66.47515808491417), 'opportunity_response': np.float64(88.30571428571429), 'age_trajectory': np.float64(30.0)}",High
Joel Embiid,2020-21,69.86,76.32,Luxury Amplifier,High Scaling,Latent Engine,0.03859999999999998,4,1,Steps Up,True,"Positive career leverage (+0.039, 4+/1-), CII 69.9, TII 76.3: Can be #1","{'self_created': np.float64(81.9), 'pressure_appetite': np.float64(78.12), 'difficulty_embrace': np.float64(44.81), 'defensive_survival': np.float64(58.77), 'force_multiplication': np.float64(79.82)}","{'scaling_efficiency': np.float64(75.34751198508522), 'pressure_appetite': np.float64(70.225), 'creation_tools': np.float64(80.98841463414634), 'opportunity_response': np.float64(85.32285714285715), 'age_trajectory': np.float64(71.66)}",High
John Collins,2020-21,17.32,42.88,Role Player,Limited Scaling,Role Player,-0.052000000000000005,1,3,Hides,False,"Low CII 17.3, low TII 42.9, no creation tools","{'self_created': np.float64(5.94), 'pressure_appetite': np.float64(17.67), 'difficulty_embrace': np.float64(14.19), 'defensive_survival': np.float64(39.75), 'force_multiplication': np.float64(23.25)}","{'scaling_efficiency': np.float64(32.07020845046517), 'pressure_appetite': np.float64(12.799999999999997), 'creation_tools': np.float64(35.58748955246562), 'opportunity_response': np.float64(89.6257142857143), 'age_trajectory': np.float64(95.0)}",High
John Wall,2020-21,51.72,55.76,Fragile Star,Moderate Scaling,Strong Creator,0.04399999999999996,4,1,Steps Up,True,"Positive career leverage (+0.044), CII 51.7: Stepping up consistently","{'self_created': np.float64(48.92), 'pressure_appetite': np.float64(54.23), 'difficulty_embrace': np.float64(55.71), 'defensive_survival': np.float64(52.87), 'force_multiplication': np.float64(44.17)}","{'scaling_efficiency': np.float64(44.85497478832673), 'pressure_appetite': np.float64(50.58438818565401), 'creation_tools': np.float64(80.18333333333334), 'opportunity_response': np.float64(58.599999999999994), 'age_trajectory': np.float64(48.34)}",High
Jonas Valančiūnas,2020-21,20.85,33.26,Role Player,Low Scaling,Role Player,-0.06849999999999999,1,5,Hides,False,"Low CII 20.9, low TII 33.3, no creation tools","{'self_created': np.float64(25.63), 'pressure_appetite': np.float64(16.67), 'difficulty_embrace': np.float64(6.5), 'defensive_survival': np.float64(30.76), 'force_multiplication': np.float64(30.81)}","{'scaling_efficiency': np.float64(24.15171308355039), 'pressure_appetite': np.float64(9.200000000000038), 'creation_tools': np.float64(23.745213742460002), 'opportunity_response': np.float64(88.68285714285715), 'age_trajectory': np.float64(56.67)}",High
Jordan Clarkson,2020-21,45.95,44.82,Fragile Star,Limited Scaling,Fragile Star,-0.02399999999999998,2,4,Hides,False,"Negative career leverage (-0.024, 2+/4-), NO creation tools: Fundamental skill gaps","{'self_created': np.float64(57.42), 'pressure_appetite': np.float64(37.18), 'difficulty_embrace': np.float64(42.63), 'defensive_survival': np.float64(51.15), 'force_multiplication': np.float64(32.29)}","{'scaling_efficiency': np.float64(42.42727610333796), 'pressure_appetite': np.float64(20.000000000000043), 'creation_tools': np.float64(59.21666666666667), 'opportunity_response': np.float64(63.885714285714286), 'age_trajectory': np.float64(56.67)}",High
Jordan Poole,2020-21,31.54,59.71,Role Player,Moderate Scaling,Developing Prospect,-0.01,0,1,Mixed,False,"Low CII 31.5, moderate TII 59.7","{'self_created': np.float64(17.54), 'pressure_appetite': np.float64(45.23), 'difficulty_embrace': np.float64(20.0), 'defensive_survival': np.float64(58.77), 'force_multiplication': np.float64(21.55)}","{'scaling_efficiency': np.float64(48.07514944653818), 'pressure_appetite': np.float64(61.9349593495935), 'creation_tools': np.float64(46.66846123339282), 'opportunity_response': np.float64(69.79142857142857), 'age_trajectory': np.int64(100)}",Medium
Josh Hart,2020-21,11.18,36.25,Role Player,Limited Scaling,Role Player,-0.008749999999999999,2,2,Mixed,False,"Low CII 11.2, low TII 36.2, no creation tools","{'self_created': np.float64(6.43), 'pressure_appetite': np.float64(11.35), 'difficulty_embrace': np.float64(7.47), 'defensive_survival': np.float64(30.12), 'force_multiplication': np.float64(4.05)}","{'scaling_efficiency': np.float64(15.633981976217129), 'pressure_appetite': np.float64(27.599999999999998), 'creation_tools': np.float64(37.94783910997005), 'opportunity_response': np.float64(61.599999999999994), 'age_trajectory': np.float64(78.33)}",High
Josh Jackson,2020-21,28.18,40.66,Role Player,Limited Scaling,Fragile Star,-0.05666666666666667,0,3,Hides,False,"Fragile Star: high usage (25.4%), low CII (28.2), extreme hiding (-0.057), no creation tools","{'self_created': np.float64(20.31), 'pressure_appetite': np.float64(33.75), 'difficulty_embrace': np.float64(21.3), 'defensive_survival': np.float64(38.93), 'force_multiplication': np.float64(35.53)}","{'scaling_efficiency': np.float64(28.43635016211209), 'pressure_appetite': np.float64(23.200000000000003), 'creation_tools': np.float64(47.19283976698034), 'opportunity_response': np.float64(52.599999999999994), 'age_trajectory': np.float64(90.0)}",Medium
Josh Okogie,2020-21,9.92,29.93,Role Player,Low Scaling,Role Player,-0.03399999999999997,1,2,Hides,False,"Low CII 9.9, low TII 29.9","{'self_created': np.float64(6.35), 'pressure_appetite': np.float64(10.0), 'difficulty_embrace': np.float64(3.06), 'defensive_survival': np.float64(16.43), 'force_multiplication': np.float64(24.36)}","{'scaling_efficiency': np.float64(9.751425894251508), 'pressure_appetite': np.float64(22.800000000000004), 'creation_tools': np.float64(20.201841224294597), 'opportunity_response': np.float64(48.400000000000006), 'age_trajectory': np.int64(100)}",Medium
Jrue Holiday,2020-21,55.74,71.81,Luxury Amplifier,High Scaling,Strong Creator,0.03133333333333332,6,0,Steps Up,True,"Positive career leverage (+0.031, 6+/0-), CII 55.7, TII 71.8: Can be #1 (Age 31 > 28, reclassified from Latent Engine)","{'self_created': np.float64(65.83), 'pressure_appetite': np.float64(58.68), 'difficulty_embrace': np.float64(41.8), 'defensive_survival': np.float64(59.12), 'force_multiplication': np.float64(40.97)}","{'scaling_efficiency': np.float64(73.35157450076805), 'pressure_appetite': np.float64(67.34930875576036), 'creation_tools': np.float64(81.46666666666667), 'opportunity_response': np.float64(84.5), 'age_trajectory': np.float64(40.01)}",High
Juan Toscano-Anderson,2020-21,9.44,40.59,Role Player,Limited Scaling,Role Player,-0.02,0,1,Hides,False,"Low CII 9.4, low TII 40.6","{'self_created': np.float64(1.74), 'pressure_appetite': np.float64(13.89), 'difficulty_embrace': np.float64(2.67), 'defensive_survival': np.float64(29.82), 'force_multiplication': np.float64(4.36)}","{'scaling_efficiency': np.float64(24.32188373804268), 'pressure_appetite': np.float64(44.0), 'creation_tools': np.float64(17.698931044866004), 'opportunity_response': np.float64(81.70571428571428), 'age_trajectory': np.float64(64.99000000000001)}",Medium
Juancho Hernangomez,2020-21,7.74,23.27,Role Player,Low Scaling,Role Player,-0.067,0,1,Hides,False,"Low CII 7.7, low TII 23.3","{'self_created': np.float64(0.86), 'pressure_appetite': np.float64(10.0), 'difficulty_embrace': np.float64(0.69), 'defensive_survival': np.float64(29.94), 'force_multiplication': np.float64(3.54)}","{'scaling_efficiency': np.float64(8.906143034685353), 'pressure_appetite': np.float64(13.2), 'creation_tools': np.float64(9.613127403729127), 'opportunity_response': np.float64(45.82857142857143), 'age_trajectory': np.float64(85.0)}",Medium
Julius Randle,2020-21,60.75,72.09,Luxury Amplifier,High Scaling,Luxury Amplifier,-0.011166666666666653,2,4,Mixed,True,"Negative career leverage (-0.011, 2+/4-) BUT has creation tools: Thrives as #2","{'self_created': np.float64(58.74), 'pressure_appetite': np.float64(64.13), 'difficulty_embrace': np.float64(62.09), 'defensive_survival': np.float64(59.17), 'force_multiplication': np.float64(58.01)}","{'scaling_efficiency': np.float64(60.577731730902045), 'pressure_appetite': np.float64(63.031578947368416), 'creation_tools': np.float64(92.75), 'opportunity_response': np.float64(78.5), 'age_trajectory': np.float64(78.33)}",High
Justin Holiday,2020-21,13.41,36.04,Role Player,Limited Scaling,Role Player,-0.054000000000000006,0,5,Hides,False,"Low CII 13.4, low TII 36.0, no creation tools","{'self_created': np.float64(6.27), 'pressure_appetite': np.float64(12.09), 'difficulty_embrace': np.float64(14.74), 'defensive_survival': np.float64(34.76), 'force_multiplication': np.float64(3.4)}","{'scaling_efficiency': np.float64(20.874344045368606), 'pressure_appetite': np.float64(27.199999999999996), 'creation_tools': np.float64(50.16608342170378), 'opportunity_response': np.float64(62.971428571428575), 'age_trajectory': np.float64(35.0)}",High
Jusuf Nurkić,2020-21,11.98,29.51,Role Player,Low Scaling,Role Player,-0.02425,1,3,Hides,False,"Low CII 12.0, low TII 29.5, no creation tools","{'self_created': np.float64(7.53), 'pressure_appetite': np.float64(18.83), 'difficulty_embrace': np.float64(2.49), 'defensive_survival': np.float64(12.56), 'force_multiplication': np.float64(26.28)}","{'scaling_efficiency': np.float64(14.91464461418682), 'pressure_appetite': np.float64(14.399999999999999), 'creation_tools': np.float64(24.96475216365067), 'opportunity_response': np.float64(57.4), 'age_trajectory': np.float64(78.33)}",High
Karl-Anthony Towns,2020-21,42.68,65.92,Fragile Star,High Scaling,Fragile Star,-0.029666666666666647,1,5,Hides,False,"Negative career leverage (-0.030, 1+/5-), NO creation tools: Fundamental skill gaps","{'self_created': np.float64(23.7), 'pressure_appetite': np.float64(65.03), 'difficulty_embrace': np.float64(17.07), 'defensive_survival': np.float64(61.54), 'force_multiplication': np.float64(66.66)}","{'scaling_efficiency': np.float64(57.873017068694594), 'pressure_appetite': np.float64(75.83496503496504), 'creation_tools': np.float64(41.00237364261755), 'opportunity_response': np.float64(86.0), 'age_trajectory': np.float64(85.0)}",High
Kawhi Leonard,2020-21,74.53,74.75,Strong Creator,High Scaling,Franchise Engine,0.0538,4,1,Steps Up,True,CII 74.5 >= 74: Already elite creator,"{'self_created': np.float64(84.76), 'pressure_appetite': np.float64(83.67), 'difficulty_embrace': np.float64(60.89), 'defensive_survival': np.float64(58.44), 'force_multiplication': np.float64(72.42)}","{'scaling_efficiency': np.float64(70.07033369284571), 'pressure_appetite': np.float64(76.67375886524823), 'creation_tools': np.float64(84.15), 'opportunity_response': np.float64(86.0), 'age_trajectory': np.float64(48.34)}",High
Keldon Johnson,2020-21,18.53,36.67,Role Player,Limited Scaling,Role Player,-0.04,0,1,Hides,False,"Low CII 18.5, low TII 36.7","{'self_created': np.float64(12.03), 'pressure_appetite': np.float64(20.47), 'difficulty_embrace': np.float64(11.14), 'defensive_survival': np.float64(34.31), 'force_multiplication': np.float64(24.31)}","{'scaling_efficiency': np.float64(15.436105820105826), 'pressure_appetite': np.float64(24.000000000000004), 'creation_tools': np.float64(34.13681120144535), 'opportunity_response': np.float64(61.42857142857143), 'age_trajectory': np.int64(100)}",Medium
Kelly Olynyk,2020-21,15.45,40.75,Role Player,Limited Scaling,Role Player,-0.02859999999999998,1,4,Hides,False,"Low CII 15.4, low TII 40.8, no creation tools","{'self_created': np.float64(4.32), 'pressure_appetite': np.float64(25.04), 'difficulty_embrace': np.float64(8.39), 'defensive_survival': np.float64(31.72), 'force_multiplication': np.float64(14.57)}","{'scaling_efficiency': np.float64(29.141547494233592), 'pressure_appetite': np.float64(27.599999999999998), 'creation_tools': np.float64(34.69595635430039), 'opportunity_response': np.float64(88.87142857142857), 'age_trajectory': np.float64(48.34)}",High
Kelly Oubre Jr.,2020-21,22.17,38.63,Role Player,Limited Scaling,Role Player,-0.04979999999999996,0,5,Hides,False,"Low CII 22.2, low TII 38.6, no creation tools","{'self_created': np.float64(11.1), 'pressure_appetite': np.float64(29.01), 'difficulty_embrace': np.float64(14.49), 'defensive_survival': np.float64(40.5), 'force_multiplication': np.float64(26.15)}","{'scaling_efficiency': np.float64(23.39434108527132), 'pressure_appetite': np.float64(26.4), 'creation_tools': np.float64(39.551493666099454), 'opportunity_response': np.float64(57.31428571428572), 'age_trajectory': np.float64(85.0)}",High
Kemba Walker,2020-21,51.26,55.81,Fragile Star,Moderate Scaling,Strong Creator,0.0628333333333333,5,1,Steps Up,True,"Positive career leverage (+0.063), CII 51.3: Stepping up consistently","{'self_created': np.float64(68.78), 'pressure_appetite': np.float64(30.95), 'difficulty_embrace': np.float64(66.31), 'defensive_survival': np.float64(44.43), 'force_multiplication': np.float64(29.65)}","{'scaling_efficiency': np.float64(67.20260167860934), 'pressure_appetite': np.float64(20.0), 'creation_tools': np.float64(79.78333333333333), 'opportunity_response': np.float64(71.25714285714285), 'age_trajectory': np.float64(40.01)}",High
Kendrick Nunn,2020-21,25.56,52.51,Role Player,Moderate Scaling,Role Player,-0.1009999999999999,0,2,Hides,False,"Low CII 25.6, low TII 52.5","{'self_created': np.float64(35.58), 'pressure_appetite': np.float64(14.33), 'difficulty_embrace': np.float64(28.89), 'defensive_survival': np.float64(28.59), 'force_multiplication': np.float64(12.33)}","{'scaling_efficiency': np.float64(56.171640645086924), 'pressure_appetite': np.float64(8.400000000000038), 'creation_tools': np.float64(63.558487011699384), 'opportunity_response': np.float64(82.31428571428572), 'age_trajectory': np.float64(85.0)}",Medium
Kenrich Williams,2020-21,21.01,42.73,Role Player,Limited Scaling,Role Player,-0.049999999999999996,0,3,Hides,False,"Low CII 21.0, low TII 42.7","{'self_created': np.float64(30.23), 'pressure_appetite': np.float64(10.0), 'difficulty_embrace': np.float64(15.96), 'defensive_survival': np.float64(32.66), 'force_multiplication': np.float64(13.48)}","{'scaling_efficiency': np.float64(37.58577027027027), 'pressure_appetite': np.float64(10.400000000000006), 'creation_tools': np.float64(48.95039551746869), 'opportunity_response': np.float64(74.86571428571429), 'age_trajectory': np.float64(78.33)}",Medium
Kent Bazemore,2020-21,20.12,38.16,Role Player,Limited Scaling,Role Player,-0.014166666666666683,2,4,Mixed,False,"Low CII 20.1, low TII 38.2, no creation tools","{'self_created': np.float64(8.87), 'pressure_appetite': np.float64(36.47), 'difficulty_embrace': np.float64(10.26), 'defensive_survival': np.float64(36.12), 'force_multiplication': np.float64(8.7)}","{'scaling_efficiency': np.float64(15.612645388820306), 'pressure_appetite': np.float64(55.73207547169811), 'creation_tools': np.float64(37.16550340031702), 'opportunity_response': np.float64(54.05714285714285), 'age_trajectory': np.float64(40.01)}",High
Kevin Durant,2020-21,64.85,74.05,Luxury Amplifier,High Scaling,Strong Creator,0.0376,4,1,Steps Up,True,"Positive career leverage (+0.038, 4+/1-), CII 64.8, TII 74.0: Can be #1 (Age 32 > 28, reclassified from Latent Engine)","{'self_created': np.float64(66.6), 'pressure_appetite': np.float64(67.95), 'difficulty_embrace': np.float64(61.19), 'defensive_survival': np.float64(71.65), 'force_multiplication': np.float64(48.99)}","{'scaling_efficiency': np.float64(69.75852425276744), 'pressure_appetite': np.float64(75.95049504950495), 'creation_tools': np.float64(88.65), 'opportunity_response': np.float64(86.0), 'age_trajectory': np.float64(35.0)}",High
Kevin Huerter,2020-21,22.87,48.58,Role Player,Limited Scaling,Role Player,-0.04466666666666667,0,2,Hides,False,"Low CII 22.9, low TII 48.6","{'self_created': np.float64(25.6), 'pressure_appetite': np.float64(10.83), 'difficulty_embrace': np.float64(27.4), 'defensive_survival': np.float64(43.72), 'force_multiplication': np.float64(4.48)}","{'scaling_efficiency': np.float64(40.94304770988996), 'pressure_appetite': np.float64(15.2), 'creation_tools': np.float64(69.45203495448128), 'opportunity_response': np.float64(57.4), 'age_trajectory': np.int64(100)}",Medium
Kevin Love,2020-21,16.79,33.49,Role Player,Low Scaling,Role Player,-0.038333333333333316,1,5,Hides,False,"Low CII 16.8, low TII 33.5, no creation tools","{'self_created': np.float64(8.46), 'pressure_appetite': np.float64(24.56), 'difficulty_embrace': np.float64(17.56), 'defensive_survival': np.float64(20.03), 'force_multiplication': np.float64(15.95)}","{'scaling_efficiency': np.float64(18.218969319032187), 'pressure_appetite': np.float64(23.20000000000004), 'creation_tools': np.float64(49.8741802489115), 'opportunity_response': np.float64(58.34285714285714), 'age_trajectory': np.float64(35.0)}",High
Kevin Porter Jr.,2020-21,58.94,69.59,Luxury Amplifier,High Scaling,Strong Creator,0.0364999999999999,2,0,Steps Up,False,"CII 58.9, TII 69.6","{'self_created': np.float64(56.51), 'pressure_appetite': np.float64(65.47), 'difficulty_embrace': np.float64(50.26), 'defensive_survival': np.float64(78.09), 'force_multiplication': np.float64(38.51)}","{'scaling_efficiency': np.float64(51.11782241988858), 'pressure_appetite': np.float64(80.95789473684208), 'creation_tools': np.float64(76.2), 'opportunity_response': np.float64(58.51428571428571), 'age_trajectory': np.int64(100)}",Medium
Kevon Looney,2020-21,13.69,31.59,Role Player,Low Scaling,Role Player,-0.0486666666666666,0,3,Hides,False,"Low CII 13.7, low TII 31.6","{'self_created': np.float64(13.97), 'pressure_appetite': np.float64(10.0), 'difficulty_embrace': np.float64(8.4), 'defensive_survival': np.float64(33.97), 'force_multiplication': np.float64(2.21)}","{'scaling_efficiency': np.float64(23.55295081967212), 'pressure_appetite': np.float64(14.8), 'creation_tools': np.float64(21.641039236479322), 'opportunity_response': np.float64(53.285714285714285), 'age_trajectory': np.float64(85.0)}",Medium
Khem Birch,2020-21,8.29,26.98,Role Player,Low Scaling,Role Player,-0.009499999999999998,1,1,Mixed,False,"Low CII 8.3, low TII 27.0","{'self_created': np.float64(2.41), 'pressure_appetite': np.float64(10.0), 'difficulty_embrace': np.float64(8.7), 'defensive_survival': np.float64(14.54), 'force_multiplication': np.float64(11.44)}","{'scaling_efficiency': np.float64(10.570214011850826), 'pressure_appetite': np.float64(16.400000000000002), 'creation_tools': np.float64(23.634788189987162), 'opportunity_response': np.float64(56.542857142857144), 'age_trajectory': np.float64(64.99000000000001)}",Medium
Khris Middleton,2020-21,68.99,77.05,Luxury Amplifier,High Scaling,Strong Creator,0.03266666666666667,5,1,Steps Up,True,"Positive career leverage (+0.033, 5+/1-), CII 69.0, TII 77.0: Can be #1 (Age 29 > 28, reclassified from Latent Engine)","{'self_created': np.float64(70.75), 'pressure_appetite': np.float64(75.67), 'difficulty_embrace': np.float64(64.03), 'defensive_survival': np.float64(74.53), 'force_multiplication': np.float64(48.61)}","{'scaling_efficiency': np.float64(66.85946530729838), 'pressure_appetite': np.float64(83.5326530612245), 'creation_tools': np.float64(91.1), 'opportunity_response': np.float64(81.5), 'age_trajectory': np.float64(56.67)}",High
Killian Hayes,2020-21,29.55,62.17,Role Player,Moderate Scaling,Developing Prospect,0.015,1,0,Steps Up,True,"Low CII 29.6, moderate TII 62.2","{'self_created': np.float64(12.92), 'pressure_appetite': np.float64(46.53), 'difficulty_embrace': np.float64(31.07), 'defensive_survival': np.float64(35.41), 'force_multiplication': np.float64(25.17)}","{'scaling_efficiency': np.float64(47.19445272043697), 'pressure_appetite': np.float64(61.86486486486487), 'creation_tools': np.float64(72.89931883102615), 'opportunity_response': np.float64(53.114285714285714), 'age_trajectory': np.int64(100)}",Medium
Kristaps Porziņģis,2020-21,24.3,50.65,Role Player,Moderate Scaling,Luxury Amplifier,-0.025199999999999955,1,4,Hides,True,"Negative career leverage (-0.025, 1+/4-) BUT has creation tools: Thrives as #2","{'self_created': np.float64(11.33), 'pressure_appetite': np.float64(28.8), 'difficulty_embrace': np.float64(25.33), 'defensive_survival': np.float64(34.86), 'force_multiplication': np.float64(34.04)}","{'scaling_efficiency': np.float64(43.91874085317504), 'pressure_appetite': np.float64(17.200000000000042), 'creation_tools': np.float64(62.88890353768403), 'opportunity_response': np.float64(80.63428571428571), 'age_trajectory': np.float64(85.0)}",High
Kyle Anderson,2020-21,24.44,50.96,Role Player,Moderate Scaling,Role Player,-0.0395,0,3,Hides,False,"Low CII 24.4, low TII 51.0, no creation tools","{'self_created': np.float64(32.55), 'pressure_appetite': np.float64(13.33), 'difficulty_embrace': np.float64(21.9), 'defensive_survival': np.float64(36.08), 'force_multiplication': np.float64(15.48)}","{'scaling_efficiency': np.float64(53.83295751698193), 'pressure_appetite': np.float64(15.600000000000001), 'creation_tools': np.float64(65.86746619952388), 'opportunity_response': np.float64(70.48571428571428), 'age_trajectory': np.float64(71.66)}",High
Kyle Kuzma,2020-21,23.63,48.17,Role Player,Limited Scaling,Role Player,-0.04399999999999997,0,4,Hides,False,"Low CII 23.6, low TII 48.2, no creation tools","{'self_created': np.float64(15.73), 'pressure_appetite': np.float64(34.29), 'difficulty_embrace': np.float64(17.97), 'defensive_survival': np.float64(33.35), 'force_multiplication': np.float64(17.41)}","{'scaling_efficiency': np.float64(30.431010817393805), 'pressure_appetite': np.float64(47.63636363636364), 'creation_tools': np.float64(51.459961402644325), 'opportunity_response': np.float64(55.599999999999994), 'age_trajectory': np.float64(85.0)}",High
Kyle Lowry,2020-21,58.59,74.68,Luxury Amplifier,High Scaling,Strong Creator,0.03883333333333331,4,2,Steps Up,True,"Positive career leverage (+0.039, 4+/2-), CII 58.6, TII 74.7: Can be #1 (Age 35 > 28, reclassified from Latent Engine)","{'self_created': np.float64(58.03), 'pressure_appetite': np.float64(69.5), 'difficulty_embrace': np.float64(49.36), 'defensive_survival': np.float64(70.79), 'force_multiplication': np.float64(33.14)}","{'scaling_efficiency': np.float64(76.39858644183728), 'pressure_appetite': np.float64(84.30717703349282), 'creation_tools': np.float64(80.05), 'opportunity_response': np.float64(84.5), 'age_trajectory': np.int64(20)}",High
Kyrie Irving,2020-21,73.74,77.59,Strong Creator,High Scaling,Strong Creator,0.0868333333333333,6,0,Steps Up,True,"Positive career leverage (+0.087, 6+/0-), CII 73.7, TII 77.6: Can be #1 (Age 29 > 28, reclassified from Latent Engine)","{'self_created': np.float64(89.92), 'pressure_appetite': np.float64(65.58), 'difficulty_embrace': np.float64(70.0), 'defensive_survival': np.float64(74.56), 'force_multiplication': np.float64(51.85)}","{'scaling_efficiency': np.float64(73.91241707440642), 'pressure_appetite': np.float64(74.44242424242424), 'creation_tools': np.float64(91.2), 'opportunity_response': np.float64(86.0), 'age_trajectory': np.float64(56.67)}",High
LaMarcus Aldridge,2020-21,22.58,36.43,Role Player,Limited Scaling,Luxury Amplifier,-0.04483333333333329,0,6,Hides,True,"Negative career leverage (-0.045, 0+/6-) BUT has creation tools: Thrives as #2","{'self_created': np.float64(10.08), 'pressure_appetite': np.float64(17.67), 'difficulty_embrace': np.float64(38.57), 'defensive_survival': np.float64(37.15), 'force_multiplication': np.float64(18.55)}","{'scaling_efficiency': np.float64(30.770981287083536), 'pressure_appetite': np.float64(8.800000000000004), 'creation_tools': np.float64(65.32520325203252), 'opportunity_response': np.float64(66.2), 'age_trajectory': np.int64(20)}",High
LaMelo Ball,2020-21,34.79,50.43,Role Player,Moderate Scaling,Role Player,-0.0799999999999999,0,1,Hides,True,"Low CII 34.8, low TII 50.4","{'self_created': np.float64(44.39), 'pressure_appetite': np.float64(21.17), 'difficulty_embrace': np.float64(34.5), 'defensive_survival': np.float64(38.46), 'force_multiplication': np.float64(35.07)}","{'scaling_efficiency': np.float64(53.33734918038857), 'pressure_appetite': np.float64(8.000000000000039), 'creation_tools': np.float64(70.36565122938678), 'opportunity_response': np.float64(55.68571428571428), 'age_trajectory': np.int64(100)}",Medium
Landry Shamet,2020-21,15.91,40.04,Role Player,Limited Scaling,Role Player,-0.04899999999999997,0,3,Hides,False,"Low CII 15.9, low TII 40.0","{'self_created': np.float64(7.98), 'pressure_appetite': np.float64(12.33), 'difficulty_embrace': np.float64(15.63), 'defensive_survival': np.float64(45.22), 'force_multiplication': np.float64(5.25)}","{'scaling_efficiency': np.float64(23.93730081300812), 'pressure_appetite': np.float64(20.0), 'creation_tools': np.float64(44.25652389450724), 'opportunity_response': np.float64(66.71428571428571), 'age_trajectory': np.float64(90.0)}",Medium
Larry Nance Jr.,2020-21,13.79,40.74,Role Player,Limited Scaling,Role Player,-0.028999999999999998,1,5,Hides,False,"Low CII 13.8, low TII 40.7, no creation tools","{'self_created': np.float64(1.67), 'pressure_appetite': np.float64(15.94), 'difficulty_embrace': np.float64(7.39), 'defensive_survival': np.float64(46.8), 'force_multiplication': np.float64(8.06)}","{'scaling_efficiency': np.float64(13.02324716778302), 'pressure_appetite': np.float64(53.96642685851319), 'creation_tools': np.float64(36.38419020880856), 'opportunity_response': np.float64(63.74285714285714), 'age_trajectory': np.float64(64.99000000000001)}",High
Lauri Markkanen,2020-21,15.35,42.89,Role Player,Limited Scaling,Role Player,-0.032999999999999974,0,4,Hides,False,"Low CII 15.3, low TII 42.9, no creation tools","{'self_created': np.float64(1.18), 'pressure_appetite': np.float64(35.04), 'difficulty_embrace': np.float64(3.19), 'defensive_survival': np.float64(26.63), 'force_multiplication': np.float64(16.03)}","{'scaling_efficiency': np.float64(18.26845128229861), 'pressure_appetite': np.float64(48.478849407783414), 'creation_tools': np.float64(16.72772275184681), 'opportunity_response': np.float64(86.3257142857143), 'age_trajectory': np.float64(90.0)}",High
LeBron James,2020-21,71.78,73.74,Strong Creator,High Scaling,Strong Creator,0.07500000000000001,6,0,Steps Up,True,"Positive career leverage (+0.075, 6+/0-), CII 71.8, TII 73.7: Can be #1 (Age 36 > 28, reclassified from Latent Engine)","{'self_created': np.float64(78.77), 'pressure_appetite': np.float64(84.85), 'difficulty_embrace': np.float64(55.51), 'defensive_survival': np.float64(66.27), 'force_multiplication': np.float64(58.92)}","{'scaling_efficiency': np.float64(76.47591719864407), 'pressure_appetite': np.float64(74.3516129032258), 'creation_tools': np.float64(86.56666666666666), 'opportunity_response': np.float64(86.0), 'age_trajectory': np.int64(20)}",High
Lonnie Walker IV,2020-21,21.61,40.39,Role Player,Limited Scaling,Role Player,-0.06,0,2,Hides,True,"Low CII 21.6, low TII 40.4","{'self_created': np.float64(18.67), 'pressure_appetite': np.float64(13.17), 'difficulty_embrace': np.float64(27.83), 'defensive_survival': np.float64(40.78), 'force_multiplication': np.float64(10.34)}","{'scaling_efficiency': np.float64(28.55022649479281), 'pressure_appetite': np.float64(8.000000000000004), 'creation_tools': np.float64(59.54819830861625), 'opportunity_response': np.float64(52.77142857142857), 'age_trajectory': np.int64(100)}",Medium
Lonzo Ball,2020-21,28.17,52.26,Role Player,Moderate Scaling,Role Player,-0.020000000000000025,1,3,Hides,False,"Low CII 28.2, low TII 52.3, no creation tools","{'self_created': np.float64(28.43), 'pressure_appetite': np.float64(20.67), 'difficulty_embrace': np.float64(35.86), 'defensive_survival': np.float64(42.16), 'force_multiplication': np.float64(9.73)}","{'scaling_efficiency': np.float64(45.345256489431655), 'pressure_appetite': np.float64(21.6), 'creation_tools': np.float64(70.6), 'opportunity_response': np.float64(64.25714285714285), 'age_trajectory': np.float64(95.0)}",High
Lou Williams,2020-21,46.08,55.61,Fragile Star,Moderate Scaling,Strong Creator,0.007666666666666651,3,3,Mixed,True,Mixed career leverage (+0.008) but has tools/CII,"{'self_created': np.float64(43.28), 'pressure_appetite': np.float64(42.81), 'difficulty_embrace': np.float64(44.91), 'defensive_survival': np.float64(63.91), 'force_multiplication': np.float64(38.28)}","{'scaling_efficiency': np.float64(44.8855712495644), 'pressure_appetite': np.float64(59.89344262295086), 'creation_tools': np.float64(86.2), 'opportunity_response': np.float64(49.51428571428572), 'age_trajectory': np.float64(25.0)}",High
Luguentz Dort,2020-21,21.47,35.61,Role Player,Limited Scaling,Role Player,-0.06599999999999995,0,2,Hides,False,"Low CII 21.5, low TII 35.6","{'self_created': np.float64(15.54), 'pressure_appetite': np.float64(21.69), 'difficulty_embrace': np.float64(13.71), 'defensive_survival': np.float64(41.06), 'force_multiplication': np.float64(24.83)}","{'scaling_efficiency': np.float64(15.445575263336734), 'pressure_appetite': np.float64(19.20000000000004), 'creation_tools': np.float64(38.52371522339077), 'opportunity_response': np.float64(56.457142857142856), 'age_trajectory': np.int64(100)}",Medium
Luka Dončić,2020-21,79.77,80.9,Strong Creator,Elite Scaling,Franchise Engine,0.026,2,1,Steps Up,True,CII 79.8 >= 74: Already elite creator,"{'self_created': np.float64(97.25), 'pressure_appetite': np.float64(71.4), 'difficulty_embrace': np.float64(79.13), 'defensive_survival': np.float64(69.78), 'force_multiplication': np.float64(64.49)}","{'scaling_efficiency': np.float64(81.21363317694009), 'pressure_appetite': np.float64(67.19999999999999), 'creation_tools': np.float64(84.18333333333334), 'opportunity_response': np.float64(86.0), 'age_trajectory': np.int64(100)}",Medium
Luke Kennard,2020-21,25.26,64.06,Role Player,Moderate Scaling,Luxury Amplifier,-0.037500000000000006,1,3,Hides,True,"Negative career leverage (-0.038, 1+/3-) BUT has creation tools: Thrives as #2","{'self_created': np.float64(17.76), 'pressure_appetite': np.float64(31.25), 'difficulty_embrace': np.float64(26.49), 'defensive_survival': np.float64(39.88), 'force_multiplication': np.float64(8.4)}","{'scaling_efficiency': np.float64(57.40509466437177), 'pressure_appetite': np.float64(50.024096385542165), 'creation_tools': np.float64(68.80871779802135), 'opportunity_response': np.float64(80.48), 'age_trajectory': np.float64(85.0)}",High
Malachi Flynn,2020-21,41.91,63.48,Fragile Star,Moderate Scaling,Developing Prospect,0.09,1,0,Steps Up,False,"Low CII 41.9, moderate TII 63.5","{'self_created': np.float64(27.97), 'pressure_appetite': np.float64(68.83), 'difficulty_embrace': np.float64(30.44), 'defensive_survival': np.float64(45.47), 'force_multiplication': np.float64(34.06)}","{'scaling_efficiency': np.float64(43.219351989843794), 'pressure_appetite': np.float64(80.0), 'creation_tools': np.float64(69.17661602025856), 'opportunity_response': np.float64(47.885714285714286), 'age_trajectory': np.float64(95.0)}",Medium
Malcolm Brogdon,2020-21,62.39,73.15,Luxury Amplifier,High Scaling,Luxury Amplifier,-0.006000000000000059,3,2,Mixed,True,"Negative career leverage (-0.006, 3+/2-) BUT has creation tools: Thrives as #2","{'self_created': np.float64(66.37), 'pressure_appetite': np.float64(63.97), 'difficulty_embrace': np.float64(60.39), 'defensive_survival': np.float64(63.48), 'force_multiplication': np.float64(48.91)}","{'scaling_efficiency': np.float64(70.06371650289081), 'pressure_appetite': np.float64(70.89027237354082), 'creation_tools': np.float64(84.38333333333333), 'opportunity_response': np.float64(73.57142857142857), 'age_trajectory': np.float64(64.99000000000001)}",High
Malik Beasley,2020-21,26.75,50.62,Role Player,Moderate Scaling,Fragile Star,-0.05566666666666656,0,3,Hides,False,"Fragile Star: high usage (23.5%), high minutes (32.8), low CII (26.8), extreme hiding (-0.056), no creation tools","{'self_created': np.float64(21.2), 'pressure_appetite': np.float64(31.04), 'difficulty_embrace': np.float64(30.97), 'defensive_survival': np.float64(32.22), 'force_multiplication': np.float64(16.02)}","{'scaling_efficiency': np.float64(38.533394015246316), 'pressure_appetite': np.float64(24.40000000000004), 'creation_tools': np.float64(65.7201349247535), 'opportunity_response': np.float64(72.11428571428571), 'age_trajectory': np.float64(90.0)}",Medium
Marcus Morris Sr.,2020-21,23.93,46.7,Role Player,Limited Scaling,Luxury Amplifier,-0.04149999999999998,2,4,Hides,True,"Negative career leverage (-0.041, 2+/4-) BUT has creation tools: Thrives as #2","{'self_created': np.float64(25.39), 'pressure_appetite': np.float64(10.0), 'difficulty_embrace': np.float64(34.71), 'defensive_survival': np.float64(38.83), 'force_multiplication': np.float64(10.51)}","{'scaling_efficiency': np.float64(54.68286339205932), 'pressure_appetite': np.float64(0.0), 'creation_tools': np.float64(66.39108624591401), 'opportunity_response': np.float64(86.79714285714286), 'age_trajectory': np.float64(40.01)}",High
Marcus Smart,2020-21,31.31,57.72,Role Player,Moderate Scaling,Role Player,-0.026999999999999958,1,4,Hides,False,"Low CII 31.3, low TII 57.7, no creation tools","{'self_created': np.float64(30.16), 'pressure_appetite': np.float64(32.14), 'difficulty_embrace': np.float64(28.67), 'defensive_survival': np.float64(48.29), 'force_multiplication': np.float64(12.46)}","{'scaling_efficiency': np.float64(44.74266394106668), 'pressure_appetite': np.float64(56.79329608938551), 'creation_tools': np.float64(70.27760139891902), 'opportunity_response': np.float64(59.2), 'age_trajectory': np.float64(71.66)}",High
Mason Plumlee,2020-21,19.52,41.41,Role Player,Limited Scaling,Role Player,-0.03516666666666662,0,6,Hides,False,"Low CII 19.5, low TII 41.4, no creation tools","{'self_created': np.float64(11.32), 'pressure_appetite': np.float64(23.2), 'difficulty_embrace': np.float64(5.4), 'defensive_survival': np.float64(37.57), 'force_multiplication': np.float64(36.08)}","{'scaling_efficiency': np.float64(24.45326430974336), 'pressure_appetite': np.float64(47.793456032719874), 'creation_tools': np.float64(25.152980198513642), 'opportunity_response': np.float64(87.26857142857142), 'age_trajectory': np.float64(40.01)}",High
Matisse Thybulle,2020-21,9.21,32.79,Role Player,Low Scaling,Role Player,-0.03,0,1,Hides,False,"Low CII 9.2, low TII 32.8","{'self_created': np.float64(0.94), 'pressure_appetite': np.float64(10.0), 'difficulty_embrace': np.float64(1.89), 'defensive_survival': np.float64(37.97), 'force_multiplication': np.float64(3.5)}","{'scaling_efficiency': np.float64(5.31687356321839), 'pressure_appetite': np.float64(48.8), 'creation_tools': np.float64(13.875383920505872), 'opportunity_response': np.float64(48.14285714285714), 'age_trajectory': np.float64(90.0)}",Medium
Maurice Harkless,2020-21,9.32,23.92,Role Player,Low Scaling,Role Player,-0.044799999999999965,0,5,Hides,False,"Low CII 9.3, low TII 23.9, no creation tools","{'self_created': np.float64(2.6), 'pressure_appetite': np.float64(10.0), 'difficulty_embrace': np.float64(8.09), 'defensive_survival': np.float64(28.0), 'force_multiplication': np.float64(2.26)}","{'scaling_efficiency': np.float64(10.106123267352055), 'pressure_appetite': np.float64(1.6000000000000014), 'creation_tools': np.float64(33.25411496220225), 'opportunity_response': np.float64(48.91428571428571), 'age_trajectory': np.float64(64.99000000000001)}",High
Michael Carter-Williams,2020-21,25.43,43.3,Role Player,Limited Scaling,Role Player,-0.02499999999999995,0,2,Hides,False,"Low CII 25.4, low TII 43.3","{'self_created': np.float64(14.68), 'pressure_appetite': np.float64(31.0), 'difficulty_embrace': np.float64(16.66), 'defensive_survival': np.float64(50.75), 'force_multiplication': np.float64(23.32)}","{'scaling_efficiency': np.float64(15.424607270998141), 'pressure_appetite': np.float64(56.666666666666664), 'creation_tools': np.float64(54.34504393528783), 'opportunity_response': np.float64(53.114285714285714), 'age_trajectory': np.float64(56.67)}",Medium
Michael Porter Jr.,2020-21,19.86,52.24,Role Player,Moderate Scaling,Role Player,-0.08599999999999994,0,2,Hides,False,"Low CII 19.9, low TII 52.2","{'self_created': np.float64(12.94), 'pressure_appetite': np.float64(14.83), 'difficulty_embrace': np.float64(25.8), 'defensive_survival': np.float64(36.01), 'force_multiplication': np.float64(17.12)}","{'scaling_efficiency': np.float64(50.8411214953271), 'pressure_appetite': np.float64(6.000000000000045), 'creation_tools': np.float64(61.28384241319049), 'opportunity_response': np.float64(91.51142857142858), 'age_trajectory': np.float64(95.0)}",Medium
Mikal Bridges,2020-21,20.32,53.4,Role Player,Moderate Scaling,Role Player,-0.012333333333333335,1,2,Mixed,False,"Low CII 20.3, low TII 53.4","{'self_created': np.float64(4.47), 'pressure_appetite': np.float64(40.31), 'difficulty_embrace': np.float64(9.67), 'defensive_survival': np.float64(39.98), 'force_multiplication': np.float64(9.71)}","{'scaling_efficiency': np.float64(21.20707250089765), 'pressure_appetite': np.float64(61.9061224489796), 'creation_tools': np.float64(43.83162988772745), 'opportunity_response': np.float64(92.0), 'age_trajectory': np.float64(90.0)}",Medium
Mike Conley,2020-21,59.42,72.9,Luxury Amplifier,High Scaling,Strong Creator,0.050999999999999934,5,1,Steps Up,True,"Positive career leverage (+0.051, 5+/1-), CII 59.4, TII 72.9: Can be #1 (Age 33 > 28, reclassified from Latent Engine)","{'self_created': np.float64(68.49), 'pressure_appetite': np.float64(56.96), 'difficulty_embrace': np.float64(47.93), 'defensive_survival': np.float64(75.37), 'force_multiplication': np.float64(37.46)}","{'scaling_efficiency': np.float64(76.39793927838076), 'pressure_appetite': np.float64(77.52142857142854), 'creation_tools': np.float64(78.56666666666666), 'opportunity_response': np.float64(79.22), 'age_trajectory': np.float64(30.0)}",High
Miles Bridges,2020-21,18.72,48.95,Role Player,Limited Scaling,Role Player,-0.051666666666666666,0,3,Hides,False,"Low CII 18.7, low TII 49.0","{'self_created': np.float64(12.61), 'pressure_appetite': np.float64(20.56), 'difficulty_embrace': np.float64(11.53), 'defensive_survival': np.float64(37.61), 'force_multiplication': np.float64(18.47)}","{'scaling_efficiency': np.float64(34.544876911116866), 'pressure_appetite': np.float64(27.599999999999998), 'creation_tools': np.float64(43.69182209469153), 'opportunity_response': np.float64(89.6257142857143), 'age_trajectory': np.float64(95.0)}",Medium
Mitchell Robinson,2020-21,14.23,39.99,Role Player,Limited Scaling,Role Player,-0.02799999999999997,0,3,Hides,False,"Low CII 14.2, low TII 40.0","{'self_created': np.float64(20.9), 'pressure_appetite': np.float64(11.84), 'difficulty_embrace': np.float64(0.0), 'defensive_survival': np.float64(30.83), 'force_multiplication': np.float64(3.75)}","{'scaling_efficiency': np.float64(17.231140350877194), 'pressure_appetite': np.float64(41.71929824561403), 'creation_tools': np.float64(8.5), 'opportunity_response': np.float64(87.92857142857143), 'age_trajectory': np.float64(95.0)}",Medium
Monte Morris,2020-21,27.17,56.45,Role Player,Moderate Scaling,Role Player,-0.081,0,3,Hides,True,"Low CII 27.2, moderate TII 56.5 (Age 26 > 25, reclassified from Developing Prospect)","{'self_created': np.float64(37.42), 'pressure_appetite': np.float64(10.0), 'difficulty_embrace': np.float64(27.3), 'defensive_survival': np.float64(46.9), 'force_multiplication': np.float64(9.45)}","{'scaling_efficiency': np.float64(67.96259600078426), 'pressure_appetite': np.float64(10.000000000000004), 'creation_tools': np.float64(76.9826793920113), 'opportunity_response': np.float64(68.85714285714286), 'age_trajectory': np.float64(78.33)}",Medium
Moses Brown,2020-21,20.76,37.23,Role Player,Limited Scaling,Role Player,-0.007,0,1,Mixed,False,"Low CII 20.8, low TII 37.2","{'self_created': np.float64(24.93), 'pressure_appetite': np.float64(30.66), 'difficulty_embrace': np.float64(0.0), 'defensive_survival': np.float64(31.65), 'force_multiplication': np.float64(8.69)}","{'scaling_efficiency': np.float64(10.694089171974518), 'pressure_appetite': np.float64(50.86411889596603), 'creation_tools': np.float64(7.5), 'opportunity_response': np.float64(65.34285714285714), 'age_trajectory': np.int64(100)}",Medium
Myles Turner,2020-21,22.94,48.05,Role Player,Limited Scaling,Role Player,-0.031999999999999966,1,5,Hides,False,"Low CII 22.9, low TII 48.0, no creation tools","{'self_created': np.float64(1.19), 'pressure_appetite': np.float64(54.57), 'difficulty_embrace': np.float64(4.27), 'defensive_survival': np.float64(41.19), 'force_multiplication': np.float64(19.08)}","{'scaling_efficiency': np.float64(16.431042575097397), 'pressure_appetite': np.float64(73.19161676646706), 'creation_tools': np.float64(18.832303685312304), 'opportunity_response': np.float64(83.72857142857143), 'age_trajectory': np.float64(85.0)}",High
Naji Marshall,2020-21,16.38,38.41,Role Player,Limited Scaling,Role Player,-0.019,0,1,Mixed,False,"Low CII 16.4, low TII 38.4","{'self_created': np.float64(9.49), 'pressure_appetite': np.float64(24.71), 'difficulty_embrace': np.float64(7.66), 'defensive_survival': np.float64(31.73), 'force_multiplication': np.float64(10.62)}","{'scaling_efficiency': np.float64(13.149000000000001), 'pressure_appetite': np.float64(45.52916666666667), 'creation_tools': np.float64(30.60040650406504), 'opportunity_response': np.float64(49.77142857142857), 'age_trajectory': np.float64(95.0)}",Medium
Naz Reid,2020-21,19.87,36.32,Role Player,Limited Scaling,Role Player,-0.034,0,1,Hides,False,"Low CII 19.9, low TII 36.3","{'self_created': np.float64(11.82), 'pressure_appetite': np.float64(29.64), 'difficulty_embrace': np.float64(1.1), 'defensive_survival': np.float64(44.06), 'force_multiplication': np.float64(20.87)}","{'scaling_efficiency': np.float64(17.70199354808252), 'pressure_appetite': np.float64(26.4), 'creation_tools': np.float64(11.988461251584994), 'opportunity_response': np.float64(80.10285714285715), 'age_trajectory': np.int64(100)}",Medium
Nickeil Alexander-Walker,2020-21,39.66,58.5,Role Player,Moderate Scaling,Developing Prospect,0.0829999999999999,1,0,Steps Up,False,"Low CII 39.7, moderate TII 58.5","{'self_created': np.float64(21.88), 'pressure_appetite': np.float64(75.17), 'difficulty_embrace': np.float64(20.99), 'defensive_survival': np.float64(45.41), 'force_multiplication': np.float64(32.97)}","{'scaling_efficiency': np.float64(33.05664307467937), 'pressure_appetite': np.float64(78.58070175438596), 'creation_tools': np.float64(57.35038510911424), 'opportunity_response': np.float64(49.77142857142857), 'age_trajectory': np.int64(100)}",Medium
Nicolas Batum,2020-21,12.56,47.29,Role Player,Limited Scaling,Role Player,-0.03516666666666663,0,6,Hides,False,"Low CII 12.6, low TII 47.3, no creation tools","{'self_created': np.float64(2.04), 'pressure_appetite': np.float64(10.52), 'difficulty_embrace': np.float64(12.27), 'defensive_survival': np.float64(43.34), 'force_multiplication': np.float64(3.6)}","{'scaling_efficiency': np.float64(28.084171417181576), 'pressure_appetite': np.float64(52.32183908045977), 'creation_tools': np.float64(45.53280067283431), 'opportunity_response': np.float64(87.83428571428571), 'age_trajectory': np.float64(35.0)}",High
Nikola Jokić,2020-21,68.66,76.46,Luxury Amplifier,High Scaling,Latent Engine,0.020833333333333332,3,3,Steps Up,True,"Positive career leverage (+0.021, 3+/3-), CII 68.7, TII 76.5: Can be #1","{'self_created': np.float64(88.06), 'pressure_appetite': np.float64(86.17), 'difficulty_embrace': np.float64(26.97), 'defensive_survival': np.float64(55.19), 'force_multiplication': np.float64(70.28)}","{'scaling_efficiency': np.float64(75.88045383267226), 'pressure_appetite': np.float64(77.13378839590443), 'creation_tools': np.float64(68.38232470379312), 'opportunity_response': np.float64(86.0), 'age_trajectory': np.float64(78.33)}",High
Nikola Vučević,2020-21,27.31,42.96,Role Player,Limited Scaling,Luxury Amplifier,-0.02216666666666663,1,5,Hides,True,"Negative career leverage (-0.022, 1+/5-) BUT has creation tools: Thrives as #2","{'self_created': np.float64(15.11), 'pressure_appetite': np.float64(30.58), 'difficulty_embrace': np.float64(30.9), 'defensive_survival': np.float64(32.17), 'force_multiplication': np.float64(41.31)}","{'scaling_efficiency': np.float64(43.789107747355885), 'pressure_appetite': np.float64(11.60000000000004), 'creation_tools': np.float64(58.13992092660653), 'opportunity_response': np.float64(69.71428571428572), 'age_trajectory': np.float64(48.34)}",High
Norman Powell,2020-21,28.25,54.3,Role Player,Moderate Scaling,Fragile Star,-0.05999999999999991,0,3,Hides,False,"Fragile Star: high usage (22.1%), low CII (28.2), extreme hiding (-0.060), no creation tools","{'self_created': np.float64(32.54), 'pressure_appetite': np.float64(21.07), 'difficulty_embrace': np.float64(24.4), 'defensive_survival': np.float64(35.42), 'force_multiplication': np.float64(30.31)}","{'scaling_efficiency': np.float64(60.15842535897599), 'pressure_appetite': np.float64(18.00000000000004), 'creation_tools': np.float64(59.53320825515947), 'opportunity_response': np.float64(89.0), 'age_trajectory': np.float64(64.99000000000001)}",Medium
OG Anunoby,2020-21,15.49,41.73,Role Player,Limited Scaling,Role Player,-0.058249999999999955,0,4,Hides,False,"Low CII 15.5, low TII 41.7, no creation tools","{'self_created': np.float64(17.83), 'pressure_appetite': np.float64(11.67), 'difficulty_embrace': np.float64(11.9), 'defensive_survival': np.float64(27.4), 'force_multiplication': np.float64(7.32)}","{'scaling_efficiency': np.float64(30.900516562908734), 'pressure_appetite': np.float64(6.800000000000002), 'creation_tools': np.float64(37.28856523021189), 'opportunity_response': np.float64(92.0), 'age_trajectory': np.float64(95.0)}",High
Otto Porter Jr.,2020-21,20.07,41.37,Role Player,Limited Scaling,Luxury Amplifier,-0.055666666666666594,0,6,Hides,True,"Negative career leverage (-0.056, 0+/6-) BUT has creation tools: Thrives as #2","{'self_created': np.float64(11.56), 'pressure_appetite': np.float64(15.5), 'difficulty_embrace': np.float64(24.04), 'defensive_survival': np.float64(48.09), 'force_multiplication': np.float64(7.09)}","{'scaling_efficiency': np.float64(33.685879299156404), 'pressure_appetite': np.float64(19.60000000000004), 'creation_tools': np.float64(57.61800989749028), 'opportunity_response': np.float64(55.599999999999994), 'age_trajectory': np.float64(64.99000000000001)}",High
P.J. Tucker,2020-21,18.79,31.26,Role Player,Low Scaling,Role Player,0.008333333333333333,4,2,Mixed,False,"Mixed career leverage, no tools, low CII","{'self_created': np.float64(0.55), 'pressure_appetite': np.float64(40.0), 'difficulty_embrace': np.float64(2.5), 'defensive_survival': np.float64(50.07), 'force_multiplication': np.float64(6.15)}","{'scaling_efficiency': np.float64(3.786842105263158), 'pressure_appetite': np.float64(69.7), 'creation_tools': np.float64(13.461698283649504), 'opportunity_response': np.float64(53.371428571428574), 'age_trajectory': np.int64(20)}",High
P.J. Washington,2020-21,10.06,32.79,Role Player,Low Scaling,Role Player,-0.053000000000000005,0,2,Hides,False,"Low CII 10.1, low TII 32.8","{'self_created': np.float64(3.71), 'pressure_appetite': np.float64(13.83), 'difficulty_embrace': np.float64(7.61), 'defensive_survival': np.float64(18.53), 'force_multiplication': np.float64(11.86)}","{'scaling_efficiency': np.float64(16.91876273203237), 'pressure_appetite': np.float64(12.799999999999997), 'creation_tools': np.float64(29.701777125101092), 'opportunity_response': np.float64(57.14285714285714), 'age_trajectory': np.int64(100)}",Medium
PJ Dozier,2020-21,15.14,35.61,Role Player,Limited Scaling,Role Player,-0.048,0,1,Hides,False,"Low CII 15.1, low TII 35.6","{'self_created': np.float64(11.87), 'pressure_appetite': np.float64(13.0), 'difficulty_embrace': np.float64(16.6), 'defensive_survival': np.float64(24.61), 'force_multiplication': np.float64(13.18)}","{'scaling_efficiency': np.float64(15.221992023844507), 'pressure_appetite': np.float64(20.8), 'creation_tools': np.float64(46.962763248114406), 'opportunity_response': np.float64(49.68571428571428), 'age_trajectory': np.float64(90.0)}",Medium
Pascal Siakam,2020-21,42.96,55.65,Fragile Star,Moderate Scaling,Luxury Amplifier,-0.03175,1,3,Hides,True,"Negative career leverage (-0.032, 1+/3-) BUT has creation tools: Thrives as #2","{'self_created': np.float64(43.53), 'pressure_appetite': np.float64(46.68), 'difficulty_embrace': np.float64(31.34), 'defensive_survival': np.float64(42.44), 'force_multiplication': np.float64(56.0)}","{'scaling_efficiency': np.float64(45.850027657253065), 'pressure_appetite': np.float64(48.770114942528735), 'creation_tools': np.float64(66.93915054667788), 'opportunity_response': np.float64(61.0), 'age_trajectory': np.float64(71.66)}",High
Pat Connaughton,2020-21,18.56,42.15,Role Player,Limited Scaling,Role Player,-0.02766666666666663,1,2,Hides,False,"Low CII 18.6, low TII 42.1","{'self_created': np.float64(1.02), 'pressure_appetite': np.float64(37.63), 'difficulty_embrace': np.float64(1.77), 'defensive_survival': np.float64(52.47), 'force_multiplication': np.float64(6.27)}","{'scaling_efficiency': np.float64(12.980480718474192), 'pressure_appetite': np.float64(75.65486725663716), 'creation_tools': np.float64(14.312400172674293), 'opportunity_response': np.float64(66.54285714285714), 'age_trajectory': np.float64(64.99000000000001)}",Medium
Patrick Beverley,2020-21,18.79,44.91,Role Player,Limited Scaling,Role Player,-0.041199999999999945,0,5,Hides,False,"Low CII 18.8, low TII 44.9, no creation tools","{'self_created': np.float64(13.77), 'pressure_appetite': np.float64(20.54), 'difficulty_embrace': np.float64(8.0), 'defensive_survival': np.float64(49.99), 'force_multiplication': np.float64(4.28)}","{'scaling_efficiency': np.float64(28.606618318560297), 'pressure_appetite': np.float64(56.41095890410962), 'creation_tools': np.float64(42.458603407951884), 'opportunity_response': np.float64(68.21428571428572), 'age_trajectory': np.float64(35.0)}",High
Patrick Williams,2020-21,17.36,46.12,Role Player,Limited Scaling,Role Player,-0.0849999999999999,0,1,Hides,True,"Low CII 17.4, low TII 46.1","{'self_created': np.float64(8.66), 'pressure_appetite': np.float64(10.0), 'difficulty_embrace': np.float64(23.67), 'defensive_survival': np.float64(41.99), 'force_multiplication': np.float64(12.3)}","{'scaling_efficiency': np.float64(39.702381294140906), 'pressure_appetite': np.float64(6.000000000000045), 'creation_tools': np.float64(67.87865018376212), 'opportunity_response': np.float64(60.91428571428571), 'age_trajectory': np.int64(100)}",Medium
Patty Mills,2020-21,25.8,48.09,Role Player,Limited Scaling,Role Player,-0.019499999999999948,2,4,Mixed,False,"Low CII 25.8, low TII 48.1, no creation tools","{'self_created': np.float64(24.7), 'pressure_appetite': np.float64(19.12), 'difficulty_embrace': np.float64(31.16), 'defensive_survival': np.float64(43.05), 'force_multiplication': np.float64(9.21)}","{'scaling_efficiency': np.float64(49.57560880576659), 'pressure_appetite': np.float64(25.20000000000004), 'creation_tools': np.float64(65.91666666666667), 'opportunity_response': np.float64(68.25714285714285), 'age_trajectory': np.float64(35.0)}",High
Paul George,2020-21,63.55,70.18,Luxury Amplifier,High Scaling,Strong Creator,0.030166666666666665,5,1,Steps Up,True,"Positive career leverage (+0.030, 5+/1-), CII 63.5, TII 70.2: Can be #1 (Age 31 > 28, reclassified from Latent Engine)","{'self_created': np.float64(71.13), 'pressure_appetite': np.float64(66.53), 'difficulty_embrace': np.float64(57.13), 'defensive_survival': np.float64(60.33), 'force_multiplication': np.float64(51.02)}","{'scaling_efficiency': np.float64(65.33796653796655), 'pressure_appetite': np.float64(63.66486486486487), 'creation_tools': np.float64(88.8), 'opportunity_response': np.float64(86.0), 'age_trajectory': np.float64(40.01)}",High
Paul Millsap,2020-21,12.67,23.13,Role Player,Low Scaling,Role Player,-0.03999999999999999,1,4,Hides,False,"Low CII 12.7, low TII 23.1, no creation tools","{'self_created': np.float64(10.03), 'pressure_appetite': np.float64(10.0), 'difficulty_embrace': np.float64(7.49), 'defensive_survival': np.float64(25.85), 'force_multiplication': np.float64(17.88)}","{'scaling_efficiency': np.float64(14.68182703274082), 'pressure_appetite': np.float64(1.200000000000001), 'creation_tools': np.float64(33.52697066101096), 'opportunity_response': np.float64(64.82857142857142), 'age_trajectory': np.int64(20)}",High
RJ Barrett,2020-21,32.67,51.23,Role Player,Moderate Scaling,Role Player,-0.04099999999999995,0,2,Hides,True,"Low CII 32.7, low TII 51.2","{'self_created': np.float64(29.18), 'pressure_appetite': np.float64(34.73), 'difficulty_embrace': np.float64(20.06), 'defensive_survival': np.float64(49.67), 'force_multiplication': np.float64(37.73)}","{'scaling_efficiency': np.float64(22.56480670703307), 'pressure_appetite': np.float64(54.86842105263161), 'creation_tools': np.float64(58.04097133076594), 'opportunity_response': np.float64(60.91428571428571), 'age_trajectory': np.int64(100)}",Medium
Raul Neto,2020-21,19.79,40.99,Role Player,Limited Scaling,Role Player,-0.04449999999999995,0,2,Hides,False,"Low CII 19.8, low TII 41.0","{'self_created': np.float64(27.1), 'pressure_appetite': np.float64(10.0), 'difficulty_embrace': np.float64(13.73), 'defensive_survival': np.float64(33.37), 'force_multiplication': np.float64(14.11)}","{'scaling_efficiency': np.float64(39.41001897533205), 'pressure_appetite': np.float64(11.200000000000006), 'creation_tools': np.float64(54.163231051665356), 'opportunity_response': np.float64(65.77142857142857), 'age_trajectory': np.float64(56.67)}",Medium
Reggie Bullock Jr.,2020-21,15.24,41.03,Role Player,Limited Scaling,Role Player,-0.03219999999999998,1,4,Hides,False,"Low CII 15.2, low TII 41.0, no creation tools","{'self_created': np.float64(5.49), 'pressure_appetite': np.float64(10.33), 'difficulty_embrace': np.float64(18.13), 'defensive_survival': np.float64(47.19), 'force_multiplication': np.float64(3.1)}","{'scaling_efficiency': np.float64(24.53901376936316), 'pressure_appetite': np.float64(24.800000000000004), 'creation_tools': np.float64(51.09227642276422), 'opportunity_response': np.float64(82.78571428571429), 'age_trajectory': np.float64(48.34)}",High
Reggie Jackson,2020-21,33.72,60.08,Role Player,Moderate Scaling,Strong Creator,0.07533333333333335,5,1,Steps Up,False,"Positive career leverage (+0.075), CII 33.7 still developing (Age 31 > 25, reclassified from Developing Engine)","{'self_created': np.float64(36.54), 'pressure_appetite': np.float64(28.97), 'difficulty_embrace': np.float64(25.13), 'defensive_survival': np.float64(56.3), 'force_multiplication': np.float64(20.42)}","{'scaling_efficiency': np.float64(63.853963187573115), 'pressure_appetite': np.float64(55.35897435897439), 'creation_tools': np.float64(65.36988742964353), 'opportunity_response': np.float64(66.71428571428571), 'age_trajectory': np.float64(40.01)}",High
Richaun Holmes,2020-21,19.19,48.92,Role Player,Limited Scaling,Luxury Amplifier,-0.04574999999999992,0,4,Hides,True,"Negative career leverage (-0.046, 0+/4-) BUT has creation tools: Thrives as #2","{'self_created': np.float64(0.93), 'pressure_appetite': np.float64(32.55), 'difficulty_embrace': np.float64(10.9), 'defensive_survival': np.float64(36.94), 'force_multiplication': np.float64(30.48)}","{'scaling_efficiency': np.float64(34.95026490014703), 'pressure_appetite': np.float64(50.063583815028935), 'creation_tools': np.float64(26.59836928427088), 'opportunity_response': np.float64(89.53142857142858), 'age_trajectory': np.float64(71.66)}",High
Ricky Rubio,2020-21,21.27,45.23,Role Player,Limited Scaling,Role Player,-0.04166666666666665,0,6,Hides,False,"Low CII 21.3, low TII 45.2, no creation tools","{'self_created': np.float64(21.8), 'pressure_appetite': np.float64(10.0), 'difficulty_embrace': np.float64(24.3), 'defensive_survival': np.float64(36.66), 'force_multiplication': np.float64(18.75)}","{'scaling_efficiency': np.float64(51.35636882671996), 'pressure_appetite': np.float64(14.0), 'creation_tools': np.float64(67.39977707841595), 'opportunity_response': np.float64(53.371428571428574), 'age_trajectory': np.float64(48.34)}",High
Robert Covington,2020-21,21.73,45.58,Role Player,Limited Scaling,Role Player,-0.007666666666666635,2,4,Mixed,False,"Low CII 21.7, low TII 45.6, no creation tools","{'self_created': np.float64(2.76), 'pressure_appetite': np.float64(42.58), 'difficulty_embrace': np.float64(7.31), 'defensive_survival': np.float64(53.86), 'force_multiplication': np.float64(7.14)}","{'scaling_efficiency': np.float64(16.105473684210537), 'pressure_appetite': np.float64(78.25964912280702), 'creation_tools': np.float64(33.424896591071175), 'opportunity_response': np.float64(64.42857142857143), 'age_trajectory': np.float64(48.34)}",High
Rodney Hood,2020-21,20.57,43.39,Role Player,Limited Scaling,Luxury Amplifier,-0.036666666666666646,1,5,Hides,True,"Negative career leverage (-0.037, 1+/5-) BUT has creation tools: Thrives as #2","{'self_created': np.float64(13.08), 'pressure_appetite': np.float64(10.0), 'difficulty_embrace': np.float64(34.8), 'defensive_survival': np.float64(42.11), 'force_multiplication': np.float64(8.72)}","{'scaling_efficiency': np.float64(34.52506532087762), 'pressure_appetite': np.float64(18.400000000000002), 'creation_tools': np.float64(75.42528513774346), 'opportunity_response': np.float64(45.65714285714286), 'age_trajectory': np.float64(64.99000000000001)}",High
Royce O'Neale,2020-21,11.77,42.12,Role Player,Limited Scaling,Role Player,-0.042249999999999996,0,4,Hides,False,"Low CII 11.8, low TII 42.1, no creation tools","{'self_created': np.float64(1.68), 'pressure_appetite': np.float64(13.0), 'difficulty_embrace': np.float64(3.54), 'defensive_survival': np.float64(46.02), 'force_multiplication': np.float64(4.05)}","{'scaling_efficiency': np.float64(17.700545861297538), 'pressure_appetite': np.float64(55.346666666666664), 'creation_tools': np.float64(24.764505776636714), 'opportunity_response': np.float64(76.79428571428572), 'age_trajectory': np.float64(64.99000000000001)}",High
Rudy Gay,2020-21,33.17,43.08,Role Player,Limited Scaling,Luxury Amplifier,-0.0228333333333333,2,4,Hides,True,"Negative career leverage (-0.023, 2+/4-) BUT has creation tools: Thrives as #2","{'self_created': np.float64(25.36), 'pressure_appetite': np.float64(39.83), 'difficulty_embrace': np.float64(33.6), 'defensive_survival': np.float64(45.39), 'force_multiplication': np.float64(20.8)}","{'scaling_efficiency': np.float64(27.7303687396808), 'pressure_appetite': np.float64(47.41449275362318), 'creation_tools': np.float64(64.88276776246023), 'opportunity_response': np.float64(49.51428571428572), 'age_trajectory': np.float64(25.0)}",High
Rudy Gobert,2020-21,15.65,40.49,Role Player,Limited Scaling,Role Player,-0.011333333333333315,2,4,Mixed,False,"Low CII 15.7, low TII 40.5, no creation tools","{'self_created': np.float64(4.39), 'pressure_appetite': np.float64(20.68), 'difficulty_embrace': np.float64(0.2), 'defensive_survival': np.float64(44.7), 'force_multiplication': np.float64(24.15)}","{'scaling_efficiency': np.float64(20.40220743112309), 'pressure_appetite': np.float64(53.18875502008036), 'creation_tools': np.float64(8.766666666666666), 'opportunity_response': np.float64(91.04), 'age_trajectory': np.float64(56.67)}",High
Rui Hachimura,2020-21,20.78,44.12,Role Player,Limited Scaling,Role Player,-0.06649999999999995,0,2,Hides,True,"Low CII 20.8, low TII 44.1","{'self_created': np.float64(11.65), 'pressure_appetite': np.float64(10.67), 'difficulty_embrace': np.float64(28.6), 'defensive_survival': np.float64(43.91), 'force_multiplication': np.float64(23.14)}","{'scaling_efficiency': np.float64(35.57230436662345), 'pressure_appetite': np.float64(9.600000000000005), 'creation_tools': np.float64(64.25338753387534), 'opportunity_response': np.float64(58.0), 'age_trajectory': np.float64(95.0)}",Medium
Russell Westbrook,2020-21,65.17,66.01,Luxury Amplifier,High Scaling,Strong Creator,0.05266666666666662,5,1,Steps Up,True,"Positive career leverage (+0.053), CII 65.2: Stepping up consistently","{'self_created': np.float64(56.33), 'pressure_appetite': np.float64(67.86), 'difficulty_embrace': np.float64(68.91), 'defensive_survival': np.float64(76.64), 'force_multiplication': np.float64(60.3)}","{'scaling_efficiency': np.float64(52.68192837177166), 'pressure_appetite': np.float64(77.2949152542373), 'creation_tools': np.float64(91.15), 'opportunity_response': np.float64(61.0), 'age_trajectory': np.float64(35.0)}",High
Saddiq Bey,2020-21,25.23,52.05,Role Player,Moderate Scaling,Role Player,0.003,1,0,Mixed,False,"Low CII 25.2, low TII 52.0","{'self_created': np.float64(10.61), 'pressure_appetite': np.float64(40.16), 'difficulty_embrace': np.float64(13.63), 'defensive_survival': np.float64(50.01), 'force_multiplication': np.float64(17.78)}","{'scaling_efficiency': np.float64(21.335705069124412), 'pressure_appetite': np.float64(67.58901098901099), 'creation_tools': np.float64(40.98151969981238), 'opportunity_response': np.float64(70.4), 'age_trajectory': np.int64(100)}",Medium
Seth Curry,2020-21,26.0,56.84,Role Player,Moderate Scaling,Luxury Amplifier,-0.05619999999999996,0,5,Hides,True,"Negative career leverage (-0.056, 0+/5-) BUT has creation tools: Thrives as #2","{'self_created': np.float64(27.9), 'pressure_appetite': np.float64(11.5), 'difficulty_embrace': np.float64(42.66), 'defensive_survival': np.float64(36.9), 'force_multiplication': np.float64(6.91)}","{'scaling_efficiency': np.float64(62.64425938698709), 'pressure_appetite': np.float64(16.0), 'creation_tools': np.float64(79.25), 'opportunity_response': np.float64(89.06), 'age_trajectory': np.float64(48.34)}",High
Shai Gilgeous-Alexander,2020-21,78.89,89.77,Strong Creator,Elite Scaling,Franchise Engine,0.034,1,2,Steps Up,True,CII 78.9 >= 74: Already elite creator,"{'self_created': np.float64(92.95), 'pressure_appetite': np.float64(90.0), 'difficulty_embrace': np.float64(51.16), 'defensive_survival': np.float64(86.92), 'force_multiplication': np.float64(52.35)}","{'scaling_efficiency': np.float64(88.41605249873801), 'pressure_appetite': np.float64(98.0), 'creation_tools': np.float64(79.23333333333333), 'opportunity_response': np.float64(86.0), 'age_trajectory': np.int64(100)}",Medium
Shake Milton,2020-21,32.49,47.92,Role Player,Limited Scaling,Role Player,-0.0445,1,1,Hides,True,"Low CII 32.5, low TII 47.9","{'self_created': np.float64(42.15), 'pressure_appetite': np.float64(18.0), 'difficulty_embrace': np.float64(37.94), 'defensive_survival': np.float64(30.97), 'force_multiplication': np.float64(31.07)}","{'scaling_efficiency': np.float64(51.38437839893908), 'pressure_appetite': np.float64(3.600000000000003), 'creation_tools': np.float64(74.85153076844577), 'opportunity_response': np.float64(50.885714285714286), 'age_trajectory': np.float64(90.0)}",Medium
Stanley Johnson,2020-21,23.81,43.32,Role Player,Limited Scaling,Role Player,-0.03150000000000002,2,2,Hides,False,"Low CII 23.8, low TII 43.3, no creation tools","{'self_created': np.float64(10.9), 'pressure_appetite': np.float64(43.19), 'difficulty_embrace': np.float64(6.54), 'defensive_survival': np.float64(50.88), 'force_multiplication': np.float64(8.07)}","{'scaling_efficiency': np.float64(12.457233579206182), 'pressure_appetite': np.float64(77.43076923076922), 'creation_tools': np.float64(24.756566604127578), 'opportunity_response': np.float64(45.14285714285714), 'age_trajectory': np.float64(85.0)}",High
Stephen Curry,2020-21,76.56,74.29,Strong Creator,High Scaling,Franchise Engine,0.06779999999999996,5,0,Steps Up,True,CII 76.6 >= 74: Already elite creator,"{'self_created': np.float64(80.42), 'pressure_appetite': np.float64(84.03), 'difficulty_embrace': np.float64(73.4), 'defensive_survival': np.float64(72.87), 'force_multiplication': np.float64(58.2)}","{'scaling_efficiency': np.float64(73.05652931319709), 'pressure_appetite': np.float64(80.46495468277945), 'creation_tools': np.float64(81.8), 'opportunity_response': np.float64(86.0), 'age_trajectory': np.float64(30.0)}",High
Sterling Brown,2020-21,9.66,40.43,Role Player,Limited Scaling,Role Player,0.007999999999999997,1,1,Mixed,False,"Low CII 9.7, low TII 40.4","{'self_created': np.float64(7.66), 'pressure_appetite': np.float64(10.0), 'difficulty_embrace': np.float64(6.71), 'defensive_survival': np.float64(20.93), 'force_multiplication': np.float64(3.85)}","{'scaling_efficiency': np.float64(30.851430340557272), 'pressure_appetite': np.float64(18.000000000000004), 'creation_tools': np.float64(36.27103123662816), 'opportunity_response': np.float64(77.22285714285715), 'age_trajectory': np.float64(78.33)}",Medium
Steven Adams,2020-21,17.98,39.5,Role Player,Limited Scaling,Role Player,-0.05159999999999996,0,5,Hides,False,"Low CII 18.0, low TII 39.5, no creation tools","{'self_created': np.float64(21.82), 'pressure_appetite': np.float64(12.8), 'difficulty_embrace': np.float64(1.3), 'defensive_survival': np.float64(42.7), 'force_multiplication': np.float64(15.71)}","{'scaling_efficiency': np.float64(16.838072890137873), 'pressure_appetite': np.float64(54.33898305084749), 'creation_tools': np.float64(13.629171834091222), 'opportunity_response': np.float64(73.11714285714285), 'age_trajectory': np.float64(71.66)}",High
Svi Mykhailiuk,2020-21,27.04,52.59,Role Player,Moderate Scaling,Role Player,-0.0365,1,1,Hides,False,"Low CII 27.0, low TII 52.6","{'self_created': np.float64(12.95), 'pressure_appetite': np.float64(40.96), 'difficulty_embrace': np.float64(18.51), 'defensive_survival': np.float64(50.72), 'force_multiplication': np.float64(16.03)}","{'scaling_efficiency': np.float64(29.969482589723043), 'pressure_appetite': np.float64(67.03157894736842), 'creation_tools': np.float64(53.02901155327343), 'opportunity_response': np.float64(48.22857142857143), 'age_trajectory': np.float64(90.0)}",Medium
T.J. McConnell,2020-21,38.31,72.96,Role Player,High Scaling,Luxury Amplifier,-0.009499999999999974,1,3,Mixed,True,"Negative career leverage (-0.009, 1+/3-) BUT has creation tools: Thrives as #2","{'self_created': np.float64(50.9), 'pressure_appetite': np.float64(21.78), 'difficulty_embrace': np.float64(29.97), 'defensive_survival': np.float64(61.63), 'force_multiplication': np.float64(23.58)}","{'scaling_efficiency': np.float64(84.80952380952382), 'pressure_appetite': np.float64(56.917225950783035), 'creation_tools': np.float64(84.4814290391226), 'opportunity_response': np.float64(71.51428571428572), 'age_trajectory': np.float64(56.67)}",High
Terance Mann,2020-21,37.06,58.24,Role Player,Moderate Scaling,Developing Prospect,0.072,1,0,Steps Up,False,"Low CII 37.1, moderate TII 58.2","{'self_created': np.float64(29.89), 'pressure_appetite': np.float64(59.33), 'difficulty_embrace': np.float64(9.96), 'defensive_survival': np.float64(60.28), 'force_multiplication': np.float64(22.31)}","{'scaling_efficiency': np.float64(25.87312280701754), 'pressure_appetite': np.float64(90.2), 'creation_tools': np.float64(40.406007226738936), 'opportunity_response': np.float64(72.32), 'age_trajectory': np.float64(90.0)}",Medium
Terence Davis,2020-21,29.5,46.6,Role Player,Limited Scaling,Role Player,-0.002,0,1,Mixed,False,"Low CII 29.5, low TII 46.6","{'self_created': np.float64(17.91), 'pressure_appetite': np.float64(42.94), 'difficulty_embrace': np.float64(13.4), 'defensive_survival': np.float64(59.82), 'force_multiplication': np.float64(17.39)}","{'scaling_efficiency': np.float64(23.38074793589122), 'pressure_appetite': np.float64(65.16431924882629), 'creation_tools': np.float64(32.38529905721592), 'opportunity_response': np.float64(52.08571428571429), 'age_trajectory': np.float64(90.0)}",Medium
Terrence Ross,2020-21,46.49,54.54,Fragile Star,Moderate Scaling,Luxury Amplifier,-0.009500000000000001,1,5,Mixed,True,"Negative career leverage (-0.010, 1+/5-) BUT has creation tools: Thrives as #2","{'self_created': np.float64(39.23), 'pressure_appetite': np.float64(43.67), 'difficulty_embrace': np.float64(59.49), 'defensive_survival': np.float64(63.88), 'force_multiplication': np.float64(23.2)}","{'scaling_efficiency': np.float64(33.935392375326046), 'pressure_appetite': np.float64(63.118840579710145), 'creation_tools': np.float64(76.65), 'opportunity_response': np.float64(56.114285714285714), 'age_trajectory': np.float64(48.34)}",High
Terry Rozier,2020-21,53.31,70.55,Fragile Star,High Scaling,Luxury Amplifier,-0.03340000000000005,2,3,Hides,True,"Negative career leverage (-0.033, 2+/3-) BUT has creation tools: Thrives as #2","{'self_created': np.float64(42.6), 'pressure_appetite': np.float64(69.36), 'difficulty_embrace': np.float64(41.7), 'defensive_survival': np.float64(74.78), 'force_multiplication': np.float64(36.35)}","{'scaling_efficiency': np.float64(52.59815611283882), 'pressure_appetite': np.float64(84.38571428571427), 'creation_tools': np.float64(71.75), 'opportunity_response': np.float64(81.07142857142857), 'age_trajectory': np.float64(71.66)}",High
Thaddeus Young,2020-21,22.14,29.84,Role Player,Low Scaling,Role Player,-0.05083333333333329,0,6,Hides,False,"Low CII 22.1, low TII 29.8, no creation tools","{'self_created': np.float64(22.93), 'pressure_appetite': np.float64(22.11), 'difficulty_embrace': np.float64(3.3), 'defensive_survival': np.float64(35.3), 'force_multiplication': np.float64(37.8)}","{'scaling_efficiency': np.float64(21.470338426711933), 'pressure_appetite': np.float64(20.000000000000043), 'creation_tools': np.float64(20.48226437819934), 'opportunity_response': np.float64(75.32857142857142), 'age_trajectory': np.float64(30.0)}",High
Theo Maledon,2020-21,26.35,47.59,Role Player,Limited Scaling,Role Player,-0.041,0,1,Hides,False,"Low CII 26.4, low TII 47.6","{'self_created': np.float64(21.83), 'pressure_appetite': np.float64(19.75), 'difficulty_embrace': np.float64(27.56), 'defensive_survival': np.float64(48.22), 'force_multiplication': np.float64(21.14)}","{'scaling_efficiency': np.float64(35.169807497467076), 'pressure_appetite': np.float64(23.6), 'creation_tools': np.float64(64.91369140287148), 'opportunity_response': np.float64(54.4), 'age_trajectory': np.int64(100)}",Medium
Thomas Bryant,2020-21,18.46,46.73,Role Player,Limited Scaling,Role Player,0.0016666666666666661,1,2,Mixed,False,"Low CII 18.5, low TII 46.7","{'self_created': np.float64(4.9), 'pressure_appetite': np.float64(34.97), 'difficulty_embrace': np.float64(4.8), 'defensive_survival': np.float64(38.1), 'force_multiplication': np.float64(15.77)}","{'scaling_efficiency': np.float64(18.880000000000003), 'pressure_appetite': np.float64(57.556237218813905), 'creation_tools': np.float64(20.216225248142052), 'opportunity_response': np.float64(87.55142857142857), 'age_trajectory': np.float64(95.0)}",Medium
Tim Hardaway Jr.,2020-21,26.86,47.67,Role Player,Limited Scaling,Luxury Amplifier,-0.01579999999999996,1,4,Mixed,True,"Negative career leverage (-0.016, 1+/4-) BUT has creation tools: Thrives as #2","{'self_created': np.float64(29.3), 'pressure_appetite': np.float64(20.17), 'difficulty_embrace': np.float64(32.99), 'defensive_survival': np.float64(32.48), 'force_multiplication': np.float64(15.6)}","{'scaling_efficiency': np.float64(46.74283250779673), 'pressure_appetite': np.float64(12.399999999999999), 'creation_tools': np.float64(65.71419229409685), 'opportunity_response': np.float64(78.27714285714286), 'age_trajectory': np.float64(56.67)}",High
Tobias Harris,2020-21,55.84,74.42,Luxury Amplifier,High Scaling,Luxury Amplifier,-0.04183333333333328,1,5,Hides,True,"Negative career leverage (-0.042, 1+/5-) BUT has creation tools: Thrives as #2","{'self_created': np.float64(59.76), 'pressure_appetite': np.float64(60.43), 'difficulty_embrace': np.float64(38.26), 'defensive_survival': np.float64(68.05), 'force_multiplication': np.float64(49.46)}","{'scaling_efficiency': np.float64(65.09730714776343), 'pressure_appetite': np.float64(78.53164556962025), 'creation_tools': np.float64(77.05), 'opportunity_response': np.float64(89.0), 'age_trajectory': np.float64(64.99000000000001)}",High
Tomas Satoransky,2020-21,21.86,48.28,Role Player,Limited Scaling,Role Player,-0.036,0,3,Hides,False,"Low CII 21.9, low TII 48.3","{'self_created': np.float64(33.87), 'pressure_appetite': np.float64(10.0), 'difficulty_embrace': np.float64(16.67), 'defensive_survival': np.float64(28.66), 'force_multiplication': np.float64(15.61)}","{'scaling_efficiency': np.float64(46.4150796460177), 'pressure_appetite': np.float64(16.400000000000002), 'creation_tools': np.float64(60.51138211382114), 'opportunity_response': np.float64(83.21428571428572), 'age_trajectory': np.float64(56.67)}",Medium
Trae Young,2020-21,83.4,83.91,Franchise Engine,Elite Scaling,Franchise Engine,0.0959999999999999,3,0,Steps Up,True,CII 83.4 >= 74: Already elite creator,"{'self_created': np.float64(95.8), 'pressure_appetite': np.float64(90.0), 'difficulty_embrace': np.float64(70.1), 'defensive_survival': np.float64(75.11), 'force_multiplication': np.float64(68.7)}","{'scaling_efficiency': np.float64(83.28107087924161), 'pressure_appetite': np.float64(81.29999999999998), 'creation_tools': np.float64(78.51666666666667), 'opportunity_response': np.float64(86.0), 'age_trajectory': np.int64(100)}",Medium
Tristan Thompson,2020-21,15.72,22.24,Role Player,Low Scaling,Role Player,-0.041333333333333305,0,6,Hides,False,"Low CII 15.7, low TII 22.2, no creation tools","{'self_created': np.float64(18.12), 'pressure_appetite': np.float64(10.0), 'difficulty_embrace': np.float64(2.3), 'defensive_survival': np.float64(31.72), 'force_multiplication': np.float64(25.66)}","{'scaling_efficiency': np.float64(11.542574595055417), 'pressure_appetite': np.float64(13.200000000000038), 'creation_tools': np.float64(14.661698283649503), 'opportunity_response': np.float64(51.4), 'age_trajectory': np.float64(48.34)}",High
Tyler Herro,2020-21,43.52,60.99,Fragile Star,Moderate Scaling,Developing Prospect,-0.01349999999999995,0,2,Mixed,True,"Low CII 43.5, moderate TII 61.0","{'self_created': np.float64(41.29), 'pressure_appetite': np.float64(43.23), 'difficulty_embrace': np.float64(48.93), 'defensive_survival': np.float64(50.42), 'force_multiplication': np.float64(29.79)}","{'scaling_efficiency': np.float64(45.55416758951644), 'pressure_appetite': np.float64(51.519999999999996), 'creation_tools': np.float64(79.5), 'opportunity_response': np.float64(56.971428571428575), 'age_trajectory': np.int64(100)}",Medium
Tyrese Haliburton,2020-21,35.49,64.59,Role Player,Moderate Scaling,Developing Prospect,-0.0609999999999999,0,1,Hides,True,"Low CII 35.5, moderate TII 64.6","{'self_created': np.float64(50.19), 'pressure_appetite': np.float64(12.33), 'difficulty_embrace': np.float64(39.89), 'defensive_survival': np.float64(54.37), 'force_multiplication': np.float64(12.14)}","{'scaling_efficiency': np.float64(74.72550394390883), 'pressure_appetite': np.float64(15.60000000000004), 'creation_tools': np.float64(79.18333333333334), 'opportunity_response': np.float64(82.88), 'age_trajectory': np.int64(100)}",Medium
Victor Oladipo,2020-21,45.72,51.34,Fragile Star,Moderate Scaling,Strong Creator,0.03816666666666666,4,2,Steps Up,True,"Positive career leverage (+0.038), CII 45.7: Stepping up consistently","{'self_created': np.float64(42.69), 'pressure_appetite': np.float64(46.97), 'difficulty_embrace': np.float64(47.61), 'defensive_survival': np.float64(54.11), 'force_multiplication': np.float64(35.29)}","{'scaling_efficiency': np.float64(36.19383894827481), 'pressure_appetite': np.float64(48.48951048951052), 'creation_tools': np.float64(69.18333333333334), 'opportunity_response': np.float64(59.02857142857143), 'age_trajectory': np.float64(56.67)}",High
Wayne Ellington,2020-21,12.0,41.7,Role Player,Limited Scaling,Role Player,-0.031999999999999966,1,5,Hides,False,"Low CII 12.0, low TII 41.7, no creation tools","{'self_created': np.float64(9.9), 'pressure_appetite': np.float64(10.0), 'difficulty_embrace': np.float64(20.71), 'defensive_survival': np.float64(15.13), 'force_multiplication': np.float64(1.23)}","{'scaling_efficiency': np.float64(50.067489711934144), 'pressure_appetite': np.float64(1.200000000000001), 'creation_tools': np.float64(54.84040951520626), 'opportunity_response': np.float64(82.74285714285713), 'age_trajectory': np.float64(30.0)}",High
Wendell Carter Jr.,2020-21,19.85,46.64,Role Player,Limited Scaling,Role Player,-0.037333333333333295,0,3,Hides,False,"Low CII 19.9, low TII 46.6","{'self_created': np.float64(3.02), 'pressure_appetite': np.float64(27.52), 'difficulty_embrace': np.float64(10.8), 'defensive_survival': np.float64(46.54), 'force_multiplication': np.float64(29.27)}","{'scaling_efficiency': np.float64(22.570209782261202), 'pressure_appetite': np.float64(55.2730496453901), 'creation_tools': np.float64(28.610119356512715), 'opportunity_response': np.float64(68.85714285714286), 'age_trajectory': np.int64(100)}",Medium
Wesley Matthews,2020-21,11.57,31.13,Role Player,Low Scaling,Role Player,-0.029333333333333298,0,6,Hides,False,"Low CII 11.6, low TII 31.1, no creation tools","{'self_created': np.float64(2.19), 'pressure_appetite': np.float64(12.03), 'difficulty_embrace': np.float64(6.03), 'defensive_survival': np.float64(42.15), 'force_multiplication': np.float64(3.8)}","{'scaling_efficiency': np.float64(9.121722007722008), 'pressure_appetite': np.float64(54.108108108108105), 'creation_tools': np.float64(26.023317219658683), 'opportunity_response': np.float64(47.714285714285715), 'age_trajectory': np.float64(25.0)}",High
Will Barton,2020-21,33.36,54.31,Role Player,Moderate Scaling,Role Player,-0.0031666666666666982,4,2,Mixed,False,"Low CII 33.4, low TII 54.3, no creation tools","{'self_created': np.float64(28.0), 'pressure_appetite': np.float64(32.67), 'difficulty_embrace': np.float64(26.77), 'defensive_survival': np.float64(60.47), 'force_multiplication': np.float64(23.73)}","{'scaling_efficiency': np.float64(40.91777928372217), 'pressure_appetite': np.float64(59.98573975044563), 'creation_tools': np.float64(67.83489196121909), 'opportunity_response': np.float64(57.57142857142857), 'age_trajectory': np.float64(48.34)}",High
Willy Hernangomez,2020-21,17.14,36.45,Role Player,Limited Scaling,Role Player,-0.011,0,2,Mixed,False,"Low CII 17.1, low TII 36.5","{'self_created': np.float64(14.0), 'pressure_appetite': np.float64(26.49), 'difficulty_embrace': np.float64(2.0), 'defensive_survival': np.float64(31.15), 'force_multiplication': np.float64(12.46)}","{'scaling_efficiency': np.float64(15.503107770531663), 'pressure_appetite': np.float64(46.04819277108433), 'creation_tools': np.float64(12.004672347928299), 'opportunity_response': np.float64(71.47142857142858), 'age_trajectory': np.float64(71.66)}",Medium
Zach LaVine,2020-21,79.55,80.84,Strong Creator,Elite Scaling,Franchise Engine,0.06450000000000002,4,2,Steps Up,True,CII 79.5 >= 74: Already elite creator,"{'self_created': np.float64(86.71), 'pressure_appetite': np.float64(90.0), 'difficulty_embrace': np.float64(66.33), 'defensive_survival': np.float64(75.15), 'force_multiplication': np.float64(65.03)}","{'scaling_efficiency': np.float64(73.57778454424476), 'pressure_appetite': np.float64(84.2), 'creation_tools': np.float64(84.93333333333334), 'opportunity_response': np.float64(86.0), 'age_trajectory': np.float64(78.33)}",High
Zion Williamson,2020-21,37.14,50.91,Role Player,Moderate Scaling,Role Player,-0.0284999999999999,0,2,Hides,False,"Low CII 37.1, low TII 50.9","{'self_created': np.float64(33.74), 'pressure_appetite': np.float64(46.4), 'difficulty_embrace': np.float64(5.59), 'defensive_survival': np.float64(44.02), 'force_multiplication': np.float64(76.97)}","{'scaling_efficiency': np.float64(29.03466860665467), 'pressure_appetite': np.float64(55.70267131242744), 'creation_tools': np.float64(26.85604798730914), 'opportunity_response': np.float64(86.0), 'age_trajectory': np.int64(100)}",Medium
