player_name,season,cii,tii,cii_archetype,tii_archetype,archetype_2d,career_leverage_mean,career_positive_seasons,career_negative_seasons,career_pattern,has_creation_tools,reasoning,cii_components,tii_components,confidence
Aaron Gordon,2016-17,25.32,42.3,Role Player,Limited Scaling,Role Player,-0.0595,0,2,Hides,True,"Low CII 25.3, low TII 42.3","{'self_created': np.float64(24.94), 'pressure_appetite': np.float64(14.33), 'difficulty_embrace': np.float64(27.79), 'defensive_survival': np.float64(41.87), 'force_multiplication': np.float64(24.18)}","{'scaling_efficiency': np.float64(29.030105592323675), 'pressure_appetite': np.float64(11.600000000000005), 'creation_tools': np.float64(61.74987619165532), 'opportunity_response': np.float64(55.599999999999994), 'age_trajectory': np.int64(100)}",Medium
Al Horford,2016-17,22.05,36.24,Role Player,Limited Scaling,Role Player,-0.031,0,2,Hides,True,"Low CII 22.1, low TII 36.2","{'self_created': np.float64(13.34), 'pressure_appetite': np.float64(17.83), 'difficulty_embrace': np.float64(24.3), 'defensive_survival': np.float64(39.03), 'force_multiplication': np.float64(28.79)}","{'scaling_efficiency': np.float64(24.073565645150573), 'pressure_appetite': np.float64(20.4), 'creation_tools': np.float64(51.087282229965155), 'opportunity_response': np.float64(64.68571428571428), 'age_trajectory': np.float64(40.01)}",Medium
Al-Farouq Aminu,2016-17,12.76,29.84,Role Player,Low Scaling,Role Player,-0.031499999999999945,0,2,Hides,False,"Low CII 12.8, low TII 29.8","{'self_created': np.float64(8.27), 'pressure_appetite': np.float64(12.5), 'difficulty_embrace': np.float64(7.19), 'defensive_survival': np.float64(26.33), 'force_multiplication': np.float64(17.63)}","{'scaling_efficiency': np.float64(7.6745864174718), 'pressure_appetite': np.float64(24.00000000000004), 'creation_tools': np.float64(26.56195908733281), 'opportunity_response': np.float64(55.94285714285715), 'age_trajectory': np.float64(78.33)}",Medium
Alan Williams,2016-17,17.08,33.93,Role Player,Low Scaling,Role Player,-0.024,0,1,Hides,False,"Low CII 17.1, low TII 33.9","{'self_created': np.float64(5.6), 'pressure_appetite': np.float64(31.07), 'difficulty_embrace': np.float64(4.4), 'defensive_survival': np.float64(33.1), 'force_multiplication': np.float64(17.87)}","{'scaling_efficiency': np.float64(8.94759442889039), 'pressure_appetite': np.float64(51.87192118226601), 'creation_tools': np.float64(13.454723857583403), 'opportunity_response': np.float64(43.94285714285714), 'age_trajectory': np.float64(90.0)}",Medium
Alec Burks,2016-17,39.95,50.9,Role Player,Moderate Scaling,Role Player,0.034,2,0,Steps Up,True,"Low CII 40.0, low TII 50.9","{'self_created': np.float64(22.68), 'pressure_appetite': np.float64(60.75), 'difficulty_embrace': np.float64(26.73), 'defensive_survival': np.float64(64.21), 'force_multiplication': np.float64(29.84)}","{'scaling_efficiency': np.float64(15.86974550428451), 'pressure_appetite': np.float64(81.18490566037735), 'creation_tools': np.float64(53.501902132228864), 'opportunity_response': np.float64(44.285714285714285), 'age_trajectory': np.float64(85.0)}",Medium
Alex Len,2016-17,12.28,26.47,Role Player,Low Scaling,Role Player,-0.108,0,2,Hides,False,"Low CII 12.3, low TII 26.5","{'self_created': np.float64(12.5), 'pressure_appetite': np.float64(10.0), 'difficulty_embrace': np.float64(9.9), 'defensive_survival': np.float64(16.66), 'force_multiplication': np.float64(15.5)}","{'scaling_efficiency': np.float64(15.854098586281703), 'pressure_appetite': np.float64(0.0), 'creation_tools': np.float64(22.749911223250162), 'opportunity_response': np.float64(54.400000000000006), 'age_trajectory': np.float64(90.0)}",Medium
Andre Drummond,2016-17,18.87,29.61,Role Player,Low Scaling,Role Player,-0.035,0,2,Hides,False,"Low CII 18.9, low TII 29.6","{'self_created': np.float64(12.28), 'pressure_appetite': np.float64(19.17), 'difficulty_embrace': np.float64(10.4), 'defensive_survival': np.float64(36.55), 'force_multiplication': np.float64(28.35)}","{'scaling_efficiency': np.float64(8.929913834626706), 'pressure_appetite': np.float64(13.2), 'creation_tools': np.float64(28.303325276496007), 'opportunity_response': np.float64(56.457142857142856), 'age_trajectory': np.float64(95.0)}",Medium
Andre Iguodala,2016-17,12.57,39.09,Role Player,Limited Scaling,Role Player,-0.03900000000000005,1,1,Hides,True,"Low CII 12.6, low TII 39.1","{'self_created': np.float64(7.5), 'pressure_appetite': np.float64(10.0), 'difficulty_embrace': np.float64(15.16), 'defensive_survival': np.float64(22.39), 'force_multiplication': np.float64(14.28)}","{'scaling_efficiency': np.float64(38.250339874120705), 'pressure_appetite': np.float64(7.200000000000002), 'creation_tools': np.float64(48.956650552992016), 'opportunity_response': np.float64(86.79714285714286), 'age_trajectory': np.float64(30.0)}",Medium
Andre Roberson,2016-17,8.97,27.02,Role Player,Low Scaling,Role Player,-0.0345,0,2,Hides,False,"Low CII 9.0, low TII 27.0","{'self_created': np.float64(0.79), 'pressure_appetite': np.float64(10.0), 'difficulty_embrace': np.float64(1.49), 'defensive_survival': np.float64(36.44), 'force_multiplication': np.float64(4.71)}","{'scaling_efficiency': np.float64(3.591111111111111), 'pressure_appetite': np.float64(25.600000000000005), 'creation_tools': np.float64(12.616083600229942), 'opportunity_response': np.float64(56.8), 'age_trajectory': np.float64(85.0)}",Medium
Andrew Bogut,2016-17,9.32,26.53,Role Player,Low Scaling,Role Player,-0.01799999999999995,0,2,Mixed,False,"Low CII 9.3, low TII 26.5","{'self_created': np.float64(8.5), 'pressure_appetite': np.float64(10.0), 'difficulty_embrace': np.float64(5.9), 'defensive_survival': np.float64(16.99), 'force_multiplication': np.float64(5.37)}","{'scaling_efficiency': np.float64(5.461234399818472), 'pressure_appetite': np.float64(39.3141025641026), 'creation_tools': np.float64(20.677736085053155), 'opportunity_response': np.float64(49.51428571428572), 'age_trajectory': np.float64(35.0)}",Medium
Andrew Wiggins,2016-17,63.37,64.57,Luxury Amplifier,Moderate Scaling,Strong Creator,0.04799999999999995,2,0,Steps Up,True,"CII 63.4, TII 64.6","{'self_created': np.float64(50.73), 'pressure_appetite': np.float64(77.46), 'difficulty_embrace': np.float64(61.01), 'defensive_survival': np.float64(64.84), 'force_multiplication': np.float64(68.6)}","{'scaling_efficiency': np.float64(36.303027625116414), 'pressure_appetite': np.float64(72.68601398601399), 'creation_tools': np.float64(81.8), 'opportunity_response': np.float64(61.0), 'age_trajectory': np.int64(100)}",Medium
Anthony Davis,2016-17,50.72,69.38,Fragile Star,High Scaling,Strong Creator,0.0,1,1,Mixed,True,"CII 50.7, TII 69.4","{'self_created': np.float64(29.15), 'pressure_appetite': np.float64(73.5), 'difficulty_embrace': np.float64(42.19), 'defensive_survival': np.float64(50.53), 'force_multiplication': np.float64(75.79)}","{'scaling_efficiency': np.float64(55.796241797574055), 'pressure_appetite': np.float64(66.65607476635512), 'creation_tools': np.float64(70.36717574652383), 'opportunity_response': np.float64(86.0), 'age_trajectory': np.float64(90.0)}",Medium
Anthony Tolliver,2016-17,8.21,24.97,Role Player,Low Scaling,Role Player,-0.079,0,1,Hides,False,"Low CII 8.2, low TII 25.0","{'self_created': np.float64(0.59), 'pressure_appetite': np.float64(10.0), 'difficulty_embrace': np.float64(5.1), 'defensive_survival': np.float64(29.37), 'force_multiplication': np.float64(1.05)}","{'scaling_efficiency': np.float64(14.498857269756668), 'pressure_appetite': np.float64(8.400000000000002), 'creation_tools': np.float64(18.156525459991443), 'opportunity_response': np.float64(75.90285714285714), 'age_trajectory': np.float64(35.0)}",Medium
Aron Baynes,2016-17,11.58,32.54,Role Player,Low Scaling,Role Player,-0.03,0,1,Hides,True,"Low CII 11.6, low TII 32.5","{'self_created': np.float64(6.02), 'pressure_appetite': np.float64(13.55), 'difficulty_embrace': np.float64(14.1), 'defensive_survival': np.float64(19.77), 'force_multiplication': np.float64(6.05)}","{'scaling_efficiency': np.float64(16.186841704883815), 'pressure_appetite': np.float64(40.115107913669064), 'creation_tools': np.float64(26.404380885535478), 'opportunity_response': np.float64(50.285714285714285), 'age_trajectory': np.float64(48.34)}",Medium
Arron Afflalo,2016-17,22.32,46.71,Role Player,Limited Scaling,Role Player,0.011000000000000048,1,1,Steps Up,True,"Low CII 22.3, low TII 46.7","{'self_created': np.float64(20.28), 'pressure_appetite': np.float64(10.67), 'difficulty_embrace': np.float64(32.67), 'defensive_survival': np.float64(40.57), 'force_multiplication': np.float64(9.47)}","{'scaling_efficiency': np.float64(42.56552683772571), 'pressure_appetite': np.float64(24.40000000000004), 'creation_tools': np.float64(74.78320825515948), 'opportunity_response': np.float64(59.2), 'age_trajectory': np.float64(40.01)}",Medium
Avery Bradley,2016-17,30.69,48.24,Role Player,Limited Scaling,Role Player,-0.0479999999999999,0,1,Hides,True,"Low CII 30.7, low TII 48.2","{'self_created': np.float64(24.68), 'pressure_appetite': np.float64(22.77), 'difficulty_embrace': np.float64(40.8), 'defensive_survival': np.float64(51.41), 'force_multiplication': np.float64(17.24)}","{'scaling_efficiency': np.float64(34.21895381408378), 'pressure_appetite': np.float64(20.800000000000047), 'creation_tools': np.float64(79.97906976744186), 'opportunity_response': np.float64(59.62857142857143), 'age_trajectory': np.float64(78.33)}",Medium
Ben McLemore,2016-17,16.49,33.98,Role Player,Low Scaling,Role Player,-0.058499999999999955,0,2,Hides,True,"Low CII 16.5, low TII 34.0","{'self_created': np.float64(7.82), 'pressure_appetite': np.float64(12.33), 'difficulty_embrace': np.float64(25.63), 'defensive_survival': np.float64(36.17), 'force_multiplication': np.float64(5.08)}","{'scaling_efficiency': np.float64(14.58452791878173), 'pressure_appetite': np.float64(6.800000000000002), 'creation_tools': np.float64(58.844257356279144), 'opportunity_response': np.float64(47.542857142857144), 'age_trajectory': np.float64(90.0)}",Medium
Bismack Biyombo,2016-17,8.23,28.07,Role Player,Low Scaling,Role Player,-0.05,0,2,Hides,False,"Low CII 8.2, low TII 28.1","{'self_created': np.float64(0.66), 'pressure_appetite': np.float64(10.0), 'difficulty_embrace': np.float64(4.5), 'defensive_survival': np.float64(20.82), 'force_multiplication': np.float64(15.08)}","{'scaling_efficiency': np.float64(8.49152687429903), 'pressure_appetite': np.float64(22.800000000000004), 'creation_tools': np.float64(16.665489625045506), 'opportunity_response': np.float64(49.94285714285714), 'age_trajectory': np.float64(90.0)}",Medium
Blake Griffin,2016-17,41.7,58.64,Fragile Star,Moderate Scaling,Role Player,-0.0085,0,2,Mixed,True,"Low CII 41.7, moderate TII 58.6 (Age 28 > 25, reclassified from Developing Prospect)","{'self_created': np.float64(34.4), 'pressure_appetite': np.float64(50.49), 'difficulty_embrace': np.float64(34.97), 'defensive_survival': np.float64(34.16), 'force_multiplication': np.float64(66.44)}","{'scaling_efficiency': np.float64(48.627646677100415), 'pressure_appetite': np.float64(50.01449275362319), 'creation_tools': np.float64(67.0193531283139), 'opportunity_response': np.float64(77.64285714285714), 'age_trajectory': np.float64(64.99000000000001)}",Medium
Bobby Portis,2016-17,14.67,32.09,Role Player,Low Scaling,Role Player,-0.077,0,1,Hides,True,"Low CII 14.7, low TII 32.1","{'self_created': np.float64(9.23), 'pressure_appetite': np.float64(12.17), 'difficulty_embrace': np.float64(28.2), 'defensive_survival': np.float64(17.07), 'force_multiplication': np.float64(6.57)}","{'scaling_efficiency': np.float64(13.046783625730997), 'pressure_appetite': np.float64(9.200000000000003), 'creation_tools': np.float64(46.07928968763372), 'opportunity_response': np.float64(44.37142857142857), 'age_trajectory': np.int64(100)}",Medium
Bojan Bogdanovic,2016-17,26.9,47.17,Role Player,Limited Scaling,Role Player,-0.0495,0,2,Hides,False,"Low CII 26.9, low TII 47.2","{'self_created': np.float64(21.81), 'pressure_appetite': np.float64(28.53), 'difficulty_embrace': np.float64(18.06), 'defensive_survival': np.float64(45.15), 'force_multiplication': np.float64(28.37)}","{'scaling_efficiency': np.float64(44.43667017913592), 'pressure_appetite': np.float64(25.200000000000003), 'creation_tools': np.float64(46.139248988380295), 'opportunity_response': np.float64(78.73142857142858), 'age_trajectory': np.float64(64.99000000000001)}",Medium
Boris Diaw,2016-17,19.83,29.27,Role Player,Low Scaling,Role Player,-0.033,0,1,Hides,True,"Low CII 19.8, low TII 29.3","{'self_created': np.float64(16.49), 'pressure_appetite': np.float64(15.64), 'difficulty_embrace': np.float64(15.69), 'defensive_survival': np.float64(46.02), 'force_multiplication': np.float64(9.33)}","{'scaling_efficiency': np.float64(18.651880679047913), 'pressure_appetite': np.float64(26.799999999999997), 'creation_tools': np.float64(40.287102734663705), 'opportunity_response': np.float64(46.08571428571429), 'age_trajectory': np.int64(20)}",Medium
Bradley Beal,2016-17,51.81,74.12,Fragile Star,High Scaling,Latent Engine,0.01149999999999995,1,1,Steps Up,True,"Medium CII 51.8, high TII 74.1, has tools","{'self_created': np.float64(45.9), 'pressure_appetite': np.float64(62.11), 'difficulty_embrace': np.float64(45.0), 'defensive_survival': np.float64(61.89), 'force_multiplication': np.float64(42.28)}","{'scaling_efficiency': np.float64(56.592832821184174), 'pressure_appetite': np.float64(73.49302325581392), 'creation_tools': np.float64(82.1), 'opportunity_response': np.float64(89.0), 'age_trajectory': np.float64(90.0)}",Medium
Brandon Ingram,2016-17,23.49,45.32,Role Player,Limited Scaling,Role Player,-0.066,0,1,Hides,True,"Low CII 23.5, low TII 45.3","{'self_created': np.float64(19.79), 'pressure_appetite': np.float64(10.0), 'difficulty_embrace': np.float64(30.57), 'defensive_survival': np.float64(43.3), 'force_multiplication': np.float64(24.48)}","{'scaling_efficiency': np.float64(31.29205192864481), 'pressure_appetite': np.float64(13.599999999999998), 'creation_tools': np.float64(70.82055539230092), 'opportunity_response': np.float64(55.771428571428565), 'age_trajectory': np.int64(100)}",Medium
Brandon Jennings,2016-17,29.09,49.62,Role Player,Limited Scaling,Role Player,-0.034999999999999955,0,2,Hides,True,"Low CII 29.1, low TII 49.6","{'self_created': np.float64(31.91), 'pressure_appetite': np.float64(11.5), 'difficulty_embrace': np.float64(36.43), 'defensive_survival': np.float64(45.01), 'force_multiplication': np.float64(26.0)}","{'scaling_efficiency': np.float64(50.53333333333333), 'pressure_appetite': np.float64(14.80000000000004), 'creation_tools': np.float64(80.44131215730762), 'opportunity_response': np.float64(50.028571428571425), 'age_trajectory': np.float64(71.66)}",Medium
Brandon Knight,2016-17,34.48,44.97,Role Player,Limited Scaling,Role Player,-0.03149999999999995,1,1,Hides,True,"Low CII 34.5, low TII 45.0","{'self_created': np.float64(40.67), 'pressure_appetite': np.float64(21.17), 'difficulty_embrace': np.float64(42.54), 'defensive_survival': np.float64(31.99), 'force_multiplication': np.float64(36.8)}","{'scaling_efficiency': np.float64(36.14433963072442), 'pressure_appetite': np.float64(7.600000000000038), 'creation_tools': np.float64(81.8397718332022), 'opportunity_response': np.float64(49.08571428571429), 'age_trajectory': np.float64(85.0)}",Medium
Brandon Rush,2016-17,8.74,30.26,Role Player,Low Scaling,Role Player,-0.026,0,1,Hides,True,"Low CII 8.7, low TII 30.3","{'self_created': np.float64(1.03), 'pressure_appetite': np.float64(10.0), 'difficulty_embrace': np.float64(12.89), 'defensive_survival': np.float64(19.86), 'force_multiplication': np.float64(3.7)}","{'scaling_efficiency': np.float64(5.269795918367345), 'pressure_appetite': np.float64(40.11333333333333), 'creation_tools': np.float64(35.930965551923556), 'opportunity_response': np.float64(49.77142857142857), 'age_trajectory': np.float64(40.01)}",Medium
Brook Lopez,2016-17,27.14,37.46,Role Player,Limited Scaling,Role Player,-0.05099999999999995,0,2,Hides,False,"Low CII 27.1, low TII 37.5","{'self_created': np.float64(23.56), 'pressure_appetite': np.float64(30.4), 'difficulty_embrace': np.float64(15.16), 'defensive_survival': np.float64(27.8), 'force_multiplication': np.float64(52.7)}","{'scaling_efficiency': np.float64(31.344636424234338), 'pressure_appetite': np.float64(12.800000000000043), 'creation_tools': np.float64(40.543802945022456), 'opportunity_response': np.float64(73.87142857142857), 'age_trajectory': np.float64(56.67)}",Medium
Buddy Hield,2016-17,28.12,45.55,Role Player,Limited Scaling,Role Player,-0.0429999999999999,0,1,Hides,True,"Low CII 28.1, low TII 45.5","{'self_created': np.float64(28.1), 'pressure_appetite': np.float64(23.66), 'difficulty_embrace': np.float64(30.27), 'defensive_survival': np.float64(40.99), 'force_multiplication': np.float64(15.69)}","{'scaling_efficiency': np.float64(35.44828928736456), 'pressure_appetite': np.float64(22.80000000000004), 'creation_tools': np.float64(63.020832847084456), 'opportunity_response': np.float64(50.71428571428571), 'age_trajectory': np.float64(90.0)}",Medium
C.J. Watson,2016-17,36.22,50.44,Role Player,Moderate Scaling,Role Player,0.0359999999999999,1,0,Steps Up,True,"Low CII 36.2, low TII 50.4","{'self_created': np.float64(18.94), 'pressure_appetite': np.float64(52.5), 'difficulty_embrace': np.float64(31.31), 'defensive_survival': np.float64(65.72), 'force_multiplication': np.float64(12.9)}","{'scaling_efficiency': np.float64(22.009035971223017), 'pressure_appetite': np.float64(82.37985611510788), 'creation_tools': np.float64(67.49114172076972), 'opportunity_response': np.float64(44.971428571428575), 'age_trajectory': np.float64(30.0)}",Medium
CJ McCollum,2016-17,61.34,73.87,Luxury Amplifier,High Scaling,Latent Engine,-0.013000000000000001,0,2,Mixed,True,"Medium CII 61.3, high TII 73.9, has tools","{'self_created': np.float64(73.93), 'pressure_appetite': np.float64(44.8), 'difficulty_embrace': np.float64(68.23), 'defensive_survival': np.float64(68.61), 'force_multiplication': np.float64(40.28)}","{'scaling_efficiency': np.float64(67.17033278454024), 'pressure_appetite': np.float64(57.589552238805965), 'creation_tools': np.float64(95.25), 'opportunity_response': np.float64(78.5), 'age_trajectory': np.float64(85.0)}",Medium
Caris LeVert,2016-17,26.73,53.75,Role Player,Moderate Scaling,Role Player,-0.0229999999999999,0,1,Hides,False,"Low CII 26.7, low TII 53.8","{'self_created': np.float64(32.64), 'pressure_appetite': np.float64(22.76), 'difficulty_embrace': np.float64(19.24), 'defensive_survival': np.float64(36.32), 'force_multiplication': np.float64(19.56)}","{'scaling_efficiency': np.float64(47.13637911203129), 'pressure_appetite': np.float64(43.761904761904795), 'creation_tools': np.float64(51.65445387062566), 'opportunity_response': np.float64(55.599999999999994), 'age_trajectory': np.int64(100)}",Medium
Carmelo Anthony,2016-17,66.77,60.36,Luxury Amplifier,Moderate Scaling,Strong Creator,0.057499999999999996,2,0,Steps Up,True,CII 66.8: Good creation (limited career data),"{'self_created': np.float64(55.87), 'pressure_appetite': np.float64(75.58), 'difficulty_embrace': np.float64(73.91), 'defensive_survival': np.float64(67.79), 'force_multiplication': np.float64(61.63)}","{'scaling_efficiency': np.float64(40.64332334332335), 'pressure_appetite': np.float64(79.83636363636364), 'creation_tools': np.float64(80.75), 'opportunity_response': np.float64(60.39999999999999), 'age_trajectory': np.float64(30.0)}",Medium
Channing Frye,2016-17,9.51,30.5,Role Player,Low Scaling,Role Player,-0.096,0,1,Hides,True,"Low CII 9.5, low TII 30.5","{'self_created': np.float64(1.15), 'pressure_appetite': np.float64(10.0), 'difficulty_embrace': np.float64(15.39), 'defensive_survival': np.float64(20.24), 'force_multiplication': np.float64(5.52)}","{'scaling_efficiency': np.float64(24.427408403016468), 'pressure_appetite': np.float64(1.6000000000000014), 'creation_tools': np.float64(41.51029529466279), 'opportunity_response': np.float64(79.82), 'age_trajectory': np.float64(25.0)}",Medium
Chris Paul,2016-17,79.34,82.08,Strong Creator,Elite Scaling,Franchise Engine,0.04049999999999995,2,0,Steps Up,True,CII 79.3 >= 74: Already elite creator,"{'self_created': np.float64(98.57), 'pressure_appetite': np.float64(73.33), 'difficulty_embrace': np.float64(86.9), 'defensive_survival': np.float64(60.81), 'force_multiplication': np.float64(49.33)}","{'scaling_efficiency': np.float64(91.56349892691895), 'pressure_appetite': np.float64(74.20460251046025), 'creation_tools': np.float64(96.25), 'opportunity_response': np.float64(88.7), 'age_trajectory': np.float64(35.0)}",Medium
Clint Capela,2016-17,8.0,30.06,Role Player,Low Scaling,Role Player,-0.117,0,1,Hides,False,"Low CII 8.0, low TII 30.1","{'self_created': np.float64(0.72), 'pressure_appetite': np.float64(10.0), 'difficulty_embrace': np.float64(0.5), 'defensive_survival': np.float64(24.5), 'force_multiplication': np.float64(15.13)}","{'scaling_efficiency': np.float64(19.480452049275915), 'pressure_appetite': np.float64(0.0), 'creation_tools': np.float64(10.166666666666668), 'opportunity_response': np.float64(84.53428571428572), 'age_trajectory': np.float64(95.0)}",Medium
Cody Zeller,2016-17,11.35,36.77,Role Player,Limited Scaling,Role Player,-0.05149999999999995,0,2,Hides,False,"Low CII 11.3, low TII 36.8","{'self_created': np.float64(1.0), 'pressure_appetite': np.float64(12.6), 'difficulty_embrace': np.float64(6.5), 'defensive_survival': np.float64(31.15), 'force_multiplication': np.float64(19.27)}","{'scaling_efficiency': np.float64(18.188030850696443), 'pressure_appetite': np.float64(24.80000000000004), 'creation_tools': np.float64(20.030240714171846), 'opportunity_response': np.float64(80.71142857142857), 'age_trajectory': np.float64(90.0)}",Medium
Cory Joseph,2016-17,29.3,48.05,Role Player,Limited Scaling,Role Player,-0.08049999999999996,0,2,Hides,True,"Low CII 29.3, low TII 48.0","{'self_created': np.float64(38.13), 'pressure_appetite': np.float64(10.0), 'difficulty_embrace': np.float64(38.47), 'defensive_survival': np.float64(36.28), 'force_multiplication': np.float64(22.26)}","{'scaling_efficiency': np.float64(50.2397306976078), 'pressure_appetite': np.float64(2.0000000000000417), 'creation_tools': np.float64(80.5533178907208), 'opportunity_response': np.float64(52.42857142857143), 'age_trajectory': np.float64(85.0)}",Medium
Courtney Lee,2016-17,27.03,49.45,Role Player,Limited Scaling,Role Player,-0.0349999999999999,0,2,Hides,True,"Low CII 27.0, low TII 49.5","{'self_created': np.float64(25.25), 'pressure_appetite': np.float64(11.92), 'difficulty_embrace': np.float64(39.13), 'defensive_survival': np.float64(54.23), 'force_multiplication': np.float64(5.15)}","{'scaling_efficiency': np.float64(42.68768431983387), 'pressure_appetite': np.float64(26.000000000000043), 'creation_tools': np.float64(82.45), 'opportunity_response': np.float64(64.34285714285714), 'age_trajectory': np.float64(40.01)}",Medium
D'Angelo Russell,2016-17,56.51,65.64,Luxury Amplifier,High Scaling,Strong Creator,0.016,1,1,Steps Up,True,"CII 56.5, TII 65.6","{'self_created': np.float64(47.99), 'pressure_appetite': np.float64(70.06), 'difficulty_embrace': np.float64(56.59), 'defensive_survival': np.float64(58.44), 'force_multiplication': np.float64(45.13)}","{'scaling_efficiency': np.float64(41.14426541841178), 'pressure_appetite': np.float64(70.40909090909088), 'creation_tools': np.float64(86.75), 'opportunity_response': np.float64(55.599999999999994), 'age_trajectory': np.int64(100)}",Medium
D.J. Augustin,2016-17,25.38,42.8,Role Player,Limited Scaling,Role Player,-0.06349999999999995,0,2,Hides,True,"Low CII 25.4, low TII 42.8","{'self_created': np.float64(33.17), 'pressure_appetite': np.float64(11.17), 'difficulty_embrace': np.float64(31.87), 'defensive_survival': np.float64(33.04), 'force_multiplication': np.float64(13.08)}","{'scaling_efficiency': np.float64(46.55827995766533), 'pressure_appetite': np.float64(5.200000000000005), 'creation_tools': np.float64(73.41087503143072), 'opportunity_response': np.float64(47.885714285714286), 'age_trajectory': np.float64(56.67)}",Medium
Damian Lillard,2016-17,78.64,80.97,Strong Creator,Elite Scaling,Franchise Engine,0.06099999999999995,2,0,Steps Up,True,CII 78.6 >= 74: Already elite creator,"{'self_created': np.float64(87.65), 'pressure_appetite': np.float64(82.3), 'difficulty_embrace': np.float64(71.43), 'defensive_survival': np.float64(72.77), 'force_multiplication': np.float64(65.68)}","{'scaling_efficiency': np.float64(77.59609768804033), 'pressure_appetite': np.float64(77.61052631578947), 'creation_tools': np.float64(87.78333333333333), 'opportunity_response': np.float64(86.0), 'age_trajectory': np.float64(78.33)}",Medium
Danilo Gallinari,2016-17,31.9,62.23,Role Player,Moderate Scaling,Role Player,-0.015,0,2,Mixed,True,"Low CII 31.9, moderate TII 62.2 (Age 28 > 25, reclassified from Developing Prospect)","{'self_created': np.float64(28.08), 'pressure_appetite': np.float64(34.29), 'difficulty_embrace': np.float64(29.29), 'defensive_survival': np.float64(34.55), 'force_multiplication': np.float64(38.64)}","{'scaling_efficiency': np.float64(56.095995495019885), 'pressure_appetite': np.float64(47.63636363636364), 'creation_tools': np.float64(65.94650160137965), 'opportunity_response': np.float64(92.0), 'age_trajectory': np.float64(64.99000000000001)}",Medium
Danny Green,2016-17,24.48,46.06,Role Player,Limited Scaling,Role Player,0.008500000000000051,1,1,Mixed,False,"Low CII 24.5, low TII 46.1","{'self_created': np.float64(5.02), 'pressure_appetite': np.float64(51.0), 'difficulty_embrace': np.float64(13.6), 'defensive_survival': np.float64(43.52), 'force_multiplication': np.float64(9.78)}","{'scaling_efficiency': np.float64(14.863026955950037), 'pressure_appetite': np.float64(73.48888888888888), 'creation_tools': np.float64(51.60734718458295), 'opportunity_response': np.float64(53.8), 'age_trajectory': np.float64(48.34)}",Medium
Dante Cunningham,2016-17,7.92,29.25,Role Player,Low Scaling,Role Player,-0.031000000000000055,1,1,Hides,True,"Low CII 7.9, low TII 29.2","{'self_created': np.float64(0.6), 'pressure_appetite': np.float64(10.0), 'difficulty_embrace': np.float64(11.19), 'defensive_survival': np.float64(19.0), 'force_multiplication': np.float64(1.5)}","{'scaling_efficiency': np.float64(18.790421599169253), 'pressure_appetite': np.float64(11.999999999999996), 'creation_tools': np.float64(25.971662487652914), 'opportunity_response': np.float64(70.57142857142857), 'age_trajectory': np.float64(48.34)}",Medium
Dario Šarić,2016-17,28.06,43.93,Role Player,Limited Scaling,Role Player,-0.0259999999999999,0,1,Hides,False,"Low CII 28.1, low TII 43.9","{'self_created': np.float64(14.6), 'pressure_appetite': np.float64(37.5), 'difficulty_embrace': np.float64(18.34), 'defensive_survival': np.float64(48.12), 'force_multiplication': np.float64(34.15)}","{'scaling_efficiency': np.float64(11.74509090909091), 'pressure_appetite': np.float64(55.38333333333337), 'creation_tools': np.float64(45.15650406504065), 'opportunity_response': np.float64(53.542857142857144), 'age_trajectory': np.float64(95.0)}",Medium
Darren Collison,2016-17,45.11,69.96,Fragile Star,High Scaling,Strong Creator,-0.00899999999999995,1,1,Mixed,True,"CII 45.1, TII 70.0","{'self_created': np.float64(53.17), 'pressure_appetite': np.float64(28.5), 'difficulty_embrace': np.float64(54.57), 'defensive_survival': np.float64(53.63), 'force_multiplication': np.float64(30.73)}","{'scaling_efficiency': np.float64(73.38540840602694), 'pressure_appetite': np.float64(50.933333333333366), 'creation_tools': np.float64(93.0), 'opportunity_response': np.float64(72.97142857142858), 'age_trajectory': np.float64(56.67)}",Medium
David Lee,2016-17,13.02,32.04,Role Player,Low Scaling,Role Player,-0.066,0,1,Hides,True,"Low CII 13.0, low TII 32.0","{'self_created': np.float64(12.66), 'pressure_appetite': np.float64(10.0), 'difficulty_embrace': np.float64(11.3), 'defensive_survival': np.float64(23.6), 'force_multiplication': np.float64(9.24)}","{'scaling_efficiency': np.float64(29.516004007212977), 'pressure_appetite': np.float64(13.599999999999998), 'creation_tools': np.float64(26.708448214916935), 'opportunity_response': np.float64(79.63142857142857), 'age_trajectory': np.float64(25.0)}",Medium
David Nwaba,2016-17,17.67,42.41,Role Player,Limited Scaling,Role Player,-0.03,0,1,Hides,False,"Low CII 17.7, low TII 42.4","{'self_created': np.float64(22.56), 'pressure_appetite': np.float64(10.0), 'difficulty_embrace': np.float64(2.5), 'defensive_survival': np.float64(47.0), 'force_multiplication': np.float64(8.53)}","{'scaling_efficiency': np.float64(22.120277081798083), 'pressure_appetite': np.float64(51.42372881355932), 'creation_tools': np.float64(14.625010334849112), 'opportunity_response': np.float64(73.26285714285714), 'age_trajectory': np.float64(90.0)}",Medium
DeAndre Jordan,2016-17,25.17,46.94,Role Player,Limited Scaling,Role Player,0.0175,2,0,Steps Up,False,"Low CII 25.2, low TII 46.9","{'self_created': np.float64(9.72), 'pressure_appetite': np.float64(51.07), 'difficulty_embrace': np.float64(0.0), 'defensive_survival': np.float64(47.63), 'force_multiplication': np.float64(23.44)}","{'scaling_efficiency': np.float64(18.624282296650716), 'pressure_appetite': np.float64(76.27894736842106), 'creation_tools': np.float64(10.0), 'opportunity_response': np.float64(91.88857142857142), 'age_trajectory': np.float64(64.99000000000001)}",Medium
DeMar DeRozan,2016-17,77.98,74.38,Strong Creator,High Scaling,Franchise Engine,0.07149999999999995,2,0,Steps Up,True,CII 78.0 >= 74: Already elite creator,"{'self_created': np.float64(73.31), 'pressure_appetite': np.float64(89.42), 'difficulty_embrace': np.float64(77.83), 'defensive_survival': np.float64(73.18), 'force_multiplication': np.float64(70.87)}","{'scaling_efficiency': np.float64(59.7769976585246), 'pressure_appetite': np.float64(83.90712166172105), 'creation_tools': np.float64(88.25), 'opportunity_response': np.float64(71.0), 'age_trajectory': np.float64(71.66)}",Medium
DeMarcus Cousins,2016-17,55.86,64.38,Luxury Amplifier,Moderate Scaling,Strong Creator,0.061,2,0,Steps Up,True,"CII 55.9, TII 64.4","{'self_created': np.float64(36.55), 'pressure_appetite': np.float64(90.0), 'difficulty_embrace': np.float64(24.81), 'defensive_survival': np.float64(58.73), 'force_multiplication': np.float64(86.2)}","{'scaling_efficiency': np.float64(45.379954218263066), 'pressure_appetite': np.float64(81.32534818941505), 'creation_tools': np.float64(54.67149602554521), 'opportunity_response': np.float64(77.81428571428572), 'age_trajectory': np.float64(78.33)}",Medium
DeMarre Carroll,2016-17,8.94,26.45,Role Player,Low Scaling,Role Player,-0.07649999999999996,0,2,Hides,False,"Low CII 8.9, low TII 26.4","{'self_created': np.float64(5.03), 'pressure_appetite': np.float64(10.0), 'difficulty_embrace': np.float64(11.46), 'defensive_survival': np.float64(15.99), 'force_multiplication': np.float64(2.36)}","{'scaling_efficiency': np.float64(7.800865800865804), 'pressure_appetite': np.float64(16.0), 'creation_tools': np.float64(36.33196600147819), 'opportunity_response': np.float64(53.371428571428574), 'age_trajectory': np.float64(48.34)}",Medium
Dennis Schröder,2016-17,56.59,69.8,Luxury Amplifier,High Scaling,Strong Creator,-0.0025000000000000005,1,1,Mixed,True,"CII 56.6, TII 69.8","{'self_created': np.float64(53.15), 'pressure_appetite': np.float64(60.25), 'difficulty_embrace': np.float64(53.37), 'defensive_survival': np.float64(64.48), 'force_multiplication': np.float64(52.33)}","{'scaling_efficiency': np.float64(55.56535689914018), 'pressure_appetite': np.float64(69.14999999999996), 'creation_tools': np.float64(88.22840746054518), 'opportunity_response': np.float64(58.0), 'age_trajectory': np.float64(95.0)}",Medium
Deron Williams,2016-17,47.99,61.62,Fragile Star,Moderate Scaling,Strong Creator,0.009,1,0,Mixed,True,"CII 48.0, TII 61.6","{'self_created': np.float64(46.87), 'pressure_appetite': np.float64(48.8), 'difficulty_embrace': np.float64(51.6), 'defensive_survival': np.float64(54.95), 'force_multiplication': np.float64(31.7)}","{'scaling_efficiency': np.float64(58.6776251192351), 'pressure_appetite': np.float64(62.26575342465753), 'creation_tools': np.float64(87.34193674128522), 'opportunity_response': np.float64(53.2), 'age_trajectory': np.float64(30.0)}",Medium
Derrick Favors,2016-17,19.77,37.49,Role Player,Limited Scaling,Role Player,-0.03399999999999995,0,2,Hides,True,"Low CII 19.8, low TII 37.5","{'self_created': np.float64(1.15), 'pressure_appetite': np.float64(30.81), 'difficulty_embrace': np.float64(24.3), 'defensive_survival': np.float64(30.01), 'force_multiplication': np.float64(23.66)}","{'scaling_efficiency': np.float64(9.200616345653307), 'pressure_appetite': np.float64(43.460784313725526), 'creation_tools': np.float64(38.313574047505185), 'opportunity_response': np.float64(51.31428571428572), 'age_trajectory': np.float64(85.0)}",Medium
Derrick Rose,2016-17,54.84,66.03,Fragile Star,High Scaling,Strong Creator,0.03099999999999995,2,0,Steps Up,True,"CII 54.8, TII 66.0","{'self_created': np.float64(52.76), 'pressure_appetite': np.float64(61.14), 'difficulty_embrace': np.float64(51.76), 'defensive_survival': np.float64(53.44), 'force_multiplication': np.float64(53.6)}","{'scaling_efficiency': np.float64(53.569430291801766), 'pressure_appetite': np.float64(65.2472440944882), 'creation_tools': np.float64(91.6), 'opportunity_response': np.float64(58.85714285714286), 'age_trajectory': np.float64(64.99000000000001)}",Medium
Devin Booker,2016-17,56.62,64.26,Luxury Amplifier,Moderate Scaling,Strong Creator,-0.011500000000000048,1,1,Mixed,True,"CII 56.6, TII 64.3","{'self_created': np.float64(49.26), 'pressure_appetite': np.float64(60.71), 'difficulty_embrace': np.float64(59.16), 'defensive_survival': np.float64(63.23), 'force_multiplication': np.float64(53.45)}","{'scaling_efficiency': np.float64(35.72752285493998), 'pressure_appetite': np.float64(68.21428571428568), 'creation_tools': np.float64(86.7), 'opportunity_response': np.float64(61.0), 'age_trajectory': np.int64(100)}",Medium
Devin Harris,2016-17,23.02,31.93,Role Player,Low Scaling,Role Player,-0.049,0,2,Hides,False,"Low CII 23.0, low TII 31.9","{'self_created': np.float64(19.29), 'pressure_appetite': np.float64(24.3), 'difficulty_embrace': np.float64(14.79), 'defensive_survival': np.float64(46.67), 'force_multiplication': np.float64(11.98)}","{'scaling_efficiency': np.float64(27.029240434957718), 'pressure_appetite': np.float64(26.799999999999997), 'creation_tools': np.float64(39.13582130847487), 'opportunity_response': np.float64(45.31428571428572), 'age_trajectory': np.float64(25.0)}",Medium
Dion Waiters,2016-17,46.45,59.29,Fragile Star,Moderate Scaling,Strong Creator,-0.04049999999999995,1,1,Hides,True,"CII 46.5, TII 59.3","{'self_created': np.float64(38.84), 'pressure_appetite': np.float64(54.85), 'difficulty_embrace': np.float64(44.2), 'defensive_survival': np.float64(56.57), 'force_multiplication': np.float64(37.56)}","{'scaling_efficiency': np.float64(36.45126622923356), 'pressure_appetite': np.float64(61.44615384615385), 'creation_tools': np.float64(79.85318949343339), 'opportunity_response': np.float64(56.8), 'age_trajectory': np.float64(85.0)}",Medium
Dirk Nowitzki,2016-17,27.98,40.43,Role Player,Limited Scaling,Role Player,0.0,1,1,Mixed,True,"Low CII 28.0, low TII 40.4","{'self_created': np.float64(7.54), 'pressure_appetite': np.float64(37.02), 'difficulty_embrace': np.float64(40.57), 'defensive_survival': np.float64(37.12), 'force_multiplication': np.float64(27.86)}","{'scaling_efficiency': np.float64(20.518711694809262), 'pressure_appetite': np.float64(49.80487804878049), 'creation_tools': np.float64(58.88437768524027), 'opportunity_response': np.float64(53.62857142857142), 'age_trajectory': np.int64(20)}",Medium
Dorian Finney-Smith,2016-17,8.67,33.16,Role Player,Low Scaling,Role Player,-0.019,0,1,Mixed,False,"Low CII 8.7, low TII 33.2","{'self_created': np.float64(1.39), 'pressure_appetite': np.float64(15.09), 'difficulty_embrace': np.float64(6.49), 'defensive_survival': np.float64(18.54), 'force_multiplication': np.float64(4.05)}","{'scaling_efficiency': np.float64(3.895097668557024), 'pressure_appetite': np.float64(44.69275362318841), 'creation_tools': np.float64(22.80132555673383), 'opportunity_response': np.float64(48.400000000000006), 'age_trajectory': np.float64(90.0)}",Medium
Draymond Green,2016-17,21.56,43.52,Role Player,Limited Scaling,Role Player,0.019499999999999948,2,0,Steps Up,False,"Low CII 21.6, low TII 43.5","{'self_created': np.float64(3.17), 'pressure_appetite': np.float64(45.71), 'difficulty_embrace': np.float64(5.49), 'defensive_survival': np.float64(42.58), 'force_multiplication': np.float64(16.97)}","{'scaling_efficiency': np.float64(12.752771488469605), 'pressure_appetite': np.float64(72.51572327044023), 'creation_tools': np.float64(27.876849721327403), 'opportunity_response': np.float64(58.85714285714286), 'age_trajectory': np.float64(71.66)}",Medium
Dwight Howard,2016-17,17.94,31.11,Role Player,Low Scaling,Role Player,-0.059999999999999956,0,2,Hides,False,"Low CII 17.9, low TII 31.1","{'self_created': np.float64(17.92), 'pressure_appetite': np.float64(16.0), 'difficulty_embrace': np.float64(2.8), 'defensive_survival': np.float64(39.11), 'force_multiplication': np.float64(21.36)}","{'scaling_efficiency': np.float64(19.873460246360583), 'pressure_appetite': np.float64(18.400000000000038), 'creation_tools': np.float64(15.233333333333334), 'opportunity_response': np.float64(90.00285714285714), 'age_trajectory': np.float64(40.01)}",Medium
Dwight Powell,2016-17,9.44,30.42,Role Player,Low Scaling,Role Player,-0.106,0,1,Hides,True,"Low CII 9.4, low TII 30.4","{'self_created': np.float64(0.73), 'pressure_appetite': np.float64(10.0), 'difficulty_embrace': np.float64(11.59), 'defensive_survival': np.float64(26.22), 'force_multiplication': np.float64(4.72)}","{'scaling_efficiency': np.float64(20.607326860841418), 'pressure_appetite': np.float64(0.0), 'creation_tools': np.float64(25.560398474355114), 'opportunity_response': np.float64(70.81142857142858), 'age_trajectory': np.float64(85.0)}",Medium
Dwyane Wade,2016-17,56.82,52.93,Luxury Amplifier,Moderate Scaling,Luxury Amplifier,0.048999999999999946,1,1,Steps Up,True,"CII 56.8, limited scaling TII 52.9","{'self_created': np.float64(50.29), 'pressure_appetite': np.float64(54.25), 'difficulty_embrace': np.float64(65.8), 'defensive_survival': np.float64(59.88), 'force_multiplication': np.float64(60.26)}","{'scaling_efficiency': np.float64(36.60281000065366), 'pressure_appetite': np.float64(55.62629757785467), 'creation_tools': np.float64(87.75), 'opportunity_response': np.float64(56.62857142857142), 'age_trajectory': np.int64(20)}",Medium
E'Twaun Moore,2016-17,21.33,44.42,Role Player,Limited Scaling,Role Player,-0.05,0,2,Hides,True,"Low CII 21.3, low TII 44.4","{'self_created': np.float64(25.78), 'pressure_appetite': np.float64(11.67), 'difficulty_embrace': np.float64(27.44), 'defensive_survival': np.float64(28.87), 'force_multiplication': np.float64(8.61)}","{'scaling_efficiency': np.float64(39.47038447181785), 'pressure_appetite': np.float64(15.600000000000001), 'creation_tools': np.float64(71.63038796177436), 'opportunity_response': np.float64(52.34285714285714), 'age_trajectory': np.float64(64.99000000000001)}",Medium
Ed Davis,2016-17,13.35,32.18,Role Player,Low Scaling,Role Player,-0.01999999999999995,0,2,Mixed,False,"Low CII 13.3, low TII 32.2","{'self_created': np.float64(11.57), 'pressure_appetite': np.float64(25.97), 'difficulty_embrace': np.float64(0.0), 'defensive_survival': np.float64(17.64), 'force_multiplication': np.float64(7.4)}","{'scaling_efficiency': np.float64(10.94555163375851), 'pressure_appetite': np.float64(52.542372881355966), 'creation_tools': np.float64(7.5), 'opportunity_response': np.float64(51.74285714285714), 'age_trajectory': np.float64(64.99000000000001)}",Medium
Elfrid Payton,2016-17,36.6,61.24,Role Player,Moderate Scaling,Developing Prospect,0.0155,1,1,Steps Up,True,"Low CII 36.6, moderate TII 61.2","{'self_created': np.float64(41.92), 'pressure_appetite': np.float64(29.97), 'difficulty_embrace': np.float64(28.87), 'defensive_survival': np.float64(45.5), 'force_multiplication': np.float64(39.31)}","{'scaling_efficiency': np.float64(54.955075039494474), 'pressure_appetite': np.float64(45.44075829383886), 'creation_tools': np.float64(77.30188032212075), 'opportunity_response': np.float64(56.2), 'age_trajectory': np.float64(95.0)}",Medium
Emmanuel Mudiay,2016-17,44.98,63.03,Fragile Star,Moderate Scaling,Developing Prospect,0.03649999999999995,2,0,Steps Up,False,"Low CII 45.0, moderate TII 63.0","{'self_created': np.float64(22.25), 'pressure_appetite': np.float64(70.33), 'difficulty_embrace': np.float64(27.09), 'defensive_survival': np.float64(69.77), 'force_multiplication': np.float64(48.37)}","{'scaling_efficiency': np.float64(34.15708812260536), 'pressure_appetite': np.float64(86.40540540540539), 'creation_tools': np.float64(66.18622280817402), 'opportunity_response': np.float64(52.942857142857136), 'age_trajectory': np.int64(100)}",Medium
Eric Bledsoe,2016-17,71.06,77.39,Strong Creator,High Scaling,Latent Engine,0.048999999999999905,2,0,Steps Up,True,"CII 71.1, TII 77.4: High potential (limited career data)","{'self_created': np.float64(76.0), 'pressure_appetite': np.float64(75.33), 'difficulty_embrace': np.float64(57.73), 'defensive_survival': np.float64(75.88), 'force_multiplication': np.float64(65.03)}","{'scaling_efficiency': np.float64(71.8759709773794), 'pressure_appetite': np.float64(84.49999999999999), 'creation_tools': np.float64(85.71666666666667), 'opportunity_response': np.float64(69.28571428571428), 'age_trajectory': np.float64(71.66)}",Medium
Eric Gordon,2016-17,25.71,45.37,Role Player,Limited Scaling,Role Player,-0.04,0,2,Hides,False,"Low CII 25.7, low TII 45.4","{'self_created': np.float64(20.76), 'pressure_appetite': np.float64(27.66), 'difficulty_embrace': np.float64(19.41), 'defensive_survival': np.float64(46.29), 'force_multiplication': np.float64(17.37)}","{'scaling_efficiency': np.float64(36.54320217416993), 'pressure_appetite': np.float64(24.800000000000004), 'creation_tools': np.float64(53.34828219249934), 'opportunity_response': np.float64(73.57142857142857), 'age_trajectory': np.float64(64.99000000000001)}",Medium
Evan Fournier,2016-17,44.13,65.25,Fragile Star,High Scaling,Developing Prospect,0.0105,1,1,Steps Up,True,"Low CII 44.1, moderate TII 65.2","{'self_created': np.float64(30.2), 'pressure_appetite': np.float64(63.22), 'difficulty_embrace': np.float64(27.3), 'defensive_survival': np.float64(65.73), 'force_multiplication': np.float64(39.46)}","{'scaling_efficiency': np.float64(40.66275895385958), 'pressure_appetite': np.float64(81.2061135371179), 'creation_tools': np.float64(64.66384954024213), 'opportunity_response': np.float64(72.11428571428571), 'age_trajectory': np.float64(90.0)}",Medium
Evan Turner,2016-17,29.25,46.23,Role Player,Limited Scaling,Role Player,-0.04549999999999995,0,2,Hides,True,"Low CII 29.2, low TII 46.2","{'self_created': np.float64(33.05), 'pressure_appetite': np.float64(11.0), 'difficulty_embrace': np.float64(45.27), 'defensive_survival': np.float64(35.21), 'force_multiplication': np.float64(22.53)}","{'scaling_efficiency': np.float64(40.1001354809574), 'pressure_appetite': np.float64(9.600000000000005), 'creation_tools': np.float64(86.88555347091932), 'opportunity_response': np.float64(52.857142857142854), 'age_trajectory': np.float64(64.99000000000001)}",Medium
Frank Kaminsky,2016-17,18.74,31.49,Role Player,Low Scaling,Role Player,-0.032999999999999946,0,2,Hides,False,"Low CII 18.7, low TII 31.5","{'self_created': np.float64(5.15), 'pressure_appetite': np.float64(27.89), 'difficulty_embrace': np.float64(11.49), 'defensive_survival': np.float64(40.35), 'force_multiplication': np.float64(18.76)}","{'scaling_efficiency': np.float64(5.317136195956913), 'pressure_appetite': np.float64(25.200000000000003), 'creation_tools': np.float64(32.930126467931345), 'opportunity_response': np.float64(53.371428571428574), 'age_trajectory': np.float64(90.0)}",Medium
Garrett Temple,2016-17,16.05,36.9,Role Player,Limited Scaling,Role Player,-0.0235,0,2,Hides,True,"Low CII 16.1, low TII 36.9","{'self_created': np.float64(14.56), 'pressure_appetite': np.float64(10.0), 'difficulty_embrace': np.float64(21.23), 'defensive_survival': np.float64(28.08), 'force_multiplication': np.float64(7.22)}","{'scaling_efficiency': np.float64(23.69463967346048), 'pressure_appetite': np.float64(22.800000000000004), 'creation_tools': np.float64(60.104570977364446), 'opportunity_response': np.float64(53.8), 'age_trajectory': np.float64(40.01)}",Medium
Gary Harris,2016-17,20.1,53.01,Role Player,Moderate Scaling,Role Player,-0.033499999999999946,0,2,Hides,False,"Low CII 20.1, low TII 53.0","{'self_created': np.float64(11.46), 'pressure_appetite': np.float64(26.96), 'difficulty_embrace': np.float64(15.1), 'defensive_survival': np.float64(30.78), 'force_multiplication': np.float64(22.8)}","{'scaling_efficiency': np.float64(32.58849279682066), 'pressure_appetite': np.float64(43.63934426229511), 'creation_tools': np.float64(43.00771024923364), 'opportunity_response': np.float64(91.51142857142858), 'age_trajectory': np.int64(100)}",Medium
George Hill,2016-17,50.02,69.98,Fragile Star,High Scaling,Strong Creator,-0.04049999999999995,0,2,Hides,True,"CII 50.0, TII 70.0","{'self_created': np.float64(69.06), 'pressure_appetite': np.float64(36.64), 'difficulty_embrace': np.float64(49.74), 'defensive_survival': np.float64(50.8), 'force_multiplication': np.float64(25.75)}","{'scaling_efficiency': np.float64(76.07243308236002), 'pressure_appetite': np.float64(44.5254730713246), 'creation_tools': np.float64(93.6), 'opportunity_response': np.float64(88.7), 'age_trajectory': np.float64(40.01)}",Medium
Gerald Henderson,2016-17,24.94,42.01,Role Player,Limited Scaling,Role Player,-0.06299999999999994,0,2,Hides,True,"Low CII 24.9, low TII 42.0","{'self_created': np.float64(19.07), 'pressure_appetite': np.float64(15.59), 'difficulty_embrace': np.float64(33.26), 'defensive_survival': np.float64(46.77), 'force_multiplication': np.float64(16.58)}","{'scaling_efficiency': np.float64(31.62018691588786), 'pressure_appetite': np.float64(22.80000000000004), 'creation_tools': np.float64(67.64512195121951), 'opportunity_response': np.float64(50.885714285714286), 'age_trajectory': np.float64(56.67)}",Medium
Giannis Antetokounmpo,2016-17,53.0,72.87,Fragile Star,High Scaling,Latent Engine,-0.014500000000000048,1,1,Mixed,True,"Medium CII 53.0, high TII 72.9, has tools","{'self_created': np.float64(56.36), 'pressure_appetite': np.float64(60.33), 'difficulty_embrace': np.float64(33.5), 'defensive_survival': np.float64(48.87), 'force_multiplication': np.float64(69.83)}","{'scaling_efficiency': np.float64(69.87068965517241), 'pressure_appetite': np.float64(59.79999999999997), 'creation_tools': np.float64(70.29024390243902), 'opportunity_response': np.float64(86.0), 'age_trajectory': np.int64(100)}",Medium
Goran Dragic,2016-17,57.37,70.71,Luxury Amplifier,High Scaling,Strong Creator,-0.048999999999999946,1,1,Hides,True,"Medium CII 57.4, high TII 70.7, has tools (Age 31 > 28, reclassified from Latent Engine)","{'self_created': np.float64(68.62), 'pressure_appetite': np.float64(52.79), 'difficulty_embrace': np.float64(50.4), 'defensive_survival': np.float64(55.63), 'force_multiplication': np.float64(51.6)}","{'scaling_efficiency': np.float64(75.79674252432444), 'pressure_appetite': np.float64(54.85801526717556), 'creation_tools': np.float64(93.23333333333333), 'opportunity_response': np.float64(77.38571428571429), 'age_trajectory': np.float64(40.01)}",Medium
Gordon Hayward,2016-17,52.03,67.4,Fragile Star,High Scaling,Strong Creator,0.0035,2,0,Mixed,True,"CII 52.0, TII 67.4","{'self_created': np.float64(54.11), 'pressure_appetite': np.float64(53.56), 'difficulty_embrace': np.float64(46.67), 'defensive_survival': np.float64(54.72), 'force_multiplication': np.float64(48.67)}","{'scaling_efficiency': np.float64(54.92477115561418), 'pressure_appetite': np.float64(54.423048327137536), 'creation_tools': np.float64(86.25), 'opportunity_response': np.float64(86.0), 'age_trajectory': np.float64(71.66)}",Medium
Gorgui Dieng,2016-17,15.04,37.41,Role Player,Limited Scaling,Role Player,-0.020499999999999997,0,2,Hides,True,"Low CII 15.0, low TII 37.4","{'self_created': np.float64(2.33), 'pressure_appetite': np.float64(10.5), 'difficulty_embrace': np.float64(32.29), 'defensive_survival': np.float64(27.32), 'force_multiplication': np.float64(11.56)}","{'scaling_efficiency': np.float64(15.664567845947165), 'pressure_appetite': np.float64(25.200000000000003), 'creation_tools': np.float64(47.632113821138205), 'opportunity_response': np.float64(64.77142857142857), 'age_trajectory': np.float64(71.66)}",Medium
Greg Monroe,2016-17,22.05,31.87,Role Player,Low Scaling,Role Player,-0.05199999999999995,0,2,Hides,False,"Low CII 22.1, low TII 31.9","{'self_created': np.float64(20.68), 'pressure_appetite': np.float64(21.5), 'difficulty_embrace': np.float64(9.0), 'defensive_survival': np.float64(36.53), 'force_multiplication': np.float64(31.87)}","{'scaling_efficiency': np.float64(25.07694537008661), 'pressure_appetite': np.float64(12.400000000000041), 'creation_tools': np.float64(22.92314681970349), 'opportunity_response': np.float64(63.28571428571429), 'age_trajectory': np.float64(71.66)}",Medium
Harrison Barnes,2016-17,52.83,65.25,Fragile Star,High Scaling,Strong Creator,-0.0045000000000000005,1,1,Mixed,True,"CII 52.8, TII 65.2","{'self_created': np.float64(39.52), 'pressure_appetite': np.float64(63.29), 'difficulty_embrace': np.float64(51.36), 'defensive_survival': np.float64(65.57), 'force_multiplication': np.float64(50.43)}","{'scaling_efficiency': np.float64(40.04421021552998), 'pressure_appetite': np.float64(78.93968253968251), 'creation_tools': np.float64(79.25), 'opportunity_response': np.float64(61.0), 'age_trajectory': np.float64(85.0)}",Medium
Hassan Whiteside,2016-17,21.98,35.77,Role Player,Limited Scaling,Role Player,-0.0405,0,2,Hides,False,"Low CII 22.0, low TII 35.8","{'self_created': np.float64(21.09), 'pressure_appetite': np.float64(20.33), 'difficulty_embrace': np.float64(11.1), 'defensive_survival': np.float64(33.19), 'force_multiplication': np.float64(33.69)}","{'scaling_efficiency': np.float64(26.37633292268269), 'pressure_appetite': np.float64(15.600000000000001), 'creation_tools': np.float64(27.724904298370337), 'opportunity_response': np.float64(79.44285714285715), 'age_trajectory': np.float64(64.99000000000001)}",Medium
Iman Shumpert,2016-17,19.58,41.06,Role Player,Limited Scaling,Role Player,-0.0505,0,2,Hides,True,"Low CII 19.6, low TII 41.1","{'self_created': np.float64(20.9), 'pressure_appetite': np.float64(10.0), 'difficulty_embrace': np.float64(29.51), 'defensive_survival': np.float64(30.07), 'force_multiplication': np.float64(4.0)}","{'scaling_efficiency': np.float64(34.7104761904762), 'pressure_appetite': np.float64(8.400000000000002), 'creation_tools': np.float64(67.25487804878048), 'opportunity_response': np.float64(52.857142857142854), 'age_trajectory': np.float64(71.66)}",Medium
Isaiah Thomas,2016-17,77.49,80.9,Strong Creator,Elite Scaling,Franchise Engine,0.0745,2,0,Steps Up,True,CII 77.5 >= 74: Already elite creator,"{'self_created': np.float64(79.36), 'pressure_appetite': np.float64(90.0), 'difficulty_embrace': np.float64(56.44), 'defensive_survival': np.float64(83.32), 'force_multiplication': np.float64(73.95)}","{'scaling_efficiency': np.float64(75.48725359659663), 'pressure_appetite': np.float64(93.90843373493976), 'creation_tools': np.float64(76.91077970418259), 'opportunity_response': np.float64(86.0), 'age_trajectory': np.float64(64.99000000000001)}",Medium
Isaiah Whitehead,2016-17,20.76,37.36,Role Player,Limited Scaling,Role Player,-0.075,0,1,Hides,False,"Low CII 20.8, low TII 37.4","{'self_created': np.float64(22.81), 'pressure_appetite': np.float64(10.83), 'difficulty_embrace': np.float64(17.89), 'defensive_survival': np.float64(31.98), 'force_multiplication': np.float64(28.33)}","{'scaling_efficiency': np.float64(24.147272727272725), 'pressure_appetite': np.float64(10.000000000000004), 'creation_tools': np.float64(50.38089430894309), 'opportunity_response': np.float64(50.28571428571429), 'age_trajectory': np.int64(100)}",Medium
Ish Smith,2016-17,39.85,59.16,Role Player,Moderate Scaling,Role Player,0.037000000000000005,1,1,Steps Up,True,"Low CII 39.9, moderate TII 59.2 (Age 28 > 25, reclassified from Developing Prospect)","{'self_created': np.float64(37.01), 'pressure_appetite': np.float64(29.74), 'difficulty_embrace': np.float64(54.54), 'defensive_survival': np.float64(49.04), 'force_multiplication': np.float64(30.47)}","{'scaling_efficiency': np.float64(51.266666666666666), 'pressure_appetite': np.float64(47.004975124378106), 'creation_tools': np.float64(88.91293532338308), 'opportunity_response': np.float64(51.65714285714286), 'age_trajectory': np.float64(64.99000000000001)}",Medium
J.J. Barea,2016-17,49.16,59.72,Fragile Star,Moderate Scaling,Strong Creator,-0.00999999999999995,1,1,Mixed,True,"CII 49.2, TII 59.7","{'self_created': np.float64(50.44), 'pressure_appetite': np.float64(41.4), 'difficulty_embrace': np.float64(51.93), 'defensive_survival': np.float64(66.96), 'force_multiplication': np.float64(32.45)}","{'scaling_efficiency': np.float64(58.422495735290966), 'pressure_appetite': np.float64(56.70341207349085), 'creation_tools': np.float64(87.70430190128673), 'opportunity_response': np.float64(49.857142857142854), 'age_trajectory': np.float64(30.0)}",Medium
JJ Redick,2016-17,23.78,44.96,Role Player,Limited Scaling,Role Player,-0.06,0,2,Hides,True,"Low CII 23.8, low TII 45.0","{'self_created': np.float64(15.57), 'pressure_appetite': np.float64(14.17), 'difficulty_embrace': np.float64(43.27), 'defensive_survival': np.float64(41.72), 'force_multiplication': np.float64(6.52)}","{'scaling_efficiency': np.float64(41.591627968723024), 'pressure_appetite': np.float64(5.600000000000005), 'creation_tools': np.float64(73.98767772511849), 'opportunity_response': np.float64(88.58857142857143), 'age_trajectory': np.float64(30.0)}",Medium
JR Smith,2016-17,16.25,34.99,Role Player,Low Scaling,Role Player,-0.0564999999999999,0,2,Hides,False,"Low CII 16.2, low TII 35.0","{'self_created': np.float64(7.95), 'pressure_appetite': np.float64(11.65), 'difficulty_embrace': np.float64(19.14), 'defensive_survival': np.float64(45.33), 'force_multiplication': np.float64(3.25)}","{'scaling_efficiency': np.float64(15.336705537791019), 'pressure_appetite': np.float64(26.000000000000043), 'creation_tools': np.float64(57.5468389334243), 'opportunity_response': np.float64(55.85714285714286), 'age_trajectory': np.float64(40.01)}",Medium
JaMychal Green,2016-17,24.05,48.21,Role Player,Limited Scaling,Role Player,0.009,1,0,Mixed,True,"Low CII 24.1, low TII 48.2","{'self_created': np.float64(13.29), 'pressure_appetite': np.float64(37.58), 'difficulty_embrace': np.float64(15.49), 'defensive_survival': np.float64(41.03), 'force_multiplication': np.float64(14.19)}","{'scaling_efficiency': np.float64(23.593651031894932), 'pressure_appetite': np.float64(59.55), 'creation_tools': np.float64(35.20672990063234), 'opportunity_response': np.float64(80.24000000000001), 'age_trajectory': np.float64(71.66)}",Medium
Jabari Parker,2016-17,30.57,52.48,Role Player,Moderate Scaling,Role Player,-0.05649999999999995,0,2,Hides,True,"Low CII 30.6, low TII 52.5","{'self_created': np.float64(22.62), 'pressure_appetite': np.float64(37.16), 'difficulty_embrace': np.float64(24.87), 'defensive_survival': np.float64(35.53), 'force_multiplication': np.float64(41.89)}","{'scaling_efficiency': np.float64(39.32578864004493), 'pressure_appetite': np.float64(25.999999999999996), 'creation_tools': np.float64(66.11572553857835), 'opportunity_response': np.float64(73.05714285714285), 'age_trajectory': np.int64(100)}",Medium
Jae Crowder,2016-17,17.13,53.72,Role Player,Moderate Scaling,Role Player,-0.03599999999999995,0,2,Hides,True,"Low CII 17.1, low TII 53.7","{'self_created': np.float64(8.27), 'pressure_appetite': np.float64(13.83), 'difficulty_embrace': np.float64(22.46), 'defensive_survival': np.float64(41.34), 'force_multiplication': np.float64(4.97)}","{'scaling_efficiency': np.float64(46.617771070780876), 'pressure_appetite': np.float64(21.6), 'creation_tools': np.float64(63.51271467744263), 'opportunity_response': np.float64(92.0), 'age_trajectory': np.float64(78.33)}",Medium
Jahlil Okafor,2016-17,27.13,35.64,Role Player,Limited Scaling,Role Player,-0.07999999999999996,0,2,Hides,False,"Low CII 27.1, low TII 35.6","{'self_created': np.float64(32.01), 'pressure_appetite': np.float64(21.5), 'difficulty_embrace': np.float64(14.5), 'defensive_survival': np.float64(27.22), 'force_multiplication': np.float64(51.66)}","{'scaling_efficiency': np.float64(26.434983021077294), 'pressure_appetite': np.float64(10.000000000000039), 'creation_tools': np.float64(38.22736238837798), 'opportunity_response': np.float64(50.457142857142856), 'age_trajectory': np.int64(100)}",Medium
Jamal Crawford,2016-17,53.94,58.11,Fragile Star,Moderate Scaling,Strong Creator,-0.013499999999999998,1,1,Mixed,True,"CII 53.9, TII 58.1","{'self_created': np.float64(49.96), 'pressure_appetite': np.float64(54.67), 'difficulty_embrace': np.float64(59.91), 'defensive_survival': np.float64(64.5), 'force_multiplication': np.float64(36.31)}","{'scaling_efficiency': np.float64(43.426633438075626), 'pressure_appetite': np.float64(72.39999999999996), 'creation_tools': np.float64(84.75), 'opportunity_response': np.float64(53.542857142857144), 'age_trajectory': np.int64(20)}",Medium
Jamal Murray,2016-17,41.63,59.43,Fragile Star,Moderate Scaling,Developing Prospect,0.063,1,0,Steps Up,True,"Low CII 41.6, moderate TII 59.4","{'self_created': np.float64(26.58), 'pressure_appetite': np.float64(69.17), 'difficulty_embrace': np.float64(30.37), 'defensive_survival': np.float64(45.68), 'force_multiplication': np.float64(34.4)}","{'scaling_efficiency': np.float64(33.07713261236386), 'pressure_appetite': np.float64(75.24339622641509), 'creation_tools': np.float64(66.40741678171499), 'opportunity_response': np.float64(49.42857142857143), 'age_trajectory': np.int64(100)}",Medium
Jameer Nelson,2016-17,37.82,60.46,Role Player,Moderate Scaling,Role Player,0.025500000000000002,2,0,Steps Up,True,"Low CII 37.8, moderate TII 60.5 (Age 35 > 25, reclassified from Developing Prospect)","{'self_created': np.float64(37.84), 'pressure_appetite': np.float64(40.4), 'difficulty_embrace': np.float64(41.09), 'defensive_survival': np.float64(41.58), 'force_multiplication': np.float64(19.17)}","{'scaling_efficiency': np.float64(59.79767797419973), 'pressure_appetite': np.float64(60.43076923076923), 'creation_tools': np.float64(86.25), 'opportunity_response': np.float64(54.4), 'age_trajectory': np.int64(20)}",Medium
James Ennis III,2016-17,17.25,41.83,Role Player,Limited Scaling,Role Player,-0.002,0,1,Mixed,False,"Low CII 17.2, low TII 41.8","{'self_created': np.float64(8.36), 'pressure_appetite': np.float64(28.22), 'difficulty_embrace': np.float64(6.96), 'defensive_survival': np.float64(26.36), 'force_multiplication': np.float64(23.37)}","{'scaling_efficiency': np.float64(15.944299914382356), 'pressure_appetite': np.float64(53.0498687664042), 'creation_tools': np.float64(27.93808655015684), 'opportunity_response': np.float64(69.06285714285714), 'age_trajectory': np.float64(78.33)}",Medium
James Harden,2016-17,85.87,81.76,Franchise Engine,Elite Scaling,Franchise Engine,0.11049999999999996,2,0,Steps Up,True,CII 85.9 >= 74: Already elite creator,"{'self_created': np.float64(100.0), 'pressure_appetite': np.float64(90.0), 'difficulty_embrace': np.float64(70.76), 'defensive_survival': np.float64(77.62), 'force_multiplication': np.float64(75.79)}","{'scaling_efficiency': np.float64(84.07609687609687), 'pressure_appetite': np.float64(85.39999999999999), 'creation_tools': np.float64(75.58333333333334), 'opportunity_response': np.float64(86.0), 'age_trajectory': np.float64(71.66)}",Medium
James Johnson,2016-17,35.34,49.5,Role Player,Limited Scaling,Role Player,0.0,0,0,Mixed,False,"Low CII 35.3, low TII 49.5","{'self_created': np.float64(38.65), 'pressure_appetite': np.float64(44.17), 'difficulty_embrace': np.float64(18.91), 'defensive_survival': np.float64(33.58), 'force_multiplication': np.float64(38.84)}","{'scaling_efficiency': np.float64(35.59796268458747), 'pressure_appetite': np.float64(54.0), 'creation_tools': np.float64(49.56722442805823), 'opportunity_response': np.float64(70.48571428571428), 'age_trajectory': np.float64(48.34)}",Medium
Jared Dudley,2016-17,13.35,34.19,Role Player,Low Scaling,Role Player,-0.029,0,2,Hides,True,"Low CII 13.3, low TII 34.2","{'self_created': np.float64(0.92), 'pressure_appetite': np.float64(10.0), 'difficulty_embrace': np.float64(18.89), 'defensive_survival': np.float64(43.37), 'force_multiplication': np.float64(2.93)}","{'scaling_efficiency': np.float64(21.232856845393012), 'pressure_appetite': np.float64(17.6), 'creation_tools': np.float64(48.16920133907222), 'opportunity_response': np.float64(65.25714285714285), 'age_trajectory': np.float64(40.01)}",Medium
Jason Smith,2016-17,12.73,29.12,Role Player,Low Scaling,Role Player,-0.10550000000000001,0,2,Hides,True,"Low CII 12.7, low TII 29.1","{'self_created': np.float64(0.33), 'pressure_appetite': np.float64(10.0), 'difficulty_embrace': np.float64(30.4), 'defensive_survival': np.float64(25.38), 'force_multiplication': np.float64(2.39)}","{'scaling_efficiency': np.float64(21.101366922234384), 'pressure_appetite': np.float64(7.600000000000002), 'creation_tools': np.float64(33.371339014594966), 'opportunity_response': np.float64(68.07714285714286), 'age_trajectory': np.float64(40.01)}",Medium
Jaylen Brown,2016-17,24.07,43.56,Role Player,Limited Scaling,Role Player,0.005,1,0,Mixed,False,"Low CII 24.1, low TII 43.6","{'self_created': np.float64(9.87), 'pressure_appetite': np.float64(40.2), 'difficulty_embrace': np.float64(10.77), 'defensive_survival': np.float64(49.04), 'force_multiplication': np.float64(15.5)}","{'scaling_efficiency': np.float64(11.958821908928867), 'pressure_appetite': np.float64(68.70454545454544), 'creation_tools': np.float64(29.690798226164084), 'opportunity_response': np.float64(45.74285714285714), 'age_trajectory': np.int64(100)}",Medium
Jeff Green,2016-17,22.52,32.6,Role Player,Low Scaling,Role Player,-0.029,1,1,Hides,True,"Low CII 22.5, low TII 32.6","{'self_created': np.float64(18.14), 'pressure_appetite': np.float64(15.33), 'difficulty_embrace': np.float64(25.23), 'defensive_survival': np.float64(41.17), 'force_multiplication': np.float64(20.27)}","{'scaling_efficiency': np.float64(19.639084724799012), 'pressure_appetite': np.float64(12.799999999999997), 'creation_tools': np.float64(55.852439024390236), 'opportunity_response': np.float64(50.028571428571425), 'age_trajectory': np.float64(48.34)}",Medium
Jeff Teague,2016-17,42.36,61.35,Fragile Star,Moderate Scaling,Role Player,-0.0045000000000000005,1,1,Mixed,True,"Low CII 42.4, moderate TII 61.4 (Age 29 > 25, reclassified from Developing Prospect)","{'self_created': np.float64(64.9), 'pressure_appetite': np.float64(20.33), 'difficulty_embrace': np.float64(38.49), 'defensive_survival': np.float64(38.69), 'force_multiplication': np.float64(43.04)}","{'scaling_efficiency': np.float64(81.90023608578252), 'pressure_appetite': np.float64(17.200000000000042), 'creation_tools': np.float64(77.99294464862456), 'opportunity_response': np.float64(74.77142857142857), 'age_trajectory': np.float64(56.67)}",Medium
Jerami Grant,2016-17,10.57,28.49,Role Player,Low Scaling,Role Player,-0.04549999999999995,0,2,Hides,False,"Low CII 10.6, low TII 28.5","{'self_created': np.float64(5.3), 'pressure_appetite': np.float64(10.0), 'difficulty_embrace': np.float64(6.7), 'defensive_survival': np.float64(33.13), 'force_multiplication': np.float64(1.75)}","{'scaling_efficiency': np.float64(11.313770732000243), 'pressure_appetite': np.float64(14.0), 'creation_tools': np.float64(20.431094228975077), 'opportunity_response': np.float64(53.37142857142857), 'age_trajectory': np.float64(95.0)}",Medium
Jeremy Lamb,2016-17,43.9,61.13,Fragile Star,Moderate Scaling,Developing Prospect,0.0069999999999999,1,0,Mixed,True,"Low CII 43.9, moderate TII 61.1","{'self_created': np.float64(39.0), 'pressure_appetite': np.float64(49.34), 'difficulty_embrace': np.float64(34.89), 'defensive_survival': np.float64(67.79), 'force_multiplication': np.float64(27.14)}","{'scaling_efficiency': np.float64(49.66961004406751), 'pressure_appetite': np.float64(69.24210526315787), 'creation_tools': np.float64(64.78234916559691), 'opportunity_response': np.float64(49.77142857142857), 'age_trajectory': np.float64(85.0)}",Medium
Jeremy Lin,2016-17,54.38,72.71,Fragile Star,High Scaling,Latent Engine,-0.0095,1,1,Mixed,True,"Medium CII 54.4, high TII 72.7, has tools","{'self_created': np.float64(57.55), 'pressure_appetite': np.float64(58.47), 'difficulty_embrace': np.float64(41.91), 'defensive_survival': np.float64(69.14), 'force_multiplication': np.float64(37.47)}","{'scaling_efficiency': np.float64(71.09872351625211), 'pressure_appetite': np.float64(74.27058823529411), 'creation_tools': np.float64(82.81312769010043), 'opportunity_response': np.float64(65.0), 'age_trajectory': np.float64(64.99000000000001)}",Medium
Jimmy Butler III,2016-17,75.47,81.38,Strong Creator,Elite Scaling,Franchise Engine,0.08800000000000001,2,0,Steps Up,True,CII 75.5 >= 74: Already elite creator,"{'self_created': np.float64(69.64), 'pressure_appetite': np.float64(89.83), 'difficulty_embrace': np.float64(60.09), 'defensive_survival': np.float64(85.35), 'force_multiplication': np.float64(72.98)}","{'scaling_efficiency': np.float64(68.137542191206), 'pressure_appetite': np.float64(96.8), 'creation_tools': np.float64(89.0), 'opportunity_response': np.float64(78.5), 'age_trajectory': np.float64(71.66)}",Medium
Joakim Noah,2016-17,17.13,30.61,Role Player,Low Scaling,Role Player,-0.043500000000000004,0,2,Hides,False,"Low CII 17.1, low TII 30.6","{'self_created': np.float64(11.46), 'pressure_appetite': np.float64(25.75), 'difficulty_embrace': np.float64(0.9), 'defensive_survival': np.float64(43.04), 'force_multiplication': np.float64(6.2)}","{'scaling_efficiency': np.float64(4.5786175115207355), 'pressure_appetite': np.float64(63.60752688172043), 'creation_tools': np.float64(11.7), 'opportunity_response': np.float64(49.94285714285714), 'age_trajectory': np.float64(35.0)}",Medium
Joe Harris,2016-17,14.49,41.29,Role Player,Limited Scaling,Role Player,-0.016,0,1,Mixed,False,"Low CII 14.5, low TII 41.3","{'self_created': np.float64(3.71), 'pressure_appetite': np.float64(26.13), 'difficulty_embrace': np.float64(9.7), 'defensive_survival': np.float64(28.33), 'force_multiplication': np.float64(6.51)}","{'scaling_efficiency': np.float64(17.539112690145224), 'pressure_appetite': np.float64(46.855345911949684), 'creation_tools': np.float64(37.25045763665184), 'opportunity_response': np.float64(55.77142857142857), 'age_trajectory': np.float64(85.0)}",Medium
Joe Ingles,2016-17,19.73,43.82,Role Player,Limited Scaling,Role Player,-0.0525,0,2,Hides,False,"Low CII 19.7, low TII 43.8","{'self_created': np.float64(24.3), 'pressure_appetite': np.float64(10.0), 'difficulty_embrace': np.float64(13.37), 'defensive_survival': np.float64(44.82), 'force_multiplication': np.float64(5.47)}","{'scaling_efficiency': np.float64(37.11492939244662), 'pressure_appetite': np.float64(18.800000000000004), 'creation_tools': np.float64(53.693586269196025), 'opportunity_response': np.float64(77.22285714285715), 'age_trajectory': np.float64(56.67)}",Medium
Joe Johnson,2016-17,42.24,55.6,Fragile Star,Moderate Scaling,Role Player,0.0385,2,0,Steps Up,True,"Low CII 42.2, moderate TII 55.6 (Age 36 > 25, reclassified from Developing Prospect)","{'self_created': np.float64(37.71), 'pressure_appetite': np.float64(49.46), 'difficulty_embrace': np.float64(30.3), 'defensive_survival': np.float64(68.35), 'force_multiplication': np.float64(22.46)}","{'scaling_efficiency': np.float64(44.82083406889188), 'pressure_appetite': np.float64(76.83093922651933), 'creation_tools': np.float64(66.32067106858914), 'opportunity_response': np.float64(51.22857142857143), 'age_trajectory': np.int64(20)}",Medium
Joel Embiid,2016-17,51.03,71.04,Fragile Star,High Scaling,Latent Engine,0.1169999999999999,1,0,Steps Up,True,"Medium CII 51.0, high TII 71.0, has tools","{'self_created': np.float64(25.52), 'pressure_appetite': np.float64(90.0), 'difficulty_embrace': np.float64(22.67), 'defensive_survival': np.float64(66.93), 'force_multiplication': np.float64(63.0)}","{'scaling_efficiency': np.float64(50.38576374824236), 'pressure_appetite': np.float64(93.27303370786515), 'creation_tools': np.float64(55.55555860052983), 'opportunity_response': np.float64(79.94857142857143), 'age_trajectory': np.float64(95.0)}",Medium
John Wall,2016-17,72.13,75.5,Strong Creator,High Scaling,Latent Engine,0.06799999999999995,2,0,Steps Up,True,"CII 72.1, TII 75.5: High potential (limited career data)","{'self_created': np.float64(70.16), 'pressure_appetite': np.float64(80.21), 'difficulty_embrace': np.float64(66.16), 'defensive_survival': np.float64(73.47), 'force_multiplication': np.float64(67.77)}","{'scaling_efficiency': np.float64(64.41154181845309), 'pressure_appetite': np.float64(81.01337792642141), 'creation_tools': np.float64(87.2), 'opportunity_response': np.float64(71.0), 'age_trajectory': np.float64(78.33)}",Medium
Jon Leuer,2016-17,12.3,31.27,Role Player,Low Scaling,Role Player,-0.05499999999999999,0,2,Hides,True,"Low CII 12.3, low TII 31.3","{'self_created': np.float64(5.11), 'pressure_appetite': np.float64(10.0), 'difficulty_embrace': np.float64(26.6), 'defensive_survival': np.float64(15.44), 'force_multiplication': np.float64(6.36)}","{'scaling_efficiency': np.float64(14.49731340250798), 'pressure_appetite': np.float64(5.200000000000005), 'creation_tools': np.float64(51.210944340212635), 'opportunity_response': np.float64(59.2), 'age_trajectory': np.float64(64.99000000000001)}",Medium
Jonas Jerebko,2016-17,8.31,25.22,Role Player,Low Scaling,Role Player,-0.01700000000000005,1,1,Mixed,False,"Low CII 8.3, low TII 25.2","{'self_created': np.float64(4.13), 'pressure_appetite': np.float64(10.0), 'difficulty_embrace': np.float64(9.5), 'defensive_survival': np.float64(16.08), 'force_multiplication': np.float64(2.55)}","{'scaling_efficiency': np.float64(12.91811083818433), 'pressure_appetite': np.float64(20.4), 'creation_tools': np.float64(23.629066839340958), 'opportunity_response': np.float64(44.542857142857144), 'age_trajectory': np.float64(48.34)}",Medium
Jonas Valančiūnas,2016-17,19.47,38.73,Role Player,Limited Scaling,Role Player,-0.065,0,2,Hides,True,"Low CII 19.5, low TII 38.7","{'self_created': np.float64(20.63), 'pressure_appetite': np.float64(14.0), 'difficulty_embrace': np.float64(15.2), 'defensive_survival': np.float64(29.46), 'force_multiplication': np.float64(23.23)}","{'scaling_efficiency': np.float64(29.317334261945028), 'pressure_appetite': np.float64(12.399999999999999), 'creation_tools': np.float64(32.55898732044315), 'opportunity_response': np.float64(78.8257142857143), 'age_trajectory': np.float64(85.0)}",Medium
Jonathon Simmons,2016-17,24.85,43.93,Role Player,Limited Scaling,Role Player,-0.0239999999999999,0,1,Hides,True,"Low CII 24.9, low TII 43.9","{'self_created': np.float64(15.99), 'pressure_appetite': np.float64(25.48), 'difficulty_embrace': np.float64(20.27), 'defensive_survival': np.float64(52.59), 'force_multiplication': np.float64(17.37)}","{'scaling_efficiency': np.float64(19.630794891059356), 'pressure_appetite': np.float64(55.545454545454575), 'creation_tools': np.float64(50.17808573540282), 'opportunity_response': np.float64(46.34285714285714), 'age_trajectory': np.float64(71.66)}",Medium
Jordan Clarkson,2016-17,41.9,57.05,Fragile Star,Moderate Scaling,Developing Prospect,-0.01299999999999995,1,1,Mixed,True,"Low CII 41.9, moderate TII 57.0","{'self_created': np.float64(43.03), 'pressure_appetite': np.float64(33.87), 'difficulty_embrace': np.float64(40.44), 'defensive_survival': np.float64(62.46), 'force_multiplication': np.float64(30.71)}","{'scaling_efficiency': np.float64(38.90012528778712), 'pressure_appetite': np.float64(54.043859649122844), 'creation_tools': np.float64(74.83960205391527), 'opportunity_response': np.float64(56.028571428571425), 'age_trajectory': np.float64(85.0)}",Medium
Jordan Crawford,2016-17,41.32,53.32,Fragile Star,Moderate Scaling,Role Player,-0.078,0,1,Hides,True,"Low CII 41.3, low TII 53.3","{'self_created': np.float64(56.18), 'pressure_appetite': np.float64(22.67), 'difficulty_embrace': np.float64(44.47), 'defensive_survival': np.float64(51.8), 'force_multiplication': np.float64(21.35)}","{'scaling_efficiency': np.float64(61.901574803149586), 'pressure_appetite': np.float64(8.800000000000004), 'creation_tools': np.float64(75.14038793931246), 'opportunity_response': np.float64(73.46857142857142), 'age_trajectory': np.float64(64.99000000000001)}",Medium
Josh Richardson,2016-17,21.18,47.52,Role Player,Limited Scaling,Role Player,-0.069,0,2,Hides,True,"Low CII 21.2, low TII 47.5","{'self_created': np.float64(18.85), 'pressure_appetite': np.float64(11.67), 'difficulty_embrace': np.float64(34.63), 'defensive_survival': np.float64(33.28), 'force_multiplication': np.float64(6.93)}","{'scaling_efficiency': np.float64(27.726879181424636), 'pressure_appetite': np.float64(18.000000000000004), 'creation_tools': np.float64(83.15158906134516), 'opportunity_response': np.float64(57.14285714285714), 'age_trajectory': np.float64(95.0)}",Medium
Jrue Holiday,2016-17,59.16,70.28,Luxury Amplifier,High Scaling,Latent Engine,0.046499999999999944,2,0,Steps Up,True,"Medium CII 59.2, high TII 70.3, has tools","{'self_created': np.float64(55.61), 'pressure_appetite': np.float64(70.82), 'difficulty_embrace': np.float64(54.29), 'defensive_survival': np.float64(61.13), 'force_multiplication': np.float64(47.44)}","{'scaling_efficiency': np.float64(59.72513387814764), 'pressure_appetite': np.float64(73.42758620689654), 'creation_tools': np.float64(89.95), 'opportunity_response': np.float64(59.02857142857143), 'age_trajectory': np.float64(71.66)}",Medium
Julius Randle,2016-17,34.6,48.19,Role Player,Limited Scaling,Role Player,-0.02499999999999995,0,2,Hides,False,"Low CII 34.6, low TII 48.2","{'self_created': np.float64(25.96), 'pressure_appetite': np.float64(43.22), 'difficulty_embrace': np.float64(13.89), 'defensive_survival': np.float64(56.28), 'force_multiplication': np.float64(47.9)}","{'scaling_efficiency': np.float64(17.241570340946716), 'pressure_appetite': np.float64(65.5817610062893), 'creation_tools': np.float64(41.34252952906888), 'opportunity_response': np.float64(55.68571428571428), 'age_trajectory': np.int64(100)}",Medium
Justin Anderson,2016-17,8.86,23.87,Role Player,Low Scaling,Role Player,-0.102,0,1,Hides,False,"Low CII 8.9, low TII 23.9","{'self_created': np.float64(10.76), 'pressure_appetite': np.float64(10.0), 'difficulty_embrace': np.float64(5.56), 'defensive_survival': np.float64(9.16), 'force_multiplication': np.float64(6.41)}","{'scaling_efficiency': np.float64(9.590404969908759), 'pressure_appetite': np.float64(0.0), 'creation_tools': np.float64(23.671927070755856), 'opportunity_response': np.float64(45.05714285714286), 'age_trajectory': np.float64(95.0)}",Medium
Justin Holiday,2016-17,18.88,36.05,Role Player,Limited Scaling,Role Player,-0.059000000000000004,0,2,Hides,True,"Low CII 18.9, low TII 36.0","{'self_created': np.float64(4.46), 'pressure_appetite': np.float64(18.57), 'difficulty_embrace': np.float64(23.96), 'defensive_survival': np.float64(50.27), 'force_multiplication': np.float64(5.64)}","{'scaling_efficiency': np.float64(16.63804671748218), 'pressure_appetite': np.float64(26.799999999999997), 'creation_tools': np.float64(53.19874620432951), 'opportunity_response': np.float64(48.14285714285714), 'age_trajectory': np.float64(64.99000000000001)}",Medium
Justise Winslow,2016-17,31.09,59.15,Role Player,Moderate Scaling,Developing Prospect,0.005499999999999949,1,1,Mixed,True,"Low CII 31.1, moderate TII 59.1","{'self_created': np.float64(9.68), 'pressure_appetite': np.float64(47.91), 'difficulty_embrace': np.float64(29.27), 'defensive_survival': np.float64(51.61), 'force_multiplication': np.float64(26.11)}","{'scaling_efficiency': np.float64(31.883576246898045), 'pressure_appetite': np.float64(65.04242424242423), 'creation_tools': np.float64(71.04079822616407), 'opportunity_response': np.float64(60.74285714285715), 'age_trajectory': np.int64(100)}",Medium
Karl-Anthony Towns,2016-17,30.48,50.92,Role Player,Moderate Scaling,Role Player,-0.047499999999999945,0,2,Hides,True,"Low CII 30.5, low TII 50.9","{'self_created': np.float64(23.58), 'pressure_appetite': np.float64(39.14), 'difficulty_embrace': np.float64(18.66), 'defensive_survival': np.float64(36.52), 'force_multiplication': np.float64(44.09)}","{'scaling_efficiency': np.float64(41.28874863670138), 'pressure_appetite': np.float64(25.200000000000003), 'creation_tools': np.float64(46.67010920109201), 'opportunity_response': np.float64(86.0), 'age_trajectory': np.int64(100)}",Medium
Kawhi Leonard,2016-17,73.2,78.1,Strong Creator,High Scaling,Latent Engine,0.0465,2,0,Steps Up,True,"CII 73.2, TII 78.1: High potential (limited career data)","{'self_created': np.float64(68.86), 'pressure_appetite': np.float64(89.67), 'difficulty_embrace': np.float64(63.13), 'defensive_survival': np.float64(70.22), 'force_multiplication': np.float64(69.66)}","{'scaling_efficiency': np.float64(66.05977806344842), 'pressure_appetite': np.float64(82.21307189542483), 'creation_tools': np.float64(85.0), 'opportunity_response': np.float64(86.0), 'age_trajectory': np.float64(78.33)}",Medium
Kelly Olynyk,2016-17,11.34,37.65,Role Player,Limited Scaling,Role Player,-0.06,0,1,Hides,False,"Low CII 11.3, low TII 37.6","{'self_created': np.float64(4.66), 'pressure_appetite': np.float64(14.17), 'difficulty_embrace': np.float64(11.17), 'defensive_survival': np.float64(20.77), 'force_multiplication': np.float64(10.54)}","{'scaling_efficiency': np.float64(19.236400635930046), 'pressure_appetite': np.float64(16.0), 'creation_tools': np.float64(39.21065699846188), 'opportunity_response': np.float64(81.32857142857144), 'age_trajectory': np.float64(78.33)}",Medium
Kelly Oubre Jr.,2016-17,13.35,32.8,Role Player,Low Scaling,Role Player,-0.0649999999999999,0,1,Hides,True,"Low CII 13.3, low TII 32.8","{'self_created': np.float64(9.04), 'pressure_appetite': np.float64(10.0), 'difficulty_embrace': np.float64(14.17), 'defensive_survival': np.float64(26.24), 'force_multiplication': np.float64(13.67)}","{'scaling_efficiency': np.float64(11.07733295849879), 'pressure_appetite': np.float64(14.000000000000039), 'creation_tools': np.float64(43.601898914094036), 'opportunity_response': np.float64(48.400000000000006), 'age_trajectory': np.int64(100)}",Medium
Kemba Walker,2016-17,74.73,80.6,Strong Creator,Elite Scaling,Franchise Engine,0.08399999999999999,2,0,Steps Up,True,CII 74.7 >= 74: Already elite creator,"{'self_created': np.float64(81.47), 'pressure_appetite': np.float64(74.82), 'difficulty_embrace': np.float64(70.04), 'defensive_survival': np.float64(79.08), 'force_multiplication': np.float64(57.11)}","{'scaling_efficiency': np.float64(76.74087585418381), 'pressure_appetite': np.float64(83.4965034965035), 'creation_tools': np.float64(88.98333333333333), 'opportunity_response': np.float64(78.24285714285715), 'age_trajectory': np.float64(71.66)}",Medium
Kenneth Faried,2016-17,17.94,36.98,Role Player,Limited Scaling,Role Player,-0.0085,1,1,Mixed,False,"Low CII 17.9, low TII 37.0","{'self_created': np.float64(17.87), 'pressure_appetite': np.float64(26.12), 'difficulty_embrace': np.float64(3.6), 'defensive_survival': np.float64(21.75), 'force_multiplication': np.float64(20.71)}","{'scaling_efficiency': np.float64(15.152145023372473), 'pressure_appetite': np.float64(43.586592178770985), 'creation_tools': np.float64(16.015233683063087), 'opportunity_response': np.float64(74.48857142857142), 'age_trajectory': np.float64(71.66)}",Medium
Kent Bazemore,2016-17,28.08,47.43,Role Player,Limited Scaling,Role Player,-0.020999999999999998,0,2,Hides,True,"Low CII 28.1, low TII 47.4","{'self_created': np.float64(18.79), 'pressure_appetite': np.float64(31.33), 'difficulty_embrace': np.float64(32.17), 'defensive_survival': np.float64(38.94), 'force_multiplication': np.float64(23.34)}","{'scaling_efficiency': np.float64(24.93059239736923), 'pressure_appetite': np.float64(44.28382838283828), 'creation_tools': np.float64(68.00549384206712), 'opportunity_response': np.float64(54.05714285714286), 'age_trajectory': np.float64(71.66)}",Medium
Kentavious Caldwell-Pope,2016-17,47.5,62.84,Fragile Star,Moderate Scaling,Strong Creator,0.014500000000000051,1,1,Steps Up,True,"CII 47.5, TII 62.8","{'self_created': np.float64(28.44), 'pressure_appetite': np.float64(68.0), 'difficulty_embrace': np.float64(45.73), 'defensive_survival': np.float64(67.95), 'force_multiplication': np.float64(26.28)}","{'scaling_efficiency': np.float64(28.452607491867344), 'pressure_appetite': np.float64(87.1), 'creation_tools': np.float64(73.0), 'opportunity_response': np.float64(59.542857142857144), 'age_trajectory': np.float64(90.0)}",Medium
Kevin Durant,2016-17,45.34,65.57,Fragile Star,High Scaling,Strong Creator,0.0395,1,1,Steps Up,True,"CII 45.3, TII 65.6","{'self_created': np.float64(42.47), 'pressure_appetite': np.float64(48.84), 'difficulty_embrace': np.float64(41.49), 'defensive_survival': np.float64(45.46), 'force_multiplication': np.float64(52.7)}","{'scaling_efficiency': np.float64(64.64815529373567), 'pressure_appetite': np.float64(49.20295202952029), 'creation_tools': np.float64(72.40015750157501), 'opportunity_response': np.float64(86.0), 'age_trajectory': np.float64(64.99000000000001)}",Medium
Kevin Love,2016-17,22.65,37.85,Role Player,Limited Scaling,Role Player,-0.0685,0,2,Hides,True,"Low CII 22.6, low TII 37.9","{'self_created': np.float64(12.69), 'pressure_appetite': np.float64(25.87), 'difficulty_embrace': np.float64(18.94), 'defensive_survival': np.float64(37.3), 'force_multiplication': np.float64(29.93)}","{'scaling_efficiency': np.float64(23.38232049441468), 'pressure_appetite': np.float64(15.600000000000001), 'creation_tools': np.float64(43.34634949709181), 'opportunity_response': np.float64(78.41428571428571), 'age_trajectory': np.float64(64.99000000000001)}",Medium
Khris Middleton,2016-17,42.86,65.24,Fragile Star,High Scaling,Developing Prospect,0.05549999999999995,2,0,Steps Up,True,"Low CII 42.9, moderate TII 65.2","{'self_created': np.float64(33.86), 'pressure_appetite': np.float64(54.79), 'difficulty_embrace': np.float64(45.11), 'defensive_survival': np.float64(48.02), 'force_multiplication': np.float64(27.78)}","{'scaling_efficiency': np.float64(49.15987238085784), 'pressure_appetite': np.float64(63.286343612334775), 'creation_tools': np.float64(78.12062426130869), 'opportunity_response': np.float64(70.31428571428572), 'age_trajectory': np.float64(85.0)}",Medium
Klay Thompson,2016-17,26.44,49.49,Role Player,Limited Scaling,Role Player,-0.065,0,2,Hides,True,"Low CII 26.4, low TII 49.5","{'self_created': np.float64(15.64), 'pressure_appetite': np.float64(25.5), 'difficulty_embrace': np.float64(38.74), 'defensive_survival': np.float64(35.18), 'force_multiplication': np.float64(23.47)}","{'scaling_efficiency': np.float64(40.31321174316902), 'pressure_appetite': np.float64(14.0), 'creation_tools': np.float64(66.91589147286821), 'opportunity_response': np.float64(89.0), 'age_trajectory': np.float64(71.66)}",Medium
Kosta Koufos,2016-17,10.03,22.86,Role Player,Low Scaling,Role Player,-0.043000000000000003,0,2,Hides,False,"Low CII 10.0, low TII 22.9","{'self_created': np.float64(6.51), 'pressure_appetite': np.float64(10.0), 'difficulty_embrace': np.float64(2.9), 'defensive_survival': np.float64(28.69), 'force_multiplication': np.float64(6.96)}","{'scaling_efficiency': np.float64(10.92081812857594), 'pressure_appetite': np.float64(8.400000000000002), 'creation_tools': np.float64(14.315129489043235), 'opportunity_response': np.float64(54.14285714285714), 'age_trajectory': np.float64(64.99000000000001)}",Medium
Kris Dunn,2016-17,19.69,41.79,Role Player,Limited Scaling,Role Player,-0.08,0,1,Hides,True,"Low CII 19.7, low TII 41.8","{'self_created': np.float64(15.29), 'pressure_appetite': np.float64(10.0), 'difficulty_embrace': np.float64(34.27), 'defensive_survival': np.float64(29.68), 'force_multiplication': np.float64(13.0)}","{'scaling_efficiency': np.float64(25.999999999999996), 'pressure_appetite': np.float64(8.000000000000004), 'creation_tools': np.float64(78.20342750190092), 'opportunity_response': np.float64(45.65714285714286), 'age_trajectory': np.float64(95.0)}",Medium
Kristaps Porziņģis,2016-17,27.62,48.54,Role Player,Limited Scaling,Role Player,-0.03849999999999995,0,2,Hides,True,"Low CII 27.6, low TII 48.5","{'self_created': np.float64(13.57), 'pressure_appetite': np.float64(31.25), 'difficulty_embrace': np.float64(32.67), 'defensive_survival': np.float64(41.36), 'force_multiplication': np.float64(30.02)}","{'scaling_efficiency': np.float64(30.98981566820278), 'pressure_appetite': np.float64(23.600000000000037), 'creation_tools': np.float64(72.37642276422764), 'opportunity_response': np.float64(59.114285714285714), 'age_trajectory': np.int64(100)}",Medium
Kyle Anderson,2016-17,19.74,42.68,Role Player,Limited Scaling,Role Player,0.0,0,0,Mixed,True,"Low CII 19.7, low TII 42.7","{'self_created': np.float64(10.71), 'pressure_appetite': np.float64(28.0), 'difficulty_embrace': np.float64(15.4), 'defensive_survival': np.float64(38.14), 'force_multiplication': np.float64(7.27)}","{'scaling_efficiency': np.float64(20.609774011299436), 'pressure_appetite': np.float64(54.0), 'creation_tools': np.float64(35.11668733636489), 'opportunity_response': np.float64(43.17142857142857), 'age_trajectory': np.float64(95.0)}",Medium
Kyle Korver,2016-17,17.42,43.55,Role Player,Limited Scaling,Role Player,-0.03949999999999995,0,2,Hides,True,"Low CII 17.4, low TII 43.5","{'self_created': np.float64(6.07), 'pressure_appetite': np.float64(13.86), 'difficulty_embrace': np.float64(26.57), 'defensive_survival': np.float64(43.25), 'force_multiplication': np.float64(3.35)}","{'scaling_efficiency': np.float64(28.956858379715523), 'pressure_appetite': np.float64(26.80000000000004), 'creation_tools': np.float64(65.77456445993032), 'opportunity_response': np.float64(86.70285714285714), 'age_trajectory': np.int64(20)}",Medium
Kyle Lowry,2016-17,71.66,77.93,Strong Creator,High Scaling,Strong Creator,0.061499999999999944,2,0,Steps Up,False,"CII 71.7, TII 77.9: High potential (limited career data) (Age 31 > 28, reclassified from Latent Engine)","{'self_created': np.float64(84.87), 'pressure_appetite': np.float64(78.5), 'difficulty_embrace': np.float64(53.29), 'defensive_survival': np.float64(67.23), 'force_multiplication': np.float64(58.35)}","{'scaling_efficiency': np.float64(81.37882401254286), 'pressure_appetite': np.float64(79.04279835390946), 'creation_tools': np.float64(82.03333333333333), 'opportunity_response': np.float64(89.0), 'age_trajectory': np.float64(40.01)}",Medium
Kyle O'Quinn,2016-17,21.18,39.3,Role Player,Limited Scaling,Role Player,-0.0139999999999999,0,1,Mixed,True,"Low CII 21.2, low TII 39.3","{'self_created': np.float64(10.45), 'pressure_appetite': np.float64(31.72), 'difficulty_embrace': np.float64(24.49), 'defensive_survival': np.float64(25.96), 'force_multiplication': np.float64(13.22)}","{'scaling_efficiency': np.float64(16.959289058767325), 'pressure_appetite': np.float64(47.948717948717984), 'creation_tools': np.float64(37.502345215759846), 'opportunity_response': np.float64(50.37142857142857), 'age_trajectory': np.float64(71.66)}",Medium
Kyrie Irving,2016-17,76.91,80.37,Strong Creator,Elite Scaling,Franchise Engine,0.04949999999999995,2,0,Steps Up,True,CII 76.9 >= 74: Already elite creator,"{'self_created': np.float64(84.65), 'pressure_appetite': np.float64(77.85), 'difficulty_embrace': np.float64(76.03), 'defensive_survival': np.float64(71.52), 'force_multiplication': np.float64(61.18)}","{'scaling_efficiency': np.float64(73.75681471400883), 'pressure_appetite': np.float64(76.22881355932202), 'creation_tools': np.float64(94.55), 'opportunity_response': np.float64(78.5), 'age_trajectory': np.float64(85.0)}",Medium
LaMarcus Aldridge,2016-17,32.26,41.01,Role Player,Limited Scaling,Role Player,-0.05299999999999995,0,2,Hides,True,"Low CII 32.3, low TII 41.0","{'self_created': np.float64(22.7), 'pressure_appetite': np.float64(26.38), 'difficulty_embrace': np.float64(42.29), 'defensive_survival': np.float64(40.23), 'force_multiplication': np.float64(43.67)}","{'scaling_efficiency': np.float64(35.11030929621395), 'pressure_appetite': np.float64(17.200000000000042), 'creation_tools': np.float64(66.78737214791502), 'opportunity_response': np.float64(58.77142857142857), 'age_trajectory': np.float64(40.01)}",Medium
Lance Stephenson,2016-17,28.4,51.02,Role Player,Moderate Scaling,Role Player,-0.02049999999999995,0,1,Hides,True,"Low CII 28.4, low TII 51.0","{'self_created': np.float64(25.33), 'pressure_appetite': np.float64(18.08), 'difficulty_embrace': np.float64(44.56), 'defensive_survival': np.float64(36.44), 'force_multiplication': np.float64(19.04)}","{'scaling_efficiency': np.float64(46.93333333333334), 'pressure_appetite': np.float64(23.600000000000037), 'creation_tools': np.float64(79.87067106858913), 'opportunity_response': np.float64(48.22857142857143), 'age_trajectory': np.float64(78.33)}",Medium
Lance Thomas,2016-17,17.87,38.61,Role Player,Limited Scaling,Role Player,-0.021,0,2,Hides,True,"Low CII 17.9, low TII 38.6","{'self_created': np.float64(10.1), 'pressure_appetite': np.float64(14.55), 'difficulty_embrace': np.float64(20.0), 'defensive_survival': np.float64(45.5), 'force_multiplication': np.float64(3.75)}","{'scaling_efficiency': np.float64(9.193127689104788), 'pressure_appetite': np.float64(54.231552162849866), 'creation_tools': np.float64(46.37727300937131), 'opportunity_response': np.float64(49.0), 'age_trajectory': np.float64(56.67)}",Medium
Langston Galloway,2016-17,23.85,41.81,Role Player,Limited Scaling,Role Player,-0.006500000000000001,1,1,Mixed,True,"Low CII 23.9, low TII 41.8","{'self_created': np.float64(12.16), 'pressure_appetite': np.float64(22.33), 'difficulty_embrace': np.float64(29.01), 'defensive_survival': np.float64(53.48), 'force_multiplication': np.float64(7.93)}","{'scaling_efficiency': np.float64(22.32084006462036), 'pressure_appetite': np.float64(27.199999999999996), 'creation_tools': np.float64(62.82294489611563), 'opportunity_response': np.float64(48.31428571428572), 'age_trajectory': np.float64(85.0)}",Medium
Larry Nance Jr.,2016-17,23.31,47.64,Role Player,Limited Scaling,Role Player,-0.029000000000000047,1,1,Hides,True,"Low CII 23.3, low TII 47.6","{'self_created': np.float64(3.55), 'pressure_appetite': np.float64(39.77), 'difficulty_embrace': np.float64(18.6), 'defensive_survival': np.float64(48.84), 'force_multiplication': np.float64(12.53)}","{'scaling_efficiency': np.float64(18.560776086557848), 'pressure_appetite': np.float64(71.25563909774434), 'creation_tools': np.float64(33.82319212665811), 'opportunity_response': np.float64(56.62857142857143), 'age_trajectory': np.float64(90.0)}",Medium
Lavoy Allen,2016-17,12.67,24.78,Role Player,Low Scaling,Role Player,-0.064,0,1,Hides,True,"Low CII 12.7, low TII 24.8","{'self_created': np.float64(2.46), 'pressure_appetite': np.float64(10.0), 'difficulty_embrace': np.float64(24.1), 'defensive_survival': np.float64(29.32), 'force_multiplication': np.float64(2.16)}","{'scaling_efficiency': np.float64(4.600833072345754), 'pressure_appetite': np.float64(14.399999999999999), 'creation_tools': np.float64(34.060119188570525), 'opportunity_response': np.float64(43.25714285714286), 'age_trajectory': np.float64(64.99000000000001)}",Medium
LeBron James,2016-17,66.97,74.4,Luxury Amplifier,High Scaling,Strong Creator,0.07050000000000001,2,0,Steps Up,True,"CII 67.0, TII 74.4: High potential (limited career data) (Age 32 > 28, reclassified from Latent Engine)","{'self_created': np.float64(78.59), 'pressure_appetite': np.float64(62.95), 'difficulty_embrace': np.float64(49.63), 'defensive_survival': np.float64(70.43), 'force_multiplication': np.float64(71.67)}","{'scaling_efficiency': np.float64(78.89812412509156), 'pressure_appetite': np.float64(72.48767123287672), 'creation_tools': np.float64(81.06524668671344), 'opportunity_response': np.float64(86.0), 'age_trajectory': np.float64(35.0)}",Medium
Leandro Barbosa,2016-17,24.23,30.4,Role Player,Low Scaling,Role Player,-0.062,0,1,Hides,True,"Low CII 24.2, low TII 30.4","{'self_created': np.float64(25.18), 'pressure_appetite': np.float64(16.5), 'difficulty_embrace': np.float64(30.46), 'defensive_survival': np.float64(31.19), 'force_multiplication': np.float64(17.85)}","{'scaling_efficiency': np.float64(20.437258945447436), 'pressure_appetite': np.float64(15.2), 'creation_tools': np.float64(57.33587550054605), 'opportunity_response': np.float64(43.34285714285714), 'age_trajectory': np.float64(25.0)}",Medium
Lou Williams,2016-17,51.08,62.4,Fragile Star,Moderate Scaling,Strong Creator,-0.013999999999999999,0,2,Mixed,True,"CII 51.1, TII 62.4","{'self_created': np.float64(65.03), 'pressure_appetite': np.float64(44.53), 'difficulty_embrace': np.float64(36.81), 'defensive_survival': np.float64(53.12), 'force_multiplication': np.float64(51.09)}","{'scaling_efficiency': np.float64(63.803814559629), 'pressure_appetite': np.float64(51.643802647412755), 'creation_tools': np.float64(68.1589988553315), 'opportunity_response': np.float64(79.19428571428571), 'age_trajectory': np.float64(48.34)}",Medium
Luc Mbah a Moute,2016-17,8.97,30.6,Role Player,Low Scaling,Role Player,-0.085,0,1,Hides,True,"Low CII 9.0, low TII 30.6","{'self_created': np.float64(1.37), 'pressure_appetite': np.float64(10.0), 'difficulty_embrace': np.float64(17.59), 'defensive_survival': np.float64(15.5), 'force_multiplication': np.float64(2.19)}","{'scaling_efficiency': np.float64(22.474516350046706), 'pressure_appetite': np.float64(6.000000000000001), 'creation_tools': np.float64(36.58744829553559), 'opportunity_response': np.float64(68.02571428571429), 'age_trajectory': np.float64(48.34)}",Medium
Luol Deng,2016-17,14.12,28.09,Role Player,Low Scaling,Role Player,-0.06149999999999995,0,2,Hides,True,"Low CII 14.1, low TII 28.1","{'self_created': np.float64(10.29), 'pressure_appetite': np.float64(10.0), 'difficulty_embrace': np.float64(20.51), 'defensive_survival': np.float64(24.28), 'force_multiplication': np.float64(7.91)}","{'scaling_efficiency': np.float64(15.930496453900712), 'pressure_appetite': np.float64(2.8000000000000425), 'creation_tools': np.float64(55.258631724615114), 'opportunity_response': np.float64(53.71428571428571), 'age_trajectory': np.float64(35.0)}",Medium
Malcolm Brogdon,2016-17,37.58,60.86,Role Player,Moderate Scaling,Developing Prospect,0.0229999999999999,1,0,Steps Up,False,"Low CII 37.6, moderate TII 60.9","{'self_created': np.float64(29.21), 'pressure_appetite': np.float64(50.08), 'difficulty_embrace': np.float64(22.53), 'defensive_survival': np.float64(56.59), 'force_multiplication': np.float64(32.99)}","{'scaling_efficiency': np.float64(37.67248206599713), 'pressure_appetite': np.float64(77.1274725274725), 'creation_tools': np.float64(61.64818636647905), 'opportunity_response': np.float64(59.62857142857142), 'age_trajectory': np.float64(90.0)}",Medium
Manu Ginobili,2016-17,14.92,27.63,Role Player,Low Scaling,Role Player,-0.0405,0,2,Hides,False,"Low CII 14.9, low TII 27.6","{'self_created': np.float64(17.28), 'pressure_appetite': np.float64(12.17), 'difficulty_embrace': np.float64(13.8), 'defensive_survival': np.float64(23.12), 'force_multiplication': np.float64(4.67)}","{'scaling_efficiency': np.float64(21.87412932832708), 'pressure_appetite': np.float64(10.000000000000004), 'creation_tools': np.float64(47.57381075938419), 'opportunity_response': np.float64(47.028571428571425), 'age_trajectory': np.int64(20)}",Medium
Marc Gasol,2016-17,34.7,54.82,Role Player,Moderate Scaling,Role Player,-0.011,1,1,Mixed,True,"Low CII 34.7, low TII 54.8","{'self_created': np.float64(19.86), 'pressure_appetite': np.float64(41.71), 'difficulty_embrace': np.float64(33.59), 'defensive_survival': np.float64(45.07), 'force_multiplication': np.float64(48.33)}","{'scaling_efficiency': np.float64(47.53615436658991), 'pressure_appetite': np.float64(55.547073791348595), 'creation_tools': np.float64(63.121591261714144), 'opportunity_response': np.float64(70.31428571428572), 'age_trajectory': np.float64(35.0)}",Medium
Marcin Gortat,2016-17,15.9,34.51,Role Player,Low Scaling,Role Player,-0.048499999999999946,0,2,Hides,True,"Low CII 15.9, low TII 34.5","{'self_created': np.float64(10.17), 'pressure_appetite': np.float64(10.0), 'difficulty_embrace': np.float64(11.8), 'defensive_survival': np.float64(42.26), 'force_multiplication': np.float64(16.47)}","{'scaling_efficiency': np.float64(27.523484993073723), 'pressure_appetite': np.float64(18.80000000000004), 'creation_tools': np.float64(29.836774696514087), 'opportunity_response': np.float64(83.91714285714286), 'age_trajectory': np.float64(30.0)}",Medium
Marco Belinelli,2016-17,26.51,45.0,Role Player,Limited Scaling,Role Player,-0.029,0,2,Hides,True,"Low CII 26.5, low TII 45.0","{'self_created': np.float64(16.56), 'pressure_appetite': np.float64(19.02), 'difficulty_embrace': np.float64(38.73), 'defensive_survival': np.float64(50.67), 'force_multiplication': np.float64(14.44)}","{'scaling_efficiency': np.float64(39.144777183600695), 'pressure_appetite': np.float64(23.200000000000003), 'creation_tools': np.float64(66.59505673666362), 'opportunity_response': np.float64(67.57142857142857), 'age_trajectory': np.float64(40.01)}",Medium
Marcus Morris Sr.,2016-17,42.73,53.57,Fragile Star,Moderate Scaling,Role Player,-0.0295,1,1,Hides,True,"Low CII 42.7, low TII 53.6","{'self_created': np.float64(32.16), 'pressure_appetite': np.float64(46.95), 'difficulty_embrace': np.float64(54.97), 'defensive_survival': np.float64(52.67), 'force_multiplication': np.float64(24.46)}","{'scaling_efficiency': np.float64(23.178058200874972), 'pressure_appetite': np.float64(63.483582089552215), 'creation_tools': np.float64(73.75), 'opportunity_response': np.float64(58.85714285714286), 'age_trajectory': np.float64(71.66)}",Medium
Marcus Smart,2016-17,21.91,43.97,Role Player,Limited Scaling,Role Player,-0.03949999999999995,0,2,Hides,False,"Low CII 21.9, low TII 44.0","{'self_created': np.float64(16.69), 'pressure_appetite': np.float64(15.67), 'difficulty_embrace': np.float64(21.87), 'defensive_survival': np.float64(43.04), 'force_multiplication': np.float64(21.56)}","{'scaling_efficiency': np.float64(29.774493213467302), 'pressure_appetite': np.float64(20.400000000000045), 'creation_tools': np.float64(59.4062175129948), 'opportunity_response': np.float64(57.05714285714286), 'age_trajectory': np.float64(95.0)}",Medium
Markieff Morris,2016-17,26.39,44.83,Role Player,Limited Scaling,Role Player,-0.047,0,2,Hides,True,"Low CII 26.4, low TII 44.8","{'self_created': np.float64(15.7), 'pressure_appetite': np.float64(26.45), 'difficulty_embrace': np.float64(27.89), 'defensive_survival': np.float64(40.44), 'force_multiplication': np.float64(34.26)}","{'scaling_efficiency': np.float64(31.585498346717063), 'pressure_appetite': np.float64(26.4), 'creation_tools': np.float64(64.64920100925147), 'opportunity_response': np.float64(57.74285714285714), 'age_trajectory': np.float64(71.66)}",Medium
Marquese Chriss,2016-17,18.31,36.93,Role Player,Limited Scaling,Role Player,0.003,1,0,Mixed,False,"Low CII 18.3, low TII 36.9","{'self_created': np.float64(4.34), 'pressure_appetite': np.float64(42.09), 'difficulty_embrace': np.float64(6.9), 'defensive_survival': np.float64(21.24), 'force_multiplication': np.float64(19.23)}","{'scaling_efficiency': np.float64(6.2151443298969085), 'pressure_appetite': np.float64(55.52783505154639), 'creation_tools': np.float64(18.980160925320593), 'opportunity_response': np.float64(49.25714285714285), 'age_trajectory': np.int64(100)}",Medium
Marvin Williams,2016-17,12.12,28.91,Role Player,Low Scaling,Role Player,-0.040499999999999994,0,2,Hides,False,"Low CII 12.1, low TII 28.9","{'self_created': np.float64(2.03), 'pressure_appetite': np.float64(14.42), 'difficulty_embrace': np.float64(10.79), 'defensive_survival': np.float64(33.4), 'force_multiplication': np.float64(7.4)}","{'scaling_efficiency': np.float64(9.338363128491626), 'pressure_appetite': np.float64(24.800000000000004), 'creation_tools': np.float64(32.36544715447154), 'opportunity_response': np.float64(62.885714285714286), 'age_trajectory': np.float64(40.01)}",Medium
Mason Plumlee,2016-17,19.81,39.93,Role Player,Limited Scaling,Role Player,-0.03849999999999995,0,2,Hides,False,"Low CII 19.8, low TII 39.9","{'self_created': np.float64(9.58), 'pressure_appetite': np.float64(26.83), 'difficulty_embrace': np.float64(9.3), 'defensive_survival': np.float64(40.71), 'force_multiplication': np.float64(22.6)}","{'scaling_efficiency': np.float64(14.671064496684757), 'pressure_appetite': np.float64(52.03333333333337), 'creation_tools': np.float64(31.982113821138213), 'opportunity_response': np.float64(59.71428571428571), 'age_trajectory': np.float64(71.66)}",Medium
Matthew Dellavedova,2016-17,29.03,59.57,Role Player,Moderate Scaling,Role Player,-0.036000000000000046,1,1,Hides,True,"Low CII 29.0, moderate TII 59.6 (Age 26 > 25, reclassified from Developing Prospect)","{'self_created': np.float64(21.32), 'pressure_appetite': np.float64(43.96), 'difficulty_embrace': np.float64(25.23), 'defensive_survival': np.float64(31.8), 'force_multiplication': np.float64(18.28)}","{'scaling_efficiency': np.float64(41.11373936863498), 'pressure_appetite': np.float64(63.551898734177186), 'creation_tools': np.float64(77.54609447360296), 'opportunity_response': np.float64(53.371428571428574), 'age_trajectory': np.float64(78.33)}",Medium
Maurice Harkless,2016-17,12.18,31.29,Role Player,Low Scaling,Role Player,-0.041999999999999954,0,2,Hides,False,"Low CII 12.2, low TII 31.3","{'self_created': np.float64(9.71), 'pressure_appetite': np.float64(10.0), 'difficulty_embrace': np.float64(5.29), 'defensive_survival': np.float64(25.85), 'force_multiplication': np.float64(18.34)}","{'scaling_efficiency': np.float64(14.136030301016673), 'pressure_appetite': np.float64(18.400000000000038), 'creation_tools': np.float64(20.894535384951165), 'opportunity_response': np.float64(61.771428571428565), 'age_trajectory': np.float64(90.0)}",Medium
Michael Kidd-Gilchrist,2016-17,21.69,47.45,Role Player,Limited Scaling,Role Player,-0.0329999999999999,0,1,Hides,True,"Low CII 21.7, low TII 47.5","{'self_created': np.float64(13.56), 'pressure_appetite': np.float64(13.08), 'difficulty_embrace': np.float64(30.9), 'defensive_survival': np.float64(39.05), 'force_multiplication': np.float64(23.18)}","{'scaling_efficiency': np.float64(33.50264588329337), 'pressure_appetite': np.float64(26.80000000000004), 'creation_tools': np.float64(64.09200542005419), 'opportunity_response': np.float64(55.85714285714286), 'age_trajectory': np.float64(95.0)}",Medium
Mike Conley,2016-17,74.29,83.26,Strong Creator,Elite Scaling,Franchise Engine,0.06199999999999995,2,0,Steps Up,True,CII 74.3 >= 74: Already elite creator,"{'self_created': np.float64(81.52), 'pressure_appetite': np.float64(81.17), 'difficulty_embrace': np.float64(61.69), 'defensive_survival': np.float64(75.26), 'force_multiplication': np.float64(59.1)}","{'scaling_efficiency': np.float64(80.92871958827199), 'pressure_appetite': np.float64(87.20937499999998), 'creation_tools': np.float64(90.83333333333334), 'opportunity_response': np.float64(89.0), 'age_trajectory': np.float64(56.67)}",Medium
Mindaugas Kuzminskas,2016-17,9.43,25.88,Role Player,Low Scaling,Role Player,-0.059,0,1,Hides,False,"Low CII 9.4, low TII 25.9","{'self_created': np.float64(6.57), 'pressure_appetite': np.float64(14.5), 'difficulty_embrace': np.float64(4.07), 'defensive_survival': np.float64(13.94), 'force_multiplication': np.float64(9.32)}","{'scaling_efficiency': np.float64(10.222564968344894), 'pressure_appetite': np.float64(16.400000000000002), 'creation_tools': np.float64(24.928866159629337), 'opportunity_response': np.float64(43.77142857142857), 'age_trajectory': np.float64(71.66)}",Medium
Myles Turner,2016-17,20.96,44.73,Role Player,Limited Scaling,Role Player,-0.03799999999999995,0,2,Hides,True,"Low CII 21.0, low TII 44.7","{'self_created': np.float64(1.41), 'pressure_appetite': np.float64(23.76), 'difficulty_embrace': np.float64(27.5), 'defensive_survival': np.float64(44.04), 'force_multiplication': np.float64(24.94)}","{'scaling_efficiency': np.float64(23.69193564605328), 'pressure_appetite': np.float64(25.600000000000005), 'creation_tools': np.float64(43.02177402543256), 'opportunity_response': np.float64(84.10571428571428), 'age_trajectory': np.int64(100)}",Medium
Nemanja Bjelica,2016-17,19.44,35.52,Role Player,Limited Scaling,Role Player,-0.025499999999999953,1,1,Hides,False,"Low CII 19.4, low TII 35.5","{'self_created': np.float64(8.08), 'pressure_appetite': np.float64(37.01), 'difficulty_embrace': np.float64(4.67), 'defensive_survival': np.float64(39.69), 'force_multiplication': np.float64(8.81)}","{'scaling_efficiency': np.float64(9.698437612701767), 'pressure_appetite': np.float64(64.30943396226415), 'creation_tools': np.float64(19.310183054660737), 'opportunity_response': np.float64(46.68571428571428), 'age_trajectory': np.float64(56.67)}",Medium
Nene,2016-17,11.63,30.78,Role Player,Low Scaling,Role Player,-0.089,0,2,Hides,True,"Low CII 11.6, low TII 30.8","{'self_created': np.float64(0.87), 'pressure_appetite': np.float64(11.67), 'difficulty_embrace': np.float64(11.7), 'defensive_survival': np.float64(31.34), 'force_multiplication': np.float64(14.09)}","{'scaling_efficiency': np.float64(31.104773470034644), 'pressure_appetite': np.float64(7.600000000000002), 'creation_tools': np.float64(26.07553313753033), 'opportunity_response': np.float64(78.87714285714286), 'age_trajectory': np.float64(25.0)}",Medium
Nerlens Noel,2016-17,23.97,51.68,Role Player,Moderate Scaling,Role Player,-0.0010000000000000501,1,1,Mixed,False,"Low CII 24.0, low TII 51.7","{'self_created': np.float64(7.17), 'pressure_appetite': np.float64(38.39), 'difficulty_embrace': np.float64(9.7), 'defensive_survival': np.float64(56.33), 'force_multiplication': np.float64(18.36)}","{'scaling_efficiency': np.float64(27.66144328975305), 'pressure_appetite': np.float64(67.65263157894734), 'creation_tools': np.float64(23.82705748110113), 'opportunity_response': np.float64(81.32857142857144), 'age_trajectory': np.float64(95.0)}",Medium
Nick Young,2016-17,32.09,55.82,Role Player,Moderate Scaling,Role Player,-0.035999999999999956,1,1,Hides,True,"Low CII 32.1, moderate TII 55.8 (Age 32 > 25, reclassified from Developing Prospect)","{'self_created': np.float64(20.17), 'pressure_appetite': np.float64(45.12), 'difficulty_embrace': np.float64(36.6), 'defensive_survival': np.float64(39.86), 'force_multiplication': np.float64(14.63)}","{'scaling_efficiency': np.float64(41.24758741258741), 'pressure_appetite': np.float64(59.125000000000014), 'creation_tools': np.float64(66.61666666666667), 'opportunity_response': np.float64(78.92), 'age_trajectory': np.float64(35.0)}",Medium
Nicolas Batum,2016-17,40.48,59.24,Fragile Star,Moderate Scaling,Role Player,-0.00799999999999995,0,2,Mixed,True,"Low CII 40.5, moderate TII 59.2 (Age 28 > 25, reclassified from Developing Prospect)","{'self_created': np.float64(30.96), 'pressure_appetite': np.float64(42.38), 'difficulty_embrace': np.float64(47.83), 'defensive_survival': np.float64(54.16), 'force_multiplication': np.float64(29.05)}","{'scaling_efficiency': np.float64(41.61612565445027), 'pressure_appetite': np.float64(60.331782945736435), 'creation_tools': np.float64(80.75), 'opportunity_response': np.float64(60.14285714285714), 'age_trajectory': np.float64(64.99000000000001)}",Medium
Nik Stauskas,2016-17,25.11,53.28,Role Player,Moderate Scaling,Role Player,-0.020499999999999997,0,2,Hides,False,"Low CII 25.1, low TII 53.3","{'self_created': np.float64(20.07), 'pressure_appetite': np.float64(32.47), 'difficulty_embrace': np.float64(20.27), 'defensive_survival': np.float64(33.43), 'force_multiplication': np.float64(19.0)}","{'scaling_efficiency': np.float64(40.53126432252513), 'pressure_appetite': np.float64(51.77432712215321), 'creation_tools': np.float64(52.60867797808413), 'opportunity_response': np.float64(54.4), 'age_trajectory': np.float64(95.0)}",Medium
Nikola Jokić,2016-17,34.01,55.73,Role Player,Moderate Scaling,Developing Prospect,-0.021,0,2,Hides,True,"Low CII 34.0, moderate TII 55.7","{'self_created': np.float64(26.32), 'pressure_appetite': np.float64(45.98), 'difficulty_embrace': np.float64(17.37), 'defensive_survival': np.float64(40.8), 'force_multiplication': np.float64(50.23)}","{'scaling_efficiency': np.float64(38.078995215311004), 'pressure_appetite': np.float64(53.17748917748918), 'creation_tools': np.float64(41.077322000492735), 'opportunity_response': np.float64(85.30571428571429), 'age_trajectory': np.int64(100)}",Medium
Nikola Mirotic,2016-17,14.15,34.12,Role Player,Low Scaling,Role Player,-0.039,0,2,Hides,False,"Low CII 14.2, low TII 34.1","{'self_created': np.float64(4.0), 'pressure_appetite': np.float64(20.2), 'difficulty_embrace': np.float64(13.53), 'defensive_survival': np.float64(27.3), 'force_multiplication': np.float64(11.01)}","{'scaling_efficiency': np.float64(13.620412312971666), 'pressure_appetite': np.float64(22.800000000000004), 'creation_tools': np.float64(43.81429888525689), 'opportunity_response': np.float64(51.57142857142857), 'age_trajectory': np.float64(78.33)}",Medium
Nikola Vučević,2016-17,38.2,48.28,Role Player,Limited Scaling,Role Player,0.013499999999999948,1,1,Steps Up,True,"Low CII 38.2, low TII 48.3","{'self_created': np.float64(10.67), 'pressure_appetite': np.float64(71.78), 'difficulty_embrace': np.float64(36.0), 'defensive_survival': np.float64(36.91), 'force_multiplication': np.float64(43.17)}","{'scaling_efficiency': np.float64(10.830178431485772), 'pressure_appetite': np.float64(73.2473029045643), 'creation_tools': np.float64(52.66860641635462), 'opportunity_response': np.float64(55.68571428571428), 'age_trajectory': np.float64(78.33)}",Medium
Norman Powell,2016-17,22.78,31.93,Role Player,Low Scaling,Role Player,-0.0799999999999999,0,1,Hides,False,"Low CII 22.8, low TII 31.9","{'self_created': np.float64(32.56), 'pressure_appetite': np.float64(14.67), 'difficulty_embrace': np.float64(11.86), 'defensive_survival': np.float64(34.65), 'force_multiplication': np.float64(17.71)}","{'scaling_efficiency': np.float64(20.48042510121458), 'pressure_appetite': np.float64(8.000000000000039), 'creation_tools': np.float64(34.58877423389619), 'opportunity_response': np.float64(52.42857142857143), 'age_trajectory': np.float64(90.0)}",Medium
Omri Casspi,2016-17,5.44,17.85,Role Player,Low Scaling,Role Player,-0.1,0,2,Hides,False,"Low CII 5.4, low TII 17.9","{'self_created': np.float64(2.5), 'pressure_appetite': np.float64(10.0), 'difficulty_embrace': np.float64(1.77), 'defensive_survival': np.float64(11.06), 'force_multiplication': np.float64(1.82)}","{'scaling_efficiency': np.float64(8.023467895191478), 'pressure_appetite': np.float64(0.0), 'creation_tools': np.float64(14.19874513962531), 'opportunity_response': np.float64(46.25714285714285), 'age_trajectory': np.float64(56.67)}",Medium
Otto Porter Jr.,2016-17,17.72,48.73,Role Player,Limited Scaling,Role Player,-0.06949999999999995,0,2,Hides,True,"Low CII 17.7, low TII 48.7","{'self_created': np.float64(9.35), 'pressure_appetite': np.float64(10.0), 'difficulty_embrace': np.float64(26.57), 'defensive_survival': np.float64(44.09), 'force_multiplication': np.float64(4.85)}","{'scaling_efficiency': np.float64(30.418818260471266), 'pressure_appetite': np.float64(18.400000000000038), 'creation_tools': np.float64(61.02456445993032), 'opportunity_response': np.float64(92.0), 'age_trajectory': np.float64(90.0)}",Medium
P.J. Tucker,2016-17,15.25,33.44,Role Player,Low Scaling,Role Player,-0.00999999999999995,0,2,Mixed,False,"Low CII 15.2, low TII 33.4","{'self_created': np.float64(9.35), 'pressure_appetite': np.float64(17.43), 'difficulty_embrace': np.float64(10.39), 'defensive_survival': np.float64(30.88), 'force_multiplication': np.float64(13.82)}","{'scaling_efficiency': np.float64(12.05370187654904), 'pressure_appetite': np.float64(47.0630630630631), 'creation_tools': np.float64(31.80415659562001), 'opportunity_response': np.float64(54.65714285714286), 'age_trajectory': np.float64(35.0)}",Medium
Patrick Beverley,2016-17,18.93,36.34,Role Player,Limited Scaling,Role Player,-0.06949999999999995,0,2,Hides,False,"Low CII 18.9, low TII 36.3","{'self_created': np.float64(25.07), 'pressure_appetite': np.float64(10.0), 'difficulty_embrace': np.float64(14.46), 'defensive_survival': np.float64(33.91), 'force_multiplication': np.float64(9.29)}","{'scaling_efficiency': np.float64(30.35901073492981), 'pressure_appetite': np.float64(6.400000000000001), 'creation_tools': np.float64(52.673577235772356), 'opportunity_response': np.float64(57.31428571428572), 'age_trajectory': np.float64(64.99000000000001)}",Medium
Patrick Patterson,2016-17,8.87,28.33,Role Player,Low Scaling,Role Player,-0.042,0,2,Hides,False,"Low CII 8.9, low TII 28.3","{'self_created': np.float64(1.08), 'pressure_appetite': np.float64(10.0), 'difficulty_embrace': np.float64(8.19), 'defensive_survival': np.float64(27.22), 'force_multiplication': np.float64(3.3)}","{'scaling_efficiency': np.float64(8.891717946284526), 'pressure_appetite': np.float64(26.4), 'creation_tools': np.float64(23.735583977790995), 'opportunity_response': np.float64(52.08571428571428), 'age_trajectory': np.float64(64.99000000000001)}",Medium
Patty Mills,2016-17,32.83,64.97,Role Player,Moderate Scaling,Role Player,0.00900000000000005,1,1,Mixed,True,"Low CII 32.8, moderate TII 65.0 (Age 28 > 25, reclassified from Developing Prospect)","{'self_created': np.float64(24.77), 'pressure_appetite': np.float64(31.61), 'difficulty_embrace': np.float64(35.3), 'defensive_survival': np.float64(61.0), 'force_multiplication': np.float64(12.86)}","{'scaling_efficiency': np.float64(57.13242783566892), 'pressure_appetite': np.float64(59.532608695652215), 'creation_tools': np.float64(82.93229056203606), 'opportunity_response': np.float64(65.77142857142857), 'age_trajectory': np.float64(64.99000000000001)}",Medium
Pau Gasol,2016-17,16.73,29.59,Role Player,Low Scaling,Role Player,-0.0689999999999999,0,2,Hides,True,"Low CII 16.7, low TII 29.6","{'self_created': np.float64(8.97), 'pressure_appetite': np.float64(10.0), 'difficulty_embrace': np.float64(27.29), 'defensive_survival': np.float64(29.39), 'force_multiplication': np.float64(16.69)}","{'scaling_efficiency': np.float64(23.935169403774417), 'pressure_appetite': np.float64(0.0), 'creation_tools': np.float64(44.831201572579104), 'opportunity_response': np.float64(76.27142857142857), 'age_trajectory': np.int64(20)}",Medium
Paul George,2016-17,68.98,75.34,Luxury Amplifier,High Scaling,Latent Engine,0.0655,2,0,Steps Up,True,"CII 69.0, TII 75.3: High potential (limited career data)","{'self_created': np.float64(57.11), 'pressure_appetite': np.float64(90.0), 'difficulty_embrace': np.float64(62.36), 'defensive_survival': np.float64(76.93), 'force_multiplication': np.float64(53.4)}","{'scaling_efficiency': np.float64(50.4219597648234), 'pressure_appetite': np.float64(90.8), 'creation_tools': np.float64(87.25), 'opportunity_response': np.float64(86.0), 'age_trajectory': np.float64(71.66)}",Medium
Paul Millsap,2016-17,37.91,52.39,Role Player,Moderate Scaling,Role Player,0.0015,1,0,Mixed,True,"Low CII 37.9, low TII 52.4","{'self_created': np.float64(22.05), 'pressure_appetite': np.float64(48.5), 'difficulty_embrace': np.float64(28.76), 'defensive_survival': np.float64(52.99), 'force_multiplication': np.float64(54.66)}","{'scaling_efficiency': np.float64(36.247191290644395), 'pressure_appetite': np.float64(62.0), 'creation_tools': np.float64(67.49263907161892), 'opportunity_response': np.float64(60.14285714285714), 'age_trajectory': np.float64(35.0)}",Medium
Paul Zipser,2016-17,11.31,34.37,Role Player,Low Scaling,Role Player,-0.0429999999999999,0,1,Hides,True,"Low CII 11.3, low TII 34.4","{'self_created': np.float64(3.94), 'pressure_appetite': np.float64(10.0), 'difficulty_embrace': np.float64(19.57), 'defensive_survival': np.float64(22.85), 'force_multiplication': np.float64(2.85)}","{'scaling_efficiency': np.float64(8.662462503014227), 'pressure_appetite': np.float64(22.80000000000004), 'creation_tools': np.float64(47.28618170447439), 'opportunity_response': np.float64(47.457142857142856), 'age_trajectory': np.float64(95.0)}",Medium
Randy Foye,2016-17,29.98,44.05,Role Player,Limited Scaling,Role Player,-0.011000000000000003,1,1,Mixed,False,"Low CII 30.0, low TII 44.0","{'self_created': np.float64(18.22), 'pressure_appetite': np.float64(55.17), 'difficulty_embrace': np.float64(12.27), 'defensive_survival': np.float64(44.52), 'force_multiplication': np.float64(15.85)}","{'scaling_efficiency': np.float64(21.79593760086068), 'pressure_appetite': np.float64(74.31328671328671), 'creation_tools': np.float64(44.44475240206948), 'opportunity_response': np.float64(46.94285714285714), 'age_trajectory': np.float64(30.0)}",Medium
Raymond Felton,2016-17,26.57,43.58,Role Player,Limited Scaling,Role Player,-0.013,1,1,Mixed,True,"Low CII 26.6, low TII 43.6","{'self_created': np.float64(28.9), 'pressure_appetite': np.float64(15.18), 'difficulty_embrace': np.float64(33.0), 'defensive_survival': np.float64(34.4), 'force_multiplication': np.float64(23.47)}","{'scaling_efficiency': np.float64(41.46666666666667), 'pressure_appetite': np.float64(24.800000000000004), 'creation_tools': np.float64(72.84292234026634), 'opportunity_response': np.float64(49.171428571428564), 'age_trajectory': np.float64(30.0)}",Medium
Reggie Bullock Jr.,2016-17,10.43,25.92,Role Player,Low Scaling,Role Player,-0.072,0,1,Hides,False,"Low CII 10.4, low TII 25.9","{'self_created': np.float64(0.52), 'pressure_appetite': np.float64(10.0), 'difficulty_embrace': np.float64(10.1), 'defensive_survival': np.float64(37.42), 'force_multiplication': np.float64(1.4)}","{'scaling_efficiency': np.float64(12.352379310344832), 'pressure_appetite': np.float64(11.200000000000006), 'creation_tools': np.float64(24.947154471544717), 'opportunity_response': np.float64(43.94285714285714), 'age_trajectory': np.float64(78.33)}",Medium
Reggie Jackson,2016-17,65.42,69.42,Luxury Amplifier,High Scaling,Strong Creator,0.137,2,0,Steps Up,True,CII 65.4: Good creation (limited career data),"{'self_created': np.float64(57.29), 'pressure_appetite': np.float64(86.5), 'difficulty_embrace': np.float64(60.21), 'defensive_survival': np.float64(61.14), 'force_multiplication': np.float64(53.97)}","{'scaling_efficiency': np.float64(48.591650495098776), 'pressure_appetite': np.float64(82.8), 'creation_tools': np.float64(94.0), 'opportunity_response': np.float64(54.48571428571428), 'age_trajectory': np.float64(71.66)}",Medium
Richard Jefferson,2016-17,8.9,23.14,Role Player,Low Scaling,Role Player,-0.06699999999999995,0,2,Hides,False,"Low CII 8.9, low TII 23.1","{'self_created': np.float64(1.2), 'pressure_appetite': np.float64(10.0), 'difficulty_embrace': np.float64(4.87), 'defensive_survival': np.float64(30.95), 'force_multiplication': np.float64(4.23)}","{'scaling_efficiency': np.float64(13.62969384388295), 'pressure_appetite': np.float64(19.60000000000004), 'creation_tools': np.float64(19.875364509843443), 'opportunity_response': np.float64(54.48571428571428), 'age_trajectory': np.int64(20)}",Medium
Richaun Holmes,2016-17,9.76,36.22,Role Player,Limited Scaling,Role Player,-0.075,0,1,Hides,False,"Low CII 9.8, low TII 36.2","{'self_created': np.float64(0.6), 'pressure_appetite': np.float64(11.5), 'difficulty_embrace': np.float64(9.0), 'defensive_survival': np.float64(25.21), 'force_multiplication': np.float64(11.19)}","{'scaling_efficiency': np.float64(25.28686000455269), 'pressure_appetite': np.float64(10.000000000000004), 'creation_tools': np.float64(21.907705903145988), 'opportunity_response': np.float64(81.70571428571428), 'age_trajectory': np.float64(95.0)}",Medium
Ricky Rubio,2016-17,39.59,65.47,Role Player,High Scaling,Role Player,-0.023999999999999952,0,2,Hides,True,"Low CII 39.6, moderate TII 65.5 (Age 26 > 25, reclassified from Developing Prospect)","{'self_created': np.float64(43.37), 'pressure_appetite': np.float64(25.96), 'difficulty_embrace': np.float64(54.64), 'defensive_survival': np.float64(39.96), 'force_multiplication': np.float64(31.67)}","{'scaling_efficiency': np.float64(65.04489302818088), 'pressure_appetite': np.float64(44.78947368421052), 'creation_tools': np.float64(90.25), 'opportunity_response': np.float64(59.2), 'age_trajectory': np.float64(78.33)}",Medium
Robert Covington,2016-17,17.56,41.33,Role Player,Limited Scaling,Role Player,-0.007999999999999952,1,1,Mixed,False,"Low CII 17.6, low TII 41.3","{'self_created': np.float64(3.45), 'pressure_appetite': np.float64(30.92), 'difficulty_embrace': np.float64(7.63), 'defensive_survival': np.float64(40.85), 'force_multiplication': np.float64(11.45)}","{'scaling_efficiency': np.float64(11.608167173252285), 'pressure_appetite': np.float64(58.27659574468088), 'creation_tools': np.float64(33.68690537969209), 'opportunity_response': np.float64(58.08571428571429), 'age_trajectory': np.float64(78.33)}",Medium
Robin Lopez,2016-17,14.37,24.55,Role Player,Low Scaling,Role Player,-0.06599999999999995,0,2,Hides,True,"Low CII 14.4, low TII 24.6","{'self_created': np.float64(6.25), 'pressure_appetite': np.float64(10.0), 'difficulty_embrace': np.float64(31.2), 'defensive_survival': np.float64(17.62), 'force_multiplication': np.float64(11.12)}","{'scaling_efficiency': np.float64(8.9135780730897), 'pressure_appetite': np.float64(0.40000000000004476), 'creation_tools': np.float64(39.294006428436376), 'opportunity_response': np.float64(55.0), 'age_trajectory': np.float64(56.67)}",Medium
Rodney Hood,2016-17,37.37,54.04,Role Player,Moderate Scaling,Role Player,0.0005000000000000004,1,1,Mixed,True,"Low CII 37.4, low TII 54.0","{'self_created': np.float64(34.77), 'pressure_appetite': np.float64(33.24), 'difficulty_embrace': np.float64(39.86), 'defensive_survival': np.float64(55.94), 'force_multiplication': np.float64(22.68)}","{'scaling_efficiency': np.float64(30.970714980041784), 'pressure_appetite': np.float64(53.62114537444934), 'creation_tools': np.float64(71.12062426130869), 'opportunity_response': np.float64(54.142857142857146), 'age_trajectory': np.float64(90.0)}",Medium
Rodney McGruder,2016-17,15.1,38.2,Role Player,Limited Scaling,Role Player,-0.016,0,1,Mixed,False,"Low CII 15.1, low TII 38.2","{'self_created': np.float64(7.96), 'pressure_appetite': np.float64(18.36), 'difficulty_embrace': np.float64(8.97), 'defensive_survival': np.float64(36.66), 'force_multiplication': np.float64(8.25)}","{'scaling_efficiency': np.float64(7.327054206320314), 'pressure_appetite': np.float64(54.325203252032516), 'creation_tools': np.float64(30.171918170401213), 'opportunity_response': np.float64(52.599999999999994), 'age_trajectory': np.float64(85.0)}",Medium
Ron Baker,2016-17,26.53,49.31,Role Player,Limited Scaling,Role Player,0.02,1,0,Steps Up,True,"Low CII 26.5, low TII 49.3","{'self_created': np.float64(13.15), 'pressure_appetite': np.float64(44.55), 'difficulty_embrace': np.float64(20.36), 'defensive_survival': np.float64(38.87), 'force_multiplication': np.float64(15.47)}","{'scaling_efficiency': np.float64(21.305597678215126), 'pressure_appetite': np.float64(64.68456375838926), 'creation_tools': np.float64(54.89467179571125), 'opportunity_response': np.float64(45.14285714285714), 'age_trajectory': np.float64(90.0)}",Medium
Rondae Hollis-Jefferson,2016-17,18.62,30.91,Role Player,Low Scaling,Role Player,-0.1009999999999999,0,1,Hides,True,"Low CII 18.6, low TII 30.9","{'self_created': np.float64(17.45), 'pressure_appetite': np.float64(10.0), 'difficulty_embrace': np.float64(14.59), 'defensive_survival': np.float64(31.48), 'force_multiplication': np.float64(32.49)}","{'scaling_efficiency': np.float64(18.77857705169673), 'pressure_appetite': np.float64(0.0), 'creation_tools': np.float64(38.59115578993628), 'opportunity_response': np.float64(50.371428571428574), 'age_trajectory': np.int64(100)}",Medium
Rudy Gay,2016-17,42.88,57.92,Fragile Star,Moderate Scaling,Role Player,0.006,2,0,Mixed,True,"Low CII 42.9, moderate TII 57.9 (Age 30 > 25, reclassified from Developing Prospect)","{'self_created': np.float64(41.22), 'pressure_appetite': np.float64(53.44), 'difficulty_embrace': np.float64(34.5), 'defensive_survival': np.float64(41.66), 'force_multiplication': np.float64(40.01)}","{'scaling_efficiency': np.float64(45.213875338753404), 'pressure_appetite': np.float64(58.43902439024391), 'creation_tools': np.float64(69.84430894308943), 'opportunity_response': np.float64(72.97142857142856), 'age_trajectory': np.float64(48.34)}",Medium
Rudy Gobert,2016-17,24.75,50.02,Role Player,Moderate Scaling,Role Player,-0.003999999999999998,1,1,Mixed,False,"Low CII 24.8, low TII 50.0","{'self_created': np.float64(7.87), 'pressure_appetite': np.float64(48.67), 'difficulty_embrace': np.float64(0.4), 'defensive_survival': np.float64(49.89), 'force_multiplication': np.float64(26.62)}","{'scaling_efficiency': np.float64(19.299841901542823), 'pressure_appetite': np.float64(77.69156626506023), 'creation_tools': np.float64(12.533333333333333), 'opportunity_response': np.float64(92.0), 'age_trajectory': np.float64(85.0)}",Medium
Russell Westbrook,2016-17,84.74,80.49,Franchise Engine,Elite Scaling,Franchise Engine,0.1224999999999999,2,0,Steps Up,True,CII 84.7 >= 74: Already elite creator,"{'self_created': np.float64(81.04), 'pressure_appetite': np.float64(90.0), 'difficulty_embrace': np.float64(81.19), 'defensive_survival': np.float64(90.56), 'force_multiplication': np.float64(81.1)}","{'scaling_efficiency': np.float64(69.75346286470462), 'pressure_appetite': np.float64(94.0), 'creation_tools': np.float64(89.2), 'opportunity_response': np.float64(78.15714285714286), 'age_trajectory': np.float64(64.99000000000001)}",Medium
Ryan Anderson,2016-17,14.49,36.85,Role Player,Limited Scaling,Role Player,-0.09549999999999995,0,2,Hides,False,"Low CII 14.5, low TII 36.9","{'self_created': np.float64(10.55), 'pressure_appetite': np.float64(12.33), 'difficulty_embrace': np.float64(15.13), 'defensive_survival': np.float64(31.16), 'force_multiplication': np.float64(5.41)}","{'scaling_efficiency': np.float64(20.78502357247062), 'pressure_appetite': np.float64(14.40000000000004), 'creation_tools': np.float64(50.68667214762036), 'opportunity_response': np.float64(74.72), 'age_trajectory': np.float64(56.67)}",Medium
Salah Mejri,2016-17,11.22,26.8,Role Player,Low Scaling,Role Player,-0.059,0,1,Hides,False,"Low CII 11.2, low TII 26.8","{'self_created': np.float64(11.53), 'pressure_appetite': np.float64(10.0), 'difficulty_embrace': np.float64(3.8), 'defensive_survival': np.float64(27.68), 'force_multiplication': np.float64(3.5)}","{'scaling_efficiency': np.float64(17.785467372134036), 'pressure_appetite': np.float64(16.400000000000002), 'creation_tools': np.float64(11.566666666666666), 'opportunity_response': np.float64(73.69142857142857), 'age_trajectory': np.float64(40.01)}",Medium
Sean Kilpatrick,2016-17,45.72,60.15,Fragile Star,Moderate Scaling,Strong Creator,0.0789999999999999,1,0,Steps Up,False,"CII 45.7, TII 60.1","{'self_created': np.float64(29.78), 'pressure_appetite': np.float64(75.17), 'difficulty_embrace': np.float64(23.73), 'defensive_survival': np.float64(55.99), 'force_multiplication': np.float64(48.44)}","{'scaling_efficiency': np.float64(39.70416927899687), 'pressure_appetite': np.float64(81.7103448275862), 'creation_tools': np.float64(63.826184468741246), 'opportunity_response': np.float64(52.51428571428572), 'age_trajectory': np.float64(71.66)}",Medium
Serge Ibaka,2016-17,20.25,38.52,Role Player,Limited Scaling,Role Player,-0.06149999999999995,0,2,Hides,True,"Low CII 20.2, low TII 38.5","{'self_created': np.float64(8.68), 'pressure_appetite': np.float64(18.17), 'difficulty_embrace': np.float64(30.7), 'defensive_survival': np.float64(33.51), 'force_multiplication': np.float64(19.34)}","{'scaling_efficiency': np.float64(19.333883020922446), 'pressure_appetite': np.float64(16.400000000000002), 'creation_tools': np.float64(52.266510318949344), 'opportunity_response': np.float64(73.31428571428572), 'age_trajectory': np.float64(71.66)}",Medium
Sergio Rodriguez,2016-17,40.18,58.13,Fragile Star,Moderate Scaling,Role Player,0.001,1,0,Mixed,True,"Low CII 40.2, moderate TII 58.1 (Age 31 > 25, reclassified from Developing Prospect)","{'self_created': np.float64(34.71), 'pressure_appetite': np.float64(40.32), 'difficulty_embrace': np.float64(47.37), 'defensive_survival': np.float64(51.34), 'force_multiplication': np.float64(25.13)}","{'scaling_efficiency': np.float64(52.15078570103611), 'pressure_appetite': np.float64(54.51746031746032), 'creation_tools': np.float64(86.7), 'opportunity_response': np.float64(50.114285714285714), 'age_trajectory': np.float64(40.01)}",Medium
Seth Curry,2016-17,45.91,75.23,Fragile Star,High Scaling,Latent Engine,-0.05549999999999995,0,2,Hides,True,"Medium CII 45.9, high TII 75.2, has tools","{'self_created': np.float64(58.21), 'pressure_appetite': np.float64(33.34), 'difficulty_embrace': np.float64(43.19), 'defensive_survival': np.float64(62.83), 'force_multiplication': np.float64(20.47)}","{'scaling_efficiency': np.float64(73.81633489013927), 'pressure_appetite': np.float64(59.601036269430054), 'creation_tools': np.float64(90.4), 'opportunity_response': np.float64(81.84285714285714), 'age_trajectory': np.float64(78.33)}",Medium
Shabazz Muhammad,2016-17,30.27,49.52,Role Player,Limited Scaling,Role Player,-0.006500000000000002,1,1,Mixed,False,"Low CII 30.3, low TII 49.5","{'self_created': np.float64(9.12), 'pressure_appetite': np.float64(59.5), 'difficulty_embrace': np.float64(11.49), 'defensive_survival': np.float64(50.35), 'force_multiplication': np.float64(28.13)}","{'scaling_efficiency': np.float64(20.612747083018537), 'pressure_appetite': np.float64(76.64497607655503), 'creation_tools': np.float64(28.13024662543276), 'opportunity_response': np.float64(63.62857142857143), 'age_trajectory': np.float64(90.0)}",Medium
Shaun Livingston,2016-17,30.54,51.26,Role Player,Moderate Scaling,Role Player,-0.058499999999999996,0,2,Hides,True,"Low CII 30.5, low TII 51.3","{'self_created': np.float64(36.19), 'pressure_appetite': np.float64(10.0), 'difficulty_embrace': np.float64(39.4), 'defensive_survival': np.float64(51.32), 'force_multiplication': np.float64(16.02)}","{'scaling_efficiency': np.float64(68.53333333333332), 'pressure_appetite': np.float64(17.6), 'creation_tools': np.float64(72.37435328898744), 'opportunity_response': np.float64(52.17142857142857), 'age_trajectory': np.float64(40.01)}",Medium
Shelvin Mack,2016-17,39.81,60.25,Role Player,Moderate Scaling,Role Player,-0.036,0,2,Hides,True,"Low CII 39.8, moderate TII 60.2 (Age 27 > 25, reclassified from Developing Prospect)","{'self_created': np.float64(34.64), 'pressure_appetite': np.float64(39.69), 'difficulty_embrace': np.float64(31.06), 'defensive_survival': np.float64(66.54), 'force_multiplication': np.float64(33.06)}","{'scaling_efficiency': np.float64(47.06284685863875), 'pressure_appetite': np.float64(65.57242582897032), 'creation_tools': np.float64(75.53714936364022), 'opportunity_response': np.float64(49.77142857142857), 'age_trajectory': np.float64(71.66)}",Medium
Solomon Hill,2016-17,14.62,33.65,Role Player,Low Scaling,Role Player,-0.028999999999999998,0,2,Hides,False,"Low CII 14.6, low TII 33.6","{'self_created': np.float64(10.3), 'pressure_appetite': np.float64(10.0), 'difficulty_embrace': np.float64(7.26), 'defensive_survival': np.float64(40.55), 'force_multiplication': np.float64(14.97)}","{'scaling_efficiency': np.float64(13.15893300819617), 'pressure_appetite': np.float64(25.600000000000005), 'creation_tools': np.float64(34.99156325773784), 'opportunity_response': np.float64(56.457142857142856), 'age_trajectory': np.float64(78.33)}",Medium
Spencer Dinwiddie,2016-17,53.77,79.64,Fragile Star,High Scaling,Latent Engine,0.093,1,0,Steps Up,True,"Medium CII 53.8, high TII 79.6, has tools","{'self_created': np.float64(53.27), 'pressure_appetite': np.float64(62.17), 'difficulty_embrace': np.float64(26.77), 'defensive_survival': np.float64(77.76), 'force_multiplication': np.float64(52.29)}","{'scaling_efficiency': np.float64(76.11428571428571), 'pressure_appetite': np.float64(92.3), 'creation_tools': np.float64(72.42154471544715), 'opportunity_response': np.float64(68.30857142857144), 'age_trajectory': np.float64(90.0)}",Medium
Stanley Johnson,2016-17,27.25,51.47,Role Player,Moderate Scaling,Role Player,0.002,1,0,Mixed,True,"Low CII 27.2, low TII 51.5","{'self_created': np.float64(9.85), 'pressure_appetite': np.float64(33.5), 'difficulty_embrace': np.float64(30.06), 'defensive_survival': np.float64(60.53), 'force_multiplication': np.float64(8.27)}","{'scaling_efficiency': np.float64(16.523236994219655), 'pressure_appetite': np.float64(67.23333333333333), 'creation_tools': np.float64(63.82443541102077), 'opportunity_response': np.float64(46.25714285714285), 'age_trajectory': np.int64(100)}",Medium
Stephen Curry,2016-17,69.73,77.72,Luxury Amplifier,High Scaling,Strong Creator,0.08149999999999995,2,0,Steps Up,True,"CII 69.7, TII 77.7: High potential (limited career data) (Age 29 > 28, reclassified from Latent Engine)","{'self_created': np.float64(69.26), 'pressure_appetite': np.float64(80.09), 'difficulty_embrace': np.float64(62.26), 'defensive_survival': np.float64(74.85), 'force_multiplication': np.float64(52.48)}","{'scaling_efficiency': np.float64(73.72975386195725), 'pressure_appetite': np.float64(81.87552447552447), 'creation_tools': np.float64(82.83333333333334), 'opportunity_response': np.float64(86.0), 'age_trajectory': np.float64(56.67)}",Medium
T.J. McConnell,2016-17,39.54,68.24,Role Player,High Scaling,Developing Prospect,-0.0014999999999999996,1,1,Mixed,True,"Low CII 39.5, moderate TII 68.2","{'self_created': np.float64(33.26), 'pressure_appetite': np.float64(40.84), 'difficulty_embrace': np.float64(33.57), 'defensive_survival': np.float64(64.1), 'force_multiplication': np.float64(30.25)}","{'scaling_efficiency': np.float64(56.21333333333334), 'pressure_appetite': np.float64(75.11267605633803), 'creation_tools': np.float64(80.32335967021642), 'opportunity_response': np.float64(53.542857142857144), 'age_trajectory': np.float64(85.0)}",Medium
T.J. Warren,2016-17,28.9,47.32,Role Player,Limited Scaling,Role Player,-0.048499999999999946,0,2,Hides,True,"Low CII 28.9, low TII 47.3","{'self_created': np.float64(27.83), 'pressure_appetite': np.float64(19.75), 'difficulty_embrace': np.float64(37.27), 'defensive_survival': np.float64(39.56), 'force_multiplication': np.float64(22.29)}","{'scaling_efficiency': np.float64(31.105905387052974), 'pressure_appetite': np.float64(23.6), 'creation_tools': np.float64(69.7466528282304), 'opportunity_response': np.float64(57.57142857142857), 'age_trajectory': np.float64(95.0)}",Medium
Taj Gibson,2016-17,13.86,23.83,Role Player,Low Scaling,Role Player,-0.09549999999999995,0,2,Hides,True,"Low CII 13.9, low TII 23.8","{'self_created': np.float64(10.83), 'pressure_appetite': np.float64(10.0), 'difficulty_embrace': np.float64(15.1), 'defensive_survival': np.float64(21.44), 'force_multiplication': np.float64(18.74)}","{'scaling_efficiency': np.float64(19.21739456498842), 'pressure_appetite': np.float64(0.0), 'creation_tools': np.float64(33.16592285071787), 'opportunity_response': np.float64(52.857142857142854), 'age_trajectory': np.float64(35.0)}",Medium
Terrence Jones,2016-17,19.63,32.41,Role Player,Low Scaling,Role Player,-0.035500000000000004,0,2,Hides,False,"Low CII 19.6, low TII 32.4","{'self_created': np.float64(9.81), 'pressure_appetite': np.float64(26.38), 'difficulty_embrace': np.float64(12.26), 'defensive_survival': np.float64(27.02), 'force_multiplication': np.float64(35.84)}","{'scaling_efficiency': np.float64(12.210064291524894), 'pressure_appetite': np.float64(25.200000000000003), 'creation_tools': np.float64(31.396913292099434), 'opportunity_response': np.float64(51.14285714285714), 'age_trajectory': np.float64(85.0)}",Medium
Terrence Ross,2016-17,30.82,54.16,Role Player,Moderate Scaling,Role Player,-0.02,0,2,Hides,True,"Low CII 30.8, low TII 54.2","{'self_created': np.float64(21.32), 'pressure_appetite': np.float64(35.73), 'difficulty_embrace': np.float64(35.34), 'defensive_survival': np.float64(48.45), 'force_multiplication': np.float64(11.58)}","{'scaling_efficiency': np.float64(32.376609063987715), 'pressure_appetite': np.float64(54.98558558558558), 'creation_tools': np.float64(70.45454845088992), 'opportunity_response': np.float64(58.51428571428572), 'age_trajectory': np.float64(78.33)}",Medium
Terry Rozier,2016-17,18.31,34.88,Role Player,Low Scaling,Role Player,-0.111,0,1,Hides,True,"Low CII 18.3, low TII 34.9","{'self_created': np.float64(17.05), 'pressure_appetite': np.float64(10.0), 'difficulty_embrace': np.float64(24.1), 'defensive_survival': np.float64(33.81), 'force_multiplication': np.float64(8.0)}","{'scaling_efficiency': np.float64(21.073890673588444), 'pressure_appetite': np.float64(0.0), 'creation_tools': np.float64(61.05295993379095), 'opportunity_response': np.float64(45.65714285714286), 'age_trajectory': np.float64(95.0)}",Medium
Thaddeus Young,2016-17,10.46,28.04,Role Player,Low Scaling,Role Player,-0.04049999999999995,0,2,Hides,False,"Low CII 10.5, low TII 28.0","{'self_created': np.float64(5.02), 'pressure_appetite': np.float64(10.0), 'difficulty_embrace': np.float64(8.2), 'defensive_survival': np.float64(19.64), 'force_multiplication': np.float64(18.67)}","{'scaling_efficiency': np.float64(13.5315635682592), 'pressure_appetite': np.float64(14.8), 'creation_tools': np.float64(25.886313531846977), 'opportunity_response': np.float64(62.885714285714286), 'age_trajectory': np.float64(56.67)}",Medium
Tim Frazier,2016-17,32.19,60.19,Role Player,Moderate Scaling,Role Player,-0.04449999999999995,0,2,Hides,True,"Low CII 32.2, moderate TII 60.2 (Age 26 > 25, reclassified from Developing Prospect)","{'self_created': np.float64(31.18), 'pressure_appetite': np.float64(22.22), 'difficulty_embrace': np.float64(29.76), 'defensive_survival': np.float64(53.66), 'force_multiplication': np.float64(32.79)}","{'scaling_efficiency': np.float64(52.08), 'pressure_appetite': np.float64(55.31677018633543), 'creation_tools': np.float64(76.14512195121951), 'opportunity_response': np.float64(51.14285714285714), 'age_trajectory': np.float64(78.33)}",Medium
Tim Hardaway Jr.,2016-17,31.36,59.09,Role Player,Moderate Scaling,Developing Prospect,-0.0199999999999999,0,1,Mixed,False,"Low CII 31.4, moderate TII 59.1","{'self_created': np.float64(20.8), 'pressure_appetite': np.float64(35.83), 'difficulty_embrace': np.float64(24.61), 'defensive_survival': np.float64(57.61), 'force_multiplication': np.float64(25.98)}","{'scaling_efficiency': np.float64(43.275330408190385), 'pressure_appetite': np.float64(57.68195718654438), 'creation_tools': np.float64(63.11426120683225), 'opportunity_response': np.float64(70.4), 'age_trajectory': np.float64(85.0)}",Medium
Timothe Luwawu-Cabarrot,2016-17,21.37,40.71,Role Player,Limited Scaling,Role Player,0.007,1,0,Mixed,False,"Low CII 21.4, low TII 40.7","{'self_created': np.float64(4.22), 'pressure_appetite': np.float64(41.07), 'difficulty_embrace': np.float64(2.29), 'defensive_survival': np.float64(52.41), 'force_multiplication': np.float64(15.21)}","{'scaling_efficiency': np.float64(11.341810705423613), 'pressure_appetite': np.float64(69.8), 'creation_tools': np.float64(14.98658536585366), 'opportunity_response': np.float64(45.74285714285714), 'age_trajectory': np.int64(100)}",Medium
Tobias Harris,2016-17,26.13,48.05,Role Player,Limited Scaling,Role Player,-0.06899999999999995,0,2,Hides,True,"Low CII 26.1, low TII 48.0","{'self_created': np.float64(28.74), 'pressure_appetite': np.float64(16.67), 'difficulty_embrace': np.float64(32.47), 'defensive_survival': np.float64(31.22), 'force_multiplication': np.float64(21.66)}","{'scaling_efficiency': np.float64(39.6671384962194), 'pressure_appetite': np.float64(10.400000000000041), 'creation_tools': np.float64(67.36608160474128), 'opportunity_response': np.float64(73.82857142857142), 'age_trajectory': np.float64(90.0)}",Medium
Tony Allen,2016-17,15.17,21.72,Role Player,Low Scaling,Role Player,-0.06949999999999995,0,2,Hides,False,"Low CII 15.2, low TII 21.7","{'self_created': np.float64(10.64), 'pressure_appetite': np.float64(14.83), 'difficulty_embrace': np.float64(4.9), 'defensive_survival': np.float64(35.63), 'force_multiplication': np.float64(19.5)}","{'scaling_efficiency': np.float64(7.163234560330885), 'pressure_appetite': np.float64(20.400000000000045), 'creation_tools': np.float64(21.770000913492282), 'opportunity_response': np.float64(54.142857142857146), 'age_trajectory': np.int64(20)}",Medium
Tony Parker,2016-17,44.46,59.11,Fragile Star,Moderate Scaling,Role Player,0.023999999999999997,2,0,Steps Up,True,"Low CII 44.5, moderate TII 59.1 (Age 35 > 25, reclassified from Developing Prospect)","{'self_created': np.float64(37.35), 'pressure_appetite': np.float64(44.64), 'difficulty_embrace': np.float64(46.9), 'defensive_survival': np.float64(59.75), 'force_multiplication': np.float64(37.55)}","{'scaling_efficiency': np.float64(51.93216140510259), 'pressure_appetite': np.float64(68.47058823529412), 'creation_tools': np.float64(82.6353419416547), 'opportunity_response': np.float64(52.599999999999994), 'age_trajectory': np.int64(20)}",Medium
Tony Snell,2016-17,9.2,41.78,Role Player,Limited Scaling,Role Player,-0.036000000000000004,0,2,Hides,False,"Low CII 9.2, low TII 41.8","{'self_created': np.float64(1.81), 'pressure_appetite': np.float64(10.0), 'difficulty_embrace': np.float64(11.29), 'defensive_survival': np.float64(23.75), 'force_multiplication': np.float64(3.35)}","{'scaling_efficiency': np.float64(25.341207909653406), 'pressure_appetite': np.float64(26.799999999999997), 'creation_tools': np.float64(33.352721225559364), 'opportunity_response': np.float64(82.03142857142858), 'age_trajectory': np.float64(85.0)}",Medium
Trevor Ariza,2016-17,10.39,31.51,Role Player,Low Scaling,Role Player,-0.02849999999999995,0,2,Hides,False,"Low CII 10.4, low TII 31.5","{'self_created': np.float64(5.85), 'pressure_appetite': np.float64(10.0), 'difficulty_embrace': np.float64(11.24), 'defensive_survival': np.float64(23.43), 'force_multiplication': np.float64(3.73)}","{'scaling_efficiency': np.float64(17.01899492385787), 'pressure_appetite': np.float64(24.000000000000004), 'creation_tools': np.float64(38.94024390243902), 'opportunity_response': np.float64(60.74285714285715), 'age_trajectory': np.float64(35.0)}",Medium
Trevor Booker,2016-17,24.07,35.65,Role Player,Limited Scaling,Role Player,-0.022999999999999948,0,2,Hides,False,"Low CII 24.1, low TII 35.6","{'self_created': np.float64(28.27), 'pressure_appetite': np.float64(18.05), 'difficulty_embrace': np.float64(13.06), 'defensive_survival': np.float64(38.9), 'force_multiplication': np.float64(26.26)}","{'scaling_efficiency': np.float64(24.544355710549265), 'pressure_appetite': np.float64(22.800000000000004), 'creation_tools': np.float64(40.98832124807735), 'opportunity_response': np.float64(58.17142857142857), 'age_trajectory': np.float64(56.67)}",Medium
Tristan Thompson,2016-17,10.54,33.04,Role Player,Low Scaling,Role Player,-0.0325,0,2,Hides,False,"Low CII 10.5, low TII 33.0","{'self_created': np.float64(10.05), 'pressure_appetite': np.float64(10.0), 'difficulty_embrace': np.float64(2.6), 'defensive_survival': np.float64(19.83), 'force_multiplication': np.float64(15.31)}","{'scaling_efficiency': np.float64(16.079412951513174), 'pressure_appetite': np.float64(24.800000000000004), 'creation_tools': np.float64(14.465853658536586), 'opportunity_response': np.float64(75.28571428571429), 'age_trajectory': np.float64(78.33)}",Medium
Ty Lawson,2016-17,36.91,57.27,Role Player,Moderate Scaling,Role Player,-0.0569999999999999,0,1,Hides,True,"Low CII 36.9, moderate TII 57.3 (Age 29 > 25, reclassified from Developing Prospect)","{'self_created': np.float64(49.16), 'pressure_appetite': np.float64(15.5), 'difficulty_embrace': np.float64(42.91), 'defensive_survival': np.float64(40.81), 'force_multiplication': np.float64(35.81)}","{'scaling_efficiency': np.float64(70.93240014930944), 'pressure_appetite': np.float64(17.200000000000042), 'creation_tools': np.float64(86.22811296534017), 'opportunity_response': np.float64(58.51428571428572), 'age_trajectory': np.float64(56.67)}",Medium
Tyler Johnson,2016-17,34.55,60.2,Role Player,Moderate Scaling,Developing Prospect,-0.004,0,1,Mixed,True,"Low CII 34.5, moderate TII 60.2","{'self_created': np.float64(24.47), 'pressure_appetite': np.float64(40.32), 'difficulty_embrace': np.float64(28.97), 'defensive_survival': np.float64(55.6), 'force_multiplication': np.float64(29.99)}","{'scaling_efficiency': np.float64(38.32665331384544), 'pressure_appetite': np.float64(64.311986863711), 'creation_tools': np.float64(78.23355761143819), 'opportunity_response': np.float64(56.542857142857144), 'age_trajectory': np.float64(85.0)}",Medium
Tyler Ulis,2016-17,32.76,49.31,Role Player,Limited Scaling,Role Player,-0.093,0,1,Hides,True,"Low CII 32.8, low TII 49.3","{'self_created': np.float64(37.22), 'pressure_appetite': np.float64(11.0), 'difficulty_embrace': np.float64(53.6), 'defensive_survival': np.float64(42.99), 'force_multiplication': np.float64(16.76)}","{'scaling_efficiency': np.float64(49.8), 'pressure_appetite': np.float64(2.8000000000000025), 'creation_tools': np.float64(83.25), 'opportunity_response': np.float64(46.77142857142857), 'age_trajectory': np.int64(100)}",Medium
Tyreke Evans,2016-17,38.55,53.44,Role Player,Moderate Scaling,Role Player,0.006999999999999999,1,1,Mixed,False,"Low CII 38.5, low TII 53.4","{'self_created': np.float64(33.06), 'pressure_appetite': np.float64(57.94), 'difficulty_embrace': np.float64(24.57), 'defensive_survival': np.float64(33.78), 'force_multiplication': np.float64(41.64)}","{'scaling_efficiency': np.float64(40.01162122864413), 'pressure_appetite': np.float64(60.435114503816806), 'creation_tools': np.float64(59.90712157884938), 'opportunity_response': np.float64(47.885714285714286), 'age_trajectory': np.float64(71.66)}",Medium
Tyson Chandler,2016-17,14.65,26.5,Role Player,Low Scaling,Role Player,-0.0275,1,1,Hides,False,"Low CII 14.7, low TII 26.5","{'self_created': np.float64(21.53), 'pressure_appetite': np.float64(10.0), 'difficulty_embrace': np.float64(0.0), 'defensive_survival': np.float64(35.48), 'force_multiplication': np.float64(3.72)}","{'scaling_efficiency': np.float64(17.32634770889488), 'pressure_appetite': np.float64(15.2), 'creation_tools': np.float64(9.0), 'opportunity_response': np.float64(88.02285714285715), 'age_trajectory': np.float64(25.0)}",Medium
Tyus Jones,2016-17,17.08,41.9,Role Player,Limited Scaling,Role Player,-0.04,0,1,Hides,True,"Low CII 17.1, low TII 41.9","{'self_created': np.float64(21.3), 'pressure_appetite': np.float64(10.0), 'difficulty_embrace': np.float64(14.96), 'defensive_survival': np.float64(24.66), 'force_multiplication': np.float64(15.0)}","{'scaling_efficiency': np.float64(33.456), 'pressure_appetite': np.float64(24.000000000000004), 'creation_tools': np.float64(47.7710643015521), 'opportunity_response': np.float64(42.05714285714286), 'age_trajectory': np.int64(100)}",Medium
Victor Oladipo,2016-17,29.31,46.67,Role Player,Limited Scaling,Role Player,-0.032,1,1,Hides,True,"Low CII 29.3, low TII 46.7","{'self_created': np.float64(29.58), 'pressure_appetite': np.float64(17.0), 'difficulty_embrace': np.float64(34.9), 'defensive_survival': np.float64(49.7), 'force_multiplication': np.float64(17.54)}","{'scaling_efficiency': np.float64(33.6163640288391), 'pressure_appetite': np.float64(12.799999999999997), 'creation_tools': np.float64(79.81016260162602), 'opportunity_response': np.float64(59.457142857142856), 'age_trajectory': np.float64(85.0)}",Medium
Vince Carter,2016-17,13.48,28.83,Role Player,Low Scaling,Role Player,-0.037999999999999895,0,2,Hides,False,"Low CII 13.5, low TII 28.8","{'self_created': np.float64(11.53), 'pressure_appetite': np.float64(10.0), 'difficulty_embrace': np.float64(13.3), 'defensive_survival': np.float64(25.67), 'force_multiplication': np.float64(10.14)}","{'scaling_efficiency': np.float64(19.321618796596137), 'pressure_appetite': np.float64(20.800000000000047), 'creation_tools': np.float64(40.01496322106078), 'opportunity_response': np.float64(52.17142857142857), 'age_trajectory': np.int64(20)}",Medium
Wayne Ellington,2016-17,23.34,48.47,Role Player,Limited Scaling,Role Player,-0.0499999999999999,0,2,Hides,True,"Low CII 23.3, low TII 48.5","{'self_created': np.float64(9.28), 'pressure_appetite': np.float64(28.64), 'difficulty_embrace': np.float64(31.01), 'defensive_survival': np.float64(42.17), 'force_multiplication': np.float64(8.72)}","{'scaling_efficiency': np.float64(29.36743121651842), 'pressure_appetite': np.float64(46.5747126436782), 'creation_tools': np.float64(68.41520885898514), 'opportunity_response': np.float64(57.74285714285714), 'age_trajectory': np.float64(56.67)}",Medium
Wesley Matthews,2016-17,32.64,50.35,Role Player,Moderate Scaling,Role Player,-0.0125,0,2,Mixed,True,"Low CII 32.6, low TII 50.4","{'self_created': np.float64(29.87), 'pressure_appetite': np.float64(34.29), 'difficulty_embrace': np.float64(33.97), 'defensive_survival': np.float64(43.21), 'force_multiplication': np.float64(18.28)}","{'scaling_efficiency': np.float64(34.321372163659106), 'pressure_appetite': np.float64(48.454231433506045), 'creation_tools': np.float64(70.28333333333333), 'opportunity_response': np.float64(60.31428571428572), 'age_trajectory': np.float64(48.34)}",Medium
Will Barton,2016-17,43.7,62.66,Fragile Star,Moderate Scaling,Role Player,0.02699999999999995,2,0,Steps Up,False,"Low CII 43.7, moderate TII 62.7 (Age 26 > 25, reclassified from Developing Prospect)","{'self_created': np.float64(37.87), 'pressure_appetite': np.float64(58.81), 'difficulty_embrace': np.float64(26.01), 'defensive_survival': np.float64(54.37), 'force_multiplication': np.float64(42.76)}","{'scaling_efficiency': np.float64(49.01123382429857), 'pressure_appetite': np.float64(72.38164251207729), 'creation_tools': np.float64(68.61759161069872), 'opportunity_response': np.float64(55.34285714285714), 'age_trajectory': np.float64(78.33)}",Medium
Willie Cauley-Stein,2016-17,30.13,48.97,Role Player,Limited Scaling,Role Player,-0.013499999999999998,1,1,Mixed,False,"Low CII 30.1, low TII 49.0","{'self_created': np.float64(7.55), 'pressure_appetite': np.float64(57.44), 'difficulty_embrace': np.float64(12.6), 'defensive_survival': np.float64(55.94), 'force_multiplication': np.float64(25.97)}","{'scaling_efficiency': np.float64(17.651982905982916), 'pressure_appetite': np.float64(80.58974358974359), 'creation_tools': np.float64(30.23844069209923), 'opportunity_response': np.float64(53.199999999999996), 'age_trajectory': np.float64(95.0)}",Medium
Willy Hernangomez,2016-17,25.62,42.9,Role Player,Limited Scaling,Role Player,-0.004,0,1,Mixed,False,"Low CII 25.6, low TII 42.9","{'self_created': np.float64(16.23), 'pressure_appetite': np.float64(39.63), 'difficulty_embrace': np.float64(8.0), 'defensive_survival': np.float64(47.39), 'force_multiplication': np.float64(21.37)}","{'scaling_efficiency': np.float64(12.11601736574026), 'pressure_appetite': np.float64(64.30485762144053), 'creation_tools': np.float64(21.387862074600644), 'opportunity_response': np.float64(62.77142857142857), 'age_trajectory': np.float64(95.0)}",Medium
Wilson Chandler,2016-17,28.03,42.61,Role Player,Limited Scaling,Role Player,-0.033,0,1,Hides,True,"Low CII 28.0, low TII 42.6","{'self_created': np.float64(25.18), 'pressure_appetite': np.float64(29.88), 'difficulty_embrace': np.float64(24.9), 'defensive_survival': np.float64(35.18), 'force_multiplication': np.float64(27.51)}","{'scaling_efficiency': np.float64(35.374303003165494), 'pressure_appetite': np.float64(26.799999999999997), 'creation_tools': np.float64(59.22500655651718), 'opportunity_response': np.float64(57.48571428571428), 'age_trajectory': np.float64(48.34)}",Medium
Yogi Ferrell,2016-17,50.48,71.25,Fragile Star,High Scaling,Latent Engine,0.033,1,0,Steps Up,True,"Medium CII 50.5, high TII 71.2, has tools","{'self_created': np.float64(46.09), 'pressure_appetite': np.float64(56.15), 'difficulty_embrace': np.float64(42.93), 'defensive_survival': np.float64(74.47), 'force_multiplication': np.float64(28.56)}","{'scaling_efficiency': np.float64(53.74921638257577), 'pressure_appetite': np.float64(80.0375), 'creation_tools': np.float64(90.6), 'opportunity_response': np.float64(53.28571428571429), 'age_trajectory': np.float64(90.0)}",Medium
Zach LaVine,2016-17,35.44,57.64,Role Player,Moderate Scaling,Developing Prospect,-0.03049999999999995,0,2,Hides,True,"Low CII 35.4, moderate TII 57.6","{'self_created': np.float64(43.99), 'pressure_appetite': np.float64(20.99), 'difficulty_embrace': np.float64(46.94), 'defensive_survival': np.float64(40.01), 'force_multiplication': np.float64(16.05)}","{'scaling_efficiency': np.float64(50.50056890255621), 'pressure_appetite': np.float64(19.20000000000004), 'creation_tools': np.float64(80.71666666666667), 'opportunity_response': np.float64(77.0), 'age_trajectory': np.int64(100)}",Medium
Zach Randolph,2016-17,30.58,29.07,Role Player,Low Scaling,Role Player,-0.03149999999999995,0,2,Hides,True,"Low CII 30.6, low TII 29.1","{'self_created': np.float64(15.34), 'pressure_appetite': np.float64(37.48), 'difficulty_embrace': np.float64(28.49), 'defensive_survival': np.float64(38.69), 'force_multiplication': np.float64(51.1)}","{'scaling_efficiency': np.float64(13.549789069990412), 'pressure_appetite': np.float64(21.6), 'creation_tools': np.float64(49.045121951219514), 'opportunity_response': np.float64(52.0), 'age_trajectory': np.int64(20)}",Medium
Zaza Pachulia,2016-17,7.86,29.67,Role Player,Low Scaling,Role Player,-0.045,0,1,Hides,False,"Low CII 7.9, low TII 29.7","{'self_created': np.float64(0.91), 'pressure_appetite': np.float64(10.83), 'difficulty_embrace': np.float64(8.9), 'defensive_survival': np.float64(16.4), 'force_multiplication': np.float64(6.39)}","{'scaling_efficiency': np.float64(24.28525373134328), 'pressure_appetite': np.float64(22.0), 'creation_tools': np.float64(21.350948509485097), 'opportunity_response': np.float64(64.0657142857143), 'age_trajectory': np.float64(30.0)}",Medium
