player_name,season,cii,tii,cii_archetype,tii_archetype,archetype_2d,career_leverage_mean,career_positive_seasons,career_negative_seasons,career_pattern,has_creation_tools,reasoning,cii_components,tii_components,confidence
AJ Griffin,2022-23,29.61,61.05,Role Player,Moderate Scaling,Developing Prospect,0.021,1,0,Steps Up,False,"Low CII 29.6, moderate TII 61.0","{'self_created': np.float64(18.98), 'pressure_appetite': np.float64(48.07), 'difficulty_embrace': np.float64(21.99), 'defensive_survival': np.float64(41.14), 'force_multiplication': np.float64(13.31)}","{'scaling_efficiency': np.float64(44.65970443349752), 'pressure_appetite': np.float64(64.61379310344827), 'creation_tools': np.float64(59.69854219231847), 'opportunity_response': np.float64(63.714285714285715), 'age_trajectory': np.int64(100)}",Medium
Aaron Gordon,2022-23,27.78,45.72,Role Player,Limited Scaling,Role Player,-0.058374999999999955,0,8,Hides,False,"Low CII 27.8, low TII 45.7, no creation tools","{'self_created': np.float64(25.81), 'pressure_appetite': np.float64(27.56), 'difficulty_embrace': np.float64(12.07), 'defensive_survival': np.float64(44.94), 'force_multiplication': np.float64(39.93)}","{'scaling_efficiency': np.float64(33.68764233147911), 'pressure_appetite': np.float64(26.799999999999997), 'creation_tools': np.float64(40.86934643618281), 'opportunity_response': np.float64(90.47428571428571), 'age_trajectory': np.float64(71.66)}",High
Aaron Nesmith,2022-23,15.53,38.84,Role Player,Limited Scaling,Role Player,-0.036,0,1,Hides,False,"Low CII 15.5, low TII 38.8","{'self_created': np.float64(4.38), 'pressure_appetite': np.float64(17.48), 'difficulty_embrace': np.float64(11.41), 'defensive_survival': np.float64(40.55), 'force_multiplication': np.float64(14.85)}","{'scaling_efficiency': np.float64(19.7788442292171), 'pressure_appetite': np.float64(25.600000000000005), 'creation_tools': np.float64(41.29349593495935), 'opportunity_response': np.float64(58.34285714285714), 'age_trajectory': np.float64(95.0)}",Medium
Aaron Wiggins,2022-23,7.31,31.88,Role Player,Low Scaling,Role Player,-0.05149999999999989,0,2,Hides,False,"Low CII 7.3, low TII 31.9","{'self_created': np.float64(6.14), 'pressure_appetite': np.float64(10.0), 'difficulty_embrace': np.float64(1.09), 'defensive_survival': np.float64(15.37), 'force_multiplication': np.float64(4.42)}","{'scaling_efficiency': np.float64(21.167805231805232), 'pressure_appetite': np.float64(6.800000000000046), 'creation_tools': np.float64(20.183808061856844), 'opportunity_response': np.float64(71.94285714285715), 'age_trajectory': np.float64(90.0)}",Medium
Al Horford,2022-23,7.18,35.7,Role Player,Limited Scaling,Role Player,-0.03342857142857142,0,7,Hides,False,"Low CII 7.2, low TII 35.7, no creation tools","{'self_created': np.float64(1.09), 'pressure_appetite': np.float64(11.39), 'difficulty_embrace': np.float64(2.49), 'defensive_survival': np.float64(20.71), 'force_multiplication': np.float64(4.01)}","{'scaling_efficiency': np.float64(20.64948901403058), 'pressure_appetite': np.float64(40.91596638655465), 'creation_tools': np.float64(18.32221425155428), 'opportunity_response': np.float64(90.75714285714285), 'age_trajectory': np.int64(20)}",High
Alec Burks,2022-23,51.2,69.8,Fragile Star,High Scaling,Strong Creator,0.03362499999999999,7,1,Steps Up,True,"Positive career leverage (+0.034), CII 51.2: Stepping up consistently","{'self_created': np.float64(53.44), 'pressure_appetite': np.float64(57.92), 'difficulty_embrace': np.float64(35.99), 'defensive_survival': np.float64(63.73), 'force_multiplication': np.float64(39.31)}","{'scaling_efficiency': np.float64(67.63275020419016), 'pressure_appetite': np.float64(74.75229357798165), 'creation_tools': np.float64(72.06666666666666), 'opportunity_response': np.float64(82.74285714285713), 'age_trajectory': np.float64(40.01)}",High
Aleksej Pokusevski,2022-23,17.41,37.6,Role Player,Limited Scaling,Role Player,0.030333333333333264,2,1,Steps Up,False,"Low CII 17.4, low TII 37.6","{'self_created': np.float64(4.7), 'pressure_appetite': np.float64(35.66), 'difficulty_embrace': np.float64(4.49), 'defensive_survival': np.float64(32.79), 'force_multiplication': np.float64(12.7)}","{'scaling_efficiency': np.float64(7.781752224476404), 'pressure_appetite': np.float64(55.83054003724395), 'creation_tools': np.float64(20.04205613843848), 'opportunity_response': np.float64(48.65714285714286), 'age_trajectory': np.int64(100)}",Medium
Alex Caruso,2022-23,13.65,33.01,Role Player,Low Scaling,Role Player,-0.0335,1,3,Hides,False,"Low CII 13.7, low TII 33.0, no creation tools","{'self_created': np.float64(11.73), 'pressure_appetite': np.float64(10.0), 'difficulty_embrace': np.float64(4.87), 'defensive_survival': np.float64(34.92), 'force_multiplication': np.float64(14.16)}","{'scaling_efficiency': np.float64(22.10840534539818), 'pressure_appetite': np.float64(20.4), 'creation_tools': np.float64(26.20384500633997), 'opportunity_response': np.float64(69.15714285714286), 'age_trajectory': np.float64(56.67)}",High
Alperen Sengun,2022-23,28.34,47.04,Role Player,Limited Scaling,Role Player,-0.05149999999999989,0,2,Hides,False,"Low CII 28.3, low TII 47.0","{'self_created': np.float64(32.91), 'pressure_appetite': np.float64(34.93), 'difficulty_embrace': np.float64(5.09), 'defensive_survival': np.float64(25.1), 'force_multiplication': np.float64(49.55)}","{'scaling_efficiency': np.float64(23.74625847716563), 'pressure_appetite': np.float64(46.04581358609798), 'creation_tools': np.float64(25.077700073209265), 'opportunity_response': np.float64(89.24857142857142), 'age_trajectory': np.int64(100)}",Medium
Andrew Nembhard,2022-23,33.16,62.84,Role Player,Moderate Scaling,Developing Prospect,0.0199999999999999,1,0,Steps Up,True,"Low CII 33.2, moderate TII 62.8","{'self_created': np.float64(25.85), 'pressure_appetite': np.float64(45.71), 'difficulty_embrace': np.float64(27.47), 'defensive_survival': np.float64(44.82), 'force_multiplication': np.float64(17.56)}","{'scaling_efficiency': np.float64(49.13164093767869), 'pressure_appetite': np.float64(64.51572327044023), 'creation_tools': np.float64(71.38653934652554), 'opportunity_response': np.float64(54.65714285714286), 'age_trajectory': np.float64(95.0)}",Medium
Andrew Wiggins,2022-23,17.95,40.51,Role Player,Limited Scaling,Luxury Amplifier,-0.024124999999999994,3,5,Hides,True,"Negative career leverage (-0.024, 3+/5-) BUT has creation tools: Thrives as #2","{'self_created': np.float64(16.42), 'pressure_appetite': np.float64(10.0), 'difficulty_embrace': np.float64(26.09), 'defensive_survival': np.float64(28.97), 'force_multiplication': np.float64(9.58)}","{'scaling_efficiency': np.float64(36.43769010863349), 'pressure_appetite': np.float64(0.0), 'creation_tools': np.float64(59.432742751955814), 'opportunity_response': np.float64(74.6), 'age_trajectory': np.float64(64.99000000000001)}",High
Anfernee Simons,2022-23,57.66,75.96,Luxury Amplifier,High Scaling,Latent Engine,0.013999999999999999,2,0,Steps Up,True,"Medium CII 57.7, high TII 76.0, has tools","{'self_created': np.float64(62.28), 'pressure_appetite': np.float64(53.6), 'difficulty_embrace': np.float64(58.11), 'defensive_survival': np.float64(69.6), 'force_multiplication': np.float64(35.17)}","{'scaling_efficiency': np.float64(68.35974074758666), 'pressure_appetite': np.float64(70.42914979757084), 'creation_tools': np.float64(83.08333333333334), 'opportunity_response': np.float64(81.5), 'age_trajectory': np.float64(90.0)}",Medium
Anthony Davis,2022-23,37.11,61.06,Role Player,Moderate Scaling,Luxury Amplifier,0.003750000000000012,3,5,Mixed,True,"Mixed career leverage (+0.004), low CII but has tools","{'self_created': np.float64(30.51), 'pressure_appetite': np.float64(46.83), 'difficulty_embrace': np.float64(24.29), 'defensive_survival': np.float64(30.88), 'force_multiplication': np.float64(67.62)}","{'scaling_efficiency': np.float64(68.02470399969519), 'pressure_appetite': np.float64(46.033694344163656), 'creation_tools': np.float64(57.07106483519709), 'opportunity_response': np.float64(86.0), 'age_trajectory': np.float64(48.34)}",High
Anthony Edwards,2022-23,65.99,74.27,Luxury Amplifier,High Scaling,Latent Engine,-0.021666666666666667,1,2,Hides,True,"CII 66.0, TII 74.3: High potential (limited career data)","{'self_created': np.float64(66.54), 'pressure_appetite': np.float64(72.63), 'difficulty_embrace': np.float64(58.84), 'defensive_survival': np.float64(67.25), 'force_multiplication': np.float64(60.16)}","{'scaling_efficiency': np.float64(62.858818966169665), 'pressure_appetite': np.float64(73.27671232876712), 'creation_tools': np.float64(76.6), 'opportunity_response': np.float64(78.5), 'age_trajectory': np.int64(100)}",Medium
Austin Reaves,2022-23,29.58,62.65,Role Player,Moderate Scaling,Developing Prospect,-0.0019999999999999497,1,1,Mixed,False,"Low CII 29.6, moderate TII 62.6","{'self_created': np.float64(40.9), 'pressure_appetite': np.float64(12.33), 'difficulty_embrace': np.float64(19.09), 'defensive_survival': np.float64(51.4), 'force_multiplication': np.float64(26.99)}","{'scaling_efficiency': np.float64(74.02807293716384), 'pressure_appetite': np.float64(24.00000000000004), 'creation_tools': np.float64(62.841426459719145), 'opportunity_response': np.float64(89.15428571428572), 'age_trajectory': np.float64(85.0)}",Medium
Ayo Dosunmu,2022-23,18.2,39.47,Role Player,Limited Scaling,Role Player,-0.0319999999999999,0,1,Hides,False,"Low CII 18.2, low TII 39.5","{'self_created': np.float64(17.99), 'pressure_appetite': np.float64(13.93), 'difficulty_embrace': np.float64(10.99), 'defensive_survival': np.float64(37.24), 'force_multiplication': np.float64(15.36)}","{'scaling_efficiency': np.float64(20.8367858861267), 'pressure_appetite': np.float64(27.200000000000042), 'creation_tools': np.float64(40.01285393888422), 'opportunity_response': np.float64(59.457142857142856), 'age_trajectory': np.float64(95.0)}",Medium
Bam Adebayo,2022-23,31.98,46.95,Role Player,Limited Scaling,Fragile Star,-0.0508,0,5,Hides,True,"Fragile Star: high usage (25.1%), high minutes (34.6), low CII (32.0), extreme hiding (-0.051)","{'self_created': np.float64(33.07), 'pressure_appetite': np.float64(23.83), 'difficulty_embrace': np.float64(21.69), 'defensive_survival': np.float64(43.46), 'force_multiplication': np.float64(52.41)}","{'scaling_efficiency': np.float64(34.85522197776059), 'pressure_appetite': np.float64(12.799999999999997), 'creation_tools': np.float64(57.19996275062352), 'opportunity_response': np.float64(89.0), 'age_trajectory': np.float64(85.0)}",High
Ben Simmons,2022-23,15.08,33.49,Role Player,Low Scaling,Role Player,-0.060199999999999976,0,5,Hides,False,"Low CII 15.1, low TII 33.5, no creation tools","{'self_created': np.float64(18.6), 'pressure_appetite': np.float64(10.0), 'difficulty_embrace': np.float64(7.3), 'defensive_survival': np.float64(29.53), 'force_multiplication': np.float64(11.09)}","{'scaling_efficiency': np.float64(24.757307205552166), 'pressure_appetite': np.float64(11.600000000000005), 'creation_tools': np.float64(32.012458490782095), 'opportunity_response': np.float64(59.542857142857144), 'age_trajectory': np.float64(78.33)}",High
Bennedict Mathurin,2022-23,31.25,55.07,Role Player,Moderate Scaling,Developing Prospect,-0.0239999999999999,0,1,Hides,False,"Low CII 31.2, moderate TII 55.1","{'self_created': np.float64(26.85), 'pressure_appetite': np.float64(37.37), 'difficulty_embrace': np.float64(21.77), 'defensive_survival': np.float64(32.52), 'force_multiplication': np.float64(46.23)}","{'scaling_efficiency': np.float64(42.49798319021311), 'pressure_appetite': np.float64(44.16170212765961), 'creation_tools': np.float64(55.08110188548694), 'opportunity_response': np.float64(68.42857142857143), 'age_trajectory': np.int64(100)}",Medium
Bobby Portis,2022-23,21.03,43.43,Role Player,Limited Scaling,Luxury Amplifier,-0.06849999999999998,0,6,Hides,True,"Negative career leverage (-0.068, 0+/6-) BUT has creation tools: Thrives as #2","{'self_created': np.float64(16.37), 'pressure_appetite': np.float64(18.33), 'difficulty_embrace': np.float64(23.49), 'defensive_survival': np.float64(30.65), 'force_multiplication': np.float64(22.37)}","{'scaling_efficiency': np.float64(38.68658100501307), 'pressure_appetite': np.float64(15.600000000000001), 'creation_tools': np.float64(55.139673640812234), 'opportunity_response': np.float64(69.28571428571429), 'age_trajectory': np.float64(64.99000000000001)}",High
Bogdan Bogdanović,2022-23,27.96,53.04,Role Player,Moderate Scaling,Luxury Amplifier,-0.004500000000000018,3,3,Mixed,True,"Negative career leverage (-0.005, 3+/3-) BUT has creation tools: Thrives as #2","{'self_created': np.float64(31.38), 'pressure_appetite': np.float64(24.45), 'difficulty_embrace': np.float64(31.14), 'defensive_survival': np.float64(33.76), 'force_multiplication': np.float64(11.39)}","{'scaling_efficiency': np.float64(51.327361120343895), 'pressure_appetite': np.float64(25.999999999999996), 'creation_tools': np.float64(70.95052264808362), 'opportunity_response': np.float64(80.80571428571429), 'age_trajectory': np.float64(48.34)}",High
Bojan Bogdanovic,2022-23,46.22,64.29,Fragile Star,Moderate Scaling,Luxury Amplifier,-0.04324999999999998,1,7,Hides,True,"Negative career leverage (-0.043, 1+/7-) BUT has creation tools: Thrives as #2","{'self_created': np.float64(43.08), 'pressure_appetite': np.float64(52.6), 'difficulty_embrace': np.float64(40.16), 'defensive_survival': np.float64(52.45), 'force_multiplication': np.float64(42.42)}","{'scaling_efficiency': np.float64(64.48014754659852), 'pressure_appetite': np.float64(56.634262948207166), 'creation_tools': np.float64(74.68333333333334), 'opportunity_response': np.float64(89.0), 'age_trajectory': np.float64(25.0)}",High
Bol Bol,2022-23,23.19,40.44,Role Player,Limited Scaling,Role Player,-0.0949999999999999,0,1,Hides,False,"Low CII 23.2, low TII 40.4","{'self_created': np.float64(33.45), 'pressure_appetite': np.float64(10.0), 'difficulty_embrace': np.float64(17.41), 'defensive_survival': np.float64(36.44), 'force_multiplication': np.float64(17.1)}","{'scaling_efficiency': np.float64(32.60077136097428), 'pressure_appetite': np.float64(2.0000000000000417), 'creation_tools': np.float64(47.233395342428004), 'opportunity_response': np.float64(74.77142857142857), 'age_trajectory': np.float64(95.0)}",Medium
Bones Hyland,2022-23,42.91,58.89,Fragile Star,Moderate Scaling,Developing Prospect,-0.029,0,2,Hides,False,"Low CII 42.9, moderate TII 58.9","{'self_created': np.float64(41.44), 'pressure_appetite': np.float64(47.29), 'difficulty_embrace': np.float64(33.4), 'defensive_survival': np.float64(57.87), 'force_multiplication': np.float64(32.97)}","{'scaling_efficiency': np.float64(44.54350343503436), 'pressure_appetite': np.float64(59.60393603936039), 'creation_tools': np.float64(67.39846248462484), 'opportunity_response': np.float64(47.62857142857143), 'age_trajectory': np.int64(100)}",Medium
Bradley Beal,2022-23,74.2,79.65,Strong Creator,High Scaling,Franchise Engine,0.05462499999999994,7,1,Steps Up,True,CII 74.2 >= 74: Already elite creator,"{'self_created': np.float64(67.64), 'pressure_appetite': np.float64(90.0), 'difficulty_embrace': np.float64(58.89), 'defensive_survival': np.float64(88.55), 'force_multiplication': np.float64(63.43)}","{'scaling_efficiency': np.float64(69.24853479853479), 'pressure_appetite': np.float64(94.9), 'creation_tools': np.float64(87.1), 'opportunity_response': np.float64(86.0), 'age_trajectory': np.float64(48.34)}",High
Brandon Clarke,2022-23,10.12,34.17,Role Player,Low Scaling,Role Player,-0.03999999999999997,0,3,Hides,False,"Low CII 10.1, low TII 34.2","{'self_created': np.float64(4.53), 'pressure_appetite': np.float64(14.17), 'difficulty_embrace': np.float64(4.4), 'defensive_survival': np.float64(20.71), 'force_multiplication': np.float64(12.31)}","{'scaling_efficiency': np.float64(20.328950129397775), 'pressure_appetite': np.float64(20.400000000000045), 'creation_tools': np.float64(15.41657788991683), 'opportunity_response': np.float64(80.38571428571429), 'age_trajectory': np.float64(78.33)}",Medium
Brandon Ingram,2022-23,75.5,82.03,Strong Creator,Elite Scaling,Franchise Engine,0.010857142857142857,4,3,Steps Up,True,CII 75.5 >= 74: Already elite creator,"{'self_created': np.float64(67.76), 'pressure_appetite': np.float64(90.0), 'difficulty_embrace': np.float64(69.86), 'defensive_survival': np.float64(86.24), 'force_multiplication': np.float64(57.68)}","{'scaling_efficiency': np.float64(67.31927901595421), 'pressure_appetite': np.float64(90.70915032679738), 'creation_tools': np.float64(88.8), 'opportunity_response': np.float64(86.0), 'age_trajectory': np.float64(85.0)}",High
Brook Lopez,2022-23,22.63,44.52,Role Player,Limited Scaling,Role Player,-0.0377142857142857,2,5,Hides,False,"Low CII 22.6, low TII 44.5, no creation tools","{'self_created': np.float64(3.09), 'pressure_appetite': np.float64(40.96), 'difficulty_embrace': np.float64(11.86), 'defensive_survival': np.float64(45.36), 'force_multiplication': np.float64(22.86)}","{'scaling_efficiency': np.float64(20.4768915104083), 'pressure_appetite': np.float64(63.562566844919786), 'creation_tools': np.float64(34.44072214251555), 'opportunity_response': np.float64(90.66285714285715), 'age_trajectory': np.int64(20)}",High
Bruce Brown,2022-23,21.6,39.71,Role Player,Limited Scaling,Role Player,-0.03449999999999995,0,4,Hides,False,"Low CII 21.6, low TII 39.7, no creation tools","{'self_created': np.float64(21.0), 'pressure_appetite': np.float64(16.87), 'difficulty_embrace': np.float64(12.54), 'defensive_survival': np.float64(43.7), 'force_multiplication': np.float64(20.18)}","{'scaling_efficiency': np.float64(20.420933701925403), 'pressure_appetite': np.float64(24.00000000000004), 'creation_tools': np.float64(45.18262311933464), 'opportunity_response': np.float64(71.42857142857143), 'age_trajectory': np.float64(78.33)}",High
Buddy Hield,2022-23,26.63,54.96,Role Player,Moderate Scaling,Role Player,-0.008714285714285685,3,4,Mixed,False,"Low CII 26.6, low TII 55.0, no creation tools","{'self_created': np.float64(21.45), 'pressure_appetite': np.float64(26.88), 'difficulty_embrace': np.float64(28.16), 'defensive_survival': np.float64(43.83), 'force_multiplication': np.float64(12.67)}","{'scaling_efficiency': np.float64(56.15402598522274), 'pressure_appetite': np.float64(26.40000000000004), 'creation_tools': np.float64(64.95724767003767), 'opportunity_response': np.float64(91.22857142857143), 'age_trajectory': np.float64(48.34)}",High
CJ McCollum,2022-23,51.53,57.37,Fragile Star,Moderate Scaling,Luxury Amplifier,-0.028749999999999973,1,7,Hides,True,"Negative career leverage (-0.029, 1+/7-) BUT has creation tools: Thrives as #2","{'self_created': np.float64(55.85), 'pressure_appetite': np.float64(40.94), 'difficulty_embrace': np.float64(62.89), 'defensive_survival': np.float64(57.13), 'force_multiplication': np.float64(33.94)}","{'scaling_efficiency': np.float64(50.31115041047341), 'pressure_appetite': np.float64(47.13076923076926), 'creation_tools': np.float64(86.73333333333333), 'opportunity_response': np.float64(61.0), 'age_trajectory': np.float64(40.01)}",High
Cade Cunningham,2022-23,61.18,68.0,Luxury Amplifier,High Scaling,Strong Creator,0.059,2,0,Steps Up,True,"CII 61.2, TII 68.0","{'self_created': np.float64(48.84), 'pressure_appetite': np.float64(76.46), 'difficulty_embrace': np.float64(75.8), 'defensive_survival': np.float64(50.5), 'force_multiplication': np.float64(46.81)}","{'scaling_efficiency': np.float64(44.06197226635392), 'pressure_appetite': np.float64(72.16306620209059), 'creation_tools': np.float64(89.05), 'opportunity_response': np.float64(59.542857142857144), 'age_trajectory': np.int64(100)}",Medium
Caleb Martin,2022-23,15.78,40.73,Role Player,Limited Scaling,Role Player,-0.0873333333333333,0,3,Hides,True,"Low CII 15.8, low TII 40.7","{'self_created': np.float64(14.73), 'pressure_appetite': np.float64(10.0), 'difficulty_embrace': np.float64(18.43), 'defensive_survival': np.float64(26.81), 'force_multiplication': np.float64(11.51)}","{'scaling_efficiency': np.float64(24.84614422034523), 'pressure_appetite': np.float64(20.000000000000043), 'creation_tools': np.float64(58.9866564329979), 'opportunity_response': np.float64(62.114285714285714), 'age_trajectory': np.float64(71.66)}",Medium
Cam Reddish,2022-23,13.78,37.86,Role Player,Limited Scaling,Role Player,-0.06825,0,4,Hides,False,"Low CII 13.8, low TII 37.9, no creation tools","{'self_created': np.float64(8.78), 'pressure_appetite': np.float64(11.5), 'difficulty_embrace': np.float64(10.49), 'defensive_survival': np.float64(37.83), 'force_multiplication': np.float64(5.01)}","{'scaling_efficiency': np.float64(23.512522241055482), 'pressure_appetite': np.float64(17.200000000000003), 'creation_tools': np.float64(41.41541287099618), 'opportunity_response': np.float64(58.17142857142857), 'age_trajectory': np.float64(95.0)}",High
Cameron Johnson,2022-23,16.77,50.56,Role Player,Moderate Scaling,Role Player,-0.06449999999999997,0,4,Hides,False,"Low CII 16.8, low TII 50.6, no creation tools","{'self_created': np.float64(13.47), 'pressure_appetite': np.float64(16.0), 'difficulty_embrace': np.float64(21.2), 'defensive_survival': np.float64(24.98), 'force_multiplication': np.float64(7.42)}","{'scaling_efficiency': np.float64(53.45352979637586), 'pressure_appetite': np.float64(13.599999999999998), 'creation_tools': np.float64(53.081747565000406), 'opportunity_response': np.float64(88.96571428571428), 'age_trajectory': np.float64(71.66)}",High
Cameron Payne,2022-23,40.41,58.69,Fragile Star,Moderate Scaling,Role Player,0.008999999999999966,3,0,Mixed,True,"Low CII 40.4, moderate TII 58.7 (Age 28 > 25, reclassified from Developing Prospect)","{'self_created': np.float64(31.83), 'pressure_appetite': np.float64(49.0), 'difficulty_embrace': np.float64(33.79), 'defensive_survival': np.float64(57.93), 'force_multiplication': np.float64(31.62)}","{'scaling_efficiency': np.float64(45.075001721491816), 'pressure_appetite': np.float64(62.9020920502092), 'creation_tools': np.float64(78.46563424839269), 'opportunity_response': np.float64(48.31428571428572), 'age_trajectory': np.float64(64.99000000000001)}",Medium
Caris LeVert,2022-23,27.42,48.33,Role Player,Limited Scaling,Role Player,0.0014285714285714715,2,5,Mixed,False,"Mixed career leverage, no tools, low CII","{'self_created': np.float64(35.09), 'pressure_appetite': np.float64(16.0), 'difficulty_embrace': np.float64(21.79), 'defensive_survival': np.float64(41.06), 'force_multiplication': np.float64(23.79)}","{'scaling_efficiency': np.float64(50.61866996597589), 'pressure_appetite': np.float64(21.20000000000004), 'creation_tools': np.float64(64.06069572171131), 'opportunity_response': np.float64(56.885714285714286), 'age_trajectory': np.float64(64.99000000000001)}",High
Chris Boucher,2022-23,12.08,27.49,Role Player,Low Scaling,Role Player,-0.05733333333333327,0,3,Hides,False,"Low CII 12.1, low TII 27.5","{'self_created': np.float64(13.27), 'pressure_appetite': np.float64(12.17), 'difficulty_embrace': np.float64(5.79), 'defensive_survival': np.float64(21.15), 'force_multiplication': np.float64(7.31)}","{'scaling_efficiency': np.float64(13.410548706792355), 'pressure_appetite': np.float64(15.20000000000004), 'creation_tools': np.float64(19.153252032520328), 'opportunity_response': np.float64(73.35714285714286), 'age_trajectory': np.float64(48.34)}",Medium
Chris Paul,2022-23,61.52,71.1,Luxury Amplifier,High Scaling,Strong Creator,0.05049999999999996,7,1,Steps Up,True,"Positive career leverage (+0.050, 7+/1-), CII 61.5, TII 71.1: Can be #1 (Age 38 > 28, reclassified from Latent Engine)","{'self_created': np.float64(71.63), 'pressure_appetite': np.float64(47.95), 'difficulty_embrace': np.float64(76.69), 'defensive_survival': np.float64(65.65), 'force_multiplication': np.float64(28.59)}","{'scaling_efficiency': np.float64(81.26666666666667), 'pressure_appetite': np.float64(65.61538461538458), 'creation_tools': np.float64(93.25), 'opportunity_response': np.float64(64.42857142857143), 'age_trajectory': np.int64(20)}",High
Christian Braun,2022-23,16.89,43.19,Role Player,Limited Scaling,Role Player,-0.0129999999999999,0,1,Mixed,False,"Low CII 16.9, low TII 43.2","{'self_created': np.float64(7.97), 'pressure_appetite': np.float64(21.19), 'difficulty_embrace': np.float64(3.87), 'defensive_survival': np.float64(50.88), 'force_multiplication': np.float64(7.92)}","{'scaling_efficiency': np.float64(18.02553328742652), 'pressure_appetite': np.float64(59.82414698162733), 'creation_tools': np.float64(26.436502144549003), 'opportunity_response': np.float64(50.285714285714285), 'age_trajectory': np.int64(100)}",Medium
Christian Wood,2022-23,23.04,39.64,Role Player,Limited Scaling,Fragile Star,-0.04375,0,4,Hides,False,"Fragile Star: high usage (25.9%), low CII (23.0), no creation tools","{'self_created': np.float64(17.07), 'pressure_appetite': np.float64(26.01), 'difficulty_embrace': np.float64(12.5), 'defensive_survival': np.float64(31.06), 'force_multiplication': np.float64(42.57)}","{'scaling_efficiency': np.float64(32.59214539063449), 'pressure_appetite': np.float64(14.399999999999999), 'creation_tools': np.float64(32.93391562294001), 'opportunity_response': np.float64(83.42), 'age_trajectory': np.float64(71.66)}",High
Clint Capela,2022-23,9.8,31.86,Role Player,Low Scaling,Role Player,-0.05733333333333329,0,6,Hides,False,"Low CII 9.8, low TII 31.9, no creation tools","{'self_created': np.float64(8.31), 'pressure_appetite': np.float64(11.5), 'difficulty_embrace': np.float64(0.3), 'defensive_survival': np.float64(22.9), 'force_multiplication': np.float64(9.37)}","{'scaling_efficiency': np.float64(18.512157453510323), 'pressure_appetite': np.float64(23.20000000000004), 'creation_tools': np.float64(8.9), 'opportunity_response': np.float64(87.08), 'age_trajectory': np.float64(56.67)}",High
Coby White,2022-23,21.11,43.8,Role Player,Limited Scaling,Role Player,-0.07074999999999998,0,4,Hides,False,"Low CII 21.1, low TII 43.8, no creation tools","{'self_created': np.float64(21.51), 'pressure_appetite': np.float64(13.83), 'difficulty_embrace': np.float64(16.29), 'defensive_survival': np.float64(47.57), 'force_multiplication': np.float64(8.09)}","{'scaling_efficiency': np.float64(30.533402919062347), 'pressure_appetite': np.float64(21.200000000000003), 'creation_tools': np.float64(48.886633189861314), 'opportunity_response': np.float64(67.05714285714285), 'age_trajectory': np.float64(95.0)}",High
Cole Anthony,2022-23,41.42,64.03,Fragile Star,Moderate Scaling,Developing Prospect,0.027999999999999997,2,1,Steps Up,True,"Low CII 41.4, moderate TII 64.0","{'self_created': np.float64(51.51), 'pressure_appetite': np.float64(29.1), 'difficulty_embrace': np.float64(36.06), 'defensive_survival': np.float64(56.47), 'force_multiplication': np.float64(30.09)}","{'scaling_efficiency': np.float64(67.36934899231548), 'pressure_appetite': np.float64(27.599999999999998), 'creation_tools': np.float64(85.17106430155211), 'opportunity_response': np.float64(69.2), 'age_trajectory': np.float64(95.0)}",Medium
Collin Sexton,2022-23,43.26,69.36,Fragile Star,High Scaling,Fragile Star,-0.00375,1,3,Mixed,False,"Negative career leverage (-0.004, 1+/3-), NO creation tools: Fundamental skill gaps","{'self_created': np.float64(58.08), 'pressure_appetite': np.float64(39.4), 'difficulty_embrace': np.float64(20.57), 'defensive_survival': np.float64(58.82), 'force_multiplication': np.float64(30.47)}","{'scaling_efficiency': np.float64(70.27511993132353), 'pressure_appetite': np.float64(59.00289855072464), 'creation_tools': np.float64(61.507811947684694), 'opportunity_response': np.float64(81.53428571428572), 'age_trajectory': np.float64(90.0)}",High
Corey Kispert,2022-23,6.64,36.16,Role Player,Limited Scaling,Role Player,-0.07099999999999995,0,2,Hides,False,"Low CII 6.6, low TII 36.2","{'self_created': np.float64(2.13), 'pressure_appetite': np.float64(10.0), 'difficulty_embrace': np.float64(5.14), 'defensive_survival': np.float64(15.83), 'force_multiplication': np.float64(0.95)}","{'scaling_efficiency': np.float64(19.470633480793005), 'pressure_appetite': np.float64(7.600000000000002), 'creation_tools': np.float64(30.56399953208165), 'opportunity_response': np.float64(88.68285714285715), 'age_trajectory': np.float64(90.0)}",Medium
Cory Joseph,2022-23,34.75,64.05,Role Player,Moderate Scaling,Role Player,-0.03857142857142854,2,5,Hides,False,"Low CII 34.8, low TII 64.0, no creation tools","{'self_created': np.float64(34.87), 'pressure_appetite': np.float64(34.31), 'difficulty_embrace': np.float64(23.66), 'defensive_survival': np.float64(63.26), 'force_multiplication': np.float64(14.92)}","{'scaling_efficiency': np.float64(72.2640532419758), 'pressure_appetite': np.float64(67.20536912751678), 'creation_tools': np.float64(67.38768756479512), 'opportunity_response': np.float64(53.971428571428575), 'age_trajectory': np.float64(40.01)}",High
D'Angelo Russell,2022-23,53.81,75.44,Fragile Star,High Scaling,Latent Engine,0.04762499999999999,7,1,Steps Up,True,"Positive career leverage (+0.048, 7+/1-), CII 53.8, TII 75.4: Can be #1","{'self_created': np.float64(64.35), 'pressure_appetite': np.float64(48.87), 'difficulty_embrace': np.float64(52.57), 'defensive_survival': np.float64(57.18), 'force_multiplication': np.float64(31.96)}","{'scaling_efficiency': np.float64(75.99436619718308), 'pressure_appetite': np.float64(57.266666666666666), 'creation_tools': np.float64(89.06666666666666), 'opportunity_response': np.float64(89.0), 'age_trajectory': np.float64(71.66)}",High
Daishen Nix,2022-23,28.94,52.95,Role Player,Moderate Scaling,Role Player,0.051,1,0,Steps Up,False,"Low CII 28.9, low TII 53.0","{'self_created': np.float64(7.88), 'pressure_appetite': np.float64(56.67), 'difficulty_embrace': np.float64(8.19), 'defensive_survival': np.float64(60.5), 'force_multiplication': np.float64(16.94)}","{'scaling_efficiency': np.float64(21.88421516578183), 'pressure_appetite': np.float64(86.94563758389262), 'creation_tools': np.float64(39.70020461614012), 'opportunity_response': np.float64(44.714285714285715), 'age_trajectory': np.int64(100)}",Medium
Damian Lillard,2022-23,78.08,72.0,Strong Creator,High Scaling,Franchise Engine,0.054249999999999965,8,0,Steps Up,True,CII 78.1 >= 74: Already elite creator,"{'self_created': np.float64(98.29), 'pressure_appetite': np.float64(70.46), 'difficulty_embrace': np.float64(74.8), 'defensive_survival': np.float64(61.42), 'force_multiplication': np.float64(68.08)}","{'scaling_efficiency': np.float64(81.1363445716911), 'pressure_appetite': np.float64(61.62537764350451), 'creation_tools': np.float64(79.25), 'opportunity_response': np.float64(86.0), 'age_trajectory': np.float64(35.0)}",High
Daniel Gafford,2022-23,18.16,42.62,Role Player,Limited Scaling,Role Player,-0.03499999999999995,0,2,Hides,False,"Low CII 18.2, low TII 42.6","{'self_created': np.float64(16.13), 'pressure_appetite': np.float64(21.69), 'difficulty_embrace': np.float64(2.4), 'defensive_survival': np.float64(39.45), 'force_multiplication': np.float64(15.02)}","{'scaling_efficiency': np.float64(18.765670552053617), 'pressure_appetite': np.float64(53.32420091324204), 'creation_tools': np.float64(12.225860340795188), 'opportunity_response': np.float64(81.42285714285714), 'age_trajectory': np.float64(90.0)}",Medium
Darius Bazley,2022-23,6.11,23.3,Role Player,Low Scaling,Role Player,-0.06999999999999997,0,3,Hides,False,"Low CII 6.1, low TII 23.3","{'self_created': np.float64(2.15), 'pressure_appetite': np.float64(10.0), 'difficulty_embrace': np.float64(3.9), 'defensive_survival': np.float64(10.74), 'force_multiplication': np.float64(5.79)}","{'scaling_efficiency': np.float64(10.217387007909004), 'pressure_appetite': np.float64(4.0000000000000036), 'creation_tools': np.float64(16.238950480413894), 'opportunity_response': np.float64(43.25714285714286), 'age_trajectory': np.float64(95.0)}",Medium
Darius Garland,2022-23,63.39,79.16,Luxury Amplifier,High Scaling,Latent Engine,0.021499999999999925,3,1,Steps Up,True,"Positive career leverage (+0.021, 3+/1-), CII 63.4, TII 79.2: Can be #1","{'self_created': np.float64(77.08), 'pressure_appetite': np.float64(63.47), 'difficulty_embrace': np.float64(59.61), 'defensive_survival': np.float64(50.87), 'force_multiplication': np.float64(48.43)}","{'scaling_efficiency': np.float64(79.07180555637301), 'pressure_appetite': np.float64(66.01374045801525), 'creation_tools': np.float64(88.3), 'opportunity_response': np.float64(78.5), 'age_trajectory': np.float64(95.0)}",High
Davion Mitchell,2022-23,23.12,50.94,Role Player,Moderate Scaling,Role Player,-0.012000000000000049,1,1,Mixed,True,"Low CII 23.1, low TII 50.9","{'self_created': np.float64(22.9), 'pressure_appetite': np.float64(13.81), 'difficulty_embrace': np.float64(21.89), 'defensive_survival': np.float64(49.95), 'force_multiplication': np.float64(9.24)}","{'scaling_efficiency': np.float64(32.191130063965886), 'pressure_appetite': np.float64(52.14285714285714), 'creation_tools': np.float64(61.35894308943089), 'opportunity_response': np.float64(46.51428571428572), 'age_trajectory': np.float64(90.0)}",Medium
De'Aaron Fox,2022-23,81.37,84.34,Franchise Engine,Elite Scaling,Franchise Engine,0.06516666666666665,6,0,Steps Up,True,CII 81.4 >= 74: Already elite creator,"{'self_created': np.float64(90.35), 'pressure_appetite': np.float64(90.0), 'difficulty_embrace': np.float64(64.31), 'defensive_survival': np.float64(85.68), 'force_multiplication': np.float64(60.48)}","{'scaling_efficiency': np.float64(77.24134847487382), 'pressure_appetite': np.float64(93.0), 'creation_tools': np.float64(82.58333333333334), 'opportunity_response': np.float64(86.0), 'age_trajectory': np.float64(85.0)}",High
De'Andre Hunter,2022-23,24.4,48.46,Role Player,Limited Scaling,Luxury Amplifier,-0.047749999999999945,0,4,Hides,True,"Negative career leverage (-0.048, 0+/4-) BUT has creation tools: Thrives as #2","{'self_created': np.float64(24.37), 'pressure_appetite': np.float64(11.0), 'difficulty_embrace': np.float64(37.83), 'defensive_survival': np.float64(34.56), 'force_multiplication': np.float64(15.92)}","{'scaling_efficiency': np.float64(39.678498830740686), 'pressure_appetite': np.float64(5.200000000000005), 'creation_tools': np.float64(78.15009478074055), 'opportunity_response': np.float64(74.17142857142858), 'age_trajectory': np.float64(85.0)}",High
De'Anthony Melton,2022-23,22.77,49.78,Role Player,Limited Scaling,Role Player,-0.01579999999999994,1,4,Mixed,False,"Low CII 22.8, low TII 49.8, no creation tools","{'self_created': np.float64(16.08), 'pressure_appetite': np.float64(25.13), 'difficulty_embrace': np.float64(13.91), 'defensive_survival': np.float64(52.77), 'force_multiplication': np.float64(9.69)}","{'scaling_efficiency': np.float64(27.320050189862958), 'pressure_appetite': np.float64(57.55555555555556), 'creation_tools': np.float64(47.77691960252936), 'opportunity_response': np.float64(60.91428571428571), 'age_trajectory': np.float64(85.0)}",High
DeMar DeRozan,2022-23,81.69,76.81,Franchise Engine,High Scaling,Franchise Engine,0.08374999999999995,8,0,Steps Up,True,CII 81.7 >= 74: Already elite creator,"{'self_created': np.float64(85.23), 'pressure_appetite': np.float64(87.67), 'difficulty_embrace': np.float64(76.34), 'defensive_survival': np.float64(78.57), 'force_multiplication': np.float64(71.48)}","{'scaling_efficiency': np.float64(69.865356824548), 'pressure_appetite': np.float64(90.39999999999999), 'creation_tools': np.float64(86.75), 'opportunity_response': np.float64(86.0), 'age_trajectory': np.float64(30.0)}",High
Deandre Ayton,2022-23,21.82,47.3,Role Player,Limited Scaling,Fragile Star,-0.06799999999999995,0,5,Hides,True,"Fragile Star: high usage (23.1%), low CII (21.8), extreme hiding (-0.068)","{'self_created': np.float64(3.99), 'pressure_appetite': np.float64(31.91), 'difficulty_embrace': np.float64(16.7), 'defensive_survival': np.float64(37.88), 'force_multiplication': np.float64(36.22)}","{'scaling_efficiency': np.float64(36.35356835695424), 'pressure_appetite': np.float64(25.999999999999996), 'creation_tools': np.float64(38.740108401084015), 'opportunity_response': np.float64(87.66285714285715), 'age_trajectory': np.float64(90.0)}",High
Dejounte Murray,2022-23,63.11,71.05,Luxury Amplifier,High Scaling,Latent Engine,0.011599999999999978,3,2,Steps Up,True,"Positive career leverage (+0.012, 3+/2-), CII 63.1, TII 71.0: Can be #1","{'self_created': np.float64(63.73), 'pressure_appetite': np.float64(64.46), 'difficulty_embrace': np.float64(68.94), 'defensive_survival': np.float64(67.77), 'force_multiplication': np.float64(39.25)}","{'scaling_efficiency': np.float64(54.99591155702573), 'pressure_appetite': np.float64(77.06359832635982), 'creation_tools': np.float64(91.5), 'opportunity_response': np.float64(61.0), 'age_trajectory': np.float64(78.33)}",High
Delon Wright,2022-23,24.25,45.77,Role Player,Limited Scaling,Role Player,-0.04624999999999997,0,4,Hides,False,"Low CII 24.2, low TII 45.8, no creation tools","{'self_created': np.float64(41.41), 'pressure_appetite': np.float64(10.0), 'difficulty_embrace': np.float64(17.07), 'defensive_survival': np.float64(27.96), 'force_multiplication': np.float64(17.16)}","{'scaling_efficiency': np.float64(45.719999999999985), 'pressure_appetite': np.float64(22.0), 'creation_tools': np.float64(60.27926829268292), 'opportunity_response': np.float64(70.00571428571428), 'age_trajectory': np.float64(40.01)}",High
Deni Avdija,2022-23,17.78,36.78,Role Player,Limited Scaling,Role Player,-0.03,0,3,Hides,False,"Low CII 17.8, low TII 36.8","{'self_created': np.float64(13.95), 'pressure_appetite': np.float64(17.8), 'difficulty_embrace': np.float64(5.93), 'defensive_survival': np.float64(39.44), 'force_multiplication': np.float64(20.44)}","{'scaling_efficiency': np.float64(21.5377694470478), 'pressure_appetite': np.float64(26.4), 'creation_tools': np.float64(28.253867947770388), 'opportunity_response': np.float64(53.8), 'age_trajectory': np.int64(100)}",Medium
Dennis Schröder,2022-23,42.24,62.78,Fragile Star,Moderate Scaling,Luxury Amplifier,-0.011999999999999986,4,4,Mixed,True,"Negative career leverage (-0.012, 4+/4-) BUT has creation tools: Thrives as #2","{'self_created': np.float64(40.31), 'pressure_appetite': np.float64(41.31), 'difficulty_embrace': np.float64(32.13), 'defensive_survival': np.float64(65.56), 'force_multiplication': np.float64(35.6)}","{'scaling_efficiency': np.float64(53.99584593987095), 'pressure_appetite': np.float64(68.63934426229508), 'creation_tools': np.float64(76.1606957217113), 'opportunity_response': np.float64(56.8), 'age_trajectory': np.float64(56.67)}",High
Dennis Smith Jr.,2022-23,37.07,63.83,Role Player,Moderate Scaling,Developing Prospect,0.016,2,1,Steps Up,False,"Low CII 37.1, moderate TII 63.8","{'self_created': np.float64(17.34), 'pressure_appetite': np.float64(57.88), 'difficulty_embrace': np.float64(22.84), 'defensive_survival': np.float64(59.87), 'force_multiplication': np.float64(38.5)}","{'scaling_efficiency': np.float64(45.89841755997958), 'pressure_appetite': np.float64(82.57142857142857), 'creation_tools': np.float64(64.83617886178861), 'opportunity_response': np.float64(53.028571428571425), 'age_trajectory': np.float64(85.0)}",Medium
Derrick White,2022-23,31.44,58.03,Role Player,Moderate Scaling,Role Player,-0.014599999999999978,2,3,Mixed,False,"Low CII 31.4, low TII 58.0, no creation tools","{'self_created': np.float64(23.91), 'pressure_appetite': np.float64(40.91), 'difficulty_embrace': np.float64(15.47), 'defensive_survival': np.float64(59.27), 'force_multiplication': np.float64(20.51)}","{'scaling_efficiency': np.float64(37.66940765233821), 'pressure_appetite': np.float64(69.81379310344828), 'creation_tools': np.float64(52.974156620876556), 'opportunity_response': np.float64(81.18285714285715), 'age_trajectory': np.float64(64.99000000000001)}",High
Desmond Bane,2022-23,54.02,76.84,Fragile Star,High Scaling,Latent Engine,0.006999999999999947,1,1,Mixed,True,"Medium CII 54.0, high TII 76.8, has tools","{'self_created': np.float64(47.5), 'pressure_appetite': np.float64(69.76), 'difficulty_embrace': np.float64(39.83), 'defensive_survival': np.float64(66.04), 'force_multiplication': np.float64(44.63)}","{'scaling_efficiency': np.float64(68.64157844080844), 'pressure_appetite': np.float64(79.40952380952379), 'creation_tools': np.float64(72.8), 'opportunity_response': np.float64(88.88857142857142), 'age_trajectory': np.float64(85.0)}",Medium
Devin Booker,2022-23,69.48,73.66,Luxury Amplifier,High Scaling,Latent Engine,0.020374999999999963,6,2,Steps Up,True,"Positive career leverage (+0.020, 6+/2-), CII 69.5, TII 73.7: Can be #1","{'self_created': np.float64(81.07), 'pressure_appetite': np.float64(63.04), 'difficulty_embrace': np.float64(77.86), 'defensive_survival': np.float64(52.36), 'force_multiplication': np.float64(59.78)}","{'scaling_efficiency': np.float64(69.53082357359119), 'pressure_appetite': np.float64(57.14340836012862), 'creation_tools': np.float64(88.9), 'opportunity_response': np.float64(86.0), 'age_trajectory': np.float64(78.33)}",High
Devin Vassell,2022-23,36.61,51.03,Role Player,Moderate Scaling,Role Player,-0.06449999999999995,0,2,Hides,True,"Low CII 36.6, low TII 51.0","{'self_created': np.float64(39.36), 'pressure_appetite': np.float64(23.17), 'difficulty_embrace': np.float64(56.8), 'defensive_survival': np.float64(39.35), 'force_multiplication': np.float64(17.46)}","{'scaling_efficiency': np.float64(41.3846846846847), 'pressure_appetite': np.float64(15.600000000000001), 'creation_tools': np.float64(78.15), 'opportunity_response': np.float64(60.57142857142857), 'age_trajectory': np.int64(100)}",Medium
Devonte' Graham,2022-23,28.09,55.46,Role Player,Moderate Scaling,Role Player,0.0010000000000000009,2,1,Mixed,False,"Mixed career leverage, no tools, low CII","{'self_created': np.float64(21.05), 'pressure_appetite': np.float64(35.83), 'difficulty_embrace': np.float64(20.43), 'defensive_survival': np.float64(51.15), 'force_multiplication': np.float64(10.63)}","{'scaling_efficiency': np.float64(48.12774703557314), 'pressure_appetite': np.float64(62.0), 'creation_tools': np.float64(55.58422025129342), 'opportunity_response': np.float64(52.68571428571428), 'age_trajectory': np.float64(64.99000000000001)}",High
Dillon Brooks,2022-23,24.43,35.49,Role Player,Limited Scaling,Luxury Amplifier,-0.04859999999999994,1,4,Hides,True,"Negative career leverage (-0.049, 1+/4-) BUT has creation tools: Thrives as #2","{'self_created': np.float64(23.8), 'pressure_appetite': np.float64(12.67), 'difficulty_embrace': np.float64(34.0), 'defensive_survival': np.float64(39.56), 'force_multiplication': np.float64(13.92)}","{'scaling_efficiency': np.float64(25.30505376029063), 'pressure_appetite': np.float64(0.8000000000000407), 'creation_tools': np.float64(59.916666666666664), 'opportunity_response': np.float64(56.971428571428575), 'age_trajectory': np.float64(71.66)}",High
Domantas Sabonis,2022-23,24.42,39.79,Role Player,Limited Scaling,Fragile Star,-0.051999999999999956,0,5,Hides,False,"Fragile Star: high minutes (34.6), low CII (24.4), extreme hiding (-0.052), no creation tools","{'self_created': np.float64(26.58), 'pressure_appetite': np.float64(19.17), 'difficulty_embrace': np.float64(8.6), 'defensive_survival': np.float64(30.62), 'force_multiplication': np.float64(53.43)}","{'scaling_efficiency': np.float64(28.18376841695334), 'pressure_appetite': np.float64(16.80000000000004), 'creation_tools': np.float64(30.839562578724376), 'opportunity_response': np.float64(92.0), 'age_trajectory': np.float64(71.66)}",High
Donovan Mitchell,2022-23,79.1,77.85,Strong Creator,High Scaling,Franchise Engine,0.09983333333333329,6,0,Steps Up,True,CII 79.1 >= 74: Already elite creator,"{'self_created': np.float64(92.92), 'pressure_appetite': np.float64(83.77), 'difficulty_embrace': np.float64(71.09), 'defensive_survival': np.float64(67.47), 'force_multiplication': np.float64(59.46)}","{'scaling_efficiency': np.float64(72.32273332176126), 'pressure_appetite': np.float64(73.85806451612903), 'creation_tools': np.float64(84.76666666666667), 'opportunity_response': np.float64(86.0), 'age_trajectory': np.float64(78.33)}",High
Donte DiVincenzo,2022-23,10.51,41.75,Role Player,Limited Scaling,Role Player,-0.04566666666666663,0,3,Hides,False,"Low CII 10.5, low TII 41.8","{'self_created': np.float64(4.79), 'pressure_appetite': np.float64(11.17), 'difficulty_embrace': np.float64(8.2), 'defensive_survival': np.float64(28.18), 'force_multiplication': np.float64(4.13)}","{'scaling_efficiency': np.float64(30.25004206058266), 'pressure_appetite': np.float64(24.40000000000004), 'creation_tools': np.float64(34.24193674128522), 'opportunity_response': np.float64(79.29714285714286), 'age_trajectory': np.float64(78.33)}",Medium
Doug McDermott,2022-23,15.09,35.86,Role Player,Limited Scaling,Role Player,-0.05999999999999998,0,5,Hides,False,"Low CII 15.1, low TII 35.9, no creation tools","{'self_created': np.float64(5.44), 'pressure_appetite': np.float64(17.32), 'difficulty_embrace': np.float64(12.1), 'defensive_survival': np.float64(39.84), 'force_multiplication': np.float64(7.36)}","{'scaling_efficiency': np.float64(22.949985416788184), 'pressure_appetite': np.float64(22.0), 'creation_tools': np.float64(42.01546463851736), 'opportunity_response': np.float64(73.82857142857144), 'age_trajectory': np.float64(40.01)}",High
Draymond Green,2022-23,14.31,40.77,Role Player,Limited Scaling,Role Player,-0.0063750000000000005,3,5,Mixed,False,"Low CII 14.3, low TII 40.8, no creation tools","{'self_created': np.float64(2.02), 'pressure_appetite': np.float64(22.25), 'difficulty_embrace': np.float64(4.4), 'defensive_survival': np.float64(42.39), 'force_multiplication': np.float64(9.05)}","{'scaling_efficiency': np.float64(21.740106139471212), 'pressure_appetite': np.float64(60.32558139534887), 'creation_tools': np.float64(23.296004285624253), 'opportunity_response': np.float64(76.7), 'age_trajectory': np.float64(30.0)}",High
Drew Eubanks,2022-23,10.06,40.75,Role Player,Limited Scaling,Role Player,-0.0269999999999999,0,1,Hides,False,"Low CII 10.1, low TII 40.8","{'self_created': np.float64(2.13), 'pressure_appetite': np.float64(11.72), 'difficulty_embrace': np.float64(7.0), 'defensive_survival': np.float64(25.2), 'force_multiplication': np.float64(13.14)}","{'scaling_efficiency': np.float64(20.40936910084451), 'pressure_appetite': np.float64(41.016393442622984), 'creation_tools': np.float64(21.831094228975076), 'opportunity_response': np.float64(81.14), 'age_trajectory': np.float64(78.33)}",Medium
Dwight Powell,2022-23,15.39,39.77,Role Player,Limited Scaling,Role Player,-0.04916666666666666,0,6,Hides,False,"Low CII 15.4, low TII 39.8, no creation tools","{'self_created': np.float64(2.12), 'pressure_appetite': np.float64(28.18), 'difficulty_embrace': np.float64(0.8), 'defensive_survival': np.float64(45.98), 'force_multiplication': np.float64(6.53)}","{'scaling_efficiency': np.float64(18.53585504592247), 'pressure_appetite': np.float64(65.52032520325203), 'creation_tools': np.float64(9.066666666666666), 'opportunity_response': np.float64(80.10285714285715), 'age_trajectory': np.float64(40.01)}",High
Dyson Daniels,2022-23,18.1,43.08,Role Player,Limited Scaling,Role Player,0.001,1,0,Mixed,False,"Low CII 18.1, low TII 43.1","{'self_created': np.float64(8.6), 'pressure_appetite': np.float64(27.86), 'difficulty_embrace': np.float64(4.66), 'defensive_survival': np.float64(44.94), 'force_multiplication': np.float64(8.82)}","{'scaling_efficiency': np.float64(15.74404104142619), 'pressure_appetite': np.float64(62.73097345132743), 'creation_tools': np.float64(28.722667098352396), 'opportunity_response': np.float64(46.17142857142857), 'age_trajectory': np.int64(100)}",Medium
Eric Gordon,2022-23,21.74,39.51,Role Player,Limited Scaling,Role Player,-0.054500000000000014,1,7,Hides,False,"Low CII 21.7, low TII 39.5, no creation tools","{'self_created': np.float64(30.84), 'pressure_appetite': np.float64(13.5), 'difficulty_embrace': np.float64(11.41), 'defensive_survival': np.float64(34.08), 'force_multiplication': np.float64(17.18)}","{'scaling_efficiency': np.float64(34.148906861748955), 'pressure_appetite': np.float64(20.0), 'creation_tools': np.float64(47.79777017068417), 'opportunity_response': np.float64(81.37142857142857), 'age_trajectory': np.float64(25.0)}",High
Eugene Omoruyi,2022-23,7.73,20.96,Role Player,Low Scaling,Role Player,-0.106,0,1,Hides,False,"Low CII 7.7, low TII 21.0","{'self_created': np.float64(6.3), 'pressure_appetite': np.float64(10.0), 'difficulty_embrace': np.float64(2.47), 'defensive_survival': np.float64(15.98), 'force_multiplication': np.float64(4.51)}","{'scaling_efficiency': np.float64(7.6806789215686315), 'pressure_appetite': np.float64(0.0), 'creation_tools': np.float64(20.490243902439026), 'opportunity_response': np.float64(44.8), 'age_trajectory': np.float64(78.33)}",Medium
Evan Mobley,2022-23,18.2,41.88,Role Player,Limited Scaling,Role Player,-0.0375,0,2,Hides,False,"Low CII 18.2, low TII 41.9","{'self_created': np.float64(10.86), 'pressure_appetite': np.float64(14.33), 'difficulty_embrace': np.float64(11.6), 'defensive_survival': np.float64(36.5), 'force_multiplication': np.float64(35.66)}","{'scaling_efficiency': np.float64(29.279323917219966), 'pressure_appetite': np.float64(10.800000000000004), 'creation_tools': np.float64(38.625632226171504), 'opportunity_response': np.float64(84.5), 'age_trajectory': np.int64(100)}",Medium
Frank Ntilikina,2022-23,16.77,38.05,Role Player,Limited Scaling,Luxury Amplifier,-0.045000000000000026,1,3,Hides,True,"Negative career leverage (-0.045, 1+/3-) BUT has creation tools: Thrives as #2","{'self_created': np.float64(7.0), 'pressure_appetite': np.float64(10.0), 'difficulty_embrace': np.float64(22.27), 'defensive_survival': np.float64(41.58), 'force_multiplication': np.float64(14.8)}","{'scaling_efficiency': np.float64(23.079999999999995), 'pressure_appetite': np.float64(22.400000000000002), 'creation_tools': np.float64(51.076829268292684), 'opportunity_response': np.float64(42.05714285714286), 'age_trajectory': np.float64(90.0)}",High
Franz Wagner,2022-23,43.14,68.69,Fragile Star,High Scaling,Developing Prospect,0.01049999999999995,1,1,Steps Up,False,"Low CII 43.1, moderate TII 68.7","{'self_created': np.float64(41.92), 'pressure_appetite': np.float64(56.07), 'difficulty_embrace': np.float64(24.74), 'defensive_survival': np.float64(46.54), 'force_multiplication': np.float64(46.15)}","{'scaling_efficiency': np.float64(63.77097630682395), 'pressure_appetite': np.float64(64.13913043478257), 'creation_tools': np.float64(56.49365500176741), 'opportunity_response': np.float64(81.5), 'age_trajectory': np.int64(100)}",Medium
Fred VanVleet,2022-23,55.95,63.8,Luxury Amplifier,Moderate Scaling,Luxury Amplifier,-0.005333333333333315,3,3,Mixed,True,"Negative career leverage (-0.005, 3+/3-) BUT has creation tools: Thrives as #2","{'self_created': np.float64(62.78), 'pressure_appetite': np.float64(53.63), 'difficulty_embrace': np.float64(61.87), 'defensive_survival': np.float64(50.46), 'force_multiplication': np.float64(37.62)}","{'scaling_efficiency': np.float64(56.45947242206236), 'pressure_appetite': np.float64(62.39999999999997), 'creation_tools': np.float64(82.25), 'opportunity_response': np.float64(61.0), 'age_trajectory': np.float64(56.67)}",High
Gabe Vincent,2022-23,23.82,43.91,Role Player,Limited Scaling,Role Player,-0.040999999999999946,0,2,Hides,True,"Low CII 23.8, low TII 43.9","{'self_created': np.float64(26.86), 'pressure_appetite': np.float64(10.0), 'difficulty_embrace': np.float64(30.64), 'defensive_survival': np.float64(43.13), 'force_multiplication': np.float64(6.61)}","{'scaling_efficiency': np.float64(39.78298359585892), 'pressure_appetite': np.float64(10.800000000000004), 'creation_tools': np.float64(70.65004782400766), 'opportunity_response': np.float64(53.2), 'age_trajectory': np.float64(71.66)}",Medium
Gary Harris,2022-23,8.75,40.0,Role Player,Limited Scaling,Role Player,-0.04224999999999997,1,7,Hides,False,"Low CII 8.8, low TII 40.0, no creation tools","{'self_created': np.float64(5.03), 'pressure_appetite': np.float64(10.0), 'difficulty_embrace': np.float64(8.21), 'defensive_survival': np.float64(19.51), 'force_multiplication': np.float64(1.7)}","{'scaling_efficiency': np.float64(32.002352941176476), 'pressure_appetite': np.float64(13.599999999999998), 'creation_tools': np.float64(38.54471544715447), 'opportunity_response': np.float64(85.28857142857143), 'age_trajectory': np.float64(64.99000000000001)}",High
Gary Trent Jr.,2022-23,34.79,52.14,Role Player,Moderate Scaling,Luxury Amplifier,-0.03474999999999995,0,4,Hides,True,"Negative career leverage (-0.035, 0+/4-) BUT has creation tools: Thrives as #2","{'self_created': np.float64(34.72), 'pressure_appetite': np.float64(24.11), 'difficulty_embrace': np.float64(43.49), 'defensive_survival': np.float64(51.85), 'force_multiplication': np.float64(18.68)}","{'scaling_efficiency': np.float64(40.9492708019024), 'pressure_appetite': np.float64(23.20000000000004), 'creation_tools': np.float64(69.38333333333333), 'opportunity_response': np.float64(74.5142857142857), 'age_trajectory': np.float64(90.0)}",High
George Hill,2022-23,19.45,39.42,Role Player,Limited Scaling,Role Player,-0.01628571428571429,2,5,Mixed,False,"Low CII 19.4, low TII 39.4, no creation tools","{'self_created': np.float64(23.64), 'pressure_appetite': np.float64(10.0), 'difficulty_embrace': np.float64(14.23), 'defensive_survival': np.float64(43.61), 'force_multiplication': np.float64(4.69)}","{'scaling_efficiency': np.float64(46.06559133656311), 'pressure_appetite': np.float64(14.0), 'creation_tools': np.float64(46.841943828529196), 'opportunity_response': np.float64(71.5657142857143), 'age_trajectory': np.int64(20)}",High
Georges Niang,2022-23,10.69,30.67,Role Player,Low Scaling,Role Player,-0.052000000000000005,0,2,Hides,False,"Low CII 10.7, low TII 30.7","{'self_created': np.float64(1.55), 'pressure_appetite': np.float64(12.0), 'difficulty_embrace': np.float64(4.44), 'defensive_survival': np.float64(39.87), 'force_multiplication': np.float64(3.58)}","{'scaling_efficiency': np.float64(17.398847107145382), 'pressure_appetite': np.float64(20.0), 'creation_tools': np.float64(17.88119542306534), 'opportunity_response': np.float64(80.29142857142857), 'age_trajectory': np.float64(48.34)}",Medium
Giannis Antetokounmpo,2022-23,58.24,65.8,Luxury Amplifier,High Scaling,Luxury Amplifier,-0.013624999999999986,2,6,Mixed,True,"Negative career leverage (-0.014, 2+/6-) BUT has creation tools: Thrives as #2","{'self_created': np.float64(63.66), 'pressure_appetite': np.float64(66.9), 'difficulty_embrace': np.float64(36.89), 'defensive_survival': np.float64(42.03), 'force_multiplication': np.float64(87.35)}","{'scaling_efficiency': np.float64(69.1131526712407), 'pressure_appetite': np.float64(49.80250223413762), 'creation_tools': np.float64(66.06875149850694), 'opportunity_response': np.float64(86.0), 'age_trajectory': np.float64(64.99000000000001)}",High
Gordon Hayward,2022-23,34.97,57.27,Role Player,Moderate Scaling,Luxury Amplifier,-0.011999999999999985,3,4,Mixed,True,"Negative career leverage (-0.012, 3+/4-) BUT has creation tools: Thrives as #2","{'self_created': np.float64(32.83), 'pressure_appetite': np.float64(26.82), 'difficulty_embrace': np.float64(42.3), 'defensive_survival': np.float64(50.94), 'force_multiplication': np.float64(23.11)}","{'scaling_efficiency': np.float64(49.74029603801317), 'pressure_appetite': np.float64(53.244897959183675), 'creation_tools': np.float64(74.7), 'opportunity_response': np.float64(74.0), 'age_trajectory': np.float64(30.0)}",High
Grant Williams,2022-23,19.4,53.2,Role Player,Moderate Scaling,Role Player,0.0034999999999999996,1,1,Mixed,False,"Low CII 19.4, low TII 53.2","{'self_created': np.float64(5.33), 'pressure_appetite': np.float64(35.39), 'difficulty_embrace': np.float64(7.9), 'defensive_survival': np.float64(40.34), 'force_multiplication': np.float64(13.24)}","{'scaling_efficiency': np.float64(28.989519457547164), 'pressure_appetite': np.float64(64.01875), 'creation_tools': np.float64(38.31788617886179), 'opportunity_response': np.float64(78.92), 'age_trajectory': np.float64(90.0)}",Medium
Grayson Allen,2022-23,26.32,59.37,Role Player,Moderate Scaling,Role Player,-0.02666666666666667,1,2,Hides,False,"Low CII 26.3, moderate TII 59.4 (Age 27 > 25, reclassified from Developing Prospect)","{'self_created': np.float64(11.32), 'pressure_appetite': np.float64(40.96), 'difficulty_embrace': np.float64(11.81), 'defensive_survival': np.float64(58.46), 'force_multiplication': np.float64(15.48)}","{'scaling_efficiency': np.float64(34.63452447552447), 'pressure_appetite': np.float64(75.0979020979021), 'creation_tools': np.float64(49.29570185911649), 'opportunity_response': np.float64(87.83428571428571), 'age_trajectory': np.float64(71.66)}",Medium
Harrison Barnes,2022-23,16.7,41.05,Role Player,Limited Scaling,Role Player,0.0037499999999999873,4,3,Mixed,False,"Mixed career leverage, no tools, low CII","{'self_created': np.float64(17.06), 'pressure_appetite': np.float64(11.17), 'difficulty_embrace': np.float64(10.1), 'defensive_survival': np.float64(26.36), 'force_multiplication': np.float64(28.16)}","{'scaling_efficiency': np.float64(35.52038177339901), 'pressure_appetite': np.float64(15.600000000000001), 'creation_tools': np.float64(43.48184281842818), 'opportunity_response': np.float64(92.0), 'age_trajectory': np.float64(40.01)}",High
Haywood Highsmith,2022-23,15.64,36.15,Role Player,Limited Scaling,Role Player,0.0,0,0,Mixed,False,"Low CII 15.6, low TII 36.1","{'self_created': np.float64(2.78), 'pressure_appetite': np.float64(28.5), 'difficulty_embrace': np.float64(5.69), 'defensive_survival': np.float64(40.24), 'force_multiplication': np.float64(5.07)}","{'scaling_efficiency': np.float64(6.49968734838206), 'pressure_appetite': np.float64(62.0), 'creation_tools': np.float64(19.494023382382586), 'opportunity_response': np.float64(46.42857142857143), 'age_trajectory': np.float64(78.33)}",Medium
Herbert Jones,2022-23,22.82,44.85,Role Player,Limited Scaling,Role Player,0.0275,2,0,Steps Up,False,"Low CII 22.8, low TII 44.9","{'self_created': np.float64(6.74), 'pressure_appetite': np.float64(46.33), 'difficulty_embrace': np.float64(2.3), 'defensive_survival': np.float64(40.73), 'force_multiplication': np.float64(26.44)}","{'scaling_efficiency': np.float64(14.749650793650787), 'pressure_appetite': np.float64(74.13333333333333), 'creation_tools': np.float64(17.661698283649503), 'opportunity_response': np.float64(62.37142857142857), 'age_trajectory': np.float64(90.0)}",Medium
Immanuel Quickley,2022-23,34.02,57.56,Role Player,Moderate Scaling,Developing Prospect,-0.07,0,3,Hides,True,"Low CII 34.0, moderate TII 57.6","{'self_created': np.float64(53.23), 'pressure_appetite': np.float64(14.67), 'difficulty_embrace': np.float64(36.74), 'defensive_survival': np.float64(31.89), 'force_multiplication': np.float64(22.57)}","{'scaling_efficiency': np.float64(67.95222118670392), 'pressure_appetite': np.float64(10.000000000000004), 'creation_tools': np.float64(74.55), 'opportunity_response': np.float64(71.77142857142857), 'age_trajectory': np.float64(90.0)}",Medium
Isaiah Joe,2022-23,17.99,58.6,Role Player,Moderate Scaling,Developing Prospect,-0.02,0,1,Hides,False,"Low CII 18.0, moderate TII 58.6","{'self_created': np.float64(7.91), 'pressure_appetite': np.float64(26.27), 'difficulty_embrace': np.float64(19.23), 'defensive_survival': np.float64(29.49), 'force_multiplication': np.float64(7.76)}","{'scaling_efficiency': np.float64(53.017776816609), 'pressure_appetite': np.float64(45.2156862745098), 'creation_tools': np.float64(49.431444285031084), 'opportunity_response': np.float64(80.00857142857143), 'age_trajectory': np.float64(95.0)}",Medium
Isaiah Livers,2022-23,14.88,47.43,Role Player,Limited Scaling,Role Player,0.0365,1,1,Steps Up,False,"Low CII 14.9, low TII 47.4","{'self_created': np.float64(4.03), 'pressure_appetite': np.float64(26.47), 'difficulty_embrace': np.float64(14.64), 'defensive_survival': np.float64(24.21), 'force_multiplication': np.float64(4.9)}","{'scaling_efficiency': np.float64(20.56148431825684), 'pressure_appetite': np.float64(53.02564102564102), 'creation_tools': np.float64(52.44792578695018), 'opportunity_response': np.float64(56.8), 'age_trajectory': np.float64(90.0)}",Medium
Isaiah Stewart,2022-23,8.44,29.64,Role Player,Low Scaling,Role Player,-0.0343333333333333,0,3,Hides,False,"Low CII 8.4, low TII 29.6","{'self_created': np.float64(1.81), 'pressure_appetite': np.float64(11.67), 'difficulty_embrace': np.float64(2.79), 'defensive_survival': np.float64(22.41), 'force_multiplication': np.float64(10.62)}","{'scaling_efficiency': np.float64(11.579212390838695), 'pressure_appetite': np.float64(16.0), 'creation_tools': np.float64(14.889072214251556), 'opportunity_response': np.float64(61.25714285714285), 'age_trajectory': np.int64(100)}",Medium
Ivica Zubac,2022-23,19.99,45.56,Role Player,Limited Scaling,Role Player,-0.017666666666666664,1,2,Mixed,False,"Low CII 20.0, low TII 45.6","{'self_created': np.float64(8.96), 'pressure_appetite': np.float64(28.04), 'difficulty_embrace': np.float64(1.0), 'defensive_survival': np.float64(51.03), 'force_multiplication': np.float64(24.42)}","{'scaling_efficiency': np.float64(22.181948473695606), 'pressure_appetite': np.float64(61.912751677852384), 'creation_tools': np.float64(11.333333333333332), 'opportunity_response': np.float64(88.87142857142857), 'age_trajectory': np.float64(78.33)}",Medium
Ja Morant,2022-23,66.52,73.82,Luxury Amplifier,High Scaling,Latent Engine,0.08949999999999991,4,0,Steps Up,True,"Positive career leverage (+0.089, 4+/0-), CII 66.5, TII 73.8: Can be #1","{'self_created': np.float64(70.63), 'pressure_appetite': np.float64(79.12), 'difficulty_embrace': np.float64(51.56), 'defensive_survival': np.float64(54.56), 'force_multiplication': np.float64(70.58)}","{'scaling_efficiency': np.float64(71.76221236982877), 'pressure_appetite': np.float64(68.88520710059169), 'creation_tools': np.float64(70.98333333333333), 'opportunity_response': np.float64(75.84285714285714), 'age_trajectory': np.float64(95.0)}",High
Jabari Smith Jr.,2022-23,26.07,50.43,Role Player,Moderate Scaling,Role Player,-0.007,0,1,Mixed,True,"Low CII 26.1, low TII 50.4","{'self_created': np.float64(13.69), 'pressure_appetite': np.float64(35.37), 'difficulty_embrace': np.float64(27.59), 'defensive_survival': np.float64(36.73), 'force_multiplication': np.float64(20.89)}","{'scaling_efficiency': np.float64(18.28549636909162), 'pressure_appetite': np.float64(50.978142076502735), 'creation_tools': np.float64(67.84402905504464), 'opportunity_response': np.float64(57.57142857142857), 'age_trajectory': np.int64(100)}",Medium
Jaden Hardy,2022-23,44.26,66.11,Fragile Star,High Scaling,Developing Prospect,0.093,1,0,Steps Up,False,"Low CII 44.3, moderate TII 66.1","{'self_created': np.float64(27.78), 'pressure_appetite': np.float64(80.17), 'difficulty_embrace': np.float64(16.63), 'defensive_survival': np.float64(56.58), 'force_multiplication': np.float64(40.68)}","{'scaling_efficiency': np.float64(56.665193370165724), 'pressure_appetite': np.float64(79.8), 'creation_tools': np.float64(47.67616050354052), 'opportunity_response': np.float64(64.18571428571428), 'age_trajectory': np.int64(100)}",Medium
Jaden Ivey,2022-23,49.98,65.47,Fragile Star,High Scaling,Strong Creator,0.001,1,0,Mixed,True,"CII 50.0, TII 65.5","{'self_created': np.float64(45.65), 'pressure_appetite': np.float64(50.57), 'difficulty_embrace': np.float64(43.07), 'defensive_survival': np.float64(66.37), 'force_multiplication': np.float64(50.73)}","{'scaling_efficiency': np.float64(47.9758219749383), 'pressure_appetite': np.float64(66.4390438247012), 'creation_tools': np.float64(79.09525313380624), 'opportunity_response': np.float64(57.65714285714286), 'age_trajectory': np.int64(100)}",Medium
Jaden McDaniels,2022-23,15.14,46.26,Role Player,Limited Scaling,Role Player,-0.050333333333333265,0,3,Hides,False,"Low CII 15.1, low TII 46.3","{'self_created': np.float64(10.99), 'pressure_appetite': np.float64(15.59), 'difficulty_embrace': np.float64(11.67), 'defensive_survival': np.float64(28.17), 'force_multiplication': np.float64(13.85)}","{'scaling_efficiency': np.float64(21.92004016956826), 'pressure_appetite': np.float64(26.4), 'creation_tools': np.float64(47.26276839691474), 'opportunity_response': np.float64(90.85142857142857), 'age_trajectory': np.int64(100)}",Medium
Jae'Sean Tate,2022-23,21.87,32.17,Role Player,Low Scaling,Role Player,-0.025666666666666633,0,3,Hides,False,"Low CII 21.9, low TII 32.2","{'self_created': np.float64(30.65), 'pressure_appetite': np.float64(20.37), 'difficulty_embrace': np.float64(4.77), 'defensive_survival': np.float64(31.31), 'force_multiplication': np.float64(19.29)}","{'scaling_efficiency': np.float64(19.774495558484308), 'pressure_appetite': np.float64(25.999999999999996), 'creation_tools': np.float64(25.511112633598245), 'opportunity_response': np.float64(49.77142857142857), 'age_trajectory': np.float64(71.66)}",Medium
Jakob Poeltl,2022-23,20.42,37.73,Role Player,Limited Scaling,Role Player,-0.0328,1,4,Hides,False,"Low CII 20.4, low TII 37.7, no creation tools","{'self_created': np.float64(18.01), 'pressure_appetite': np.float64(22.83), 'difficulty_embrace': np.float64(4.1), 'defensive_survival': np.float64(39.54), 'force_multiplication': np.float64(25.63)}","{'scaling_efficiency': np.float64(22.131180669961562), 'pressure_appetite': np.float64(27.599999999999998), 'creation_tools': np.float64(19.89205058717254), 'opportunity_response': np.float64(86.9857142857143), 'age_trajectory': np.float64(71.66)}",High
Jalen Brunson,2022-23,73.63,85.39,Strong Creator,Elite Scaling,Franchise Engine,0.01579999999999996,3,2,Steps Up,True,CII 73.6 near threshold with elite TII 85.4: Franchise Engine,"{'self_created': np.float64(88.74), 'pressure_appetite': np.float64(71.1), 'difficulty_embrace': np.float64(63.4), 'defensive_survival': np.float64(74.68), 'force_multiplication': np.float64(53.48)}","{'scaling_efficiency': np.float64(86.57249876158104), 'pressure_appetite': np.float64(82.93383458646613), 'creation_tools': np.float64(89.76666666666667), 'opportunity_response': np.float64(86.0), 'age_trajectory': np.float64(78.33)}",High
Jalen Duren,2022-23,16.98,44.21,Role Player,Limited Scaling,Role Player,-0.009,0,1,Mixed,False,"Low CII 17.0, low TII 44.2","{'self_created': np.float64(16.55), 'pressure_appetite': np.float64(26.12), 'difficulty_embrace': np.float64(3.1), 'defensive_survival': np.float64(23.14), 'force_multiplication': np.float64(13.98)}","{'scaling_efficiency': np.float64(19.207752614137803), 'pressure_appetite': np.float64(49.83453237410072), 'creation_tools': np.float64(15.842095104404281), 'opportunity_response': np.float64(85.47714285714285), 'age_trajectory': np.int64(100)}",Medium
Jalen Green,2022-23,54.3,63.06,Fragile Star,Moderate Scaling,Strong Creator,-0.023,0,2,Hides,True,"CII 54.3, TII 63.1","{'self_created': np.float64(56.12), 'pressure_appetite': np.float64(48.22), 'difficulty_embrace': np.float64(56.03), 'defensive_survival': np.float64(61.03), 'force_multiplication': np.float64(50.51)}","{'scaling_efficiency': np.float64(47.82402738257249), 'pressure_appetite': np.float64(56.01459854014598), 'creation_tools': np.float64(78.3), 'opportunity_response': np.float64(60.31428571428572), 'age_trajectory': np.int64(100)}",Medium
Jalen Smith,2022-23,11.02,29.02,Role Player,Low Scaling,Role Player,-0.054000000000000006,0,2,Hides,False,"Low CII 11.0, low TII 29.0","{'self_created': np.float64(1.34), 'pressure_appetite': np.float64(15.33), 'difficulty_embrace': np.float64(5.59), 'defensive_survival': np.float64(31.25), 'force_multiplication': np.float64(9.83)}","{'scaling_efficiency': np.float64(11.030062872450925), 'pressure_appetite': np.float64(12.399999999999999), 'creation_tools': np.float64(18.213527889010233), 'opportunity_response': np.float64(63.114285714285714), 'age_trajectory': np.float64(95.0)}",Medium
Jalen Suggs,2022-23,44.0,63.16,Fragile Star,Moderate Scaling,Developing Prospect,-0.005499999999999998,1,1,Mixed,False,"Low CII 44.0, moderate TII 63.2","{'self_created': np.float64(32.71), 'pressure_appetite': np.float64(62.28), 'difficulty_embrace': np.float64(26.06), 'defensive_survival': np.float64(64.85), 'force_multiplication': np.float64(36.81)}","{'scaling_efficiency': np.float64(42.23819940476191), 'pressure_appetite': np.float64(83.59183673469386), 'creation_tools': np.float64(59.58066202090592), 'opportunity_response': np.float64(51.14285714285714), 'age_trajectory': np.int64(100)}",Medium
Jalen Williams,2022-23,31.79,53.78,Role Player,Moderate Scaling,Role Player,-0.0239999999999999,0,1,Hides,False,"Low CII 31.8, low TII 53.8","{'self_created': np.float64(42.0), 'pressure_appetite': np.float64(26.33), 'difficulty_embrace': np.float64(15.04), 'defensive_survival': np.float64(43.98), 'force_multiplication': np.float64(30.03)}","{'scaling_efficiency': np.float64(28.04289723170269), 'pressure_appetite': np.float64(51.60000000000003), 'creation_tools': np.float64(50.04358626919603), 'opportunity_response': np.float64(83.06857142857143), 'age_trajectory': np.int64(100)}",Medium
Jamal Murray,2022-23,64.38,76.54,Luxury Amplifier,High Scaling,Latent Engine,0.033166666666666615,5,1,Steps Up,True,"Positive career leverage (+0.033, 5+/1-), CII 64.4, TII 76.5: Can be #1","{'self_created': np.float64(67.5), 'pressure_appetite': np.float64(63.03), 'difficulty_embrace': np.float64(66.86), 'defensive_survival': np.float64(68.65), 'force_multiplication': np.float64(47.04)}","{'scaling_efficiency': np.float64(69.1174338054187), 'pressure_appetite': np.float64(70.34374999999997), 'creation_tools': np.float64(92.21666666666667), 'opportunity_response': np.float64(79.61428571428571), 'age_trajectory': np.float64(78.33)}",High
James Harden,2022-23,65.95,72.49,Luxury Amplifier,High Scaling,Strong Creator,0.06449999999999997,8,0,Steps Up,True,"Positive career leverage (+0.064, 8+/0-), CII 66.0, TII 72.5: Can be #1 (Age 33 > 28, reclassified from Latent Engine)","{'self_created': np.float64(91.32), 'pressure_appetite': np.float64(49.91), 'difficulty_embrace': np.float64(61.44), 'defensive_survival': np.float64(59.06), 'force_multiplication': np.float64(49.25)}","{'scaling_efficiency': np.float64(89.01253578826223), 'pressure_appetite': np.float64(54.44291497975708), 'creation_tools': np.float64(79.11666666666667), 'opportunity_response': np.float64(89.0), 'age_trajectory': np.float64(30.0)}",High
James Wiseman,2022-23,14.44,31.59,Role Player,Low Scaling,Role Player,-0.0839999999999999,0,1,Hides,False,"Low CII 14.4, low TII 31.6","{'self_created': np.float64(8.37), 'pressure_appetite': np.float64(14.67), 'difficulty_embrace': np.float64(7.7), 'defensive_survival': np.float64(33.92), 'force_multiplication': np.float64(16.36)}","{'scaling_efficiency': np.float64(15.623479881791312), 'pressure_appetite': np.float64(6.400000000000046), 'creation_tools': np.float64(22.009372603159992), 'opportunity_response': np.float64(72.69714285714286), 'age_trajectory': np.int64(100)}",Medium
Jaren Jackson Jr.,2022-23,19.93,36.69,Role Player,Limited Scaling,Fragile Star,-0.06099999999999998,0,4,Hides,False,"Fragile Star: high usage (24.3%), low CII (19.9), extreme hiding (-0.061), no creation tools","{'self_created': np.float64(16.73), 'pressure_appetite': np.float64(23.67), 'difficulty_embrace': np.float64(4.24), 'defensive_survival': np.float64(24.7), 'force_multiplication': np.float64(44.41)}","{'scaling_efficiency': np.float64(21.923209144530315), 'pressure_appetite': np.float64(15.600000000000001), 'creation_tools': np.float64(19.207596440161932), 'opportunity_response': np.float64(85.77714285714286), 'age_trajectory': np.float64(95.0)}",High
Jarred Vanderbilt,2022-23,12.58,40.67,Role Player,Limited Scaling,Role Player,-0.01849999999999995,0,2,Mixed,False,"Low CII 12.6, low TII 40.7","{'self_created': np.float64(10.26), 'pressure_appetite': np.float64(20.67), 'difficulty_embrace': np.float64(1.1), 'defensive_survival': np.float64(21.87), 'force_multiplication': np.float64(8.32)}","{'scaling_efficiency': np.float64(19.393073271413826), 'pressure_appetite': np.float64(46.08333333333333), 'creation_tools': np.float64(13.747680535628884), 'opportunity_response': np.float64(77.22285714285715), 'age_trajectory': np.float64(90.0)}",Medium
Jarrett Allen,2022-23,8.69,34.94,Role Player,Low Scaling,Role Player,-0.028800000000000003,1,4,Hides,False,"Low CII 8.7, low TII 34.9, no creation tools","{'self_created': np.float64(3.76), 'pressure_appetite': np.float64(10.0), 'difficulty_embrace': np.float64(3.1), 'defensive_survival': np.float64(17.74), 'force_multiplication': np.float64(17.85)}","{'scaling_efficiency': np.float64(20.47306126501837), 'pressure_appetite': np.float64(14.0), 'creation_tools': np.float64(15.005199237177557), 'opportunity_response': np.float64(92.0), 'age_trajectory': np.float64(85.0)}",High
Jaxson Hayes,2022-23,8.27,30.58,Role Player,Low Scaling,Role Player,-0.044666666666666605,0,3,Hides,False,"Low CII 8.3, low TII 30.6","{'self_created': np.float64(1.5), 'pressure_appetite': np.float64(10.0), 'difficulty_embrace': np.float64(0.9), 'defensive_survival': np.float64(32.27), 'force_multiplication': np.float64(2.98)}","{'scaling_efficiency': np.float64(16.745439437519973), 'pressure_appetite': np.float64(18.00000000000004), 'creation_tools': np.float64(7.7), 'opportunity_response': np.float64(66.75714285714287), 'age_trajectory': np.float64(95.0)}",Medium
Jaylen Brown,2022-23,45.52,57.28,Fragile Star,Moderate Scaling,Luxury Amplifier,-0.053714285714285666,1,6,Hides,True,"Negative career leverage (-0.054, 1+/6-) BUT has creation tools: Thrives as #2","{'self_created': np.float64(51.18), 'pressure_appetite': np.float64(37.41), 'difficulty_embrace': np.float64(47.23), 'defensive_survival': np.float64(44.93), 'force_multiplication': np.float64(46.24)}","{'scaling_efficiency': np.float64(58.060163416467525), 'pressure_appetite': np.float64(15.600000000000001), 'creation_tools': np.float64(76.15), 'opportunity_response': np.float64(86.0), 'age_trajectory': np.float64(78.33)}",High
Jaylin Williams,2022-23,11.45,40.24,Role Player,Limited Scaling,Role Player,-0.03,0,1,Hides,False,"Low CII 11.4, low TII 40.2","{'self_created': np.float64(0.66), 'pressure_appetite': np.float64(11.97), 'difficulty_embrace': np.float64(8.7), 'defensive_survival': np.float64(40.65), 'force_multiplication': np.float64(4.23)}","{'scaling_efficiency': np.float64(16.489767451804877), 'pressure_appetite': np.float64(51.939849624060145), 'creation_tools': np.float64(21.77826272999572), 'opportunity_response': np.float64(53.028571428571425), 'age_trajectory': np.int64(100)}",Medium
Jayson Tatum,2022-23,61.1,71.69,Luxury Amplifier,High Scaling,Latent Engine,0.012166666666666598,5,1,Steps Up,True,"Positive career leverage (+0.012, 5+/1-), CII 61.1, TII 71.7: Can be #1","{'self_created': np.float64(59.73), 'pressure_appetite': np.float64(70.72), 'difficulty_embrace': np.float64(51.91), 'defensive_survival': np.float64(53.52), 'force_multiplication': np.float64(70.94)}","{'scaling_efficiency': np.float64(68.2823427170303), 'pressure_appetite': np.float64(64.09028213166143), 'creation_tools': np.float64(68.91666666666667), 'opportunity_response': np.float64(86.0), 'age_trajectory': np.float64(85.0)}",High
Jerami Grant,2022-23,28.04,54.03,Role Player,Moderate Scaling,Luxury Amplifier,-0.035249999999999976,1,7,Hides,True,"Negative career leverage (-0.035, 1+/7-) BUT has creation tools: Thrives as #2","{'self_created': np.float64(21.54), 'pressure_appetite': np.float64(30.22), 'difficulty_embrace': np.float64(22.24), 'defensive_survival': np.float64(40.48), 'force_multiplication': np.float64(35.08)}","{'scaling_efficiency': np.float64(52.25610022096091), 'pressure_appetite': np.float64(25.200000000000003), 'creation_tools': np.float64(65.19637548798396), 'opportunity_response': np.float64(89.0), 'age_trajectory': np.float64(56.67)}",High
Jeremiah Robinson-Earl,2022-23,7.8,28.9,Role Player,Low Scaling,Role Player,-0.0314999999999999,0,2,Hides,False,"Low CII 7.8, low TII 28.9","{'self_created': np.float64(0.55), 'pressure_appetite': np.float64(11.65), 'difficulty_embrace': np.float64(3.8), 'defensive_survival': np.float64(24.23), 'force_multiplication': np.float64(3.25)}","{'scaling_efficiency': np.float64(8.66486072142868), 'pressure_appetite': np.float64(26.000000000000043), 'creation_tools': np.float64(13.625237364261755), 'opportunity_response': np.float64(47.199999999999996), 'age_trajectory': np.int64(100)}",Medium
Jeremy Sochan,2022-23,16.73,34.06,Role Player,Low Scaling,Role Player,-0.0559999999999999,0,1,Hides,False,"Low CII 16.7, low TII 34.1","{'self_created': np.float64(12.09), 'pressure_appetite': np.float64(16.5), 'difficulty_embrace': np.float64(12.76), 'defensive_survival': np.float64(27.72), 'force_multiplication': np.float64(22.7)}","{'scaling_efficiency': np.float64(9.907940530058179), 'pressure_appetite': np.float64(17.600000000000044), 'creation_tools': np.float64(43.460214717531784), 'opportunity_response': np.float64(53.28571428571429), 'age_trajectory': np.int64(100)}",Medium
Jericho Sims,2022-23,19.75,43.77,Role Player,Limited Scaling,Role Player,0.008,1,0,Mixed,False,"Low CII 19.8, low TII 43.8","{'self_created': np.float64(10.74), 'pressure_appetite': np.float64(31.49), 'difficulty_embrace': np.float64(0.4), 'defensive_survival': np.float64(53.57), 'force_multiplication': np.float64(5.4)}","{'scaling_efficiency': np.float64(17.51231638418079), 'pressure_appetite': np.float64(64.36), 'creation_tools': np.float64(9.576246978686004), 'opportunity_response': np.float64(76.70857142857143), 'age_trajectory': np.float64(90.0)}",Medium
Jimmy Butler III,2022-23,63.25,74.6,Luxury Amplifier,High Scaling,Strong Creator,0.09587499999999996,8,0,Steps Up,True,"Positive career leverage (+0.096, 8+/0-), CII 63.2, TII 74.6: Can be #1 (Age 33 > 28, reclassified from Latent Engine)","{'self_created': np.float64(64.28), 'pressure_appetite': np.float64(82.67), 'difficulty_embrace': np.float64(31.03), 'defensive_survival': np.float64(64.29), 'force_multiplication': np.float64(74.5)}","{'scaling_efficiency': np.float64(75.89531383129793), 'pressure_appetite': np.float64(85.79999999999998), 'creation_tools': np.float64(70.16426698137948), 'opportunity_response': np.float64(89.0), 'age_trajectory': np.float64(30.0)}",High
Joel Embiid,2022-23,77.15,72.74,Strong Creator,High Scaling,Franchise Engine,0.03385714285714283,6,1,Steps Up,True,CII 77.2 >= 74: Already elite creator,"{'self_created': np.float64(85.75), 'pressure_appetite': np.float64(72.63), 'difficulty_embrace': np.float64(81.04), 'defensive_survival': np.float64(60.11), 'force_multiplication': np.float64(80.46)}","{'scaling_efficiency': np.float64(76.67769479650667), 'pressure_appetite': np.float64(64.8972972972973), 'creation_tools': np.float64(74.75029663810152), 'opportunity_response': np.float64(86.0), 'age_trajectory': np.float64(56.67)}",High
John Collins,2022-23,11.84,40.42,Role Player,Limited Scaling,Role Player,-0.057,1,5,Hides,False,"Low CII 11.8, low TII 40.4, no creation tools","{'self_created': np.float64(2.61), 'pressure_appetite': np.float64(12.67), 'difficulty_embrace': np.float64(13.59), 'defensive_survival': np.float64(25.68), 'force_multiplication': np.float64(13.21)}","{'scaling_efficiency': np.float64(24.77021907538525), 'pressure_appetite': np.float64(19.200000000000003), 'creation_tools': np.float64(36.37845528455284), 'opportunity_response': np.float64(82.78571428571429), 'age_trajectory': np.float64(85.0)}",High
John Wall,2022-23,23.56,39.13,Role Player,Limited Scaling,Strong Creator,0.0143333333333333,4,2,Steps Up,True,"Positive career leverage (+0.014), CII 23.6 still developing (Age 32 > 25, reclassified from Developing Engine)","{'self_created': np.float64(28.21), 'pressure_appetite': np.float64(14.17), 'difficulty_embrace': np.float64(33.51), 'defensive_survival': np.float64(17.91), 'force_multiplication': np.float64(21.65)}","{'scaling_efficiency': np.float64(45.192719746773804), 'pressure_appetite': np.float64(0.0), 'creation_tools': np.float64(72.83009228740936), 'opportunity_response': np.float64(50.028571428571425), 'age_trajectory': np.float64(35.0)}",High
Jonas Valančiūnas,2022-23,19.49,31.21,Role Player,Low Scaling,Fragile Star,-0.06987499999999998,1,7,Hides,False,"Fragile Star: high usage (22.9%), low CII (19.5), extreme hiding (-0.070), no creation tools","{'self_created': np.float64(22.11), 'pressure_appetite': np.float64(14.5), 'difficulty_embrace': np.float64(9.7), 'defensive_survival': np.float64(31.67), 'force_multiplication': np.float64(25.46)}","{'scaling_efficiency': np.float64(31.607942392781737), 'pressure_appetite': np.float64(0.0), 'creation_tools': np.float64(26.77628430432776), 'opportunity_response': np.float64(82.47714285714285), 'age_trajectory': np.float64(40.01)}",High
Jordan Clarkson,2022-23,60.12,66.63,Luxury Amplifier,High Scaling,Luxury Amplifier,-0.029124999999999995,3,5,Hides,True,"Negative career leverage (-0.029, 3+/5-) BUT has creation tools: Thrives as #2","{'self_created': np.float64(57.26), 'pressure_appetite': np.float64(75.09), 'difficulty_embrace': np.float64(42.7), 'defensive_survival': np.float64(71.89), 'force_multiplication': np.float64(48.42)}","{'scaling_efficiency': np.float64(57.662117916676856), 'pressure_appetite': np.float64(84.52930402930401), 'creation_tools': np.float64(69.28333333333333), 'opportunity_response': np.float64(68.94285714285715), 'age_trajectory': np.float64(40.01)}",High
Jordan Goodwin,2022-23,24.73,40.45,Role Player,Limited Scaling,Role Player,-0.071,0,1,Hides,True,"Low CII 24.7, low TII 40.5","{'self_created': np.float64(33.26), 'pressure_appetite': np.float64(10.0), 'difficulty_embrace': np.float64(21.51), 'defensive_survival': np.float64(45.95), 'force_multiplication': np.float64(10.53)}","{'scaling_efficiency': np.float64(30.44724567336384), 'pressure_appetite': np.float64(11.600000000000005), 'creation_tools': np.float64(62.36335304262133), 'opportunity_response': np.float64(46.25714285714285), 'age_trajectory': np.float64(90.0)}",Medium
Jordan Nwora,2022-23,24.0,46.78,Role Player,Limited Scaling,Role Player,0.008,1,0,Mixed,False,"Low CII 24.0, low TII 46.8","{'self_created': np.float64(12.65), 'pressure_appetite': np.float64(43.4), 'difficulty_embrace': np.float64(15.4), 'defensive_survival': np.float64(32.48), 'force_multiplication': np.float64(14.02)}","{'scaling_efficiency': np.float64(24.697031599416636), 'pressure_appetite': np.float64(58.166844919786094), 'creation_tools': np.float64(39.06074735881049), 'opportunity_response': np.float64(53.457142857142856), 'age_trajectory': np.float64(90.0)}",Medium
Jordan Poole,2022-23,48.7,65.8,Fragile Star,High Scaling,Strong Creator,-0.004666666666666633,0,3,Mixed,True,"CII 48.7, TII 65.8","{'self_created': np.float64(47.85), 'pressure_appetite': np.float64(54.2), 'difficulty_embrace': np.float64(45.7), 'defensive_survival': np.float64(47.38), 'force_multiplication': np.float64(45.5)}","{'scaling_efficiency': np.float64(60.560460992907785), 'pressure_appetite': np.float64(52.80851063829791), 'creation_tools': np.float64(71.48333333333333), 'opportunity_response': np.float64(74.21428571428571), 'age_trajectory': np.float64(90.0)}",Medium
Jose Alvarado,2022-23,17.61,36.65,Role Player,Limited Scaling,Role Player,-0.0549999999999999,0,1,Hides,False,"Low CII 17.6, low TII 36.6","{'self_created': np.float64(17.06), 'pressure_appetite': np.float64(16.0), 'difficulty_embrace': np.float64(10.33), 'defensive_survival': np.float64(32.61), 'force_multiplication': np.float64(15.34)}","{'scaling_efficiency': np.float64(23.250827884487077), 'pressure_appetite': np.float64(18.00000000000004), 'creation_tools': np.float64(46.302132550121314), 'opportunity_response': np.float64(49.42857142857143), 'age_trajectory': np.float64(85.0)}",Medium
Josh Giddey,2022-23,31.74,46.6,Role Player,Limited Scaling,Role Player,-0.0219999999999999,0,2,Hides,True,"Low CII 31.7, low TII 46.6","{'self_created': np.float64(33.29), 'pressure_appetite': np.float64(36.89), 'difficulty_embrace': np.float64(19.26), 'defensive_survival': np.float64(34.77), 'force_multiplication': np.float64(34.59)}","{'scaling_efficiency': np.float64(19.066197972030615), 'pressure_appetite': np.float64(42.96652719665275), 'creation_tools': np.float64(57.442808790012585), 'opportunity_response': np.float64(57.65714285714286), 'age_trajectory': np.int64(100)}",Medium
Josh Green,2022-23,10.3,41.51,Role Player,Limited Scaling,Role Player,-0.041,0,1,Hides,False,"Low CII 10.3, low TII 41.5","{'self_created': np.float64(5.77), 'pressure_appetite': np.float64(10.0), 'difficulty_embrace': np.float64(5.59), 'defensive_survival': np.float64(22.45), 'force_multiplication': np.float64(15.85)}","{'scaling_efficiency': np.float64(25.07169950738916), 'pressure_appetite': np.float64(23.6), 'creation_tools': np.float64(25.78008130081301), 'opportunity_response': np.float64(86.23142857142858), 'age_trajectory': np.int64(100)}",Medium
Josh Hart,2022-23,21.08,45.52,Role Player,Limited Scaling,Role Player,-0.014166666666666649,2,4,Mixed,False,"Low CII 21.1, low TII 45.5, no creation tools","{'self_created': np.float64(32.27), 'pressure_appetite': np.float64(10.48), 'difficulty_embrace': np.float64(5.67), 'defensive_survival': np.float64(35.45), 'force_multiplication': np.float64(23.25)}","{'scaling_efficiency': np.float64(29.380769815208296), 'pressure_appetite': np.float64(39.64516129032258), 'creation_tools': np.float64(32.46993181222135), 'opportunity_response': np.float64(92.0), 'age_trajectory': np.float64(64.99000000000001)}",High
Josh Okogie,2022-23,26.54,42.46,Role Player,Limited Scaling,Role Player,-0.017749999999999974,2,2,Mixed,False,"Low CII 26.5, low TII 42.5, no creation tools","{'self_created': np.float64(12.33), 'pressure_appetite': np.float64(53.19), 'difficulty_embrace': np.float64(8.14), 'defensive_survival': np.float64(42.96), 'force_multiplication': np.float64(14.67)}","{'scaling_efficiency': np.float64(10.805372742200332), 'pressure_appetite': np.float64(71.7632183908046), 'creation_tools': np.float64(26.05793383795907), 'opportunity_response': np.float64(47.114285714285714), 'age_trajectory': np.float64(90.0)}",High
Josh Richardson,2022-23,24.2,47.96,Role Player,Limited Scaling,Luxury Amplifier,-0.03599999999999998,1,6,Hides,True,"Negative career leverage (-0.036, 1+/6-) BUT has creation tools: Thrives as #2","{'self_created': np.float64(22.56), 'pressure_appetite': np.float64(16.83), 'difficulty_embrace': np.float64(28.93), 'defensive_survival': np.float64(45.18), 'force_multiplication': np.float64(6.66)}","{'scaling_efficiency': np.float64(42.476685934489424), 'pressure_appetite': np.float64(22.80000000000004), 'creation_tools': np.float64(76.40338753387533), 'opportunity_response': np.float64(57.14285714285714), 'age_trajectory': np.float64(56.67)}",High
Jrue Holiday,2022-23,67.67,74.28,Luxury Amplifier,High Scaling,Strong Creator,0.02974999999999997,8,0,Steps Up,True,"Positive career leverage (+0.030, 8+/0-), CII 67.7, TII 74.3: Can be #1 (Age 33 > 28, reclassified from Latent Engine)","{'self_created': np.float64(80.61), 'pressure_appetite': np.float64(59.73), 'difficulty_embrace': np.float64(60.19), 'defensive_survival': np.float64(81.23), 'force_multiplication': np.float64(43.31)}","{'scaling_efficiency': np.float64(77.5895657571739), 'pressure_appetite': np.float64(77.33114754098361), 'creation_tools': np.float64(82.25), 'opportunity_response': np.float64(81.5), 'age_trajectory': np.float64(30.0)}",High
Juan Toscano-Anderson,2022-23,14.74,26.28,Role Player,Low Scaling,Role Player,-0.03049999999999995,0,2,Hides,False,"Low CII 14.7, low TII 26.3","{'self_created': np.float64(8.37), 'pressure_appetite': np.float64(10.0), 'difficulty_embrace': np.float64(6.69), 'defensive_survival': np.float64(43.57), 'force_multiplication': np.float64(18.52)}","{'scaling_efficiency': np.float64(15.893333333333334), 'pressure_appetite': np.float64(23.600000000000037), 'creation_tools': np.float64(21.948717088088312), 'opportunity_response': np.float64(42.57142857142857), 'age_trajectory': np.float64(48.34)}",Medium
Julius Randle,2022-23,50.38,58.97,Fragile Star,Moderate Scaling,Luxury Amplifier,-0.016874999999999973,2,6,Mixed,True,"Negative career leverage (-0.017, 2+/6-) BUT has creation tools: Thrives as #2","{'self_created': np.float64(53.4), 'pressure_appetite': np.float64(48.08), 'difficulty_embrace': np.float64(46.47), 'defensive_survival': np.float64(50.57), 'force_multiplication': np.float64(54.6)}","{'scaling_efficiency': np.float64(49.86463330786859), 'pressure_appetite': np.float64(45.2916666666667), 'creation_tools': np.float64(72.08333333333334), 'opportunity_response': np.float64(78.5), 'age_trajectory': np.float64(64.99000000000001)}",High
Justin Holiday,2022-23,11.89,24.48,Role Player,Low Scaling,Role Player,-0.05357142857142857,0,7,Hides,False,"Low CII 11.9, low TII 24.5, no creation tools","{'self_created': np.float64(2.73), 'pressure_appetite': np.float64(10.0), 'difficulty_embrace': np.float64(13.63), 'defensive_survival': np.float64(37.49), 'force_multiplication': np.float64(2.25)}","{'scaling_efficiency': np.float64(5.9072192513368975), 'pressure_appetite': np.float64(18.000000000000004), 'creation_tools': np.float64(45.37018970189702), 'opportunity_response': np.float64(44.2), 'age_trajectory': np.float64(25.0)}",High
Justise Winslow,2022-23,9.67,30.67,Role Player,Low Scaling,Role Player,-0.004571428571428558,3,4,Mixed,False,"Low CII 9.7, low TII 30.7, no creation tools","{'self_created': np.float64(7.39), 'pressure_appetite': np.float64(10.0), 'difficulty_embrace': np.float64(10.3), 'defensive_survival': np.float64(15.61), 'force_multiplication': np.float64(5.52)}","{'scaling_efficiency': np.float64(10.450299481345155), 'pressure_appetite': np.float64(15.600000000000001), 'creation_tools': np.float64(41.84380885535474), 'opportunity_response': np.float64(53.971428571428575), 'age_trajectory': np.float64(71.66)}",High
Jusuf Nurkić,2022-23,22.56,33.75,Role Player,Low Scaling,Role Player,-0.029166666666666664,1,5,Hides,False,"Low CII 22.6, low TII 33.8, no creation tools","{'self_created': np.float64(15.97), 'pressure_appetite': np.float64(25.67), 'difficulty_embrace': np.float64(3.69), 'defensive_survival': np.float64(39.16), 'force_multiplication': np.float64(47.39)}","{'scaling_efficiency': np.float64(19.7343369774213), 'pressure_appetite': np.float64(22.800000000000004), 'creation_tools': np.float64(18.30512791825166), 'opportunity_response': np.float64(79.76857142857142), 'age_trajectory': np.float64(64.99000000000001)}",High
KJ Martin,2022-23,14.21,44.07,Role Player,Limited Scaling,Role Player,-0.049,0,2,Hides,False,"Low CII 14.2, low TII 44.1","{'self_created': np.float64(1.22), 'pressure_appetite': np.float64(30.67), 'difficulty_embrace': np.float64(0.69), 'defensive_survival': np.float64(31.24), 'force_multiplication': np.float64(13.5)}","{'scaling_efficiency': np.float64(19.88672995780591), 'pressure_appetite': np.float64(50.43333333333333), 'creation_tools': np.float64(11.172764227642276), 'opportunity_response': np.float64(88.4), 'age_trajectory': np.int64(100)}",Medium
Karl-Anthony Towns,2022-23,32.33,55.59,Role Player,Moderate Scaling,Fragile Star,-0.026249999999999985,2,6,Hides,False,"Fragile Star: high usage (25.0%), high minutes (33.0), low CII (32.3), no creation tools","{'self_created': np.float64(18.12), 'pressure_appetite': np.float64(57.73), 'difficulty_embrace': np.float64(16.81), 'defensive_survival': np.float64(37.44), 'force_multiplication': np.float64(34.85)}","{'scaling_efficiency': np.float64(35.02138461538461), 'pressure_appetite': np.float64(62.36), 'creation_tools': np.float64(44.88577235772358), 'opportunity_response': np.float64(89.0), 'age_trajectory': np.float64(71.66)}",High
Kawhi Leonard,2022-23,72.13,73.22,Strong Creator,High Scaling,Strong Creator,0.05433333333333332,5,1,Steps Up,True,"Positive career leverage (+0.054, 5+/1-), CII 72.1, TII 73.2: Can be #1 (Age 32 > 28, reclassified from Latent Engine)","{'self_created': np.float64(82.1), 'pressure_appetite': np.float64(75.14), 'difficulty_embrace': np.float64(64.1), 'defensive_survival': np.float64(65.87), 'force_multiplication': np.float64(60.17)}","{'scaling_efficiency': np.float64(68.01858733108234), 'pressure_appetite': np.float64(72.9696629213483), 'creation_tools': np.float64(90.85), 'opportunity_response': np.float64(86.0), 'age_trajectory': np.float64(35.0)}",High
Keegan Murray,2022-23,8.98,35.66,Role Player,Limited Scaling,Role Player,-0.091,0,1,Hides,False,"Low CII 9.0, low TII 35.7","{'self_created': np.float64(3.65), 'pressure_appetite': np.float64(10.0), 'difficulty_embrace': np.float64(8.44), 'defensive_survival': np.float64(23.97), 'force_multiplication': np.float64(0.99)}","{'scaling_efficiency': np.float64(15.62548238975636), 'pressure_appetite': np.float64(3.600000000000003), 'creation_tools': np.float64(38.41836564519491), 'opportunity_response': np.float64(82.59714285714286), 'age_trajectory': np.int64(100)}",Medium
Keita Bates-Diop,2022-23,19.03,43.25,Role Player,Limited Scaling,Role Player,-0.03899999999999995,0,2,Hides,False,"Low CII 19.0, low TII 43.2","{'self_created': np.float64(10.0), 'pressure_appetite': np.float64(23.11), 'difficulty_embrace': np.float64(3.19), 'defensive_survival': np.float64(47.53), 'force_multiplication': np.float64(24.85)}","{'scaling_efficiency': np.float64(20.98337134052388), 'pressure_appetite': np.float64(55.381818181818176), 'creation_tools': np.float64(17.848250800689826), 'opportunity_response': np.float64(82.46000000000001), 'age_trajectory': np.float64(71.66)}",Medium
Keldon Johnson,2022-23,39.91,58.18,Role Player,Moderate Scaling,Fragile Star,-0.010333333333333332,1,2,Mixed,False,"Fragile Star: high usage (27.3%), high minutes (32.8), low CII (39.9), no creation tools","{'self_created': np.float64(26.52), 'pressure_appetite': np.float64(63.88), 'difficulty_embrace': np.float64(20.21), 'defensive_survival': np.float64(46.86), 'force_multiplication': np.float64(49.15)}","{'scaling_efficiency': np.float64(38.38670332675257), 'pressure_appetite': np.float64(68.91428571428568), 'creation_tools': np.float64(47.831780279341245), 'opportunity_response': np.float64(69.11428571428571), 'age_trajectory': np.float64(95.0)}",Medium
Kelly Olynyk,2022-23,19.13,43.98,Role Player,Limited Scaling,Role Player,-0.028166666666666635,1,5,Hides,False,"Low CII 19.1, low TII 44.0, no creation tools","{'self_created': np.float64(10.49), 'pressure_appetite': np.float64(24.47), 'difficulty_embrace': np.float64(8.34), 'defensive_survival': np.float64(36.72), 'force_multiplication': np.float64(26.89)}","{'scaling_efficiency': np.float64(23.9162587815875), 'pressure_appetite': np.float64(46.67424242424246), 'creation_tools': np.float64(41.460975609756105), 'opportunity_response': np.float64(88.96571428571428), 'age_trajectory': np.float64(35.0)}",High
Kelly Oubre Jr.,2022-23,23.36,35.32,Role Player,Limited Scaling,Fragile Star,-0.05757142857142853,0,7,Hides,True,"Fragile Star: high usage (25.7%), high minutes (32.2), low CII (23.4), extreme hiding (-0.058)","{'self_created': np.float64(23.94), 'pressure_appetite': np.float64(19.5), 'difficulty_embrace': np.float64(26.09), 'defensive_survival': np.float64(30.7), 'force_multiplication': np.float64(14.82)}","{'scaling_efficiency': np.float64(27.420217708694096), 'pressure_appetite': np.float64(0.0), 'creation_tools': np.float64(55.672188478694125), 'opportunity_response': np.float64(58.599999999999994), 'age_trajectory': np.float64(71.66)}",High
Kenrich Williams,2022-23,16.13,39.6,Role Player,Limited Scaling,Role Player,-0.0528,0,5,Hides,False,"Low CII 16.1, low TII 39.6, no creation tools","{'self_created': np.float64(9.08), 'pressure_appetite': np.float64(10.0), 'difficulty_embrace': np.float64(15.06), 'defensive_survival': np.float64(45.35), 'force_multiplication': np.float64(10.96)}","{'scaling_efficiency': np.float64(28.3062829564751), 'pressure_appetite': np.float64(20.4), 'creation_tools': np.float64(46.16920883387938), 'opportunity_response': np.float64(68.49714285714286), 'age_trajectory': np.float64(64.99000000000001)}",High
Kentavious Caldwell-Pope,2022-23,14.97,48.84,Role Player,Limited Scaling,Luxury Amplifier,-0.01785714285714283,2,5,Mixed,True,"Negative career leverage (-0.018, 2+/5-) BUT has creation tools: Thrives as #2","{'self_created': np.float64(8.67), 'pressure_appetite': np.float64(10.0), 'difficulty_embrace': np.float64(24.8), 'defensive_survival': np.float64(27.81), 'force_multiplication': np.float64(7.35)}","{'scaling_efficiency': np.float64(46.45716621630984), 'pressure_appetite': np.float64(20.8), 'creation_tools': np.float64(61.320205643232896), 'opportunity_response': np.float64(84.01142857142858), 'age_trajectory': np.float64(48.34)}",High
Kevin Durant,2022-23,69.19,70.25,Luxury Amplifier,High Scaling,Strong Creator,0.04342857142857142,6,1,Steps Up,True,"Positive career leverage (+0.043, 6+/1-), CII 69.2, TII 70.2: Can be #1 (Age 34 > 28, reclassified from Latent Engine)","{'self_created': np.float64(76.26), 'pressure_appetite': np.float64(65.34), 'difficulty_embrace': np.float64(76.8), 'defensive_survival': np.float64(61.07), 'force_multiplication': np.float64(54.54)}","{'scaling_efficiency': np.float64(69.8865738830326), 'pressure_appetite': np.float64(60.74426229508197), 'creation_tools': np.float64(93.5), 'opportunity_response': np.float64(86.0), 'age_trajectory': np.float64(25.0)}",High
Kevin Huerter,2022-23,30.61,67.7,Role Player,High Scaling,Role Player,-0.041,0,4,Hides,False,"Low CII 30.6, low TII 67.7, no creation tools","{'self_created': np.float64(17.61), 'pressure_appetite': np.float64(40.22), 'difficulty_embrace': np.float64(26.1), 'defensive_survival': np.float64(56.42), 'force_multiplication': np.float64(15.86)}","{'scaling_efficiency': np.float64(54.96773180061493), 'pressure_appetite': np.float64(65.15059221658206), 'creation_tools': np.float64(62.2998555569312), 'opportunity_response': np.float64(89.72), 'age_trajectory': np.float64(90.0)}",High
Kevin Knox II,2022-23,12.22,31.63,Role Player,Low Scaling,Role Player,-0.0879999999999999,0,3,Hides,False,"Low CII 12.2, low TII 31.6","{'self_created': np.float64(3.85), 'pressure_appetite': np.float64(11.17), 'difficulty_embrace': np.float64(9.94), 'defensive_survival': np.float64(39.31), 'force_multiplication': np.float64(3.85)}","{'scaling_efficiency': np.float64(14.688052966641195), 'pressure_appetite': np.float64(12.800000000000043), 'creation_tools': np.float64(27.65813008130081), 'opportunity_response': np.float64(59.94285714285714), 'age_trajectory': np.float64(95.0)}",Medium
Kevin Love,2022-23,10.04,24.76,Role Player,Low Scaling,Role Player,-0.034999999999999976,2,6,Hides,False,"Low CII 10.0, low TII 24.8, no creation tools","{'self_created': np.float64(3.68), 'pressure_appetite': np.float64(14.5), 'difficulty_embrace': np.float64(11.5), 'defensive_survival': np.float64(15.79), 'force_multiplication': np.float64(6.43)}","{'scaling_efficiency': np.float64(15.855961112191332), 'pressure_appetite': np.float64(16.80000000000004), 'creation_tools': np.float64(30.388321248077347), 'opportunity_response': np.float64(48.14285714285714), 'age_trajectory': np.float64(25.0)}",High
Kevin Porter Jr.,2022-23,56.64,71.5,Luxury Amplifier,High Scaling,Latent Engine,0.012750000000000001,2,2,Steps Up,True,"Positive career leverage (+0.013, 2+/2-), CII 56.6, TII 71.5: Can be #1","{'self_created': np.float64(71.73), 'pressure_appetite': np.float64(44.82), 'difficulty_embrace': np.float64(58.97), 'defensive_survival': np.float64(52.98), 'force_multiplication': np.float64(41.71)}","{'scaling_efficiency': np.float64(75.61235540241199), 'pressure_appetite': np.float64(50.730822873082325), 'creation_tools': np.float64(78.11666666666667), 'opportunity_response': np.float64(73.39999999999999), 'age_trajectory': np.float64(95.0)}",High
Kevon Looney,2022-23,14.94,41.37,Role Player,Limited Scaling,Role Player,-0.029399999999999937,1,4,Hides,False,"Low CII 14.9, low TII 41.4, no creation tools","{'self_created': np.float64(16.12), 'pressure_appetite': np.float64(18.65), 'difficulty_embrace': np.float64(3.9), 'defensive_survival': np.float64(23.01), 'force_multiplication': np.float64(12.09)}","{'scaling_efficiency': np.float64(20.498391096083402), 'pressure_appetite': np.float64(48.42948717948721), 'creation_tools': np.float64(16.355534709193247), 'opportunity_response': np.float64(84.53428571428572), 'age_trajectory': np.float64(71.66)}",High
Khris Middleton,2022-23,38.53,48.81,Role Player,Limited Scaling,Strong Creator,0.014,5,2,Steps Up,True,"Positive career leverage (+0.014), CII 38.5 still developing (Age 31 > 25, reclassified from Developing Engine)","{'self_created': np.float64(52.64), 'pressure_appetite': np.float64(20.17), 'difficulty_embrace': np.float64(54.04), 'defensive_survival': np.float64(28.89), 'force_multiplication': np.float64(25.53)}","{'scaling_efficiency': np.float64(61.46809961655322), 'pressure_appetite': np.float64(0.8000000000000007), 'creation_tools': np.float64(82.2), 'opportunity_response': np.float64(64.82857142857142), 'age_trajectory': np.float64(40.01)}",High
Killian Hayes,2022-23,39.36,66.05,Role Player,High Scaling,Developing Prospect,-0.018666666666666665,1,1,Mixed,True,"Low CII 39.4, moderate TII 66.0","{'self_created': np.float64(22.88), 'pressure_appetite': np.float64(41.83), 'difficulty_embrace': np.float64(49.43), 'defensive_survival': np.float64(63.28), 'force_multiplication': np.float64(26.65)}","{'scaling_efficiency': np.float64(47.546583850931675), 'pressure_appetite': np.float64(66.0), 'creation_tools': np.float64(85.0), 'opportunity_response': np.float64(55.25714285714285), 'age_trajectory': np.int64(100)}",Medium
Klay Thompson,2022-23,35.5,52.98,Role Player,Moderate Scaling,Fragile Star,-0.06149999999999999,0,6,Hides,True,"Fragile Star: high usage (25.6%), high minutes (33.0), low CII (35.5), extreme hiding (-0.061)","{'self_created': np.float64(22.99), 'pressure_appetite': np.float64(43.78), 'difficulty_embrace': np.float64(46.41), 'defensive_survival': np.float64(40.4), 'force_multiplication': np.float64(23.15)}","{'scaling_efficiency': np.float64(37.41120442203257), 'pressure_appetite': np.float64(46.734375), 'creation_tools': np.float64(75.53333333333333), 'opportunity_response': np.float64(79.78571428571428), 'age_trajectory': np.float64(30.0)}",High
Kris Dunn,2022-23,30.48,40.2,Role Player,Limited Scaling,Role Player,-0.032,1,4,Hides,False,"Low CII 30.5, low TII 40.2, no creation tools","{'self_created': np.float64(58.79), 'pressure_appetite': np.float64(11.67), 'difficulty_embrace': np.float64(11.76), 'defensive_survival': np.float64(38.54), 'force_multiplication': np.float64(17.94)}","{'scaling_efficiency': np.float64(34.38857142857143), 'pressure_appetite': np.float64(6.000000000000001), 'creation_tools': np.float64(48.85729622680842), 'opportunity_response': np.float64(86.3257142857143), 'age_trajectory': np.float64(56.67)}",High
Kristaps Porziņģis,2022-23,28.45,54.4,Role Player,Moderate Scaling,Luxury Amplifier,-0.024142857142857112,2,5,Hides,True,"Negative career leverage (-0.024, 2+/5-) BUT has creation tools: Thrives as #2","{'self_created': np.float64(23.6), 'pressure_appetite': np.float64(27.72), 'difficulty_embrace': np.float64(27.81), 'defensive_survival': np.float64(32.56), 'force_multiplication': np.float64(39.95)}","{'scaling_efficiency': np.float64(62.35721683039413), 'pressure_appetite': np.float64(13.2), 'creation_tools': np.float64(61.64842180774749), 'opportunity_response': np.float64(86.0), 'age_trajectory': np.float64(71.66)}",High
Kyle Anderson,2022-23,18.74,39.99,Role Player,Limited Scaling,Role Player,-0.04783333333333331,0,5,Hides,False,"Low CII 18.7, low TII 40.0, no creation tools","{'self_created': np.float64(26.33), 'pressure_appetite': np.float64(10.0), 'difficulty_embrace': np.float64(9.17), 'defensive_survival': np.float64(29.62), 'force_multiplication': np.float64(20.59)}","{'scaling_efficiency': np.float64(29.84167269350367), 'pressure_appetite': np.float64(19.20000000000004), 'creation_tools': np.float64(47.54427767354597), 'opportunity_response': np.float64(73.77714285714286), 'age_trajectory': np.float64(56.67)}",High
Kyle Kuzma,2022-23,35.83,46.63,Role Player,Limited Scaling,Luxury Amplifier,-0.03199999999999998,1,5,Hides,True,"Negative career leverage (-0.032, 1+/5-) BUT has creation tools: Thrives as #2","{'self_created': np.float64(35.4), 'pressure_appetite': np.float64(38.76), 'difficulty_embrace': np.float64(32.87), 'defensive_survival': np.float64(36.82), 'force_multiplication': np.float64(34.28)}","{'scaling_efficiency': np.float64(38.08449930586918), 'pressure_appetite': np.float64(24.400000000000006), 'creation_tools': np.float64(63.92129455909943), 'opportunity_response': np.float64(61.0), 'age_trajectory': np.float64(71.66)}",High
Kyle Lowry,2022-23,32.02,56.91,Role Player,Moderate Scaling,Strong Creator,0.03449999999999999,5,3,Steps Up,False,"Positive career leverage (+0.034), CII 32.0 still developing (Age 37 > 25, reclassified from Developing Engine)","{'self_created': np.float64(35.01), 'pressure_appetite': np.float64(28.89), 'difficulty_embrace': np.float64(26.23), 'defensive_survival': np.float64(48.51), 'force_multiplication': np.float64(17.75)}","{'scaling_efficiency': np.float64(56.639846743294996), 'pressure_appetite': np.float64(56.666666666666664), 'creation_tools': np.float64(70.94182475158084), 'opportunity_response': np.float64(63.74285714285714), 'age_trajectory': np.int64(20)}",High
Kyrie Irving,2022-23,79.4,78.63,Strong Creator,High Scaling,Franchise Engine,0.07924999999999997,8,0,Steps Up,True,CII 79.4 >= 74: Already elite creator,"{'self_created': np.float64(89.4), 'pressure_appetite': np.float64(83.67), 'difficulty_embrace': np.float64(70.07), 'defensive_survival': np.float64(80.35), 'force_multiplication': np.float64(55.99)}","{'scaling_efficiency': np.float64(72.5480444788856), 'pressure_appetite': np.float64(87.91468531468531), 'creation_tools': np.float64(89.95), 'opportunity_response': np.float64(86.0), 'age_trajectory': np.float64(40.01)}",High
LaMelo Ball,2022-23,51.68,55.56,Fragile Star,Moderate Scaling,Strong Creator,-0.06266666666666659,0,3,Hides,True,"CII 51.7, TII 55.6","{'self_created': np.float64(62.68), 'pressure_appetite': np.float64(33.67), 'difficulty_embrace': np.float64(65.27), 'defensive_survival': np.float64(55.55), 'force_multiplication': np.float64(30.74)}","{'scaling_efficiency': np.float64(53.860090482799194), 'pressure_appetite': np.float64(15.60000000000004), 'creation_tools': np.float64(81.78333333333333), 'opportunity_response': np.float64(61.0), 'age_trajectory': np.int64(100)}",Medium
Landry Shamet,2022-23,22.79,50.08,Role Player,Moderate Scaling,Role Player,-0.0234,2,3,Hides,False,"Low CII 22.8, low TII 50.1, no creation tools","{'self_created': np.float64(11.81), 'pressure_appetite': np.float64(40.31), 'difficulty_embrace': np.float64(18.57), 'defensive_survival': np.float64(27.88), 'force_multiplication': np.float64(12.77)}","{'scaling_efficiency': np.float64(36.4380671899769), 'pressure_appetite': np.float64(55.04516129032258), 'creation_tools': np.float64(51.55723839496459), 'opportunity_response': np.float64(48.31428571428572), 'age_trajectory': np.float64(78.33)}",High
Larry Nance Jr.,2022-23,15.21,40.93,Role Player,Limited Scaling,Role Player,-0.02475,2,6,Hides,False,"Low CII 15.2, low TII 40.9, no creation tools","{'self_created': np.float64(3.12), 'pressure_appetite': np.float64(32.05), 'difficulty_embrace': np.float64(3.1), 'defensive_survival': np.float64(30.23), 'force_multiplication': np.float64(11.1)}","{'scaling_efficiency': np.float64(20.16073743681237), 'pressure_appetite': np.float64(58.250847457627124), 'creation_tools': np.float64(15.925010334849112), 'opportunity_response': np.float64(81.98857142857142), 'age_trajectory': np.float64(48.34)}",High
Lauri Markkanen,2022-23,30.09,59.45,Role Player,Moderate Scaling,Fragile Star,-0.025999999999999985,0,6,Hides,False,"Fragile Star: high usage (25.9%), high minutes (34.4), low CII (30.1), no creation tools","{'self_created': np.float64(14.77), 'pressure_appetite': np.float64(45.92), 'difficulty_embrace': np.float64(14.99), 'defensive_survival': np.float64(43.76), 'force_multiplication': np.float64(46.13)}","{'scaling_efficiency': np.float64(54.4062512894574), 'pressure_appetite': np.float64(56.36036036036036), 'creation_tools': np.float64(39.28640958031202), 'opportunity_response': np.float64(89.0), 'age_trajectory': np.float64(78.33)}",High
LeBron James,2022-23,61.9,67.04,Luxury Amplifier,High Scaling,Strong Creator,0.061875000000000006,8,0,Steps Up,True,"Positive career leverage (+0.062), CII 61.9: Stepping up consistently","{'self_created': np.float64(60.78), 'pressure_appetite': np.float64(69.06), 'difficulty_embrace': np.float64(50.7), 'defensive_survival': np.float64(61.67), 'force_multiplication': np.float64(70.14)}","{'scaling_efficiency': np.float64(65.95360737855182), 'pressure_appetite': np.float64(65.72670807453417), 'creation_tools': np.float64(79.63223753976669), 'opportunity_response': np.float64(86.0), 'age_trajectory': np.int64(20)}",High
Lonnie Walker IV,2022-23,15.9,41.01,Role Player,Limited Scaling,Role Player,-0.06675,0,4,Hides,False,"Low CII 15.9, low TII 41.0, no creation tools","{'self_created': np.float64(16.85), 'pressure_appetite': np.float64(10.0), 'difficulty_embrace': np.float64(19.39), 'defensive_survival': np.float64(21.3), 'force_multiplication': np.float64(12.68)}","{'scaling_efficiency': np.float64(41.18428003590202), 'pressure_appetite': np.float64(0.0), 'creation_tools': np.float64(48.1102529358627), 'opportunity_response': np.float64(66.88571428571429), 'age_trajectory': np.float64(90.0)}",High
Luguentz Dort,2022-23,19.18,35.89,Role Player,Limited Scaling,Role Player,-0.033999999999999975,1,3,Hides,False,"Low CII 19.2, low TII 35.9, no creation tools","{'self_created': np.float64(13.08), 'pressure_appetite': np.float64(20.68), 'difficulty_embrace': np.float64(11.97), 'defensive_survival': np.float64(35.21), 'force_multiplication': np.float64(24.12)}","{'scaling_efficiency': np.float64(14.61056060723758), 'pressure_appetite': np.float64(23.200000000000003), 'creation_tools': np.float64(40.52462073589808), 'opportunity_response': np.float64(57.31428571428572), 'age_trajectory': np.float64(90.0)}",High
Luka Dončić,2022-23,75.36,68.81,Strong Creator,High Scaling,Franchise Engine,0.00360000000000002,2,3,Mixed,True,CII 75.4 >= 74: Already elite creator,"{'self_created': np.float64(100.0), 'pressure_appetite': np.float64(56.15), 'difficulty_embrace': np.float64(78.5), 'defensive_survival': np.float64(53.99), 'force_multiplication': np.float64(75.23)}","{'scaling_efficiency': np.float64(83.63899334420178), 'pressure_appetite': np.float64(23.600000000000037), 'creation_tools': np.float64(79.58333333333334), 'opportunity_response': np.float64(86.0), 'age_trajectory': np.float64(90.0)}",High
Malachi Flynn,2022-23,12.54,31.99,Role Player,Low Scaling,Role Player,0.006499999999999999,1,1,Mixed,False,"Low CII 12.5, low TII 32.0","{'self_created': np.float64(11.45), 'pressure_appetite': np.float64(10.0), 'difficulty_embrace': np.float64(14.79), 'defensive_survival': np.float64(18.66), 'force_multiplication': np.float64(8.48)}","{'scaling_efficiency': np.float64(19.636819258089975), 'pressure_appetite': np.float64(9.200000000000003), 'creation_tools': np.float64(44.88523035230352), 'opportunity_response': np.float64(42.142857142857146), 'age_trajectory': np.float64(85.0)}",Medium
Malaki Branham,2022-23,27.29,53.64,Role Player,Moderate Scaling,Role Player,-0.0189999999999999,0,1,Mixed,True,"Low CII 27.3, low TII 53.6","{'self_created': np.float64(20.86), 'pressure_appetite': np.float64(30.44), 'difficulty_embrace': np.float64(26.5), 'defensive_survival': np.float64(43.86), 'force_multiplication': np.float64(15.39)}","{'scaling_efficiency': np.float64(32.72983601852991), 'pressure_appetite': np.float64(53.84751773049649), 'creation_tools': np.float64(63.43072997751254), 'opportunity_response': np.float64(51.14285714285714), 'age_trajectory': np.int64(100)}",Medium
Malcolm Brogdon,2022-23,39.18,56.96,Role Player,Moderate Scaling,Fragile Star,-0.0050000000000000435,4,3,Mixed,False,"Fragile Star: high usage (22.3%), low CII (39.2), no creation tools","{'self_created': np.float64(59.26), 'pressure_appetite': np.float64(17.33), 'difficulty_embrace': np.float64(33.51), 'defensive_survival': np.float64(48.93), 'force_multiplication': np.float64(30.28)}","{'scaling_efficiency': np.float64(73.75581917733597), 'pressure_appetite': np.float64(8.400000000000002), 'creation_tools': np.float64(76.86278756061103), 'opportunity_response': np.float64(83.51428571428572), 'age_trajectory': np.float64(48.34)}",High
Malik Beasley,2022-23,19.69,39.29,Role Player,Limited Scaling,Role Player,-0.051999999999999914,0,5,Hides,False,"Low CII 19.7, low TII 39.3, no creation tools","{'self_created': np.float64(18.16), 'pressure_appetite': np.float64(17.0), 'difficulty_embrace': np.float64(27.4), 'defensive_survival': np.float64(24.57), 'force_multiplication': np.float64(8.31)}","{'scaling_efficiency': np.float64(25.523945073415163), 'pressure_appetite': np.float64(14.0), 'creation_tools': np.float64(61.67956875220926), 'opportunity_response': np.float64(53.114285714285714), 'age_trajectory': np.float64(78.33)}",High
Malik Monk,2022-23,33.56,60.83,Role Player,Moderate Scaling,Fragile Star,-0.0386666666666666,0,3,Hides,False,"Fragile Star: high usage (24.7%), low CII (33.6), no creation tools","{'self_created': np.float64(28.31), 'pressure_appetite': np.float64(37.62), 'difficulty_embrace': np.float64(21.94), 'defensive_survival': np.float64(53.37), 'force_multiplication': np.float64(32.71)}","{'scaling_efficiency': np.float64(58.981618488003896), 'pressure_appetite': np.float64(54.219973009446726), 'creation_tools': np.float64(51.02226885224317), 'opportunity_response': np.float64(72.52571428571429), 'age_trajectory': np.float64(85.0)}",Medium
Marcus Smart,2022-23,28.66,49.12,Role Player,Limited Scaling,Role Player,-0.022285714285714225,1,6,Hides,False,"Low CII 28.7, low TII 49.1, no creation tools","{'self_created': np.float64(26.26), 'pressure_appetite': np.float64(34.62), 'difficulty_embrace': np.float64(17.34), 'defensive_survival': np.float64(47.04), 'force_multiplication': np.float64(16.06)}","{'scaling_efficiency': np.float64(27.769345929604842), 'pressure_appetite': np.float64(63.38636363636367), 'creation_tools': np.float64(52.514929785661494), 'opportunity_response': np.float64(58.51428571428571), 'age_trajectory': np.float64(56.67)}",High
Mark Williams,2022-23,23.91,46.73,Role Player,Limited Scaling,Role Player,0.002,1,0,Mixed,False,"Low CII 23.9, low TII 46.7","{'self_created': np.float64(14.51), 'pressure_appetite': np.float64(37.38), 'difficulty_embrace': np.float64(2.6), 'defensive_survival': np.float64(54.06), 'force_multiplication': np.float64(15.8)}","{'scaling_efficiency': np.float64(19.106854460093896), 'pressure_appetite': np.float64(67.11428571428571), 'creation_tools': np.float64(10.966666666666667), 'opportunity_response': np.float64(80.19714285714286), 'age_trajectory': np.int64(100)}",Medium
Markelle Fultz,2022-23,51.72,78.07,Fragile Star,High Scaling,Latent Engine,0.0095,1,1,Mixed,True,"Medium CII 51.7, high TII 78.1, has tools","{'self_created': np.float64(50.14), 'pressure_appetite': np.float64(55.74), 'difficulty_embrace': np.float64(38.76), 'defensive_survival': np.float64(71.32), 'force_multiplication': np.float64(42.88)}","{'scaling_efficiency': np.float64(73.77451550387595), 'pressure_appetite': np.float64(78.29230769230767), 'creation_tools': np.float64(85.0248592870544), 'opportunity_response': np.float64(72.37142857142857), 'age_trajectory': np.float64(85.0)}",Medium
Marvin Bagley III,2022-23,15.33,33.83,Role Player,Low Scaling,Role Player,-0.0743333333333333,0,3,Hides,False,"Low CII 15.3, low TII 33.8","{'self_created': np.float64(17.32), 'pressure_appetite': np.float64(14.5), 'difficulty_embrace': np.float64(10.86), 'defensive_survival': np.float64(20.28), 'force_multiplication': np.float64(12.93)}","{'scaling_efficiency': np.float64(16.048841334553618), 'pressure_appetite': np.float64(10.000000000000004), 'creation_tools': np.float64(30.019419624889316), 'opportunity_response': np.float64(76.75142857142858), 'age_trajectory': np.float64(90.0)}",Medium
Matisse Thybulle,2022-23,5.68,28.4,Role Player,Low Scaling,Role Player,-0.03849999999999995,0,2,Hides,False,"Low CII 5.7, low TII 28.4","{'self_created': np.float64(0.94), 'pressure_appetite': np.float64(10.0), 'difficulty_embrace': np.float64(2.77), 'defensive_survival': np.float64(13.83), 'force_multiplication': np.float64(2.65)}","{'scaling_efficiency': np.float64(10.60604159239454), 'pressure_appetite': np.float64(21.20000000000004), 'creation_tools': np.float64(21.83024071417185), 'opportunity_response': np.float64(51.48571428571428), 'age_trajectory': np.float64(78.33)}",Medium
Max Strus,2022-23,11.54,34.9,Role Player,Low Scaling,Role Player,-0.03999999999999995,0,2,Hides,False,"Low CII 11.5, low TII 34.9","{'self_created': np.float64(5.54), 'pressure_appetite': np.float64(17.96), 'difficulty_embrace': np.float64(9.84), 'defensive_survival': np.float64(18.83), 'force_multiplication': np.float64(5.91)}","{'scaling_efficiency': np.float64(19.130980588973365), 'pressure_appetite': np.float64(25.600000000000005), 'creation_tools': np.float64(31.963677666188424), 'opportunity_response': np.float64(61.34285714285714), 'age_trajectory': np.float64(71.66)}",Medium
Maxi Kleber,2022-23,12.33,37.09,Role Player,Limited Scaling,Role Player,-0.0262,0,5,Hides,False,"Low CII 12.3, low TII 37.1, no creation tools","{'self_created': np.float64(0.49), 'pressure_appetite': np.float64(16.6), 'difficulty_embrace': np.float64(4.69), 'defensive_survival': np.float64(44.45), 'force_multiplication': np.float64(4.3)}","{'scaling_efficiency': np.float64(13.882666666666665), 'pressure_appetite': np.float64(58.81333333333333), 'creation_tools': np.float64(18.102845528455283), 'opportunity_response': np.float64(70.66571428571429), 'age_trajectory': np.float64(40.01)}",High
Michael Porter Jr.,2022-23,19.52,48.03,Role Player,Limited Scaling,Role Player,-0.08899999999999997,0,3,Hides,False,"Low CII 19.5, low TII 48.0","{'self_created': np.float64(13.89), 'pressure_appetite': np.float64(14.17), 'difficulty_embrace': np.float64(28.94), 'defensive_survival': np.float64(31.75), 'force_multiplication': np.float64(12.63)}","{'scaling_efficiency': np.float64(48.004835252084156), 'pressure_appetite': np.float64(2.0000000000000018), 'creation_tools': np.float64(58.39759793052476), 'opportunity_response': np.float64(86.34285714285714), 'age_trajectory': np.float64(85.0)}",Medium
Mikal Bridges,2022-23,32.05,53.15,Role Player,Moderate Scaling,Luxury Amplifier,-0.025999999999999978,1,4,Hides,True,"Negative career leverage (-0.026, 1+/4-) BUT has creation tools: Thrives as #2","{'self_created': np.float64(38.6), 'pressure_appetite': np.float64(18.0), 'difficulty_embrace': np.float64(41.17), 'defensive_survival': np.float64(35.69), 'force_multiplication': np.float64(23.85)}","{'scaling_efficiency': np.float64(52.66625334490046), 'pressure_appetite': np.float64(10.000000000000004), 'creation_tools': np.float64(73.95), 'opportunity_response': np.float64(81.5), 'age_trajectory': np.float64(78.33)}",High
Mike Conley,2022-23,36.72,65.47,Role Player,High Scaling,Strong Creator,0.03649999999999995,6,2,Steps Up,False,"Positive career leverage (+0.036), CII 36.7 still developing (Age 35 > 25, reclassified from Developing Engine)","{'self_created': np.float64(44.99), 'pressure_appetite': np.float64(23.3), 'difficulty_embrace': np.float64(37.69), 'defensive_survival': np.float64(52.04), 'force_multiplication': np.float64(20.56)}","{'scaling_efficiency': np.float64(80.67650899824814), 'pressure_appetite': np.float64(52.20703933747416), 'creation_tools': np.float64(74.4), 'opportunity_response': np.float64(75.56857142857143), 'age_trajectory': np.int64(20)}",High
Mitchell Robinson,2022-23,17.26,40.33,Role Player,Limited Scaling,Role Player,-0.02479999999999996,0,5,Hides,False,"Low CII 17.3, low TII 40.3, no creation tools","{'self_created': np.float64(26.93), 'pressure_appetite': np.float64(17.87), 'difficulty_embrace': np.float64(0.0), 'defensive_survival': np.float64(24.51), 'force_multiplication': np.float64(10.4)}","{'scaling_efficiency': np.float64(17.5400366703337), 'pressure_appetite': np.float64(47.86138613861386), 'creation_tools': np.float64(7.5), 'opportunity_response': np.float64(87.36285714285715), 'age_trajectory': np.float64(85.0)}",High
Monte Morris,2022-23,46.52,76.16,Fragile Star,High Scaling,Luxury Amplifier,-0.04339999999999998,1,4,Hides,True,"Negative career leverage (-0.043, 1+/4-) BUT has creation tools: Thrives as #2","{'self_created': np.float64(49.31), 'pressure_appetite': np.float64(55.67), 'difficulty_embrace': np.float64(40.44), 'defensive_survival': np.float64(48.91), 'force_multiplication': np.float64(23.88)}","{'scaling_efficiency': np.float64(78.33333333333331), 'pressure_appetite': np.float64(70.83225806451613), 'creation_tools': np.float64(89.4), 'opportunity_response': np.float64(70.48571428571428), 'age_trajectory': np.float64(64.99000000000001)}",High
Moritz Wagner,2022-23,9.63,32.62,Role Player,Low Scaling,Role Player,-0.1075,0,2,Hides,False,"Low CII 9.6, low TII 32.6","{'self_created': np.float64(1.04), 'pressure_appetite': np.float64(17.17), 'difficulty_embrace': np.float64(1.69), 'defensive_survival': np.float64(22.41), 'force_multiplication': np.float64(13.28)}","{'scaling_efficiency': np.float64(19.944629792215395), 'pressure_appetite': np.float64(16.8), 'creation_tools': np.float64(12.715881972252557), 'opportunity_response': np.float64(80.38571428571429), 'age_trajectory': np.float64(78.33)}",Medium
Myles Turner,2022-23,15.93,36.16,Role Player,Limited Scaling,Fragile Star,-0.040249999999999966,1,7,Hides,False,"Fragile Star: high usage (22.5%), low CII (15.9), no creation tools","{'self_created': np.float64(3.0), 'pressure_appetite': np.float64(19.83), 'difficulty_embrace': np.float64(8.56), 'defensive_survival': np.float64(35.53), 'force_multiplication': np.float64(30.28)}","{'scaling_efficiency': np.float64(23.077037037037037), 'pressure_appetite': np.float64(13.599999999999998), 'creation_tools': np.float64(28.322357723577237), 'opportunity_response': np.float64(86.72), 'age_trajectory': np.float64(71.66)}",High
Naji Marshall,2022-23,17.07,32.22,Role Player,Low Scaling,Role Player,-0.03699999999999995,0,2,Hides,False,"Low CII 17.1, low TII 32.2","{'self_created': np.float64(15.16), 'pressure_appetite': np.float64(12.83), 'difficulty_embrace': np.float64(8.96), 'defensive_survival': np.float64(37.1), 'force_multiplication': np.float64(19.56)}","{'scaling_efficiency': np.float64(16.09940964104259), 'pressure_appetite': np.float64(18.00000000000004), 'creation_tools': np.float64(33.74185101153337), 'opportunity_response': np.float64(50.971428571428575), 'age_trajectory': np.float64(85.0)}",Medium
Naz Reid,2022-23,26.09,46.49,Role Player,Limited Scaling,Role Player,-0.0025000000000000005,1,1,Mixed,False,"Low CII 26.1, low TII 46.5","{'self_created': np.float64(9.01), 'pressure_appetite': np.float64(60.69), 'difficulty_embrace': np.float64(2.97), 'defensive_survival': np.float64(28.63), 'force_multiplication': np.float64(33.24)}","{'scaling_efficiency': np.float64(19.90844279529994), 'pressure_appetite': np.float64(66.19669421487603), 'creation_tools': np.float64(15.07934892158839), 'opportunity_response': np.float64(76.34857142857143), 'age_trajectory': np.float64(95.0)}",Medium
Nick Richards,2022-23,11.78,32.42,Role Player,Low Scaling,Role Player,-0.0569999999999999,0,1,Hides,False,"Low CII 11.8, low TII 32.4","{'self_created': np.float64(19.21), 'pressure_appetite': np.float64(10.0), 'difficulty_embrace': np.float64(1.9), 'defensive_survival': np.float64(16.72), 'force_multiplication': np.float64(6.24)}","{'scaling_efficiency': np.float64(18.232874797935022), 'pressure_appetite': np.float64(17.200000000000042), 'creation_tools': np.float64(11.007564744521616), 'opportunity_response': np.float64(79.63142857142857), 'age_trajectory': np.float64(85.0)}",Medium
Nickeil Alexander-Walker,2022-23,27.04,50.65,Role Player,Moderate Scaling,Role Player,0.039999999999999945,1,1,Steps Up,False,"Low CII 27.0, low TII 50.6","{'self_created': np.float64(27.64), 'pressure_appetite': np.float64(36.32), 'difficulty_embrace': np.float64(16.19), 'defensive_survival': np.float64(32.64), 'force_multiplication': np.float64(15.33)}","{'scaling_efficiency': np.float64(31.455541069100377), 'pressure_appetite': np.float64(52.69491525423729), 'creation_tools': np.float64(50.32227045151807), 'opportunity_response': np.float64(59.857142857142854), 'age_trajectory': np.float64(90.0)}",Medium
Nikola Jokić,2022-23,76.53,55.26,Strong Creator,Moderate Scaling,Franchise Engine,0.035249999999999976,5,3,Steps Up,False,CII 76.5 >= 74: Already elite creator,"{'self_created': np.float64(89.65), 'pressure_appetite': np.float64(69.14), 'difficulty_embrace': np.float64(91.36), 'defensive_survival': np.float64(46.95), 'force_multiplication': np.float64(70.4)}","{'scaling_efficiency': np.float64(30.75794103154349), 'pressure_appetite': np.float64(69.86996197718628), 'creation_tools': np.float64(45.83782651704844), 'opportunity_response': np.float64(86.0), 'age_trajectory': np.float64(64.99000000000001)}",High
Nikola Vučević,2022-23,15.12,34.66,Role Player,Low Scaling,Luxury Amplifier,-0.03637499999999995,1,7,Hides,True,"Negative career leverage (-0.036, 1+/7-) BUT has creation tools: Thrives as #2","{'self_created': np.float64(4.63), 'pressure_appetite': np.float64(15.83), 'difficulty_embrace': np.float64(15.5), 'defensive_survival': np.float64(27.57), 'force_multiplication': np.float64(25.4)}","{'scaling_efficiency': np.float64(30.419367814235052), 'pressure_appetite': np.float64(6.800000000000046), 'creation_tools': np.float64(38.2756395912583), 'opportunity_response': np.float64(84.5), 'age_trajectory': np.float64(35.0)}",High
Norman Powell,2022-23,29.14,48.38,Role Player,Limited Scaling,Fragile Star,-0.06719999999999995,0,5,Hides,False,"Fragile Star: high usage (25.1%), low CII (29.1), extreme hiding (-0.067), no creation tools","{'self_created': np.float64(32.93), 'pressure_appetite': np.float64(20.33), 'difficulty_embrace': np.float64(22.99), 'defensive_survival': np.float64(39.55), 'force_multiplication': np.float64(36.46)}","{'scaling_efficiency': np.float64(64.02734080858696), 'pressure_appetite': np.float64(4.400000000000004), 'creation_tools': np.float64(53.49996275062352), 'opportunity_response': np.float64(83.60857142857144), 'age_trajectory': np.float64(48.34)}",High
OG Anunoby,2022-23,22.81,50.99,Role Player,Moderate Scaling,Role Player,-0.0438333333333333,1,5,Hides,False,"Low CII 22.8, low TII 51.0, no creation tools","{'self_created': np.float64(20.26), 'pressure_appetite': np.float64(20.69), 'difficulty_embrace': np.float64(17.1), 'defensive_survival': np.float64(40.44), 'force_multiplication': np.float64(20.73)}","{'scaling_efficiency': np.float64(46.554201745379864), 'pressure_appetite': np.float64(23.6), 'creation_tools': np.float64(49.7540650406504), 'opportunity_response': np.float64(84.5), 'age_trajectory': np.float64(85.0)}",High
Ochai Agbaji,2022-23,26.1,49.39,Role Player,Limited Scaling,Role Player,0.039,1,0,Steps Up,False,"Low CII 26.1, low TII 49.4","{'self_created': np.float64(3.54), 'pressure_appetite': np.float64(55.5), 'difficulty_embrace': np.float64(7.01), 'defensive_survival': np.float64(54.04), 'force_multiplication': np.float64(16.54)}","{'scaling_efficiency': np.float64(20.424253286428446), 'pressure_appetite': np.float64(82.86493506493505), 'creation_tools': np.float64(24.320436067997043), 'opportunity_response': np.float64(54.57142857142857), 'age_trajectory': np.float64(95.0)}",Medium
Orlando Robinson,2022-23,15.04,35.03,Role Player,Limited Scaling,Role Player,-0.003,0,1,Mixed,False,"Low CII 15.0, low TII 35.0","{'self_created': np.float64(18.18), 'pressure_appetite': np.float64(25.61), 'difficulty_embrace': np.float64(0.0), 'defensive_survival': np.float64(17.26), 'force_multiplication': np.float64(5.94)}","{'scaling_efficiency': np.float64(10.947756638921913), 'pressure_appetite': np.float64(52.53448275862069), 'creation_tools': np.float64(6.5), 'opportunity_response': np.float64(48.74285714285714), 'age_trajectory': np.int64(100)}",Medium
P.J. Tucker,2022-23,14.07,31.47,Role Player,Low Scaling,Role Player,0.001749999999999999,4,4,Mixed,False,"Mixed career leverage, no tools, low CII","{'self_created': np.float64(0.4), 'pressure_appetite': np.float64(23.18), 'difficulty_embrace': np.float64(3.4), 'defensive_survival': np.float64(46.57), 'force_multiplication': np.float64(4.9)}","{'scaling_efficiency': np.float64(10.070222222222213), 'pressure_appetite': np.float64(58.85333333333333), 'creation_tools': np.float64(14.449125400344911), 'opportunity_response': np.float64(58.942857142857136), 'age_trajectory': np.int64(20)}",High
P.J. Washington,2022-23,30.67,55.34,Role Player,Moderate Scaling,Role Player,-0.019750000000000024,2,2,Mixed,False,"Low CII 30.7, low TII 55.3, no creation tools","{'self_created': np.float64(9.0), 'pressure_appetite': np.float64(51.47), 'difficulty_embrace': np.float64(17.57), 'defensive_survival': np.float64(58.08), 'force_multiplication': np.float64(28.75)}","{'scaling_efficiency': np.float64(27.561762078765742), 'pressure_appetite': np.float64(76.29999999999998), 'creation_tools': np.float64(50.7670731707317), 'opportunity_response': np.float64(58.94285714285715), 'age_trajectory': np.float64(90.0)}",High
Paolo Banchero,2022-23,48.71,61.39,Fragile Star,Moderate Scaling,Strong Creator,-0.016,0,1,Mixed,True,"CII 48.7, TII 61.4","{'self_created': np.float64(42.87), 'pressure_appetite': np.float64(47.47), 'difficulty_embrace': np.float64(43.74), 'defensive_survival': np.float64(61.4), 'force_multiplication': np.float64(60.24)}","{'scaling_efficiency': np.float64(40.844356435643576), 'pressure_appetite': np.float64(59.6078431372549), 'creation_tools': np.float64(76.28333333333333), 'opportunity_response': np.float64(59.885714285714286), 'age_trajectory': np.int64(100)}",Medium
Pascal Siakam,2022-23,51.95,64.22,Fragile Star,Moderate Scaling,Luxury Amplifier,-0.03283333333333333,1,5,Hides,True,"Negative career leverage (-0.033, 1+/5-) BUT has creation tools: Thrives as #2","{'self_created': np.float64(57.45), 'pressure_appetite': np.float64(51.39), 'difficulty_embrace': np.float64(46.16), 'defensive_survival': np.float64(46.13), 'force_multiplication': np.float64(57.18)}","{'scaling_efficiency': np.float64(61.38392050587171), 'pressure_appetite': np.float64(52.0), 'creation_tools': np.float64(82.43333333333334), 'opportunity_response': np.float64(71.0), 'age_trajectory': np.float64(56.67)}",High
Pat Connaughton,2022-23,4.65,20.02,Role Player,Low Scaling,Role Player,-0.0348,2,3,Hides,False,"Low CII 4.7, low TII 20.0, no creation tools","{'self_created': np.float64(1.06), 'pressure_appetite': np.float64(10.0), 'difficulty_embrace': np.float64(3.07), 'defensive_survival': np.float64(7.98), 'force_multiplication': np.float64(0.2)}","{'scaling_efficiency': np.float64(7.0383485987696535), 'pressure_appetite': np.float64(1.6000000000000014), 'creation_tools': np.float64(24.868121523320497), 'opportunity_response': np.float64(51.31428571428572), 'age_trajectory': np.float64(48.34)}",High
Patrick Beverley,2022-23,11.67,31.89,Role Player,Low Scaling,Role Player,-0.0385714285714285,0,7,Hides,False,"Low CII 11.7, low TII 31.9, no creation tools","{'self_created': np.float64(13.92), 'pressure_appetite': np.float64(10.0), 'difficulty_embrace': np.float64(8.61), 'defensive_survival': np.float64(18.17), 'force_multiplication': np.float64(5.48)}","{'scaling_efficiency': np.float64(24.102557449147884), 'pressure_appetite': np.float64(23.20000000000004), 'creation_tools': np.float64(41.136649950611655), 'opportunity_response': np.float64(54.22857142857143), 'age_trajectory': np.float64(25.0)}",High
Patrick Williams,2022-23,14.56,42.54,Role Player,Limited Scaling,Role Player,-0.08449999999999995,0,2,Hides,True,"Low CII 14.6, low TII 42.5","{'self_created': np.float64(10.34), 'pressure_appetite': np.float64(10.0), 'difficulty_embrace': np.float64(21.17), 'defensive_survival': np.float64(26.34), 'force_multiplication': np.float64(7.68)}","{'scaling_efficiency': np.float64(24.809915371096384), 'pressure_appetite': np.float64(6.400000000000001), 'creation_tools': np.float64(64.05899520533667), 'opportunity_response': np.float64(71.25714285714285), 'age_trajectory': np.int64(100)}",Medium
Paul George,2022-23,68.45,71.71,Luxury Amplifier,High Scaling,Strong Creator,0.023875,6,2,Steps Up,True,"Positive career leverage (+0.024, 6+/2-), CII 68.5, TII 71.7: Can be #1 (Age 33 > 28, reclassified from Latent Engine)","{'self_created': np.float64(73.58), 'pressure_appetite': np.float64(65.12), 'difficulty_embrace': np.float64(64.36), 'defensive_survival': np.float64(78.23), 'force_multiplication': np.float64(54.91)}","{'scaling_efficiency': np.float64(64.87484896056324), 'pressure_appetite': np.float64(74.48571428571428), 'creation_tools': np.float64(88.65), 'opportunity_response': np.float64(86.0), 'age_trajectory': np.float64(30.0)}",High
Precious Achiuwa,2022-23,23.96,41.14,Role Player,Limited Scaling,Role Player,-0.00949999999999995,1,1,Mixed,False,"Low CII 24.0, low TII 41.1","{'self_created': np.float64(10.48), 'pressure_appetite': np.float64(41.93), 'difficulty_embrace': np.float64(4.57), 'defensive_survival': np.float64(41.11), 'force_multiplication': np.float64(32.52)}","{'scaling_efficiency': np.float64(11.755543922417857), 'pressure_appetite': np.float64(64.06315789473685), 'creation_tools': np.float64(19.407252888318357), 'opportunity_response': np.float64(54.74285714285714), 'age_trajectory': np.float64(95.0)}",Medium
Quentin Grimes,2022-23,15.7,52.37,Role Player,Moderate Scaling,Role Player,-0.0279999999999999,0,2,Hides,False,"Low CII 15.7, low TII 52.4","{'self_created': np.float64(3.9), 'pressure_appetite': np.float64(21.98), 'difficulty_embrace': np.float64(7.59), 'defensive_survival': np.float64(47.15), 'force_multiplication': np.float64(4.48)}","{'scaling_efficiency': np.float64(30.637227278565003), 'pressure_appetite': np.float64(58.17840375586857), 'creation_tools': np.float64(28.014479560288564), 'opportunity_response': np.float64(90.19142857142856), 'age_trajectory': np.float64(95.0)}",Medium
R.J. Hampton,2022-23,15.05,32.29,Role Player,Low Scaling,Role Player,-0.09399999999999994,0,2,Hides,False,"Low CII 15.1, low TII 32.3","{'self_created': np.float64(21.93), 'pressure_appetite': np.float64(10.0), 'difficulty_embrace': np.float64(10.43), 'defensive_survival': np.float64(22.08), 'force_multiplication': np.float64(5.77)}","{'scaling_efficiency': np.float64(27.179030093393305), 'pressure_appetite': np.float64(0.0), 'creation_tools': np.float64(32.69227642276423), 'opportunity_response': np.float64(50.628571428571426), 'age_trajectory': np.int64(100)}",Medium
RJ Barrett,2022-23,25.4,40.52,Role Player,Limited Scaling,Fragile Star,-0.03225,1,3,Hides,False,"Fragile Star: high usage (25.6%), high minutes (33.9), low CII (25.4), no creation tools","{'self_created': np.float64(25.4), 'pressure_appetite': np.float64(25.33), 'difficulty_embrace': np.float64(14.7), 'defensive_survival': np.float64(28.78), 'force_multiplication': np.float64(41.86)}","{'scaling_efficiency': np.float64(33.771591527335474), 'pressure_appetite': np.float64(14.399999999999999), 'creation_tools': np.float64(41.4130081300813), 'opportunity_response': np.float64(60.05714285714285), 'age_trajectory': np.float64(95.0)}",High
Reggie Bullock Jr.,2022-23,17.29,37.86,Role Player,Limited Scaling,Role Player,-0.019714285714285712,2,4,Mixed,False,"Low CII 17.3, low TII 37.9, no creation tools","{'self_created': np.float64(0.82), 'pressure_appetite': np.float64(42.58), 'difficulty_embrace': np.float64(4.66), 'defensive_survival': np.float64(32.31), 'force_multiplication': np.float64(6.22)}","{'scaling_efficiency': np.float64(11.877555977229596), 'pressure_appetite': np.float64(66.79999999999998), 'creation_tools': np.float64(23.264401858304296), 'opportunity_response': np.float64(62.971428571428575), 'age_trajectory': np.float64(35.0)}",High
Robert Williams III,2022-23,11.15,34.5,Role Player,Low Scaling,Role Player,-0.027499999999999948,0,2,Hides,False,"Low CII 11.2, low TII 34.5","{'self_created': np.float64(13.88), 'pressure_appetite': np.float64(10.0), 'difficulty_embrace': np.float64(1.1), 'defensive_survival': np.float64(26.08), 'force_multiplication': np.float64(3.58)}","{'scaling_efficiency': np.float64(18.293333333333333), 'pressure_appetite': np.float64(22.800000000000004), 'creation_tools': np.float64(10.947866753003813), 'opportunity_response': np.float64(84.15714285714286), 'age_trajectory': np.float64(85.0)}",Medium
Rudy Gobert,2022-23,23.16,42.79,Role Player,Limited Scaling,Role Player,-0.0035000000000000118,4,4,Mixed,False,"Low CII 23.2, low TII 42.8, no creation tools","{'self_created': np.float64(7.36), 'pressure_appetite': np.float64(49.73), 'difficulty_embrace': np.float64(0.8), 'defensive_survival': np.float64(36.8), 'force_multiplication': np.float64(28.37)}","{'scaling_efficiency': np.float64(20.22764452938366), 'pressure_appetite': np.float64(66.75403726708072), 'creation_tools': np.float64(11.947260516083421), 'opportunity_response': np.float64(90.94571428571427), 'age_trajectory': np.float64(40.01)}",High
Rui Hachimura,2022-23,20.26,41.24,Role Player,Limited Scaling,Role Player,-0.07099999999999997,0,3,Hides,True,"Low CII 20.3, low TII 41.2","{'self_created': np.float64(17.69), 'pressure_appetite': np.float64(12.33), 'difficulty_embrace': np.float64(30.3), 'defensive_survival': np.float64(27.49), 'force_multiplication': np.float64(16.92)}","{'scaling_efficiency': np.float64(32.8943930828068), 'pressure_appetite': np.float64(8.000000000000004), 'creation_tools': np.float64(61.6308146844355), 'opportunity_response': np.float64(56.971428571428575), 'age_trajectory': np.float64(85.0)}",Medium
Russell Westbrook,2022-23,39.78,50.38,Role Player,Moderate Scaling,Strong Creator,0.03349999999999996,5,3,Steps Up,True,"Positive career leverage (+0.033), CII 39.8 still developing (Age 34 > 25, reclassified from Developing Engine)","{'self_created': np.float64(37.13), 'pressure_appetite': np.float64(41.29), 'difficulty_embrace': np.float64(34.51), 'defensive_survival': np.float64(41.54), 'force_multiplication': np.float64(51.81)}","{'scaling_efficiency': np.float64(47.544700864030276), 'pressure_appetite': np.float64(42.370927318295735), 'creation_tools': np.float64(73.17845528455284), 'opportunity_response': np.float64(55.94285714285715), 'age_trajectory': np.float64(25.0)}",High
Saddiq Bey,2022-23,20.38,42.57,Role Player,Limited Scaling,Role Player,-0.02666666666666667,1,1,Hides,False,"Low CII 20.4, low TII 42.6","{'self_created': np.float64(25.57), 'pressure_appetite': np.float64(11.83), 'difficulty_embrace': np.float64(17.9), 'defensive_survival': np.float64(28.47), 'force_multiplication': np.float64(19.02)}","{'scaling_efficiency': np.float64(39.880259564431896), 'pressure_appetite': np.float64(6.800000000000002), 'creation_tools': np.float64(46.544057497276), 'opportunity_response': np.float64(70.65714285714286), 'age_trajectory': np.float64(90.0)}",Medium
Santi Aldama,2022-23,6.62,30.85,Role Player,Low Scaling,Role Player,-0.097,0,1,Hides,False,"Low CII 6.6, low TII 30.9","{'self_created': np.float64(2.55), 'pressure_appetite': np.float64(10.0), 'difficulty_embrace': np.float64(5.16), 'defensive_survival': np.float64(14.08), 'force_multiplication': np.float64(2.08)}","{'scaling_efficiency': np.float64(15.610589994542764), 'pressure_appetite': np.float64(1.200000000000001), 'creation_tools': np.float64(23.06642069286935), 'opportunity_response': np.float64(75.05428571428571), 'age_trajectory': np.int64(100)}",Medium
Scottie Barnes,2022-23,34.35,58.91,Role Player,Moderate Scaling,Developing Prospect,-0.0205,0,2,Hides,True,"Low CII 34.4, moderate TII 58.9","{'self_created': np.float64(26.24), 'pressure_appetite': np.float64(37.47), 'difficulty_embrace': np.float64(24.3), 'defensive_survival': np.float64(57.75), 'force_multiplication': np.float64(35.89)}","{'scaling_efficiency': np.float64(38.38934761441091), 'pressure_appetite': np.float64(62.19), 'creation_tools': np.float64(63.59471544715447), 'opportunity_response': np.float64(60.82857142857142), 'age_trajectory': np.int64(100)}",Medium
Shai Gilgeous-Alexander,2022-23,76.46,79.95,Strong Creator,High Scaling,Franchise Engine,0.03759999999999996,3,2,Steps Up,True,CII 76.5 >= 74: Already elite creator,"{'self_created': np.float64(97.47), 'pressure_appetite': np.float64(74.13), 'difficulty_embrace': np.float64(60.16), 'defensive_survival': np.float64(58.58), 'force_multiplication': np.float64(78.72)}","{'scaling_efficiency': np.float64(81.16332734351603), 'pressure_appetite': np.float64(67.4641509433962), 'creation_tools': np.float64(84.18333333333334), 'opportunity_response': np.float64(86.0), 'age_trajectory': np.float64(90.0)}",High
Simone Fontecchio,2022-23,17.64,35.0,Role Player,Low Scaling,Role Player,-0.012,0,1,Mixed,False,"Low CII 17.6, low TII 35.0","{'self_created': np.float64(4.52), 'pressure_appetite': np.float64(34.58), 'difficulty_embrace': np.float64(14.7), 'defensive_survival': np.float64(23.3), 'force_multiplication': np.float64(12.09)}","{'scaling_efficiency': np.float64(7.262967625899279), 'pressure_appetite': np.float64(48.875), 'creation_tools': np.float64(34.46788617886179), 'opportunity_response': np.float64(43.6), 'age_trajectory': np.float64(71.66)}",Medium
Spencer Dinwiddie,2022-23,54.28,69.88,Fragile Star,High Scaling,Strong Creator,0.043333333333333314,5,1,Steps Up,False,"Positive career leverage (+0.043), CII 54.3: Stepping up consistently","{'self_created': np.float64(66.16), 'pressure_appetite': np.float64(47.2), 'difficulty_embrace': np.float64(48.6), 'defensive_survival': np.float64(58.31), 'force_multiplication': np.float64(41.65)}","{'scaling_efficiency': np.float64(77.48042142230024), 'pressure_appetite': np.float64(60.36363636363636), 'creation_tools': np.float64(78.38333333333333), 'opportunity_response': np.float64(73.57142857142857), 'age_trajectory': np.float64(48.34)}",High
Stanley Johnson,2022-23,21.76,46.83,Role Player,Limited Scaling,Role Player,-0.03266666666666666,2,4,Hides,False,"Low CII 21.8, low TII 46.8, no creation tools","{'self_created': np.float64(27.54), 'pressure_appetite': np.float64(27.28), 'difficulty_embrace': np.float64(7.97), 'defensive_survival': np.float64(27.89), 'force_multiplication': np.float64(8.96)}","{'scaling_efficiency': np.float64(29.051649817756694), 'pressure_appetite': np.float64(49.45045045045049), 'creation_tools': np.float64(35.40019775873434), 'opportunity_response': np.float64(76.70857142857143), 'age_trajectory': np.float64(71.66)}",High
Stephen Curry,2022-23,74.61,73.36,Strong Creator,High Scaling,Franchise Engine,0.07428571428571426,7,0,Steps Up,True,CII 74.6 >= 74: Already elite creator,"{'self_created': np.float64(79.58), 'pressure_appetite': np.float64(87.5), 'difficulty_embrace': np.float64(67.84), 'defensive_survival': np.float64(67.03), 'force_multiplication': np.float64(52.42)}","{'scaling_efficiency': np.float64(74.39064532205326), 'pressure_appetite': np.float64(77.72592592592592), 'creation_tools': np.float64(83.53333333333333), 'opportunity_response': np.float64(86.0), 'age_trajectory': np.int64(20)}",High
Steven Adams,2022-23,18.06,27.51,Role Player,Low Scaling,Role Player,-0.048166666666666635,0,6,Hides,False,"Low CII 18.1, low TII 27.5, no creation tools","{'self_created': np.float64(24.44), 'pressure_appetite': np.float64(12.95), 'difficulty_embrace': np.float64(0.0), 'defensive_survival': np.float64(43.51), 'force_multiplication': np.float64(9.63)}","{'scaling_efficiency': np.float64(12.403348045159373), 'pressure_appetite': np.float64(27.599999999999998), 'creation_tools': np.float64(11.0), 'opportunity_response': np.float64(60.142857142857146), 'age_trajectory': np.float64(56.67)}",High
T.J. McConnell,2022-23,46.96,74.81,Fragile Star,High Scaling,Strong Creator,0.0033333333333333344,3,3,Mixed,True,"Mixed career leverage (+0.003), CII 47.0, TII 74.8 + Tools: High potential (Age 31 > 28, reclassified from Latent Engine)","{'self_created': np.float64(56.82), 'pressure_appetite': np.float64(58.52), 'difficulty_embrace': np.float64(26.47), 'defensive_survival': np.float64(41.49), 'force_multiplication': np.float64(37.69)}","{'scaling_efficiency': np.float64(89.14285714285714), 'pressure_appetite': np.float64(70.3956043956044), 'creation_tools': np.float64(77.01563477173234), 'opportunity_response': np.float64(73.73428571428572), 'age_trajectory': np.float64(40.01)}",High
Taj Gibson,2022-23,11.45,27.52,Role Player,Low Scaling,Luxury Amplifier,-0.053499999999999964,1,5,Hides,True,"Negative career leverage (-0.053, 1+/5-) BUT has creation tools: Thrives as #2","{'self_created': np.float64(9.54), 'pressure_appetite': np.float64(10.0), 'difficulty_embrace': np.float64(15.1), 'defensive_survival': np.float64(17.89), 'force_multiplication': np.float64(3.84)}","{'scaling_efficiency': np.float64(22.548748775422226), 'pressure_appetite': np.float64(18.400000000000038), 'creation_tools': np.float64(28.581796155709903), 'opportunity_response': np.float64(56.24), 'age_trajectory': np.int64(20)}",High
Talen Horton-Tucker,2022-23,37.31,54.92,Role Player,Moderate Scaling,Role Player,-0.039,0,2,Hides,False,"Low CII 37.3, low TII 54.9","{'self_created': np.float64(31.18), 'pressure_appetite': np.float64(46.34), 'difficulty_embrace': np.float64(23.7), 'defensive_survival': np.float64(46.67), 'force_multiplication': np.float64(46.29)}","{'scaling_efficiency': np.float64(42.77788617886179), 'pressure_appetite': np.float64(54.352), 'creation_tools': np.float64(56.27926829268292), 'opportunity_response': np.float64(48.31428571428572), 'age_trajectory': np.int64(100)}",Medium
Tari Eason,2022-23,12.57,28.27,Role Player,Low Scaling,Role Player,-0.0549999999999999,0,1,Hides,False,"Low CII 12.6, low TII 28.3","{'self_created': np.float64(14.36), 'pressure_appetite': np.float64(14.83), 'difficulty_embrace': np.float64(2.39), 'defensive_survival': np.float64(14.43), 'force_multiplication': np.float64(19.11)}","{'scaling_efficiency': np.float64(9.908935181824782), 'pressure_appetite': np.float64(18.00000000000004), 'creation_tools': np.float64(16.865411806291977), 'opportunity_response': np.float64(49.51428571428572), 'age_trajectory': np.int64(100)}",Medium
Taurean Prince,2022-23,15.86,38.55,Role Player,Limited Scaling,Role Player,-0.049999999999999954,0,4,Hides,False,"Low CII 15.9, low TII 38.5, no creation tools","{'self_created': np.float64(5.5), 'pressure_appetite': np.float64(14.09), 'difficulty_embrace': np.float64(13.01), 'defensive_survival': np.float64(45.93), 'force_multiplication': np.float64(11.94)}","{'scaling_efficiency': np.float64(27.501685165191095), 'pressure_appetite': np.float64(23.6), 'creation_tools': np.float64(37.16510224193151), 'opportunity_response': np.float64(75.33714285714287), 'age_trajectory': np.float64(56.67)}",High
Terance Mann,2022-23,21.77,48.43,Role Player,Limited Scaling,Role Player,0.006666666666666698,1,2,Mixed,False,"Low CII 21.8, low TII 48.4","{'self_created': np.float64(25.59), 'pressure_appetite': np.float64(15.52), 'difficulty_embrace': np.float64(12.8), 'defensive_survival': np.float64(38.02), 'force_multiplication': np.float64(19.47)}","{'scaling_efficiency': np.float64(41.23578661869507), 'pressure_appetite': np.float64(27.599999999999998), 'creation_tools': np.float64(43.805873847329075), 'opportunity_response': np.float64(83.78), 'age_trajectory': np.float64(78.33)}",Medium
Terry Rozier,2022-23,57.7,61.66,Luxury Amplifier,Moderate Scaling,Luxury Amplifier,-0.014142857142857191,4,3,Mixed,True,"Negative career leverage (-0.014, 4+/3-) BUT has creation tools: Thrives as #2","{'self_created': np.float64(50.46), 'pressure_appetite': np.float64(67.04), 'difficulty_embrace': np.float64(63.49), 'defensive_survival': np.float64(56.37), 'force_multiplication': np.float64(46.45)}","{'scaling_efficiency': np.float64(44.64030293700255), 'pressure_appetite': np.float64(68.5007633587786), 'creation_tools': np.float64(81.61666666666667), 'opportunity_response': np.float64(61.0), 'age_trajectory': np.float64(56.67)}",High
Thaddeus Young,2022-23,16.49,22.75,Role Player,Low Scaling,Role Player,-0.05171428571428568,0,7,Hides,False,"Low CII 16.5, low TII 22.8, no creation tools","{'self_created': np.float64(20.98), 'pressure_appetite': np.float64(10.0), 'difficulty_embrace': np.float64(5.0), 'defensive_survival': np.float64(40.07), 'force_multiplication': np.float64(6.81)}","{'scaling_efficiency': np.float64(18.32074457648015), 'pressure_appetite': np.float64(17.200000000000003), 'creation_tools': np.float64(17.575454601874263), 'opportunity_response': np.float64(49.6), 'age_trajectory': np.int64(20)}",High
Thomas Bryant,2022-23,30.2,52.5,Role Player,Moderate Scaling,Developing Engine,0.0195,2,2,Steps Up,False,"Positive career leverage (+0.019), CII 30.2 still developing","{'self_created': np.float64(0.55), 'pressure_appetite': np.float64(65.67), 'difficulty_embrace': np.float64(7.4), 'defensive_survival': np.float64(63.6), 'force_multiplication': np.float64(26.0)}","{'scaling_efficiency': np.float64(18.914632991318072), 'pressure_appetite': np.float64(90.3), 'creation_tools': np.float64(19.3153842698648), 'opportunity_response': np.float64(79.25428571428571), 'age_trajectory': np.float64(85.0)}",High
Tim Hardaway Jr.,2022-23,19.62,40.92,Role Player,Limited Scaling,Role Player,-0.024142857142857115,1,6,Hides,False,"Low CII 19.6, low TII 40.9, no creation tools","{'self_created': np.float64(13.91), 'pressure_appetite': np.float64(18.57), 'difficulty_embrace': np.float64(26.36), 'defensive_survival': np.float64(29.19), 'force_multiplication': np.float64(11.49)}","{'scaling_efficiency': np.float64(33.50471250305849), 'pressure_appetite': np.float64(20.0), 'creation_tools': np.float64(62.11470088581483), 'opportunity_response': np.float64(62.971428571428575), 'age_trajectory': np.float64(40.01)}",High
Tobias Harris,2022-23,22.13,50.2,Role Player,Moderate Scaling,Role Player,-0.04712499999999996,1,7,Hides,False,"Low CII 22.1, low TII 50.2, no creation tools","{'self_created': np.float64(28.21), 'pressure_appetite': np.float64(13.33), 'difficulty_embrace': np.float64(16.33), 'defensive_survival': np.float64(35.85), 'force_multiplication': np.float64(16.93)}","{'scaling_efficiency': np.float64(56.18119893088964), 'pressure_appetite': np.float64(16.0), 'creation_tools': np.float64(59.19159891598916), 'opportunity_response': np.float64(84.5), 'age_trajectory': np.float64(48.34)}",High
Torrey Craig,2022-23,13.39,33.04,Role Player,Low Scaling,Role Player,-0.020999999999999974,0,4,Hides,False,"Low CII 13.4, low TII 33.0, no creation tools","{'self_created': np.float64(5.25), 'pressure_appetite': np.float64(22.68), 'difficulty_embrace': np.float64(5.09), 'defensive_survival': np.float64(31.23), 'force_multiplication': np.float64(4.45)}","{'scaling_efficiency': np.float64(12.986300684079595), 'pressure_appetite': np.float64(48.78645833333337), 'creation_tools': np.float64(23.620731707317074), 'opportunity_response': np.float64(58.17142857142857), 'age_trajectory': np.float64(35.0)}",High
Trae Young,2022-23,76.02,79.29,Strong Creator,High Scaling,Franchise Engine,0.0867999999999999,5,0,Steps Up,True,CII 76.0 >= 74: Already elite creator,"{'self_created': np.float64(84.77), 'pressure_appetite': np.float64(76.27), 'difficulty_embrace': np.float64(74.49), 'defensive_survival': np.float64(67.39), 'force_multiplication': np.float64(65.15)}","{'scaling_efficiency': np.float64(79.21415311034477), 'pressure_appetite': np.float64(73.61150159744408), 'creation_tools': np.float64(81.85), 'opportunity_response': np.float64(78.32857142857142), 'age_trajectory': np.float64(90.0)}",High
Tre Jones,2022-23,48.55,72.05,Fragile Star,High Scaling,Latent Engine,0.0195,1,0,Steps Up,True,"Medium CII 48.5, high TII 72.0, has tools","{'self_created': np.float64(45.16), 'pressure_appetite': np.float64(58.71), 'difficulty_embrace': np.float64(33.53), 'defensive_survival': np.float64(63.7), 'force_multiplication': np.float64(40.68)}","{'scaling_efficiency': np.float64(61.14608879257655), 'pressure_appetite': np.float64(81.92698412698412), 'creation_tools': np.float64(76.6), 'opportunity_response': np.float64(56.028571428571425), 'age_trajectory': np.float64(95.0)}",Medium
Tre Mann,2022-23,33.73,55.01,Role Player,Moderate Scaling,Developing Prospect,-0.002,1,1,Mixed,False,"Low CII 33.7, moderate TII 55.0","{'self_created': np.float64(26.23), 'pressure_appetite': np.float64(47.27), 'difficulty_embrace': np.float64(29.07), 'defensive_survival': np.float64(36.29), 'force_multiplication': np.float64(27.87)}","{'scaling_efficiency': np.float64(35.59502487562189), 'pressure_appetite': np.float64(59.99999999999997), 'creation_tools': np.float64(62.02235772357723), 'opportunity_response': np.float64(46.17142857142857), 'age_trajectory': np.int64(100)}",Medium
Trendon Watford,2022-23,17.61,41.12,Role Player,Limited Scaling,Role Player,-0.036,0,1,Hides,False,"Low CII 17.6, low TII 41.1","{'self_created': np.float64(16.32), 'pressure_appetite': np.float64(15.0), 'difficulty_embrace': np.float64(3.7), 'defensive_survival': np.float64(47.02), 'force_multiplication': np.float64(11.7)}","{'scaling_efficiency': np.float64(28.420577875619156), 'pressure_appetite': np.float64(25.600000000000005), 'creation_tools': np.float64(20.970536173716166), 'opportunity_response': np.float64(80.00857142857143), 'age_trajectory': np.int64(100)}",Medium
Trey Lyles,2022-23,15.21,41.92,Role Player,Limited Scaling,Role Player,-0.05619999999999995,0,5,Hides,False,"Low CII 15.2, low TII 41.9, no creation tools","{'self_created': np.float64(1.24), 'pressure_appetite': np.float64(27.61), 'difficulty_embrace': np.float64(2.86), 'defensive_survival': np.float64(43.44), 'force_multiplication': np.float64(8.49)}","{'scaling_efficiency': np.float64(17.113495233425944), 'pressure_appetite': np.float64(57.70114942528739), 'creation_tools': np.float64(17.516489113166994), 'opportunity_response': np.float64(77.93428571428572), 'age_trajectory': np.float64(71.66)}",High
Trey Murphy III,2022-23,18.19,53.43,Role Player,Moderate Scaling,Role Player,-0.011,0,1,Mixed,False,"Low CII 18.2, low TII 53.4","{'self_created': np.float64(3.69), 'pressure_appetite': np.float64(28.85), 'difficulty_embrace': np.float64(7.41), 'defensive_survival': np.float64(51.2), 'force_multiplication': np.float64(7.09)}","{'scaling_efficiency': np.float64(30.022708761442182), 'pressure_appetite': np.float64(61.088050314465406), 'creation_tools': np.float64(29.83379096998517), 'opportunity_response': np.float64(91.22857142857143), 'age_trajectory': np.float64(95.0)}",Medium
Tyrese Haliburton,2022-23,71.1,85.86,Strong Creator,Elite Scaling,Latent Engine,-0.011999999999999964,1,2,Mixed,False,"CII 71.1, TII 85.9: High potential (limited career data)","{'self_created': np.float64(90.68), 'pressure_appetite': np.float64(66.43), 'difficulty_embrace': np.float64(62.21), 'defensive_survival': np.float64(67.85), 'force_multiplication': np.float64(46.73)}","{'scaling_efficiency': np.float64(92.80426632191339), 'pressure_appetite': np.float64(74.49747899159662), 'creation_tools': np.float64(82.7), 'opportunity_response': np.float64(89.0), 'age_trajectory': np.float64(95.0)}",Medium
Tyrese Maxey,2022-23,40.3,66.05,Fragile Star,High Scaling,Developing Prospect,-0.03649999999999995,0,2,Hides,True,"Low CII 40.3, moderate TII 66.0","{'self_created': np.float64(54.6), 'pressure_appetite': np.float64(25.36), 'difficulty_embrace': np.float64(43.93), 'defensive_survival': np.float64(36.2), 'force_multiplication': np.float64(33.66)}","{'scaling_efficiency': np.float64(72.15363819497759), 'pressure_appetite': np.float64(18.80000000000004), 'creation_tools': np.float64(81.78333333333333), 'opportunity_response': np.float64(89.0), 'age_trajectory': np.int64(100)}",Medium
Tyus Jones,2022-23,30.91,52.38,Role Player,Moderate Scaling,Luxury Amplifier,-0.05324999999999998,0,4,Hides,True,"Negative career leverage (-0.053, 0+/4-) BUT has creation tools: Thrives as #2","{'self_created': np.float64(39.58), 'pressure_appetite': np.float64(13.17), 'difficulty_embrace': np.float64(33.53), 'defensive_survival': np.float64(52.01), 'force_multiplication': np.float64(12.4)}","{'scaling_efficiency': np.float64(58.72714285714287), 'pressure_appetite': np.float64(17.600000000000044), 'creation_tools': np.float64(77.16666666666667), 'opportunity_response': np.float64(51.74285714285714), 'age_trajectory': np.float64(71.66)}",High
Usman Garuba,2022-23,21.76,42.02,Role Player,Limited Scaling,Role Player,0.0259999999999999,1,0,Steps Up,False,"Low CII 21.8, low TII 42.0","{'self_created': np.float64(6.7), 'pressure_appetite': np.float64(44.17), 'difficulty_embrace': np.float64(0.0), 'defensive_survival': np.float64(53.61), 'force_multiplication': np.float64(6.63)}","{'scaling_efficiency': np.float64(11.545061224489789), 'pressure_appetite': np.float64(80.19999999999999), 'creation_tools': np.float64(6.5), 'opportunity_response': np.float64(48.05714285714286), 'age_trajectory': np.int64(100)}",Medium
Walker Kessler,2022-23,14.15,36.35,Role Player,Limited Scaling,Role Player,-0.032,0,1,Hides,False,"Low CII 14.2, low TII 36.4","{'self_created': np.float64(15.54), 'pressure_appetite': np.float64(10.23), 'difficulty_embrace': np.float64(0.6), 'defensive_survival': np.float64(38.21), 'force_multiplication': np.float64(10.77)}","{'scaling_efficiency': np.float64(17.802914979757084), 'pressure_appetite': np.float64(27.199999999999996), 'creation_tools': np.float64(8.3), 'opportunity_response': np.float64(83.68571428571428), 'age_trajectory': np.int64(100)}",Medium
Wendell Carter Jr.,2022-23,18.85,43.44,Role Player,Limited Scaling,Role Player,-0.04459999999999996,0,5,Hides,False,"Low CII 18.9, low TII 43.4, no creation tools","{'self_created': np.float64(11.46), 'pressure_appetite': np.float64(18.67), 'difficulty_embrace': np.float64(12.79), 'defensive_survival': np.float64(42.7), 'force_multiplication': np.float64(17.82)}","{'scaling_efficiency': np.float64(29.973331454737583), 'pressure_appetite': np.float64(19.20000000000004), 'creation_tools': np.float64(35.824828630639246), 'opportunity_response': np.float64(89.90857142857143), 'age_trajectory': np.float64(90.0)}",High
Xavier Tillman,2022-23,16.8,44.68,Role Player,Limited Scaling,Role Player,-0.021,0,1,Hides,False,"Low CII 16.8, low TII 44.7","{'self_created': np.float64(10.67), 'pressure_appetite': np.float64(18.24), 'difficulty_embrace': np.float64(4.0), 'defensive_survival': np.float64(48.9), 'force_multiplication': np.float64(9.04)}","{'scaling_efficiency': np.float64(20.469164177269654), 'pressure_appetite': np.float64(56.220588235294116), 'creation_tools': np.float64(17.25485413677666), 'opportunity_response': np.float64(80.19714285714286), 'age_trajectory': np.float64(90.0)}",Medium
Zach Collins,2022-23,30.79,49.3,Role Player,Limited Scaling,Role Player,0.032,1,0,Steps Up,False,"Low CII 30.8, low TII 49.3","{'self_created': np.float64(16.03), 'pressure_appetite': np.float64(57.69), 'difficulty_embrace': np.float64(7.19), 'defensive_survival': np.float64(43.82), 'force_multiplication': np.float64(35.52)}","{'scaling_efficiency': np.float64(19.916727365185032), 'pressure_appetite': np.float64(71.46220095693779), 'creation_tools': np.float64(22.117592484537283), 'opportunity_response': np.float64(83.59142857142857), 'age_trajectory': np.float64(85.0)}",Medium
Zach LaVine,2022-23,64.68,71.73,Luxury Amplifier,High Scaling,Latent Engine,0.052375000000000005,6,2,Steps Up,True,"Positive career leverage (+0.052, 6+/2-), CII 64.7, TII 71.7: Can be #1","{'self_created': np.float64(76.03), 'pressure_appetite': np.float64(62.7), 'difficulty_embrace': np.float64(58.44), 'defensive_survival': np.float64(59.91), 'force_multiplication': np.float64(55.19)}","{'scaling_efficiency': np.float64(68.56113257808268), 'pressure_appetite': np.float64(62.73237410071939), 'creation_tools': np.float64(80.38333333333333), 'opportunity_response': np.float64(86.0), 'age_trajectory': np.float64(64.99000000000001)}",High
Zion Williamson,2022-23,45.03,54.06,Fragile Star,Moderate Scaling,Luxury Amplifier,-0.0106666666666666,1,2,Mixed,False,"CII 45.0, limited scaling TII 54.1","{'self_created': np.float64(46.86), 'pressure_appetite': np.float64(65.71), 'difficulty_embrace': np.float64(7.59), 'defensive_survival': np.float64(46.06), 'force_multiplication': np.float64(61.18)}","{'scaling_efficiency': np.float64(29.39244796520659), 'pressure_appetite': np.float64(64.20833333333333), 'creation_tools': np.float64(31.47339656729901), 'opportunity_response': np.float64(86.0), 'age_trajectory': np.int64(100)}",Medium
