player_name,season,cii,archetype,confidence,cii_self_created,cii_pressure_appetite,cii_difficulty_embrace,cii_defensive_survival,cii_force_multiplication
Aaron Brooks,2015-16,46.98,Fragile Star,High,35.64,46.7,53.6,73.35,28.87
Aaron Gordon,2015-16,21.42,Role Player,High,17.98,13.5,10.74,47.16,34.3
Al Horford,2015-16,18.32,Role Player,High,1.36,35.97,0.0,36.83,33.93
Al Jefferson,2015-16,21.07,Role Player,High,13.1,24.58,4.87,39.27,41.32
Al-Farouq Aminu,2015-16,17.99,Role Player,High,8.71,23.85,5.88,33.8,31.69
Alec Burks,2015-16,52.33,Fragile Star,High,42.71,61.65,51.6,72.18,29.57
Alex Len,2015-16,11.76,Role Player,High,5.89,12.0,0.0,22.4,36.35
Allen Crabbe,2015-16,13.79,Role Player,High,8.42,10.0,1.5,37.76,27.97
Alonzo Gee,2015-16,18.67,Role Player,High,7.48,11.15,11.21,53.77,33.34
Amir Johnson,2015-16,19.79,Role Player,High,13.96,21.88,2.95,43.26,30.58
Andre Drummond,2015-16,30.04,Role Player,High,12.0,46.91,11.27,53.14,44.92
Andre Iguodala,2015-16,24.89,Role Player,High,11.69,30.55,8.46,58.83,32.27
Andre Roberson,2015-16,10.98,Role Player,High,2.6,10.0,0.0,31.69,29.48
Andrew Bogut,2015-16,16.5,Role Player,High,5.35,22.68,0.0,41.95,29.3
Andrew Nicholson,2015-16,30.39,Role Player,High,23.29,44.8,9.65,47.4,31.68
Andrew Wiggins,2015-16,51.42,Fragile Star,High,37.34,68.1,40.22,72.36,42.98
Anthony Davis,2015-16,27.28,Role Player,High,15.65,44.34,3.67,42.24,44.31
Arron Afflalo,2015-16,41.06,Fragile Star,High,27.13,63.17,27.34,54.69,34.6
Austin Rivers,2015-16,32.91,Role Player,High,29.59,12.0,42.53,62.0,32.25
Ben McLemore,2015-16,15.71,Role Player,High,5.68,19.47,4.77,33.21,32.04
Beno Udrih,2015-16,31.93,Role Player,High,25.53,10.0,48.2,62.0,28.32
Bismack Biyombo,2015-16,12.48,Role Player,High,6.38,10.0,0.0,32.95,31.25
Blake Griffin,2015-16,37.73,Role Player,High,23.38,53.88,19.56,61.69,40.76
Bojan Bogdanovic,2015-16,22.06,Role Player,High,12.89,14.67,15.93,54.3,31.92
Bradley Beal,2015-16,44.44,Fragile Star,High,40.07,47.52,35.18,69.16,31.3
Brandon Bass,2015-16,19.69,Role Player,High,5.2,27.35,4.19,46.93,34.11
Brandon Jennings,2015-16,38.09,Role Player,High,32.25,36.98,46.59,47.0,27.98
Brandon Knight,2015-16,57.53,Luxury Amplifier,High,58.6,58.52,75.83,47.0,31.04
Brook Lopez,2015-16,29.49,Role Player,High,22.56,40.5,8.35,37.41,53.16
CJ McCollum,2015-16,58.65,Luxury Amplifier,High,62.11,50.71,69.71,69.23,30.14
CJ Miles,2015-16,19.43,Role Player,High,13.63,16.33,8.8,43.14,30.32
Carmelo Anthony,2015-16,60.67,Luxury Amplifier,High,53.84,80.32,48.95,66.67,46.48
Chandler Parsons,2015-16,27.39,Role Player,High,27.29,17.17,18.47,53.46,31.94
Chris Bosh,2015-16,27.33,Role Player,High,17.33,50.32,1.1,37.25,37.47
Chris Johnson,2015-16,13.01,Role Player,High,7.01,10.0,4.44,30.85,28.93
Chris Paul,2015-16,71.89,Strong Creator,High,85.1,60.36,84.23,75.22,31.38
Cody Zeller,2015-16,11.67,Role Player,High,1.87,10.0,0.0,34.16,34.81
Cory Joseph,2015-16,35.63,Role Player,High,35.68,10.0,60.2,47.0,33.35
Courtney Lee,2015-16,20.53,Role Player,High,14.7,12.45,9.47,53.71,30.58
D'Angelo Russell,2015-16,48.02,Fragile Star,High,40.56,42.56,59.89,67.73,30.72
D.J. Augustin,2015-16,43.43,Fragile Star,High,47.9,18.33,58.4,65.93,29.05
Damian Lillard,2015-16,75.98,Strong Creator,High,76.99,80.11,93.5,72.39,32.94
Danilo Gallinari,2015-16,37.33,Role Player,High,33.71,39.52,26.94,53.71,38.9
Danny Green,2015-16,14.36,Role Player,High,4.03,22.79,2.5,27.94,27.66
Dante Cunningham,2015-16,14.42,Role Player,High,0.65,32.36,0.0,21.59,28.99
Darrell Arthur,2015-16,11.76,Role Player,High,1.41,20.45,0.0,22.37,28.72
Darren Collison,2015-16,50.65,Fragile Star,High,52.21,43.86,50.06,71.39,32.99
David West,2015-16,11.59,Role Player,High,2.06,10.0,0.0,35.86,30.97
DeAndre Jordan,2015-16,19.39,Role Player,High,2.83,36.38,0.0,41.23,32.58
DeMar DeRozan,2015-16,63.79,Luxury Amplifier,High,60.76,79.95,55.6,72.52,35.79
DeMarcus Cousins,2015-16,40.33,Fragile Star,High,20.46,76.96,16.48,45.55,48.22
DeMarre Carroll,2015-16,16.76,Role Player,High,9.3,10.0,8.74,45.63,28.81
Dennis Schröder,2015-16,48.84,Fragile Star,High,37.47,47.72,62.1,66.32,33.0
Derrick Favors,2015-16,21.45,Role Player,High,15.01,29.14,3.91,30.37,43.24
Derrick Rose,2015-16,56.53,Luxury Amplifier,High,47.1,66.79,67.5,60.19,31.73
Derrick Williams,2015-16,23.05,Role Player,High,17.03,24.01,14.45,38.8,32.25
Devin Booker,2015-16,37.43,Role Player,High,31.87,30.0,38.15,63.43,32.22
Devin Harris,2015-16,24.4,Role Player,High,19.65,10.5,17.16,60.14,34.3
Dewayne Dedmon,2015-16,10.89,Role Player,High,2.72,10.0,0.0,31.67,28.25
Dion Waiters,2015-16,26.77,Role Player,High,25.43,10.0,31.93,47.0,32.03
Dirk Nowitzki,2015-16,30.73,Role Player,High,18.02,62.06,0.5,38.72,39.04
Donald Sloan,2015-16,39.37,Role Player,High,31.16,23.74,57.0,62.0,33.83
Doug McDermott,2015-16,12.64,Role Player,High,4.97,10.0,1.0,37.43,28.37
Draymond Green,2015-16,29.76,Role Player,High,12.04,48.36,14.17,49.6,37.79
Dwight Howard,2015-16,17.0,Role Player,High,10.84,13.0,5.53,38.05,36.81
Dwyane Wade,2015-16,63.36,Luxury Amplifier,High,50.23,90.0,54.0,74.15,38.71
E'Twaun Moore,2015-16,30.17,Role Player,High,26.4,13.1,33.65,62.0,29.45
Ed Davis,2015-16,18.76,Role Player,High,24.82,10.0,0.0,37.16,32.36
Elfrid Payton,2015-16,51.17,Fragile Star,High,30.76,66.5,65.0,59.87,33.37
Emmanuel Mudiay,2015-16,53.37,Fragile Star,High,40.89,55.29,70.5,66.4,32.21
Enes Freedom,2015-16,19.46,Role Player,High,23.37,13.0,1.11,35.78,36.14
Eric Bledsoe,2015-16,66.49,Luxury Amplifier,High,68.99,70.06,76.12,67.5,29.3
Eric Gordon,2015-16,26.86,Role Player,High,24.09,22.75,13.94,55.18,28.77
Ersan Ilyasova,2015-16,13.28,Role Player,High,7.61,16.83,3.0,21.78,29.21
Evan Fournier,2015-16,33.95,Role Player,High,28.19,33.27,20.84,64.97,32.58
Evan Turner,2015-16,43.16,Fragile Star,High,38.9,31.61,50.1,68.9,32.32
Festus Ezeli,2015-16,10.17,Role Player,High,0.45,10.0,0.0,30.79,29.14
Frank Kaminsky,2015-16,14.91,Role Player,High,5.82,20.68,3.4,28.96,29.67
Garrett Temple,2015-16,21.14,Role Player,High,7.59,29.29,5.69,47.94,32.15
Gary Harris,2015-16,21.12,Role Player,High,13.84,12.83,13.26,52.59,32.18
Gary Neal,2015-16,41.13,Fragile Star,High,35.98,46.94,24.7,72.9,27.23
George Hill,2015-16,35.03,Role Player,High,36.08,10.0,46.54,62.0,31.0
Gerald Green,2015-16,18.19,Role Player,High,14.26,16.17,9.57,33.28,29.65
Gerald Henderson,2015-16,24.18,Role Player,High,23.3,13.0,20.44,47.0,27.97
Giannis Antetokounmpo,2015-16,39.77,Role Player,High,34.29,26.33,47.22,64.86,37.29
Goran Dragic,2015-16,44.68,Fragile Star,High,48.92,11.83,72.7,62.0,32.07
Gordon Hayward,2015-16,49.03,Fragile Star,High,47.46,52.44,41.48,66.46,34.15
Gorgui Dieng,2015-16,21.07,Role Player,High,10.3,33.71,0.0,39.6,36.12
Greg Monroe,2015-16,27.82,Role Player,High,19.66,31.91,11.57,47.04,45.74
Harrison Barnes,2015-16,17.82,Role Player,High,12.01,12.5,4.6,45.35,33.74
Hassan Whiteside,2015-16,22.97,Role Player,High,16.63,32.53,0.0,40.75,37.38
Hollis Thompson,2015-16,10.69,Role Player,High,3.69,10.0,1.0,27.24,27.93
Ian Mahinmi,2015-16,16.73,Role Player,High,5.09,23.52,0.0,38.06,36.14
Iman Shumpert,2015-16,18.93,Role Player,High,11.44,16.18,10.69,41.95,30.24
Isaiah Canaan,2015-16,30.54,Role Player,High,23.79,29.59,29.41,47.0,30.71
Isaiah Thomas,2015-16,65.08,Luxury Amplifier,High,57.63,68.1,81.0,74.01,34.6
Ish Smith,2015-16,59.87,Luxury Amplifier,High,46.1,79.17,70.7,59.23,32.2
J.J. Barea,2015-16,52.44,Fragile Star,High,47.33,47.79,66.2,66.86,30.27
JJ Redick,2015-16,22.2,Role Player,High,14.27,30.06,6.0,42.67,28.08
JR Smith,2015-16,22.2,Role Player,High,18.96,10.0,15.82,53.55,28.15
JaKarr Sampson,2015-16,25.69,Role Player,High,10.84,30.0,18.82,54.32,30.25
Jabari Parker,2015-16,22.77,Role Player,High,13.37,14.67,17.68,52.9,36.19
Jae Crowder,2015-16,18.23,Role Player,High,7.17,25.55,3.5,40.14,29.7
Jahlil Okafor,2015-16,38.27,Role Player,High,34.76,24.5,36.88,62.0,50.38
Jamal Crawford,2015-16,44.09,Fragile Star,High,48.28,27.7,51.4,62.0,31.0
Jameer Nelson,2015-16,46.37,Fragile Star,High,38.15,56.89,54.24,47.0,28.01
James Harden,2015-16,80.37,Franchise Engine,High,85.95,88.82,90.6,70.79,36.4
Jared Dudley,2015-16,14.89,Role Player,High,1.09,28.22,0.0,31.33,28.11
Jared Sullinger,2015-16,17.43,Role Player,High,8.91,23.89,3.82,29.94,35.28
Jarrett Jack,2015-16,52.98,Fragile Star,High,48.72,49.07,74.7,56.04,27.48
Jason Smith,2015-16,8.32,Role Player,High,0.48,10.0,0.0,19.8,27.01
Jason Terry,2015-16,28.48,Role Player,High,9.61,53.46,6.09,55.27,27.21
Jeff Green,2015-16,37.63,Role Player,High,23.21,46.94,27.5,66.91,33.97
Jeff Teague,2015-16,62.43,Luxury Amplifier,High,54.23,70.62,72.2,71.12,33.99
Jerami Grant,2015-16,20.19,Role Player,High,5.44,25.12,14.87,37.42,36.92
Jeremy Lin,2015-16,38.39,Role Player,High,34.9,27.66,48.46,52.56,34.33
Jerian Grant,2015-16,48.38,Fragile Star,High,26.18,71.33,47.2,68.22,30.25
Jerryd Bayless,2015-16,32.78,Role Player,High,20.8,33.54,24.82,67.74,30.28
Jimmy Butler III,2015-16,56.65,Luxury Amplifier,High,47.72,64.42,56.52,74.58,37.42
Joakim Noah,2015-16,11.84,Role Player,High,9.51,10.0,0.68,23.22,28.69
Joe Ingles,2015-16,13.12,Role Player,High,10.42,10.0,2.5,28.68,26.89
Joe Johnson,2015-16,48.41,Fragile Star,High,39.71,62.17,39.71,66.11,30.99
Joffrey Lauvergne,2015-16,16.64,Role Player,High,7.06,20.2,2.56,39.12,30.92
John Henson,2015-16,12.98,Role Player,High,4.33,16.17,0.0,30.9,30.03
John Wall,2015-16,68.49,Luxury Amplifier,High,61.76,82.67,76.67,71.5,32.4
Jon Leuer,2015-16,17.74,Role Player,High,10.99,29.92,0.59,26.16,29.26
Jonas Jerebko,2015-16,16.41,Role Player,High,0.77,39.77,0.0,22.87,28.07
Jonas Valančiūnas,2015-16,19.62,Role Player,High,21.39,17.17,0.13,34.45,37.12
Jordan Clarkson,2015-16,48.83,Fragile Star,High,39.37,47.13,57.02,71.27,31.45
Jose Calderon,2015-16,31.76,Role Player,High,35.92,10.0,31.64,62.0,28.57
Josh Richardson,2015-16,23.91,Role Player,High,17.7,10.0,20.07,59.55,31.5
Jrue Holiday,2015-16,62.71,Luxury Amplifier,High,56.84,69.51,71.4,71.89,32.18
Julius Randle,2015-16,30.98,Role Player,High,20.87,20.93,42.3,48.7,37.21
Justin Holiday,2015-16,15.72,Role Player,High,4.26,10.0,8.08,49.33,29.23
Justise Winslow,2015-16,22.7,Role Player,High,8.76,26.69,11.64,51.62,33.3
Karl-Anthony Towns,2015-16,20.71,Role Player,High,16.02,24.85,0.5,36.52,41.16
Kawhi Leonard,2015-16,48.91,Fragile Star,High,50.48,50.74,34.41,70.25,36.6
Kemba Walker,2015-16,73.89,Strong Creator,High,69.79,86.5,86.0,72.28,32.88
Kenneth Faried,2015-16,24.38,Role Player,High,10.84,45.4,0.0,41.94,34.82
Kent Bazemore,2015-16,29.08,Role Player,High,17.13,31.82,18.0,60.78,32.72
Kentavious Caldwell-Pope,2015-16,27.5,Role Player,High,28.21,14.17,26.45,47.0,31.54
Kevin Durant,2015-16,65.81,Luxury Amplifier,High,60.4,88.17,56.72,69.65,38.59
Kevin Garnett,2015-16,10.94,Role Player,High,1.03,20.4,0.0,18.8,27.08
Kevin Love,2015-16,15.21,Role Player,High,8.55,19.5,1.5,25.02,37.16
Kevin Seraphin,2015-16,15.84,Role Player,High,9.61,13.5,8.41,31.57,31.68
Khris Middleton,2015-16,52.5,Fragile Star,High,41.2,75.83,38.43,68.05,32.88
Klay Thompson,2015-16,23.16,Role Player,High,14.47,25.83,11.25,45.35,33.09
Kobe Bryant,2015-16,60.6,Luxury Amplifier,High,46.07,90.0,55.1,66.64,32.61
Kosta Koufos,2015-16,17.81,Role Player,High,4.14,29.74,0.31,40.44,30.03
Kristaps Porziņģis,2015-16,19.88,Role Player,High,12.35,33.94,1.0,26.75,34.82
Kyle Korver,2015-16,12.7,Role Player,High,6.44,10.0,3.5,32.34,27.12
Kyle Lowry,2015-16,66.27,Luxury Amplifier,High,65.5,65.04,83.62,68.39,33.78
Kyrie Irving,2015-16,66.43,Luxury Amplifier,High,63.07,72.43,77.7,71.45,31.45
LaMarcus Aldridge,2015-16,25.36,Role Player,High,20.87,31.77,4.44,41.33,40.66
Lance Stephenson,2015-16,44.55,Fragile Star,High,42.39,40.67,41.15,69.39,30.25
Lance Thomas,2015-16,19.45,Role Player,High,13.89,27.02,1.19,35.1,30.24
Langston Galloway,2015-16,32.43,Role Player,High,16.58,44.22,19.59,62.38,31.29
Larry Nance Jr.,2015-16,10.2,Role Player,High,4.73,10.0,0.0,22.44,29.12
LeBron James,2015-16,69.64,Luxury Amplifier,High,62.47,90.0,70.3,68.76,40.22
Lou Williams,2015-16,50.88,Fragile Star,High,54.64,44.29,47.78,69.66,34.1
Luis Scola,2015-16,16.09,Role Player,High,7.35,18.29,5.95,31.83,33.45
Luol Deng,2015-16,16.63,Role Player,High,10.33,20.62,2.83,32.12,29.92
Manu Ginobili,2015-16,33.95,Role Player,High,19.23,43.58,19.09,70.27,29.31
Marc Gasol,2015-16,29.81,Role Player,High,12.57,49.51,6.83,47.42,51.82
Marcin Gortat,2015-16,14.06,Role Player,High,1.52,17.81,0.0,35.15,38.79
Marco Belinelli,2015-16,19.25,Role Player,High,8.43,32.86,4.27,32.24,28.13
Marcus Morris Sr.,2015-16,29.48,Role Player,High,35.76,12.0,26.13,47.0,34.71
Marcus Smart,2015-16,25.92,Role Player,High,19.76,20.62,22.02,47.5,33.11
Marcus Thornton,2015-16,30.33,Role Player,High,19.45,36.53,22.46,53.5,28.48
Mario Chalmers,2015-16,52.19,Fragile Star,High,44.47,48.02,60.8,74.02,35.81
Mario Hezonja,2015-16,35.16,Role Player,High,15.74,67.17,8.84,60.2,28.43
Markel Brown,2015-16,26.19,Role Player,High,12.69,32.9,15.24,54.7,29.01
Markieff Morris,2015-16,19.97,Role Player,High,14.34,23.33,6.75,31.44,37.74
Marvin Williams,2015-16,12.79,Role Player,High,4.32,13.83,0.5,33.72,28.78
Mason Plumlee,2015-16,19.3,Role Player,High,10.54,12.83,10.71,44.61,40.92
Matt Barnes,2015-16,15.97,Role Player,High,4.74,26.29,2.5,30.52,28.94
Matthew Dellavedova,2015-16,30.64,Role Player,High,27.07,10.0,39.12,62.0,28.94
Maurice Harkless,2015-16,18.53,Role Player,High,12.06,17.07,6.06,42.72,30.25
Meyers Leonard,2015-16,19.7,Role Player,High,1.93,51.66,0.5,22.37,27.5
Michael Beasley,2015-16,35.86,Role Player,High,29.29,32.23,31.89,62.0,33.36
Michael Carter-Williams,2015-16,42.98,Fragile Star,High,30.48,29.84,65.0,66.71,33.67
Mike Conley,2015-16,56.99,Luxury Amplifier,High,50.63,60.13,70.86,62.0,33.01
Mike Dunleavy,2015-16,18.51,Role Player,High,2.93,33.02,2.0,41.41,27.69
Miles Plumlee,2015-16,12.12,Role Player,High,5.74,10.5,0.0,33.02,28.25
Mirza Teletovic,2015-16,18.41,Role Player,High,6.83,28.92,2.0,38.24,29.99
Monta Ellis,2015-16,56.5,Luxury Amplifier,High,43.34,71.33,59.36,71.11,31.23
Myles Turner,2015-16,13.35,Role Player,High,2.28,24.57,0.0,20.3,34.77
Nemanja Bjelica,2015-16,12.84,Role Player,High,4.29,10.0,1.29,40.08,27.85
Nene,2015-16,17.09,Role Player,High,14.03,13.5,6.42,29.73,37.58
Nerlens Noel,2015-16,24.99,Role Player,High,11.04,37.06,6.99,50.85,33.9
Nick Young,2015-16,20.89,Role Player,High,17.76,10.0,21.4,40.73,26.68
Nicolas Batum,2015-16,37.89,Role Player,High,34.83,37.72,29.65,59.66,31.31
Nik Stauskas,2015-16,21.3,Role Player,High,10.93,16.25,14.03,53.37,31.51
Nikola Jokić,2015-16,21.5,Role Player,High,17.07,21.63,5.33,42.04,35.95
Nikola Mirotic,2015-16,17.07,Role Player,High,4.34,27.29,2.5,36.41,29.83
Nikola Vučević,2015-16,25.22,Role Player,High,16.4,41.1,4.8,32.26,42.21
Norris Cole,2015-16,36.47,Role Player,High,39.45,10.0,49.87,62.0,28.63
O.J. Mayo,2015-16,21.59,Role Player,High,11.57,22.58,12.75,47.57,27.93
Omri Casspi,2015-16,15.39,Role Player,High,9.82,10.0,4.67,40.38,29.49
Otto Porter Jr.,2015-16,13.88,Role Player,High,8.2,10.0,1.0,39.09,28.58
P.J. Tucker,2015-16,23.72,Role Player,High,14.56,25.29,12.26,48.45,33.12
Patrick Beverley,2015-16,26.9,Role Player,High,24.78,10.0,24.13,60.77,30.25
Patrick Patterson,2015-16,10.59,Role Player,High,4.62,10.0,0.5,25.79,27.34
Patty Mills,2015-16,37.65,Role Player,High,23.92,55.81,18.18,66.67,28.86
Pau Gasol,2015-16,24.13,Role Player,High,11.11,39.51,5.76,36.98,42.23
Paul George,2015-16,55.66,Luxury Amplifier,High,55.38,62.47,47.66,69.8,34.27
Paul Millsap,2015-16,31.14,Role Player,High,14.24,49.26,13.38,51.39,41.67
Quincy Acy,2015-16,11.96,Role Player,High,6.31,10.0,0.0,31.63,28.25
Rajon Rondo,2015-16,42.33,Fragile Star,High,38.31,16.83,70.36,62.0,32.56
Ramon Sessions,2015-16,35.75,Role Player,High,34.13,12.33,47.6,62.0,36.08
Randy Foye,2015-16,25.07,Role Player,High,23.23,10.0,27.61,47.0,30.27
Raul Neto,2015-16,34.16,Role Player,High,29.56,28.24,26.19,67.28,29.03
Raymond Felton,2015-16,44.26,Fragile Star,High,34.35,44.19,49.32,65.66,31.97
Reggie Jackson,2015-16,73.28,Strong Creator,High,66.83,90.0,83.0,72.58,32.49
Richard Jefferson,2015-16,9.52,Role Player,High,1.41,10.0,1.0,24.33,27.48
Ricky Rubio,2015-16,38.64,Role Player,High,37.12,23.3,50.96,53.66,34.4
Robert Covington,2015-16,21.61,Role Player,High,4.25,44.07,4.0,37.52,28.85
Robin Lopez,2015-16,20.4,Role Player,High,24.51,20.45,0.0,29.25,35.51
Rodney Hood,2015-16,49.93,Fragile Star,High,44.97,57.98,44.96,66.31,30.09
Rodney Stuckey,2015-16,32.31,Role Player,High,26.38,21.13,42.1,48.9,33.61
Ronnie Price,2015-16,23.86,Role Player,High,20.31,18.0,16.37,48.11,27.81
Roy Hibbert,2015-16,12.62,Role Player,High,9.27,10.0,1.3,25.67,32.29
Rudy Gay,2015-16,38.01,Role Player,High,27.43,46.21,25.2,62.79,37.7
Rudy Gobert,2015-16,17.21,Role Player,High,16.68,13.41,0.0,37.13,32.81
Russell Westbrook,2015-16,72.78,Strong Creator,High,73.95,77.79,84.5,71.06,35.91
Ryan Anderson,2015-16,22.43,Role Player,High,27.7,11.83,10.21,35.53,37.92
Sasha Vujacic,2015-16,12.05,Role Player,High,3.34,15.79,1.5,27.44,26.85
Serge Ibaka,2015-16,9.25,Role Player,High,0.86,11.67,0.0,19.89,30.86
Seth Curry,2015-16,27.35,Role Player,High,29.18,10.0,20.3,62.0,27.41
Shabazz Muhammad,2015-16,20.6,Role Player,High,11.68,23.92,11.89,33.84,36.59
Shabazz Napier,2015-16,39.35,Role Player,High,24.91,41.0,44.0,67.02,27.74
Shane Larkin,2015-16,46.96,Fragile Star,High,34.9,42.67,59.7,70.94,32.44
Shaun Livingston,2015-16,35.59,Role Player,High,40.28,10.0,43.0,62.96,29.66
Shelvin Mack,2015-16,36.78,Role Player,High,34.24,19.67,57.4,47.0,30.63
Solomon Hill,2015-16,20.47,Role Player,High,13.78,15.69,11.96,46.73,30.1
Stephen Curry,2015-16,75.54,Strong Creator,High,76.86,90.0,79.37,72.84,31.78
Steven Adams,2015-16,13.2,Role Player,High,5.09,11.08,0.0,37.13,33.3
T.J. McConnell,2015-16,41.17,Fragile Star,High,37.23,26.7,55.9,62.0,28.43
T.J. Warren,2015-16,23.32,Role Player,High,18.75,16.5,14.46,51.25,29.93
Taj Gibson,2015-16,14.18,Role Player,High,12.73,10.0,2.92,25.71,34.24
Tayshaun Prince,2015-16,12.31,Role Player,High,3.09,11.67,2.1,35.16,27.73
Terrence Jones,2015-16,20.32,Role Player,High,4.77,23.6,11.47,47.43,35.81
Terrence Ross,2015-16,21.2,Role Player,High,13.67,21.38,8.69,47.9,28.28
Thabo Sefolosha,2015-16,15.24,Role Player,High,5.7,10.62,4.4,44.32,33.43
Thaddeus Young,2015-16,33.61,Role Player,High,19.96,36.52,25.93,62.02,40.03
Tim Duncan,2015-16,14.94,Role Player,High,7.94,14.33,5.56,28.92,35.26
Tim Frazier,2015-16,32.5,Role Player,High,29.86,14.5,49.6,47.0,29.43
Tobias Harris,2015-16,24.34,Role Player,High,19.35,14.67,16.73,52.96,35.75
Toney Douglas,2015-16,42.51,Fragile Star,High,35.55,42.25,39.68,68.37,30.95
Tony Allen,2015-16,19.21,Role Player,High,10.72,10.0,20.49,40.06,33.87
Tony Parker,2015-16,57.85,Luxury Amplifier,High,49.86,62.89,65.7,71.83,32.55
Tony Snell,2015-16,16.51,Role Player,High,9.05,10.0,11.35,40.28,29.8
Trevor Ariza,2015-16,20.17,Role Player,High,10.01,24.96,5.1,45.25,31.24
Trevor Booker,2015-16,21.7,Role Player,High,11.96,30.06,4.34,44.51,30.51
Trey Burke,2015-16,39.45,Role Player,High,34.72,31.25,44.73,62.0,29.73
Trey Lyles,2015-16,13.64,Role Player,High,8.85,15.5,1.32,27.26,27.61
Tristan Thompson,2015-16,15.25,Role Player,High,11.56,10.79,0.0,39.26,31.92
Tyler Ennis,2015-16,35.95,Role Player,High,24.68,29.52,44.1,62.17,30.25
Tyreke Evans,2015-16,55.62,Luxury Amplifier,High,47.41,50.26,74.9,72.21,30.25
Tyson Chandler,2015-16,21.91,Role Player,High,14.58,33.83,0.0,39.52,31.47
Victor Oladipo,2015-16,44.77,Fragile Star,High,38.76,47.4,41.21,65.41,32.39
Vince Carter,2015-16,21.0,Role Player,High,11.48,23.68,10.7,44.26,28.58
Wayne Ellington,2015-16,17.0,Role Player,High,14.0,10.0,9.73,36.39,28.92
Wesley Matthews,2015-16,27.31,Role Player,High,19.94,30.62,12.76,54.01,30.17
Will Barton,2015-16,46.48,Fragile Star,High,33.97,54.21,43.84,71.19,32.9
Willie Cauley-Stein,2015-16,11.52,Role Player,High,4.27,10.0,0.0,31.27,30.49
Zach LaVine,2015-16,46.14,Fragile Star,High,41.42,42.46,51.66,63.85,31.89
Zach Randolph,2015-16,33.5,Role Player,High,22.16,42.54,19.16,52.34,45.31
Aaron Gordon,2016-17,26.96,Role Player,High,24.94,14.33,19.22,57.14,34.77
Al Horford,2016-17,20.03,Role Player,High,13.34,17.83,4.86,44.74,38.89
Al-Farouq Aminu,2016-17,16.1,Role Player,High,8.33,12.5,8.77,35.99,33.22
Alan Williams,2016-17,17.13,Role Player,High,5.6,31.07,0.0,30.93,30.47
Alec Burks,2016-17,43.71,Fragile Star,High,23.42,60.75,42.5,67.1,29.34
Alex Len,2016-17,12.98,Role Player,High,12.5,10.0,0.0,22.01,34.28
Andre Drummond,2016-17,19.72,Role Player,High,12.28,19.17,7.76,39.62,37.5
Andre Iguodala,2016-17,15.76,Role Player,High,7.28,10.0,5.36,44.79,32.89
Andre Roberson,2016-17,9.09,Role Player,High,0.79,10.0,0.5,21.9,29.67
Andrew Bogut,2016-17,12.15,Role Player,High,11.53,10.0,0.22,23.48,26.25
Andrew Wiggins,2016-17,59.27,Luxury Amplifier,High,50.73,77.46,51.9,69.39,38.93
Anthony Davis,2016-17,41.2,Fragile Star,High,27.36,73.5,10.23,49.42,51.61
Anthony Tolliver,2016-17,10.08,Role Player,High,0.59,10.0,0.0,30.33,28.53
Aron Baynes,2016-17,11.0,Role Player,High,5.77,13.55,0.0,20.08,28.69
Arron Afflalo,2016-17,23.87,Role Player,High,19.2,10.67,17.97,58.36,30.99
Avery Bradley,2016-17,29.0,Role Player,High,24.68,22.77,21.67,56.78,30.55
Ben McLemore,2016-17,16.51,Role Player,High,7.82,12.33,6.87,45.65,28.59
Bismack Biyombo,2016-17,10.97,Role Player,High,0.66,10.0,0.0,33.01,33.25
Blake Griffin,2016-17,40.96,Fragile Star,High,32.7,50.49,26.42,57.72,45.9
Bobby Portis,2016-17,12.32,Role Player,High,9.23,12.17,0.0,24.89,27.77
Bojan Bogdanovic,2016-17,29.32,Role Player,High,20.83,28.53,19.76,57.97,32.93
Boris Diaw,2016-17,22.75,Role Player,High,17.7,15.64,17.43,46.81,30.25
Bradley Beal,2016-17,48.82,Fragile Star,High,43.51,62.11,32.92,69.48,32.36
Brandon Ingram,2016-17,27.21,Role Player,High,23.59,10.0,36.14,47.0,33.51
Brandon Jennings,2016-17,36.82,Role Player,High,36.75,11.5,63.3,47.0,32.1
Brandon Knight,2016-17,38.58,Role Player,High,41.86,21.17,52.1,47.0,32.6
Brandon Rush,2016-17,8.92,Role Player,High,1.04,10.0,0.5,21.92,27.16
Brook Lopez,2016-17,28.25,Role Player,High,22.45,30.4,11.05,47.01,46.52
Buddy Hield,2016-17,30.77,Role Player,High,28.1,23.66,20.75,62.0,29.71
C.J. Watson,2016-17,35.07,Role Player,High,19.01,52.5,17.73,65.77,28.27
CJ McCollum,2016-17,58.41,Luxury Amplifier,High,69.95,44.8,65.7,66.68,30.79
Caris LeVert,2016-17,32.24,Role Player,High,32.64,22.76,20.86,62.45,32.19
Carmelo Anthony,2016-17,59.03,Luxury Amplifier,High,55.87,75.58,42.72,70.65,42.32
Channing Frye,2016-17,10.51,Role Player,High,1.12,10.0,0.5,32.54,26.91
Chris Paul,2016-17,75.98,Strong Creator,High,93.31,73.33,83.11,65.72,31.77
Clint Capela,2016-17,10.77,Role Player,High,0.72,10.0,0.0,31.25,33.67
Cody Zeller,2016-17,12.68,Role Player,High,1.0,12.6,0.0,37.66,35.84
Cory Joseph,2016-17,37.45,Role Player,High,38.13,10.0,55.4,62.0,31.32
Courtney Lee,2016-17,24.34,Role Player,High,23.8,11.92,14.36,55.79,29.78
D'Angelo Russell,2016-17,56.54,Luxury Amplifier,High,47.99,70.06,66.58,55.03,30.59
D.J. Augustin,2016-17,31.5,Role Player,High,33.17,11.17,44.48,47.0,28.09
Damian Lillard,2016-17,78.1,Strong Creator,High,82.88,82.3,93.5,70.68,33.6
Danilo Gallinari,2016-17,30.45,Role Player,High,26.74,34.29,12.47,50.59,37.69
Danny Green,2016-17,23.72,Role Player,High,5.02,51.0,3.5,40.2,27.32
Dante Cunningham,2016-17,10.3,Role Player,High,0.6,10.0,0.5,31.32,28.2
Dario Šarić,2016-17,25.03,Role Player,High,14.6,37.5,8.96,40.22,34.49
Darren Collison,2016-17,46.92,Fragile Star,High,50.51,28.5,58.41,65.01,32.06
David Lee,2016-17,15.7,Role Player,High,12.27,10.0,3.93,37.43,31.14
David Nwaba,2016-17,24.09,Role Player,High,21.86,10.0,17.38,56.87,30.25
DeAndre Jordan,2016-17,25.05,Role Player,High,9.43,51.07,0.0,40.68,33.47
DeMar DeRozan,2016-17,71.14,Strong Creator,High,73.31,89.42,61.7,73.35,34.5
DeMarcus Cousins,2016-17,51.34,Fragile Star,High,34.67,90.0,25.02,57.37,48.3
DeMarre Carroll,2016-17,11.32,Role Player,High,5.03,10.0,1.5,27.73,28.53
Dennis Schröder,2016-17,60.65,Luxury Amplifier,High,53.15,60.25,78.0,71.8,32.74
Deron Williams,2016-17,51.25,Fragile Star,High,46.87,48.8,59.66,67.05,30.02
Derrick Favors,2016-17,15.9,Role Player,High,1.15,30.81,0.0,29.52,34.28
Derrick Rose,2016-17,56.67,Luxury Amplifier,High,52.76,61.14,65.5,60.81,33.39
Devin Booker,2016-17,54.01,Fragile Star,High,49.26,60.71,52.19,67.23,35.36
Devin Harris,2016-17,26.85,Role Player,High,19.29,24.3,21.8,51.28,29.33
Dion Waiters,2016-17,51.18,Fragile Star,High,38.99,54.85,61.4,70.0,29.95
Dirk Nowitzki,2016-17,18.6,Role Player,High,7.54,37.02,1.0,24.36,32.26
Dorian Finney-Smith,2016-17,10.93,Role Player,High,1.44,15.09,0.5,24.93,28.86
Draymond Green,2016-17,23.67,Role Player,High,3.17,45.71,8.45,43.43,30.87
Dwight Howard,2016-17,18.02,Role Player,High,17.37,16.0,0.0,35.64,34.58
Dwight Powell,2016-17,8.96,Role Player,High,0.73,10.0,0.5,21.37,29.36
Dwyane Wade,2016-17,53.12,Fragile Star,High,50.29,54.25,54.8,65.69,36.62
E'Twaun Moore,2016-17,27.1,Role Player,High,25.78,11.67,20.86,62.0,29.81
Ed Davis,2016-17,16.15,Role Player,High,11.05,25.97,0.25,22.8,28.69
Elfrid Payton,2016-17,46.37,Fragile Star,High,41.92,29.97,65.6,65.82,33.06
Emmanuel Mudiay,2016-17,48.89,Fragile Star,High,24.92,70.33,51.18,68.2,33.7
Eric Bledsoe,2016-17,71.41,Strong Creator,High,71.54,75.33,83.0,73.68,34.64
Eric Gordon,2016-17,27.35,Role Player,High,20.76,27.66,16.15,52.88,30.48
Evan Fournier,2016-17,44.9,Fragile Star,High,30.2,63.22,29.77,71.91,32.97
Evan Turner,2016-17,32.3,Role Player,High,36.09,11.0,42.72,47.0,31.33
Frank Kaminsky,2016-17,15.78,Role Player,High,5.28,27.89,0.5,26.76,31.08
Garrett Temple,2016-17,19.34,Role Player,High,14.56,10.0,7.69,52.57,30.47
Gary Harris,2016-17,23.71,Role Player,High,10.91,26.96,12.57,52.69,32.82
George Hill,2016-17,55.33,Luxury Amplifier,High,65.89,36.64,67.95,66.29,28.74
Gerald Henderson,2016-17,23.63,Role Player,High,19.07,15.59,20.98,44.04,32.11
Giannis Antetokounmpo,2016-17,58.42,Luxury Amplifier,High,53.91,60.33,63.3,69.48,40.8
Goran Dragic,2016-17,61.76,Luxury Amplifier,High,65.01,52.79,77.0,68.87,33.26
Gordon Hayward,2016-17,50.45,Fragile Star,High,51.31,53.56,39.19,68.58,35.44
Gorgui Dieng,2016-17,9.92,Role Player,High,2.33,10.5,0.5,21.4,32.9
Greg Monroe,2016-17,22.96,Role Player,High,19.84,21.5,8.39,40.6,38.69
Harrison Barnes,2016-17,47.08,Fragile Star,High,39.52,63.29,29.04,65.09,38.26
Hassan Whiteside,2016-17,20.4,Role Player,High,20.24,20.33,0.08,34.6,40.44
Iman Shumpert,2016-17,22.05,Role Player,High,20.9,10.0,8.96,56.55,30.07
Isaiah Thomas,2016-17,78.67,Strong Creator,High,75.8,90.0,92.4,76.26,35.11
Isaiah Whitehead,2016-17,29.98,Role Player,High,25.13,10.83,47.0,47.0,32.82
Ish Smith,2016-17,45.93,Fragile Star,High,43.59,29.74,63.0,64.73,31.1
J.J. Barea,2016-17,52.68,Fragile Star,High,50.44,41.4,71.9,66.8,27.97
JJ Redick,2016-17,18.39,Role Player,High,14.43,14.17,8.0,40.75,28.05
JR Smith,2016-17,15.05,Role Player,High,8.76,11.65,7.9,34.86,27.01
JaMychal Green,2016-17,22.15,Role Player,High,12.84,37.58,0.5,38.07,30.95
Jabari Parker,2016-17,32.81,Role Player,High,21.39,37.16,22.29,59.79,36.81
Jae Crowder,2016-17,15.19,Role Player,High,7.73,13.83,5.0,36.65,29.15
Jahlil Okafor,2016-17,35.72,Role Player,High,32.01,21.5,35.44,61.05,45.0
Jamal Crawford,2016-17,52.46,Fragile Star,High,49.96,54.67,54.2,66.19,30.36
Jamal Murray,2016-17,43.64,Fragile Star,High,26.58,69.17,29.99,62.0,30.72
Jameer Nelson,2016-17,42.92,Fragile Star,High,37.84,40.4,45.98,62.0,29.72
James Ennis III,2016-17,20.1,Role Player,High,8.07,28.22,4.13,42.41,34.33
James Harden,2016-17,85.65,Franchise Engine,High,96.93,90.0,100.0,70.46,34.99
James Johnson,2016-17,41.95,Fragile Star,High,36.87,44.17,36.06,62.0,33.36
Jared Dudley,2016-17,10.46,Role Player,High,0.92,10.0,0.5,31.83,28.1
Jason Smith,2016-17,9.81,Role Player,High,0.33,10.0,0.0,29.92,27.19
Jaylen Brown,2016-17,27.39,Role Player,High,9.87,40.2,14.26,56.69,30.25
Jeff Green,2016-17,22.34,Role Player,High,18.38,15.33,17.47,41.56,32.61
Jeff Teague,2016-17,51.84,Fragile Star,High,61.59,20.33,77.5,62.0,34.83
Jerami Grant,2016-17,11.29,Role Player,High,5.3,10.0,1.41,27.32,28.25
Jeremy Lamb,2016-17,45.45,Fragile Star,High,39.0,49.34,38.06,72.82,28.76
Jeremy Lin,2016-17,56.99,Luxury Amplifier,High,54.64,58.47,61.45,72.01,28.92
Jimmy Butler III,2016-17,70.77,Strong Creator,High,65.99,89.83,67.3,74.65,38.6
Joakim Noah,2016-17,18.64,Role Player,High,12.64,25.75,0.0,37.25,28.25
Joe Harris,2016-17,16.99,Role Player,High,3.55,26.13,3.5,39.01,28.43
Joe Ingles,2016-17,22.97,Role Player,High,23.37,10.0,11.09,54.87,30.12
Joe Johnson,2016-17,43.43,Fragile Star,High,37.71,49.46,32.5,69.18,28.76
Joel Embiid,2016-17,42.34,Fragile Star,High,24.31,90.0,5.8,48.43,41.24
John Wall,2016-17,71.28,Strong Creator,High,70.16,80.21,78.5,73.45,34.67
Jon Leuer,2016-17,10.32,Role Player,High,5.11,10.0,0.0,21.94,29.98
Jonas Jerebko,2016-17,10.01,Role Player,High,4.13,10.0,0.0,23.36,27.66
Jonas Valančiūnas,2016-17,18.76,Role Player,High,19.93,14.0,0.71,35.7,37.87
Jonathon Simmons,2016-17,29.04,Role Player,High,16.25,25.48,31.18,56.99,30.15
Jordan Clarkson,2016-17,44.84,Fragile Star,High,43.03,33.87,53.66,64.37,30.8
Jordan Crawford,2016-17,39.35,Role Player,High,53.33,22.67,27.76,62.0,28.32
Josh Richardson,2016-17,23.73,Role Player,High,20.23,11.67,24.79,45.26,29.94
Jrue Holiday,2016-17,62.79,Luxury Amplifier,High,55.61,70.82,77.3,65.04,31.85
Julius Randle,2016-17,41.43,Fragile Star,High,25.96,43.22,39.34,74.02,38.63
Justin Anderson,2016-17,14.19,Role Player,High,10.76,10.0,4.5,30.58,29.74
Justin Holiday,2016-17,15.05,Role Player,High,4.46,18.57,1.5,39.64,28.21
Justise Winslow,2016-17,41.51,Fragile Star,High,26.01,47.91,46.24,63.23,29.94
Karl-Anthony Towns,2016-17,29.65,Role Player,High,22.72,39.14,8.05,44.3,47.98
Kawhi Leonard,2016-17,66.52,Luxury Amplifier,High,65.31,89.67,51.29,69.6,38.1
Kelly Olynyk,2016-17,13.93,Role Player,High,4.49,14.17,1.0,38.44,30.76
Kelly Oubre Jr.,2016-17,14.83,Role Player,High,9.04,10.0,7.09,32.97,32.59
Kemba Walker,2016-17,74.4,Strong Creator,High,76.87,74.82,93.0,71.97,32.41
Kenneth Faried,2016-17,20.92,Role Player,High,17.2,26.12,2.48,35.97,33.43
Kent Bazemore,2016-17,28.17,Role Player,High,19.12,31.33,18.49,51.36,31.98
Kentavious Caldwell-Pope,2016-17,42.93,Fragile Star,High,28.44,68.0,25.84,61.36,30.22
Kevin Durant,2016-17,45.48,Fragile Star,High,40.34,48.84,36.86,65.31,40.02
Kevin Love,2016-17,19.77,Role Player,High,12.04,25.87,2.0,37.6,36.52
Khris Middleton,2016-17,43.29,Fragile Star,High,31.97,54.79,36.56,65.67,28.42
Klay Thompson,2016-17,22.21,Role Player,High,14.5,25.5,9.24,43.0,31.85
Kosta Koufos,2016-17,12.38,Role Player,High,6.23,10.0,0.0,32.27,31.68
Kris Dunn,2016-17,29.51,Role Player,High,26.77,10.0,45.2,47.0,28.93
Kristaps Porziņģis,2016-17,21.61,Role Player,High,13.57,31.25,1.94,38.12,36.24
Kyle Anderson,2016-17,24.53,Role Player,High,10.71,28.0,15.15,55.32,29.89
Kyle Korver,2016-17,14.15,Role Player,High,5.66,13.86,4.5,36.0,26.91
Kyle Lowry,2016-17,75.97,Strong Creator,High,81.03,78.5,90.55,70.57,33.44
Kyle O'Quinn,2016-17,17.55,Role Player,High,10.45,31.72,0.5,23.27,28.92
Kyrie Irving,2016-17,74.66,Strong Creator,High,79.82,77.85,84.7,73.27,33.21
LaMarcus Aldridge,2016-17,25.48,Role Player,High,22.7,26.38,11.54,36.91,42.26
Lance Stephenson,2016-17,32.7,Role Player,High,28.33,18.08,46.9,49.18,29.25
Lance Thomas,2016-17,14.21,Role Player,High,10.1,14.55,0.0,31.92,27.5
Langston Galloway,2016-17,21.51,Role Player,High,12.16,22.33,6.55,54.0,28.74
Larry Nance Jr.,2016-17,20.06,Role Player,High,3.43,39.77,0.0,40.13,30.73
Lavoy Allen,2016-17,9.19,Role Player,High,2.77,10.0,0.0,20.22,28.25
LeBron James,2016-17,69.44,Luxury Amplifier,High,75.09,62.95,79.04,75.7,40.11
Leandro Barbosa,2016-17,31.81,Role Player,High,25.18,16.5,39.35,62.0,29.62
Lou Williams,2016-17,55.0,Luxury Amplifier,High,61.99,44.53,58.3,68.02,34.1
Luc Mbah a Moute,2016-17,10.58,Role Player,High,1.37,10.0,1.78,29.02,29.65
Luol Deng,2016-17,16.3,Role Player,High,12.54,10.0,9.61,33.46,30.96
Malcolm Brogdon,2016-17,44.23,Fragile Star,High,29.21,50.08,45.52,70.53,32.65
Manu Ginobili,2016-17,22.44,Role Player,High,17.28,12.17,14.92,55.84,28.53
Marc Gasol,2016-17,28.08,Role Player,High,19.86,41.71,7.93,35.74,47.43
Marcin Gortat,2016-17,14.87,Role Player,High,9.83,10.0,1.93,36.01,36.31
Marco Belinelli,2016-17,22.24,Role Player,High,15.56,19.02,12.41,48.24,30.99
Marcus Morris Sr.,2016-17,37.74,Role Player,High,32.16,46.95,22.72,57.36,32.08
Marcus Smart,2016-17,25.57,Role Player,High,18.42,15.67,31.03,44.1,33.01
Markieff Morris,2016-17,22.17,Role Player,High,15.7,26.45,8.55,35.11,38.67
Marquese Chriss,2016-17,18.41,Role Player,High,4.34,42.09,0.0,23.65,30.41
Marvin Williams,2016-17,10.6,Role Player,High,2.03,14.42,0.5,22.15,29.65
Mason Plumlee,2016-17,21.19,Role Player,High,9.14,26.83,6.07,47.32,34.24
Matthew Dellavedova,2016-17,34.71,Role Player,High,21.97,43.96,35.35,47.0,30.13
Maurice Harkless,2016-17,16.4,Role Player,High,9.35,10.0,6.59,42.52,33.95
Michael Kidd-Gilchrist,2016-17,24.33,Role Player,High,13.56,13.08,27.21,54.33,34.04
Mike Conley,2016-17,73.92,Strong Creator,High,77.59,81.17,82.25,70.77,32.85
Mindaugas Kuzminskas,2016-17,15.04,Role Player,High,6.57,14.5,7.26,33.13,30.25
Myles Turner,2016-17,14.67,Role Player,High,1.35,23.76,0.0,31.19,36.47
Nemanja Bjelica,2016-17,22.31,Role Player,High,8.08,37.01,5.42,44.21,29.17
Nene,2016-17,11.66,Role Player,High,0.87,11.67,0.0,34.59,32.92
Nerlens Noel,2016-17,21.18,Role Player,High,6.96,38.39,0.0,42.25,31.53
Nick Young,2016-17,30.78,Role Player,High,18.86,45.12,18.21,48.74,28.86
Nicolas Batum,2016-17,39.26,Role Player,High,30.96,42.38,32.63,64.01,32.54
Nik Stauskas,2016-17,31.04,Role Player,High,20.07,32.47,22.13,62.0,31.72
Nikola Jokić,2016-17,33.47,Role Player,High,25.55,45.98,12.44,50.72,42.1
Nikola Mirotic,2016-17,13.38,Role Player,High,4.0,20.2,2.5,24.97,28.82
Nikola Vučević,2016-17,29.36,Role Player,High,11.23,71.78,1.52,27.07,36.8
Norman Powell,2016-17,32.78,Role Player,High,32.56,14.67,35.11,62.0,30.25
Omri Casspi,2016-17,12.4,Role Player,High,2.5,10.0,2.95,38.23,28.25
Otto Porter Jr.,2016-17,14.14,Role Player,High,8.84,10.0,1.0,39.5,28.68
P.J. Tucker,2016-17,17.48,Role Player,High,9.35,17.43,3.84,42.4,31.91
Patrick Beverley,2016-17,27.81,Role Player,High,25.07,10.0,27.08,62.0,30.76
Patrick Patterson,2016-17,9.3,Role Player,High,1.08,10.0,0.5,23.87,27.95
Patty Mills,2016-17,32.82,Role Player,High,23.53,31.61,26.12,64.64,29.4
Pau Gasol,2016-17,15.3,Role Player,High,8.63,10.0,3.48,40.29,34.72
Paul George,2016-17,60.51,Luxury Amplifier,High,53.92,90.0,38.73,71.57,33.55
Paul Millsap,2016-17,34.5,Role Player,High,22.05,48.5,14.97,56.44,42.96
Paul Zipser,2016-17,12.37,Role Player,High,4.01,10.0,5.28,31.36,29.05
Randy Foye,2016-17,34.45,Role Player,High,18.35,55.17,19.3,56.32,28.47
Raymond Felton,2016-17,35.29,Role Player,High,30.59,15.18,49.5,62.0,31.17
Reggie Bullock Jr.,2016-17,10.36,Role Player,High,0.52,10.0,0.0,33.06,27.5
Reggie Jackson,2016-17,66.51,Luxury Amplifier,High,57.29,86.5,76.4,62.0,31.21
Richard Jefferson,2016-17,9.86,Role Player,High,1.2,10.0,1.0,25.47,29.75
Richaun Holmes,2016-17,10.9,Role Player,High,0.6,11.5,0.0,31.15,31.75
Ricky Rubio,2016-17,41.24,Fragile Star,High,43.37,25.96,52.57,52.44,33.55
Robert Covington,2016-17,17.23,Role Player,High,3.45,30.92,2.5,33.54,29.33
Robin Lopez,2016-17,11.09,Role Player,High,6.25,10.0,0.0,22.58,33.26
Rodney Hood,2016-17,37.2,Role Player,High,34.77,33.24,39.69,50.36,29.71
Rodney McGruder,2016-17,16.44,Role Player,High,8.02,18.36,4.2,37.1,30.38
Ron Baker,2016-17,32.38,Role Player,High,17.18,44.55,26.36,52.11,29.99
Rondae Hollis-Jefferson,2016-17,24.44,Role Player,High,17.45,10.0,29.81,47.0,36.93
Rudy Gay,2016-17,44.94,Fragile Star,High,38.93,53.44,34.04,62.54,37.15
Rudy Gobert,2016-17,24.12,Role Player,High,7.64,48.67,0.0,41.32,34.58
Russell Westbrook,2016-17,80.72,Franchise Engine,High,81.04,90.0,95.0,74.18,37.85
Ryan Anderson,2016-17,15.08,Role Player,High,9.96,12.33,2.5,37.87,28.26
Salah Mejri,2016-17,13.47,Role Player,High,11.16,10.0,0.0,31.95,28.25
Sean Kilpatrick,2016-17,46.62,Fragile Star,High,29.78,75.17,31.79,61.4,33.3
Serge Ibaka,2016-17,15.1,Role Player,High,8.17,18.17,0.0,32.03,32.97
Sergio Rodriguez,2016-17,43.6,Fragile Star,High,38.91,40.32,48.49,62.0,28.52
Seth Curry,2016-17,47.81,Fragile Star,High,55.68,33.34,45.58,71.43,29.44
Shabazz Muhammad,2016-17,31.61,Role Player,High,8.74,59.5,13.06,55.38,31.91
Shaun Livingston,2016-17,33.13,Role Player,High,34.52,10.0,40.6,62.0,28.5
Shelvin Mack,2016-17,45.29,Fragile Star,High,34.64,39.69,56.4,70.3,31.49
Solomon Hill,2016-17,16.22,Role Player,High,10.3,10.0,7.59,39.08,32.55
Spencer Dinwiddie,2016-17,55.81,Luxury Amplifier,High,50.93,62.17,51.7,73.83,35.77
Stanley Johnson,2016-17,28.45,Role Player,High,16.79,33.5,13.5,63.65,27.86
Stephen Curry,2016-17,67.96,Luxury Amplifier,High,65.93,80.09,69.24,74.32,31.63
T.J. McConnell,2016-17,46.96,Fragile Star,High,33.84,40.84,63.2,71.68,32.08
T.J. Warren,2016-17,28.94,Role Player,High,27.83,19.75,19.61,55.62,33.91
Taj Gibson,2016-17,14.81,Role Player,High,10.83,10.0,5.94,27.76,37.12
Terrence Jones,2016-17,23.23,Role Player,High,9.81,26.38,17.89,42.88,36.78
Terrence Ross,2016-17,29.88,Role Player,High,21.32,35.73,15.33,57.54,28.59
Terry Rozier,2016-17,24.73,Role Player,High,20.88,10.0,30.0,47.0,29.15
Thaddeus Young,2016-17,15.06,Role Player,High,4.87,10.0,6.75,41.89,34.69
Tim Frazier,2016-17,38.27,Role Player,High,31.71,22.22,57.72,55.41,33.46
Tim Hardaway Jr.,2016-17,31.97,Role Player,High,19.67,35.83,21.97,63.31,32.17
Timothe Luwawu-Cabarrot,2016-17,24.57,Role Player,High,4.22,41.07,10.61,52.6,30.25
Tobias Harris,2016-17,27.15,Role Player,High,27.18,16.67,15.88,54.98,34.03
Tony Allen,2016-17,20.95,Role Player,High,11.4,14.83,22.57,40.17,32.82
Tony Parker,2016-17,48.41,Fragile Star,High,37.35,44.64,60.4,71.79,31.95
Tony Snell,2016-17,11.36,Role Player,High,1.74,10.0,0.5,36.43,27.78
Trevor Ariza,2016-17,14.22,Role Player,High,5.85,10.0,5.5,40.19,28.38
Trevor Booker,2016-17,31.23,Role Player,High,28.27,18.05,28.49,59.92,35.53
Tristan Thompson,2016-17,14.02,Role Player,High,9.71,10.0,0.22,34.83,33.37
Ty Lawson,2016-17,39.44,Role Player,High,49.16,15.5,51.69,47.0,34.31
Tyler Johnson,2016-17,36.1,Role Player,High,24.47,40.32,28.37,64.84,32.78
Tyler Ulis,2016-17,36.57,Role Player,High,44.86,11.0,52.86,47.0,27.42
Tyreke Evans,2016-17,46.08,Fragile Star,High,34.12,57.94,56.4,47.0,30.25
Tyson Chandler,2016-17,16.14,Role Player,High,20.85,10.0,0.0,30.41,28.25
Tyus Jones,2016-17,27.1,Role Player,High,21.3,10.0,41.5,47.0,28.63
Victor Oladipo,2016-17,30.48,Role Player,High,29.58,17.0,24.71,62.0,31.13
Vince Carter,2016-17,17.82,Role Player,High,11.53,10.0,8.23,47.4,31.05
Wayne Ellington,2016-17,19.52,Role Player,High,8.65,28.64,6.5,38.49,26.96
Wesley Matthews,2016-17,31.75,Role Player,High,29.87,34.29,17.65,50.98,30.35
Will Barton,2016-17,49.28,Fragile Star,High,37.87,58.81,47.26,69.65,33.19
Willie Cauley-Stein,2016-17,26.35,Role Player,High,7.2,57.44,0.29,43.78,32.03
Willy Hernangomez,2016-17,23.92,Role Player,High,15.51,39.63,0.0,41.34,31.58
Wilson Chandler,2016-17,33.97,Role Player,High,25.18,29.88,30.94,63.47,32.4
Yogi Ferrell,2016-17,52.17,Fragile Star,High,46.09,56.15,53.92,71.19,28.41
Zach LaVine,2016-17,37.88,Role Player,High,41.53,20.99,39.79,62.0,29.19
Zach Randolph,2016-17,25.72,Role Player,High,16.9,37.48,10.18,33.23,42.6
Zaza Pachulia,2016-17,9.49,Role Player,High,0.91,10.83,0.0,23.85,29.36
Aaron Gordon,2017-18,34.47,Role Player,High,29.62,31.25,26.18,60.12,35.14
Aaron Harrison,2017-18,34.09,Role Player,High,15.19,69.67,7.73,51.26,28.84
Al Horford,2017-18,23.73,Role Player,High,17.32,18.06,12.85,51.73,36.87
Al-Farouq Aminu,2017-18,12.69,Role Player,High,6.66,10.33,2.79,30.08,30.35
Alec Burks,2017-18,36.82,Role Player,High,28.5,35.97,41.42,53.92,29.1
Alex Len,2017-18,14.96,Role Player,High,13.84,10.5,0.0,31.95,33.92
Allen Crabbe,2017-18,16.19,Role Player,High,9.31,15.67,5.0,38.01,27.74
Andre Drummond,2017-18,29.07,Role Player,High,20.54,39.64,9.08,50.78,35.62
Andre Iguodala,2017-18,22.22,Role Player,High,14.79,11.61,15.28,56.8,33.05
Andre Roberson,2017-18,10.66,Role Player,High,1.56,10.0,0.0,32.47,28.25
Andrew Harrison,2017-18,45.22,Fragile Star,High,43.08,31.82,58.28,62.0,33.81
Andrew Wiggins,2017-18,37.69,Role Player,High,32.44,30.0,38.03,63.04,33.95
Anthony Davis,2017-18,35.76,Role Player,High,25.01,54.6,9.42,52.65,48.28
Anthony Tolliver,2017-18,19.31,Role Player,High,0.77,45.75,0.5,31.16,28.7
Aron Baynes,2017-18,9.29,Role Player,High,2.58,10.0,0.0,20.09,30.03
Austin Rivers,2017-18,52.58,Fragile Star,High,46.9,41.29,72.2,70.35,31.98
Avery Bradley,2017-18,21.18,Role Player,High,14.02,25.07,12.18,35.93,28.86
Ben McLemore,2017-18,12.89,Role Player,High,5.53,10.0,6.41,30.25,29.14
Ben Simmons,2017-18,49.41,Fragile Star,High,46.83,29.85,70.0,69.14,35.24
Bismack Biyombo,2017-18,10.92,Role Player,High,0.58,11.5,0.0,33.34,28.69
Blake Griffin,2017-18,51.51,Fragile Star,High,42.65,55.46,54.31,65.97,40.97
Bobby Portis,2017-18,24.72,Role Player,High,15.38,35.36,5.68,44.15,35.11
Bogdan Bogdanović,2017-18,42.13,Fragile Star,High,37.9,46.08,31.53,66.35,29.82
Bojan Bogdanovic,2017-18,22.31,Role Player,High,19.45,12.67,12.11,51.2,32.03
Bradley Beal,2017-18,61.28,Luxury Amplifier,High,56.63,82.5,56.06,62.0,31.58
Brandon Ingram,2017-18,44.09,Fragile Star,High,39.51,33.18,51.2,68.18,34.72
Brook Lopez,2017-18,18.01,Role Player,High,12.87,20.17,0.5,36.79,34.91
Buddy Hield,2017-18,40.53,Fragile Star,High,37.32,43.46,27.94,66.4,29.25
CJ McCollum,2017-18,60.51,Luxury Amplifier,High,64.15,56.28,70.0,67.79,30.31
CJ Miles,2017-18,13.51,Role Player,High,4.32,19.33,4.0,26.02,26.79
Caris LeVert,2017-18,41.92,Fragile Star,High,35.28,42.11,48.23,52.57,32.81
Carmelo Anthony,2017-18,29.08,Role Player,High,29.44,28.51,17.55,41.56,33.75
Chandler Parsons,2017-18,35.42,Role Player,High,28.76,51.33,13.8,56.04,27.96
Channing Frye,2017-18,22.69,Role Player,High,0.91,64.0,0.5,23.95,27.26
Chris Paul,2017-18,80.36,Franchise Engine,High,94.62,77.33,91.33,75.39,30.64
Clint Capela,2017-18,12.73,Role Player,High,0.95,15.5,0.0,33.64,35.22
Cory Joseph,2017-18,28.67,Role Player,High,29.67,10.0,36.11,47.0,29.94
Courtney Lee,2017-18,28.73,Role Player,High,31.27,11.17,21.29,62.0,30.03
D'Angelo Russell,2017-18,59.21,Luxury Amplifier,High,47.39,73.04,68.94,67.47,28.2
D.J. Augustin,2017-18,46.49,Fragile Star,High,53.12,25.76,51.95,69.23,33.38
Damian Lillard,2017-18,76.8,Strong Creator,High,86.91,67.86,97.0,73.2,33.81
Damion Lee,2017-18,21.08,Role Player,High,11.63,12.17,22.9,47.0,29.14
Daniel Theis,2017-18,10.28,Role Player,High,1.12,10.0,0.0,30.8,28.25
Danilo Gallinari,2017-18,26.74,Role Player,High,19.75,32.85,11.99,47.88,30.25
Danny Green,2017-18,22.88,Role Player,High,6.68,40.85,5.58,43.9,29.58
Dante Cunningham,2017-18,10.02,Role Player,High,0.4,10.0,0.0,30.03,28.99
Dario Šarić,2017-18,15.5,Role Player,High,3.17,22.52,0.5,38.02,31.13
Darius Miller,2017-18,11.35,Role Player,High,4.32,11.94,2.0,26.31,27.22
Darren Collison,2017-18,52.81,Fragile Star,High,56.69,51.22,43.7,73.99,31.56
David Nwaba,2017-18,29.42,Role Player,High,19.73,10.0,40.5,62.0,36.05
De'Aaron Fox,2017-18,53.09,Fragile Star,High,41.88,59.1,64.3,64.59,32.01
DeAndre Jordan,2017-18,20.13,Role Player,High,16.32,24.48,0.0,39.95,31.25
DeMar DeRozan,2017-18,69.49,Luxury Amplifier,High,65.01,90.0,64.9,73.96,34.17
DeMarcus Cousins,2017-18,45.6,Fragile Star,High,32.7,66.31,30.83,61.92,37.58
DeMarre Carroll,2017-18,23.03,Role Player,High,16.51,16.33,15.09,51.53,32.5
Dejounte Murray,2017-18,45.49,Fragile Star,High,29.92,48.35,53.8,69.04,33.13
Delon Wright,2017-18,36.38,Role Player,High,41.26,10.0,44.27,62.0,33.49
Dennis Schröder,2017-18,67.48,Luxury Amplifier,High,56.73,85.67,79.0,66.72,32.36
Dennis Smith Jr.,2017-18,61.21,Luxury Amplifier,High,49.38,69.1,80.5,65.44,32.09
Denzel Valentine,2017-18,31.76,Role Player,High,25.87,30.95,19.65,63.13,28.58
Derrick Favors,2017-18,17.12,Role Player,High,1.58,30.53,0.0,36.62,35.21
Devin Booker,2017-18,66.46,Luxury Amplifier,High,65.11,74.6,75.3,65.7,33.58
Devin Harris,2017-18,28.48,Role Player,High,21.44,18.3,26.14,62.0,29.49
Dewayne Dedmon,2017-18,18.41,Role Player,High,0.79,37.58,0.0,38.23,30.45
Dillon Brooks,2017-18,26.12,Role Player,High,20.28,12.83,21.82,61.86,31.85
Dion Waiters,2017-18,54.48,Fragile Star,High,36.31,81.17,50.97,67.87,29.2
Dirk Nowitzki,2017-18,13.25,Role Player,High,6.73,12.0,1.0,32.96,30.91
Domantas Sabonis,2017-18,17.87,Role Player,High,5.77,23.44,3.24,39.27,37.38
Donovan Mitchell,2017-18,67.89,Luxury Amplifier,High,57.86,90.0,73.4,67.83,31.79
Dorian Finney-Smith,2017-18,11.71,Role Player,High,4.11,14.83,2.0,24.2,27.4
Doug McDermott,2017-18,11.37,Role Player,High,2.23,10.0,1.0,34.07,28.88
Dragan Bender,2017-18,16.39,Role Player,High,1.23,34.99,0.5,29.2,27.89
Draymond Green,2017-18,21.49,Role Player,High,5.88,31.62,9.26,43.23,34.84
Dwayne Bacon,2017-18,25.87,Role Player,High,17.58,10.0,41.0,47.0,28.43
Dwight Howard,2017-18,27.89,Role Player,High,22.5,21.17,18.72,49.59,46.69
Dwight Powell,2017-18,10.75,Role Player,High,0.82,10.0,0.5,32.0,31.03
Dwyane Wade,2017-18,39.45,Role Player,High,34.65,31.91,52.2,48.28,33.95
E'Twaun Moore,2017-18,21.08,Role Player,High,12.57,11.83,15.04,55.8,29.71
Elfrid Payton,2017-18,46.23,Fragile Star,High,42.8,29.97,63.1,66.31,33.31
Enes Freedom,2017-18,28.83,Role Player,High,36.94,19.83,11.1,42.43,42.04
Eric Bledsoe,2017-18,59.16,Luxury Amplifier,High,56.4,68.8,54.8,71.63,33.36
Eric Gordon,2017-18,31.27,Role Player,High,30.59,17.17,27.32,61.0,31.82
Ersan Ilyasova,2017-18,14.1,Role Player,High,3.34,18.06,3.0,32.85,30.6
Evan Fournier,2017-18,43.82,Fragile Star,High,25.66,74.83,22.89,64.69,31.31
Evan Turner,2017-18,33.63,Role Player,High,37.01,22.66,33.61,47.0,30.93
Frank Kaminsky,2017-18,18.81,Role Player,High,14.43,12.17,6.62,45.45,33.0
Frank Mason III,2017-18,36.16,Role Player,High,35.0,17.17,56.9,47.0,29.4
Frank Ntilikina,2017-18,40.53,Fragile Star,High,27.63,47.62,40.53,61.61,29.92
Fred VanVleet,2017-18,34.23,Role Player,High,31.59,16.0,41.09,62.0,32.35
Garrett Temple,2017-18,28.02,Role Player,High,21.17,26.33,13.29,62.95,29.9
Gary Harris,2017-18,32.61,Role Player,High,26.48,30.35,19.88,66.51,31.21
George Hill,2017-18,46.19,Fragile Star,High,42.16,47.57,40.0,70.0,31.53
Gerald Green,2017-18,24.53,Role Player,High,22.47,14.67,17.88,51.93,27.53
Giannis Antetokounmpo,2017-18,54.83,Fragile Star,High,58.48,44.65,60.3,65.68,42.15
Goran Dragic,2017-18,49.51,Fragile Star,High,50.79,32.51,67.69,62.45,32.36
Greg Monroe,2017-18,28.53,Role Player,High,31.04,11.0,23.97,51.37,39.66
Harrison Barnes,2017-18,50.09,Fragile Star,High,41.27,70.39,35.76,62.21,36.25
Ian Clark,2017-18,24.64,Role Player,High,20.08,10.0,20.02,62.0,28.09
Isaiah Canaan,2017-18,46.55,Fragile Star,High,41.15,35.25,65.1,62.58,29.81
Isaiah Taylor,2017-18,36.62,Role Player,High,25.96,37.51,46.9,47.0,30.25
Isaiah Thomas,2017-18,58.51,Luxury Amplifier,High,45.19,72.0,71.1,65.86,28.51
Ish Smith,2017-18,46.32,Fragile Star,High,48.05,28.3,62.2,62.0,30.95
J.J. Barea,2017-18,48.94,Fragile Star,High,52.87,30.64,65.58,62.0,30.06
JJ Redick,2017-18,29.22,Role Player,High,19.47,40.38,11.82,52.71,30.09
JR Smith,2017-18,21.33,Role Player,High,16.98,10.0,12.56,55.95,28.36
JaMychal Green,2017-18,12.46,Role Player,High,9.18,12.33,0.0,23.56,30.93
Jabari Parker,2017-18,25.68,Role Player,High,20.26,11.17,22.22,61.82,30.92
Jae Crowder,2017-18,11.79,Role Player,High,5.21,10.0,3.5,27.46,29.04
Jakob Poeltl,2017-18,19.72,Role Player,High,8.2,33.34,0.0,40.2,28.92
Jamal Crawford,2017-18,42.05,Fragile Star,High,43.16,28.5,49.0,62.0,28.8
Jamal Murray,2017-18,48.29,Fragile Star,High,46.45,40.27,54.96,67.62,31.5
Jameer Nelson,2017-18,28.24,Role Player,High,23.74,20.28,27.01,51.79,28.79
James Ennis III,2017-18,14.47,Role Player,High,4.27,10.0,3.9,43.47,33.87
James Harden,2017-18,86.59,Franchise Engine,High,99.44,90.0,100.0,71.49,35.36
James Johnson,2017-18,44.87,Fragile Star,High,33.3,57.82,31.72,71.44,33.62
Jarell Martin,2017-18,17.81,Role Player,High,7.87,25.86,3.57,33.07,33.07
Jarrett Allen,2017-18,19.69,Role Player,High,0.42,44.46,0.0,35.6,31.1
Jarrett Jack,2017-18,51.48,Fragile Star,High,39.64,63.0,62.2,56.06,29.84
Jaylen Brown,2017-18,23.72,Role Player,High,16.08,14.17,17.91,56.0,33.69
Jayson Tatum,2017-18,39.61,Role Player,High,26.43,47.04,28.85,72.06,33.45
Jeff Green,2017-18,24.49,Role Player,High,19.28,10.0,19.89,57.89,35.47
Jeff Teague,2017-18,51.19,Fragile Star,High,60.25,18.33,80.0,62.0,32.3
Jerami Grant,2017-18,16.79,Role Player,High,6.03,12.17,7.59,44.12,38.03
Jeremy Lamb,2017-18,43.9,Fragile Star,High,41.67,41.05,43.41,62.0,31.58
Jerian Grant,2017-18,47.07,Fragile Star,High,43.72,33.39,58.5,70.88,32.77
Jerryd Bayless,2017-18,18.5,Role Player,High,3.67,33.82,1.5,39.48,27.22
Jimmy Butler III,2017-18,67.98,Luxury Amplifier,High,63.47,90.0,61.53,69.99,36.37
Jodie Meeks,2017-18,18.42,Role Player,High,4.68,32.14,4.52,35.89,26.95
Joe Harris,2017-18,21.2,Role Player,High,5.07,33.55,5.98,46.52,31.16
Joe Ingles,2017-18,27.39,Role Player,High,26.04,22.21,13.91,55.2,29.59
Joel Embiid,2017-18,40.97,Fragile Star,High,38.57,51.48,16.22,52.02,54.79
John Collins,2017-18,20.95,Role Player,High,6.14,37.84,0.5,41.86,32.72
John Wall,2017-18,64.54,Luxury Amplifier,High,60.64,69.23,80.0,67.19,29.64
Jonas Valančiūnas,2017-18,20.19,Role Player,High,17.88,17.33,4.66,38.84,37.4
Jonathon Simmons,2017-18,38.5,Role Player,High,38.86,19.67,46.5,62.0,33.27
Jordan Clarkson,2017-18,40.61,Fragile Star,High,43.49,23.67,46.04,62.0,31.41
Josh Hart,2017-18,22.06,Role Player,High,6.97,32.97,6.27,47.95,32.75
Josh Jackson,2017-18,29.78,Role Player,High,26.73,14.67,38.43,47.0,33.62
Josh Richardson,2017-18,34.62,Role Player,High,27.42,32.59,26.13,66.39,30.65
Jrue Holiday,2017-18,59.56,Luxury Amplifier,High,56.18,59.7,67.1,74.1,32.43
Julius Randle,2017-18,42.62,Fragile Star,High,31.37,40.02,41.7,70.85,42.37
Justin Holiday,2017-18,17.35,Role Player,High,12.95,13.0,10.32,34.15,30.29
Justin Jackson,2017-18,15.01,Role Player,High,4.37,24.92,1.0,29.92,27.8
Justise Winslow,2017-18,28.48,Role Player,High,12.49,38.49,24.63,46.07,32.75
Jusuf Nurkić,2017-18,21.05,Role Player,High,7.81,32.36,8.49,31.64,41.75
Karl-Anthony Towns,2017-18,19.29,Role Player,High,14.5,17.33,3.07,38.2,42.65
Kelly Olynyk,2017-18,25.87,Role Player,High,19.22,38.45,2.05,46.83,30.57
Kelly Oubre Jr.,2017-18,18.78,Role Player,High,13.48,14.17,11.52,37.52,32.65
Kemba Walker,2017-18,78.07,Strong Creator,High,80.28,88.5,93.0,66.73,32.5
Kent Bazemore,2017-18,42.02,Fragile Star,High,28.02,57.0,29.72,67.77,32.52
Kentavious Caldwell-Pope,2017-18,30.95,Role Player,High,18.16,44.85,14.09,55.64,31.24
Kevin Durant,2017-18,62.76,Luxury Amplifier,High,61.48,67.94,60.69,76.25,37.52
Kevin Love,2017-18,19.82,Role Player,High,6.8,32.91,2.5,36.92,35.1
Kevon Looney,2017-18,17.3,Role Player,High,11.69,12.6,6.12,43.93,28.25
Khem Birch,2017-18,23.96,Role Player,High,8.87,51.83,0.0,36.78,28.25
Khris Middleton,2017-18,49.48,Fragile Star,High,49.92,48.58,41.7,71.75,32.59
Klay Thompson,2017-18,21.89,Role Player,High,16.21,22.76,9.44,42.34,30.96
Kobi Simmons,2017-18,27.03,Role Player,High,22.17,12.67,35.69,47.0,30.25
Kosta Koufos,2017-18,15.51,Role Player,High,10.15,10.0,5.2,38.89,30.92
Kris Dunn,2017-18,57.02,Luxury Amplifier,High,46.04,68.51,67.1,63.6,31.2
Kristaps Porziņģis,2017-18,33.93,Role Player,High,17.18,65.34,5.65,45.35,45.13
Kyle Collinsworth,2017-18,40.12,Fragile Star,High,21.96,49.33,40.0,67.81,30.25
Kyle Korver,2017-18,12.75,Role Player,High,3.48,12.17,4.0,34.1,27.5
Kyle Kuzma,2017-18,29.1,Role Player,High,19.92,36.9,13.18,53.18,32.88
Kyle Lowry,2017-18,53.03,Fragile Star,High,53.75,42.6,60.57,73.23,31.52
Kyle O'Quinn,2017-18,15.79,Role Player,High,16.44,10.5,0.0,35.04,29.81
Kyrie Irving,2017-18,77.19,Strong Creator,High,79.91,90.0,81.6,74.52,32.18
LaMarcus Aldridge,2017-18,45.1,Fragile Star,High,42.34,48.46,26.27,64.93,52.89
Lance Stephenson,2017-18,39.59,Role Player,High,34.15,39.81,36.24,59.99,31.43
Lance Thomas,2017-18,9.92,Role Player,High,3.34,10.0,0.5,23.79,27.52
Larry Nance Jr.,2017-18,13.09,Role Player,High,6.34,12.0,0.0,33.24,32.03
Lauri Markkanen,2017-18,23.18,Role Player,High,8.82,40.16,3.35,45.29,30.31
LeBron James,2017-18,79.35,Strong Creator,High,82.3,90.0,84.7,75.93,38.29
Lonzo Ball,2017-18,40.22,Fragile Star,High,27.95,41.2,47.44,59.8,30.81
Lou Williams,2017-18,65.4,Luxury Amplifier,High,66.72,69.79,70.8,69.81,33.09
Luc Mbah a Moute,2017-18,13.86,Role Player,High,1.57,10.94,3.23,44.3,33.62
Luke Kennard,2017-18,27.22,Role Player,High,15.1,39.63,8.61,53.88,29.75
Malcolm Brogdon,2017-18,35.73,Role Player,High,40.65,11.83,41.26,62.0,30.25
Malcolm Delaney,2017-18,25.56,Role Player,High,23.96,10.0,29.95,47.0,28.29
Manu Ginobili,2017-18,39.65,Role Player,High,28.11,45.72,29.33,70.98,32.76
Marc Gasol,2017-18,25.47,Role Player,High,10.97,52.44,3.92,28.26,40.42
Marcin Gortat,2017-18,11.48,Role Player,High,3.97,11.5,0.0,26.63,34.24
Marco Belinelli,2017-18,23.12,Role Player,High,12.49,28.44,11.23,46.66,30.19
Marcus Morris Sr.,2017-18,27.1,Role Player,High,25.97,21.3,19.39,44.96,33.6
Marcus Smart,2017-18,30.05,Role Player,High,25.27,17.07,40.01,47.0,31.5
Mario Chalmers,2017-18,42.16,Fragile Star,High,24.38,53.52,41.94,65.42,32.65
Mario Hezonja,2017-18,32.51,Role Player,High,14.5,54.83,12.87,58.36,31.22
Markieff Morris,2017-18,19.22,Role Player,High,9.42,25.91,2.84,40.36,32.94
Marquese Chriss,2017-18,15.71,Role Player,High,2.22,28.53,0.5,31.64,30.66
Marvin Williams,2017-18,11.36,Role Player,High,1.62,11.0,0.5,34.1,29.05
Mason Plumlee,2017-18,23.38,Role Player,High,9.38,33.55,8.81,49.9,29.36
Maxi Kleber,2017-18,13.58,Role Player,High,0.57,22.89,0.5,31.75,28.25
Michael Beasley,2017-18,40.27,Fragile Star,High,32.27,37.56,37.76,64.49,39.69
Michael Kidd-Gilchrist,2017-18,27.62,Role Player,High,16.89,10.83,35.78,62.0,33.88
Mike Conley,2017-18,63.58,Luxury Amplifier,High,52.54,81.17,72.96,66.84,29.05
Mike James,2017-18,49.28,Fragile Star,High,45.13,42.8,62.7,63.84,29.21
Mike Muscala,2017-18,10.18,Role Player,High,0.53,10.0,0.0,31.03,28.69
Mike Scott,2017-18,12.42,Role Player,High,3.39,11.17,0.5,37.25,29.24
Milos Teodosic,2017-18,39.63,Role Player,High,37.61,33.97,33.66,69.56,26.92
Montrezl Harrell,2017-18,26.27,Role Player,High,17.5,18.67,24.88,52.27,35.36
Myles Turner,2017-18,14.24,Role Player,High,3.46,25.58,0.5,21.69,34.56
Nerlens Noel,2017-18,8.6,Role Player,High,0.35,10.0,0.0,21.16,28.25
Nick Young,2017-18,26.8,Role Player,High,10.18,40.15,12.26,57.05,26.97
Nicolas Batum,2017-18,31.56,Role Player,High,29.85,29.94,22.0,51.18,30.41
Nikola Jokić,2017-18,33.11,Role Player,High,23.77,43.81,17.45,49.58,40.98
Nikola Mirotic,2017-18,21.37,Role Player,High,14.19,28.07,5.0,39.71,31.43
Nikola Vučević,2017-18,16.59,Role Player,High,7.99,27.26,0.0,25.25,35.89
Noah Vonleh,2017-18,17.4,Role Player,High,11.64,10.0,7.93,45.29,30.25
OG Anunoby,2017-18,11.37,Role Player,High,0.99,10.0,0.5,37.02,29.16
Otto Porter Jr.,2017-18,20.83,Role Player,High,19.61,14.17,6.76,46.45,30.82
P.J. Tucker,2017-18,19.18,Role Player,High,1.04,45.0,0.5,31.55,27.87
Pascal Siakam,2017-18,16.53,Role Player,High,7.24,10.0,8.66,45.89,32.41
Patty Mills,2017-18,35.73,Role Player,High,28.06,38.03,23.48,67.72,29.49
Paul George,2017-18,38.93,Role Player,High,43.85,25.56,34.35,62.0,32.11
Paul Millsap,2017-18,31.85,Role Player,High,26.32,25.44,24.0,62.58,34.07
Quincy Acy,2017-18,8.42,Role Player,High,0.54,10.33,0.5,19.26,26.88
Quinn Cook,2017-18,35.65,Role Player,High,41.76,14.67,35.22,63.39,29.01
Rajon Rondo,2017-18,42.43,Fragile Star,High,35.43,30.34,55.12,67.06,31.36
Raymond Felton,2017-18,32.41,Role Player,High,34.09,10.0,37.87,62.0,28.1
Reggie Bullock Jr.,2017-18,14.82,Role Player,High,5.58,18.19,3.0,34.69,27.93
Reggie Jackson,2017-18,67.67,Luxury Amplifier,High,55.68,89.17,74.8,72.57,28.24
Ricky Rubio,2017-18,40.92,Fragile Star,High,44.75,19.67,50.39,62.0,31.95
Robert Covington,2017-18,16.75,Role Player,High,2.97,28.48,2.5,36.1,28.22
Robin Lopez,2017-18,17.65,Role Player,High,6.19,34.31,0.0,22.71,38.08
Rodney Hood,2017-18,32.92,Role Player,High,38.67,17.67,34.49,47.0,29.52
Rondae Hollis-Jefferson,2017-18,30.49,Role Player,High,25.3,20.57,31.82,48.62,41.01
Royce O'Neale,2017-18,21.14,Role Player,High,15.43,10.5,19.21,47.0,29.97
Rudy Gay,2017-18,41.47,Fragile Star,High,34.4,40.7,35.5,68.33,36.29
Rudy Gobert,2017-18,15.0,Role Player,High,4.16,18.92,0.0,36.67,35.25
Russell Westbrook,2017-18,74.61,Strong Creator,High,70.76,90.0,84.0,70.59,34.91
Salah Mejri,2017-18,14.3,Role Player,High,12.65,10.0,0.0,34.53,28.25
Semi Ojeleye,2017-18,9.79,Role Player,High,0.89,10.0,0.5,27.96,27.29
Serge Ibaka,2017-18,11.31,Role Player,High,6.51,11.0,0.5,23.26,30.15
Shane Larkin,2017-18,33.33,Role Player,High,22.72,24.89,43.1,58.51,28.99
Shaun Livingston,2017-18,29.57,Role Player,High,28.84,11.83,40.0,47.0,29.1
Shelvin Mack,2017-18,35.1,Role Player,High,31.32,19.67,54.1,47.0,29.2
Sindarius Thornwell,2017-18,22.63,Role Player,High,6.85,10.0,40.0,47.0,30.25
Skal Labissiere,2017-18,15.47,Role Player,High,13.04,10.0,6.77,28.98,33.61
Spencer Dinwiddie,2017-18,58.67,Luxury Amplifier,High,46.45,71.5,74.7,57.69,32.7
Stanley Johnson,2017-18,22.66,Role Player,High,18.21,13.33,18.11,47.0,31.95
Stephen Curry,2017-18,66.37,Luxury Amplifier,High,63.51,79.83,64.64,74.45,32.68
Steven Adams,2017-18,15.19,Role Player,High,13.04,10.0,0.0,32.86,38.45
T.J. McConnell,2017-18,39.97,Role Player,High,38.63,21.45,50.1,66.54,30.14
T.J. Warren,2017-18,34.15,Role Player,High,24.6,36.43,23.22,60.88,38.88
Taurean Prince,2017-18,33.46,Role Player,High,26.4,35.89,21.51,61.05,31.11
Terrence Ross,2017-18,29.29,Role Player,High,11.75,60.83,11.48,36.57,27.72
Terry Rozier,2017-18,36.32,Role Player,High,34.71,18.17,45.03,62.0,30.6
Thabo Sefolosha,2017-18,17.15,Role Player,High,11.11,10.0,6.52,46.75,30.04
Thaddeus Young,2017-18,20.46,Role Player,High,14.1,12.0,12.71,47.75,35.26
Tim Hardaway Jr.,2017-18,41.57,Fragile Star,High,29.9,59.79,28.2,59.25,31.23
Tobias Harris,2017-18,33.62,Role Player,High,32.78,21.5,29.15,62.0,32.77
Torrey Craig,2017-18,13.83,Role Player,High,4.58,13.1,1.0,41.07,28.25
Trevor Ariza,2017-18,13.82,Role Player,High,5.07,10.0,6.0,38.49,28.23
Trey Burke,2017-18,53.22,Fragile Star,High,58.59,45.76,56.3,67.37,28.41
Trey Lyles,2017-18,17.25,Role Player,High,9.16,10.5,9.06,46.31,31.17
Tristan Thompson,2017-18,13.73,Role Player,High,8.09,10.0,1.83,35.87,30.52
Troy Daniels,2017-18,17.35,Role Player,High,6.51,22.71,7.0,37.33,27.16
Tyler Dorsey,2017-18,23.71,Role Player,High,16.52,17.17,22.81,47.0,28.48
Tyler Ennis,2017-18,45.36,Fragile Star,High,24.01,68.0,42.6,64.09,30.25
Tyler Ulis,2017-18,47.65,Fragile Star,High,42.44,41.96,61.6,60.85,29.82
Tyreke Evans,2017-18,65.02,Luxury Amplifier,High,58.79,75.96,78.8,62.0,33.33
Tyson Chandler,2017-18,18.12,Role Player,High,15.37,19.86,0.0,38.11,28.25
Victor Oladipo,2017-18,69.33,Luxury Amplifier,High,69.73,87.0,63.09,72.04,32.37
Vince Carter,2017-18,13.08,Role Player,High,7.49,10.0,3.7,31.93,28.05
Wayne Ellington,2017-18,18.67,Role Player,High,7.49,26.7,8.0,36.08,27.35
Wayne Selden,2017-18,36.1,Role Player,High,24.38,39.62,27.26,70.15,29.03
Wesley Johnson,2017-18,10.68,Role Player,High,4.02,10.0,1.0,26.48,28.05
Wesley Matthews,2017-18,28.06,Role Player,High,22.56,27.41,14.23,57.78,29.26
Will Barton,2017-18,49.61,Fragile Star,High,39.08,53.46,52.67,71.64,32.37
Willie Cauley-Stein,2017-18,20.55,Role Player,High,10.31,17.67,10.93,44.57,41.65
Wilson Chandler,2017-18,23.64,Role Player,High,17.67,10.0,20.61,56.89,31.84
Yogi Ferrell,2017-18,32.2,Role Player,High,33.45,16.46,28.88,62.0,29.79
Zach LaVine,2017-18,59.52,Luxury Amplifier,High,43.75,85.83,63.3,61.9,29.94
Zach Randolph,2017-18,34.43,Role Player,High,23.77,47.11,14.28,56.81,41.4
Aaron Gordon,2018-19,30.0,Role Player,High,27.2,15.33,26.11,61.0,36.33
Al Horford,2018-19,14.88,Role Player,High,2.66,18.29,0.35,40.25,34.02
Al-Farouq Aminu,2018-19,23.41,Role Player,High,10.6,33.12,6.54,48.65,33.45
Alec Burks,2018-19,45.18,Fragile Star,High,26.35,64.33,40.59,65.08,33.13
Alex Caruso,2018-19,37.45,Role Player,High,35.94,18.8,47.6,62.82,30.23
Alex Len,2018-19,11.89,Role Player,High,2.4,18.5,0.5,21.35,32.47
Allen Crabbe,2018-19,12.42,Role Player,High,5.47,10.0,3.5,32.73,26.73
Allonzo Trier,2018-19,47.62,Fragile Star,High,49.35,38.72,47.4,67.47,35.39
Andre Drummond,2018-19,24.72,Role Player,High,19.23,21.17,13.93,44.6,41.83
Andre Iguodala,2018-19,10.82,Role Player,High,2.37,10.0,1.41,29.23,29.4
Andrew Wiggins,2018-19,35.4,Role Player,High,34.54,24.17,42.63,47.0,34.19
Ante Zizic,2018-19,14.38,Role Player,High,11.85,10.0,0.0,34.02,32.25
Anthony Davis,2018-19,43.09,Fragile Star,High,29.09,76.58,14.99,50.26,46.85
Anthony Tolliver,2018-19,9.52,Role Player,High,0.42,12.11,0.5,23.95,26.73
Austin Rivers,2018-19,26.81,Role Player,High,24.96,10.0,33.39,47.0,30.93
Avery Bradley,2018-19,23.7,Role Player,High,18.17,20.92,16.32,45.68,29.0
Bam Adebayo,2018-19,16.73,Role Player,High,12.66,12.0,3.1,40.61,32.21
Ben Simmons,2018-19,44.12,Fragile Star,High,43.05,18.0,66.9,62.0,40.23
Blake Griffin,2018-19,67.43,Luxury Amplifier,High,60.8,76.87,76.8,69.27,42.18
Boban Marjanovic,2018-19,21.62,Role Player,High,15.55,31.79,0.0,39.15,31.36
Bobby Portis,2018-19,22.84,Role Player,High,12.8,35.2,8.15,33.66,35.21
Bogdan Bogdanović,2018-19,33.96,Role Player,High,35.27,21.71,39.22,47.0,30.59
Bojan Bogdanovic,2018-19,32.21,Role Player,High,20.95,31.61,24.03,65.15,34.45
Bradley Beal,2018-19,58.84,Luxury Amplifier,High,57.35,67.29,55.33,69.82,32.73
Brandon Ingram,2018-19,44.43,Fragile Star,High,48.15,25.48,51.3,63.76,37.94
Brook Lopez,2018-19,13.64,Role Player,High,4.7,11.67,3.5,37.6,29.71
Bruno Caboclo,2018-19,10.11,Role Player,High,1.88,10.0,2.5,24.91,28.07
Bryn Forbes,2018-19,26.61,Role Player,High,26.17,10.0,20.45,62.0,28.69
Buddy Hield,2018-19,43.79,Fragile Star,High,40.36,52.56,30.98,62.21,30.13
CJ McCollum,2018-19,52.34,Fragile Star,High,59.85,39.04,59.61,64.53,30.19
CJ Miles,2018-19,12.82,Role Player,High,4.91,10.0,6.5,31.86,27.73
Cameron Payne,2018-19,39.28,Role Player,High,31.07,39.63,36.91,65.18,28.9
Caris LeVert,2018-19,47.42,Fragile Star,High,38.76,46.23,57.0,65.57,29.98
Cedi Osman,2018-19,36.31,Role Player,High,24.65,45.12,27.72,59.3,31.97
Chandler Parsons,2018-19,17.11,Role Player,High,9.52,17.81,8.95,34.47,28.39
Chasson Randle,2018-19,34.4,Role Player,High,20.21,46.92,21.86,62.0,29.33
Cheick Diallo,2018-19,18.96,Role Player,High,0.39,39.15,0.0,40.97,29.14
Chris Paul,2018-19,60.14,Luxury Amplifier,High,81.35,21.71,89.4,62.0,31.3
Clint Capela,2018-19,11.2,Role Player,High,1.05,10.0,0.0,31.9,35.95
Cody Zeller,2018-19,15.34,Role Player,High,6.83,10.0,8.08,40.42,31.14
Collin Sexton,2018-19,48.74,Fragile Star,High,50.5,34.76,71.8,49.09,31.73
D'Angelo Russell,2018-19,70.52,Strong Creator,High,70.54,72.39,88.9,70.21,29.44
D.J. Augustin,2018-19,52.34,Fragile Star,High,64.05,24.5,66.57,69.27,32.96
Damian Lillard,2018-19,77.43,Strong Creator,High,85.9,76.46,96.5,66.07,33.39
Damyean Dotson,2018-19,24.05,Role Player,High,17.79,18.24,13.74,56.23,29.72
Danilo Gallinari,2018-19,40.32,Fragile Star,High,36.15,45.31,22.27,65.71,38.39
Danny Green,2018-19,18.1,Role Player,High,5.78,24.32,4.5,44.36,27.35
Danuel House Jr.,2018-19,14.61,Role Player,High,4.64,13.03,5.5,40.51,27.85
Dario Šarić,2018-19,12.28,Role Player,High,2.53,10.0,1.0,38.34,30.75
Darius Miller,2018-19,14.25,Role Player,High,6.82,14.55,4.5,32.21,28.34
Darren Collison,2018-19,55.99,Luxury Amplifier,High,51.76,65.67,51.21,70.43,32.4
David Nwaba,2018-19,23.84,Role Player,High,19.13,10.0,27.64,47.0,30.25
De'Aaron Fox,2018-19,63.34,Luxury Amplifier,High,58.57,67.68,72.4,73.01,34.15
De'Anthony Melton,2018-19,37.27,Role Player,High,18.63,55.33,34.17,54.04,29.07
DeAndre Jordan,2018-19,16.27,Role Player,High,10.66,16.41,0.0,36.74,34.58
DeAndre' Bembry,2018-19,24.36,Role Player,High,14.67,12.83,32.04,47.0,32.97
DeMar DeRozan,2018-19,61.26,Luxury Amplifier,High,62.23,70.98,59.6,63.21,34.46
DeMarre Carroll,2018-19,15.46,Role Player,High,6.14,13.83,8.75,33.6,33.69
Deandre Ayton,2018-19,15.19,Role Player,High,10.76,11.67,0.0,32.14,42.23
Delon Wright,2018-19,35.44,Role Player,High,30.38,18.96,52.56,51.48,33.49
Dennis Schröder,2018-19,38.39,Role Player,High,43.53,13.67,58.59,47.0,31.48
Dennis Smith Jr.,2018-19,47.1,Fragile Star,High,40.6,36.64,71.6,54.22,33.08
Derrick Jones Jr.,2018-19,13.89,Role Player,High,7.76,10.0,2.63,38.07,28.25
Derrick Rose,2018-19,60.96,Luxury Amplifier,High,59.48,68.09,60.3,72.24,32.0
Derrick White,2018-19,50.53,Fragile Star,High,35.17,63.0,52.35,70.47,31.85
Devin Booker,2018-19,75.9,Strong Creator,High,77.29,90.0,82.5,67.94,35.18
Devin Harris,2018-19,19.48,Role Player,High,10.1,18.33,13.97,41.37,28.7
Devonte' Graham,2018-19,24.01,Role Player,High,21.62,10.0,25.71,47.0,28.36
Dewayne Dedmon,2018-19,18.67,Role Player,High,1.08,37.58,0.5,38.52,30.75
Dion Waiters,2018-19,35.35,Role Player,High,26.55,30.83,37.48,62.0,28.82
Donovan Mitchell,2018-19,69.24,Luxury Amplifier,High,60.65,90.0,76.4,67.06,32.01
Dorian Finney-Smith,2018-19,14.56,Role Player,High,7.04,17.39,2.29,31.33,29.41
Dragan Bender,2018-19,10.02,Role Player,High,2.83,11.15,0.5,23.21,28.04
Draymond Green,2018-19,13.5,Role Player,High,4.47,14.42,4.23,31.69,29.52
Dwayne Bacon,2018-19,31.95,Role Player,High,23.46,14.6,44.5,62.62,29.7
Dwight Powell,2018-19,13.45,Role Player,High,0.62,19.34,0.0,34.29,32.81
Dwyane Wade,2018-19,55.44,Luxury Amplifier,High,46.22,66.81,63.3,59.51,32.83
E'Twaun Moore,2018-19,22.5,Role Player,High,13.44,10.0,20.71,58.75,30.16
Elfrid Payton,2018-19,47.44,Fragile Star,High,22.99,60.67,61.0,67.64,30.25
Emmanuel Mudiay,2018-19,60.0,Luxury Amplifier,High,48.16,76.17,65.11,68.08,32.78
Enes Freedom,2018-19,26.81,Role Player,High,30.46,13.5,15.26,46.17,43.22
Eric Bledsoe,2018-19,54.75,Fragile Star,High,52.01,60.57,51.23,69.62,33.15
Eric Gordon,2018-19,26.03,Role Player,High,20.07,18.0,19.0,57.69,30.51
Ersan Ilyasova,2018-19,15.77,Role Player,High,1.45,29.55,2.0,31.54,28.15
Evan Fournier,2018-19,40.57,Fragile Star,High,28.88,49.37,30.2,69.72,30.68
Evan Turner,2018-19,32.64,Role Player,High,31.63,10.0,51.3,47.0,33.45
Frank Jackson,2018-19,26.42,Role Player,High,11.79,35.99,20.38,45.42,30.0
Frank Kaminsky,2018-19,12.6,Role Player,High,1.31,13.17,0.98,38.91,28.87
Frank Ntilikina,2018-19,26.02,Role Player,High,26.54,10.0,28.65,47.0,27.83
Fred VanVleet,2018-19,35.55,Role Player,High,35.38,24.18,42.11,48.89,31.35
Gary Harris,2018-19,34.7,Role Player,High,18.62,42.26,28.33,64.38,32.29
George Hill,2018-19,42.99,Fragile Star,High,29.47,59.83,27.31,70.06,32.19
Gerald Green,2018-19,15.85,Role Player,High,8.13,10.0,8.37,42.39,28.76
Giannis Antetokounmpo,2018-19,56.97,Luxury Amplifier,High,54.83,51.37,64.6,69.66,43.14
Goran Dragic,2018-19,36.97,Role Player,High,36.11,23.94,50.82,47.0,29.37
Gordon Hayward,2018-19,27.68,Role Player,High,22.12,23.01,15.04,60.31,32.41
Harrison Barnes,2018-19,33.99,Role Player,High,23.63,36.44,22.47,65.29,35.01
Hassan Whiteside,2018-19,18.98,Role Player,High,15.4,20.54,0.94,37.17,34.64
Ian Clark,2018-19,20.69,Role Player,High,13.67,15.17,16.28,45.14,27.69
Ish Smith,2018-19,37.65,Role Player,High,39.69,14.17,60.5,47.0,30.49
Ivan Rabb,2018-19,14.98,Role Player,High,13.04,12.67,3.97,27.38,30.03
J.J. Barea,2018-19,42.4,Fragile Star,High,45.23,11.83,68.5,62.0,28.69
JJ Redick,2018-19,25.94,Role Player,High,22.41,26.83,15.88,42.04,30.27
JaMychal Green,2018-19,17.31,Role Player,High,8.19,24.44,1.0,36.37,30.85
JaVale McGee,2018-19,12.57,Role Player,High,2.88,14.0,0.0,32.1,33.88
Jabari Parker,2018-19,35.05,Role Player,High,32.53,22.5,34.09,62.0,35.45
Jae Crowder,2018-19,12.7,Role Player,High,6.48,11.0,6.5,25.42,28.89
Jahlil Okafor,2018-19,34.52,Role Player,High,34.71,13.17,40.0,62.0,35.14
Jalen Brunson,2018-19,43.56,Fragile Star,High,39.03,38.84,48.59,62.0,31.26
Jamal Crawford,2018-19,39.73,Role Player,High,47.37,18.79,55.0,47.64,26.75
Jamal Murray,2018-19,54.65,Fragile Star,High,47.18,60.97,61.96,65.28,30.7
James Ennis III,2018-19,10.04,Role Player,High,1.23,10.0,1.5,25.87,29.9
James Harden,2018-19,86.72,Franchise Engine,High,99.0,89.55,100.0,74.64,34.36
James Johnson,2018-19,23.43,Role Player,High,16.3,12.0,26.42,47.0,32.07
Jaren Jackson Jr.,2018-19,25.92,Role Player,High,13.34,28.92,14.05,50.69,42.74
Jarrett Allen,2018-19,16.5,Role Player,High,0.54,29.75,0.0,36.46,34.32
Jaylen Brown,2018-19,21.97,Role Player,High,17.55,13.83,16.79,43.36,33.84
Jayson Tatum,2018-19,38.09,Role Player,High,35.89,30.08,33.88,64.05,34.16
Jeff Green,2018-19,17.71,Role Player,High,12.33,14.33,4.05,41.95,33.26
Jeff Teague,2018-19,52.07,Fragile Star,High,50.35,39.82,73.3,62.86,29.25
Jerami Grant,2018-19,13.06,Role Player,High,1.44,11.83,2.05,39.92,32.77
Jeremy Lamb,2018-19,44.78,Fragile Star,High,35.2,53.79,40.53,62.94,32.27
Jerryd Bayless,2018-19,44.22,Fragile Star,High,28.33,60.5,45.73,57.55,28.21
Jimmy Butler III,2018-19,54.63,Fragile Star,High,44.44,70.17,44.94,73.85,36.89
Joakim Noah,2018-19,14.85,Role Player,High,6.88,15.83,7.95,28.1,30.25
Joe Harris,2018-19,21.12,Role Player,High,5.43,25.12,10.64,52.8,31.66
Joe Ingles,2018-19,28.59,Role Player,High,28.63,10.5,25.69,61.29,30.44
Joel Embiid,2018-19,47.41,Fragile Star,High,39.66,64.58,23.04,62.1,54.44
John Collins,2018-19,16.34,Role Player,High,6.56,20.5,1.18,36.08,35.97
John Wall,2018-19,67.03,Luxury Amplifier,High,58.48,80.85,77.35,71.85,30.25
Jonas Jerebko,2018-19,12.64,Role Player,High,0.85,17.75,1.0,33.21,27.7
Jonas Valančiūnas,2018-19,34.41,Role Player,High,24.92,56.31,6.54,49.85,40.69
Jonathan Isaac,2018-19,12.37,Role Player,High,5.87,14.96,1.0,24.98,29.2
Jordan Clarkson,2018-19,52.76,Fragile Star,High,48.25,59.73,54.99,62.03,30.51
Jordan McRae,2018-19,36.58,Role Player,High,37.48,16.67,43.0,64.27,29.23
Josh Hart,2018-19,19.67,Role Player,High,4.91,30.63,4.26,43.77,31.25
Josh Jackson,2018-19,39.52,Role Player,High,22.59,46.06,40.4,65.71,32.93
Josh Okogie,2018-19,16.36,Role Player,High,7.34,10.0,12.24,39.07,33.46
Josh Richardson,2018-19,42.85,Fragile Star,High,32.05,47.71,42.79,64.29,31.03
Jrue Holiday,2018-19,61.3,Luxury Amplifier,High,60.6,60.17,77.4,62.0,32.95
Julius Randle,2018-19,49.68,Fragile Star,High,35.65,58.08,43.48,74.86,45.42
Justin Anderson,2018-19,16.38,Role Player,High,8.18,18.04,5.77,35.41,29.5
Justin Holiday,2018-19,14.13,Role Player,High,9.52,10.0,6.68,29.9,29.55
Justin Jackson,2018-19,23.02,Role Player,High,4.52,48.41,2.4,41.88,27.96
Justise Winslow,2018-19,36.94,Role Player,High,24.0,36.71,40.63,62.0,31.4
Jusuf Nurkić,2018-19,25.16,Role Player,High,13.64,32.71,11.79,40.27,44.91
Karl-Anthony Towns,2018-19,33.09,Role Player,High,21.6,52.33,9.58,42.91,51.72
Kawhi Leonard,2018-19,73.46,Strong Creator,High,78.43,89.67,64.0,72.34,38.63
Kelly Olynyk,2018-19,23.0,Role Player,High,3.32,47.18,3.5,43.23,30.28
Kelly Oubre Jr.,2018-19,26.61,Role Player,High,19.9,20.17,26.01,47.0,33.41
Kemba Walker,2018-19,80.24,Franchise Engine,High,79.03,90.0,100.0,72.04,32.26
Kenrich Williams,2018-19,13.6,Role Player,High,4.12,10.0,7.0,36.61,29.69
Kent Bazemore,2018-19,29.55,Role Player,High,22.77,26.78,28.65,47.0,32.41
Kentavious Caldwell-Pope,2018-19,20.55,Role Player,High,9.3,25.27,6.97,46.49,30.77
Kevin Durant,2018-19,67.62,Luxury Amplifier,High,70.32,76.33,64.9,69.44,40.49
Kevin Huerter,2018-19,31.39,Role Player,High,21.04,33.83,21.91,62.0,29.4
Kevin Knox II,2018-19,25.39,Role Player,High,19.24,20.5,21.67,46.61,31.72
Kevin Love,2018-19,26.57,Role Player,High,15.79,45.53,7.37,38.79,31.62
Kevon Looney,2018-19,14.38,Role Player,High,11.66,10.0,0.64,36.18,28.25
Khris Middleton,2018-19,47.18,Fragile Star,High,55.89,26.34,56.24,62.0,32.79
Klay Thompson,2018-19,23.52,Role Player,High,20.36,18.83,12.92,46.14,32.01
Kris Dunn,2018-19,48.42,Fragile Star,High,42.31,38.98,66.8,64.72,29.17
Kyle Anderson,2018-19,25.82,Role Player,High,23.39,10.0,23.37,57.38,30.25
Kyle Kuzma,2018-19,25.09,Role Player,High,17.05,30.2,15.97,37.97,35.4
Kyle Lowry,2018-19,44.01,Fragile Star,High,41.51,39.21,46.56,62.0,31.46
Kyrie Irving,2018-19,73.31,Strong Creator,High,72.53,90.0,75.94,71.43,31.52
LaMarcus Aldridge,2018-19,37.93,Role Player,High,35.46,35.43,22.07,58.07,53.12
Lance Stephenson,2018-19,37.53,Role Player,High,28.08,44.94,23.42,68.52,29.05
Landry Shamet,2018-19,14.37,Role Player,High,6.46,10.0,5.0,40.85,28.02
Langston Galloway,2018-19,11.49,Role Player,High,4.88,10.0,2.0,28.94,27.82
Larry Nance Jr.,2018-19,22.16,Role Player,High,12.61,29.18,4.57,46.81,31.5
Lauri Markkanen,2018-19,23.67,Role Player,High,18.58,18.0,12.57,50.79,34.62
LeBron James,2018-19,75.8,Strong Creator,High,75.6,86.78,83.99,71.95,38.39
Lonzo Ball,2018-19,33.12,Role Player,High,22.0,31.96,31.2,62.18,29.65
Lou Williams,2018-19,64.54,Luxury Amplifier,High,63.89,73.04,65.5,70.78,33.97
Luka Dončić,2018-19,75.17,Strong Creator,High,70.41,83.52,93.5,73.11,34.99
Luke Kennard,2018-19,24.14,Role Player,High,23.91,10.0,13.57,59.11,28.9
Luke Kornet,2018-19,15.75,Role Player,High,2.28,33.47,1.5,24.46,27.26
Luol Deng,2018-19,18.49,Role Player,High,11.61,11.83,8.83,48.03,30.81
Malcolm Brogdon,2018-19,37.79,Role Player,High,36.15,18.5,48.04,62.95,32.71
Malik Beasley,2018-19,17.5,Role Player,High,8.03,13.83,8.81,45.94,29.78
Malik Monk,2018-19,24.88,Role Player,High,18.5,21.17,20.73,47.0,28.39
Marc Gasol,2018-19,18.68,Role Player,High,5.7,34.29,0.5,30.26,37.59
Marco Belinelli,2018-19,28.26,Role Player,High,12.3,44.86,11.58,53.82,29.66
Marcus Morris Sr.,2018-19,22.92,Role Player,High,22.38,15.83,14.45,40.83,32.31
Mario Hezonja,2018-19,39.76,Role Player,High,19.46,65.3,33.99,49.99,32.98
Marvin Bagley III,2018-19,27.57,Role Player,High,24.86,20.0,16.38,49.27,44.45
Marvin Williams,2018-19,18.58,Role Player,High,2.03,42.03,1.0,29.78,27.95
Mason Plumlee,2018-19,18.93,Role Player,High,11.59,10.0,12.47,44.5,37.81
Matthew Dellavedova,2018-19,35.16,Role Player,High,27.31,37.17,28.07,62.0,27.65
Maurice Harkless,2018-19,19.94,Role Player,High,7.29,19.83,9.68,49.74,34.02
Maxi Kleber,2018-19,10.67,Role Player,High,0.84,10.0,0.5,32.99,28.71
Meyers Leonard,2018-19,10.23,Role Player,High,0.62,10.0,0.5,30.95,28.01
Michael Kidd-Gilchrist,2018-19,21.14,Role Player,High,9.55,10.0,21.66,56.14,30.25
Mikal Bridges,2018-19,13.19,Role Player,High,3.24,16.76,3.64,29.36,28.97
Mike Conley,2018-19,72.66,Strong Creator,High,68.77,86.0,82.19,72.07,32.82
Mike Muscala,2018-19,16.38,Role Player,High,0.51,36.75,0.0,27.98,28.45
Mike Scott,2018-19,19.4,Role Player,High,2.04,39.28,1.5,39.78,26.99
Miles Bridges,2018-19,15.56,Role Player,High,3.56,10.0,9.09,46.39,32.12
Mitchell Robinson,2018-19,15.77,Role Player,High,18.06,10.0,0.0,31.71,30.98
Monte Morris,2018-19,33.73,Role Player,High,35.52,10.0,41.36,62.0,30.0
Montrezl Harrell,2018-19,25.35,Role Player,High,14.69,20.67,19.17,48.89,46.03
Myles Turner,2018-19,11.96,Role Player,High,2.14,16.67,0.5,23.43,35.4
Nemanja Bjelica,2018-19,16.62,Role Player,High,9.57,12.17,5.61,42.67,31.86
Nicolas Batum,2018-19,23.22,Role Player,High,21.15,10.0,14.98,55.57,30.41
Nik Stauskas,2018-19,23.27,Role Player,High,16.44,20.79,16.78,46.23,28.53
Nikola Jokić,2018-19,44.69,Fragile Star,High,31.05,62.43,28.6,62.07,47.39
Nikola Mirotic,2018-19,18.23,Role Player,High,7.96,25.72,5.0,36.53,29.33
Nikola Vučević,2018-19,28.0,Role Player,High,11.64,51.64,4.95,41.55,43.72
Noah Vonleh,2018-19,31.57,Role Player,High,27.0,21.25,24.02,64.87,36.27
OG Anunoby,2018-19,18.66,Role Player,High,10.85,10.67,9.9,50.39,32.04
Otto Porter Jr.,2018-19,28.58,Role Player,High,23.75,30.33,11.68,56.92,30.02
P.J. Tucker,2018-19,14.99,Role Player,High,0.82,34.46,0.5,21.71,27.76
Pascal Siakam,2018-19,33.65,Role Player,High,31.98,16.17,34.73,62.0,37.67
Pat Connaughton,2018-19,12.08,Role Player,High,1.71,10.0,1.5,39.35,28.67
Patrick Beverley,2018-19,27.56,Role Player,High,18.2,22.33,17.08,66.27,31.66
Patty Mills,2018-19,30.55,Role Player,High,31.83,10.0,31.15,62.0,29.7
Paul George,2018-19,63.81,Luxury Amplifier,High,65.04,73.94,56.78,72.44,35.9
Paul Millsap,2018-19,29.3,Role Player,High,19.67,26.22,19.46,60.33,39.02
Rajon Rondo,2018-19,37.64,Role Player,High,37.87,10.0,68.5,47.0,30.25
Reggie Bullock Jr.,2018-19,21.33,Role Player,High,6.46,38.45,4.0,41.4,27.74
Reggie Jackson,2018-19,54.54,Fragile Star,High,46.94,65.05,53.67,69.24,30.75
Richaun Holmes,2018-19,12.54,Role Player,High,4.06,12.33,0.0,34.49,30.69
Ricky Rubio,2018-19,34.71,Role Player,High,34.32,19.67,45.85,47.0,32.75
Robert Covington,2018-19,18.7,Role Player,High,6.06,26.21,4.63,44.53,27.23
Robin Lopez,2018-19,30.59,Role Player,High,24.21,27.46,20.1,54.82,42.19
Rodney Hood,2018-19,39.03,Role Player,High,38.45,32.46,37.59,58.76,30.52
Rodney McGruder,2018-19,18.98,Role Player,High,11.9,10.17,17.3,42.48,30.37
Rondae Hollis-Jefferson,2018-19,22.18,Role Player,High,7.91,14.17,28.41,46.2,36.51
Royce O'Neale,2018-19,14.11,Role Player,High,2.02,10.0,4.86,45.98,31.38
Rudy Gay,2018-19,37.01,Role Player,High,43.12,17.17,35.86,62.0,33.12
Rudy Gobert,2018-19,21.74,Role Player,High,8.34,38.01,0.0,41.53,35.03
Russell Westbrook,2018-19,66.63,Luxury Amplifier,High,60.42,72.04,84.5,67.26,35.02
Ryan Arcidiacono,2018-19,30.55,Role Player,High,34.85,10.0,24.26,64.21,31.07
Salah Mejri,2018-19,23.5,Role Player,High,1.88,60.0,0.5,33.4,28.25
Serge Ibaka,2018-19,15.47,Role Player,High,2.37,24.19,0.5,32.75,36.98
Seth Curry,2018-19,27.12,Role Player,High,26.77,10.0,22.69,62.0,27.52
Shai Gilgeous-Alexander,2018-19,41.82,Fragile Star,High,44.7,20.3,52.3,63.74,33.18
Shaquille Harrison,2018-19,28.58,Role Player,High,19.49,14.96,41.6,50.99,30.25
Shelvin Mack,2018-19,33.25,Role Player,High,27.53,11.67,59.2,47.0,31.81
Solomon Hill,2018-19,10.91,Role Player,High,1.47,13.46,0.5,28.3,27.57
Spencer Dinwiddie,2018-19,63.9,Luxury Amplifier,High,61.88,65.25,74.6,70.92,34.63
Stanley Johnson,2018-19,20.66,Role Player,High,15.93,10.0,17.44,46.57,29.11
Stephen Curry,2018-19,62.56,Luxury Amplifier,High,55.95,77.47,60.49,74.82,30.82
Sterling Brown,2018-19,30.3,Role Player,High,5.39,60.0,14.27,52.17,30.08
Steven Adams,2018-19,19.81,Role Player,High,16.73,10.5,8.83,42.19,40.67
T.J. Warren,2018-19,37.25,Role Player,High,27.87,40.79,25.01,71.6,29.49
Taj Gibson,2018-19,22.18,Role Player,High,14.91,13.5,15.01,49.09,39.7
Taurean Prince,2018-19,28.87,Role Player,High,28.71,16.67,19.76,60.54,30.59
Terrence Ross,2018-19,29.45,Role Player,High,23.07,32.13,20.31,50.38,28.74
Terry Rozier,2018-19,28.04,Role Player,High,26.07,10.0,38.35,47.0,30.01
Thaddeus Young,2018-19,26.01,Role Player,High,19.01,21.61,16.63,51.69,38.21
Thomas Bryant,2018-19,22.18,Role Player,High,0.69,51.22,0.5,38.9,32.32
Tim Hardaway Jr.,2018-19,43.3,Fragile Star,High,38.64,45.23,39.97,61.76,31.42
Tobias Harris,2018-19,41.18,Fragile Star,High,49.35,19.5,43.46,62.0,35.05
Tomas Satoransky,2018-19,34.76,Role Player,High,27.14,27.31,34.56,63.49,33.51
Tony Parker,2018-19,47.84,Fragile Star,High,42.0,44.18,53.7,69.91,29.71
Torrey Craig,2018-19,16.15,Role Player,High,2.04,26.51,0.5,39.3,29.16
Trae Young,2018-19,72.64,Strong Creator,High,66.46,85.0,91.0,66.26,33.14
Trevor Ariza,2018-19,18.68,Role Player,High,10.2,13.5,10.71,46.09,31.94
Trey Burke,2018-19,50.94,Fragile Star,High,46.06,51.15,55.6,68.93,28.79
Tristan Thompson,2018-19,31.0,Role Player,High,23.73,28.84,25.54,53.63,35.14
Troy Brown Jr.,2018-19,31.14,Role Player,High,9.88,40.68,28.95,61.73,29.6
Tyler Dorsey,2018-19,33.69,Role Player,High,11.74,61.83,17.71,55.1,29.07
Tyler Johnson,2018-19,23.68,Role Player,High,11.09,29.33,13.72,47.68,31.29
Tyson Chandler,2018-19,14.12,Role Player,High,14.83,10.0,0.0,30.28,26.25
Tyus Jones,2018-19,34.7,Role Player,High,34.01,10.0,59.5,47.0,30.47
Victor Oladipo,2018-19,64.52,Luxury Amplifier,High,54.77,90.0,62.91,67.54,28.72
Vince Carter,2018-19,20.2,Role Player,High,5.02,31.94,3.5,48.09,27.92
Wayne Ellington,2018-19,22.2,Role Player,High,9.99,32.49,12.58,38.12,28.49
Wayne Selden,2018-19,22.0,Role Player,High,16.27,10.0,23.4,47.0,28.92
Wendell Carter Jr.,2018-19,13.12,Role Player,High,3.46,17.17,2.49,26.49,33.14
Wesley Matthews,2018-19,23.78,Role Player,High,16.3,16.61,15.91,55.62,32.12
Will Barton,2018-19,27.54,Role Player,High,25.08,10.83,36.92,47.0,28.79
Willie Cauley-Stein,2018-19,17.39,Role Player,High,3.15,17.65,7.63,45.84,36.29
Zach LaVine,2018-19,69.3,Luxury Amplifier,High,63.78,88.67,72.3,67.44,34.25
Aaron Gordon,2019-20,30.1,Role Player,High,24.93,23.21,29.63,48.17,36.65
Alec Burks,2019-20,53.46,Fragile Star,High,44.66,63.34,56.29,64.61,32.81
Alex Caruso,2019-20,20.27,Role Player,High,12.51,10.0,19.82,47.0,30.0
Alex Len,2019-20,24.24,Role Player,High,5.5,60.17,0.0,30.63,29.58
Andre Drummond,2019-20,30.83,Role Player,High,19.22,28.69,26.85,53.16,45.44
Andre Iguodala,2019-20,12.35,Role Player,High,4.92,10.0,3.16,34.13,26.25
Andrew Wiggins,2019-20,57.68,Luxury Amplifier,High,44.68,74.99,59.85,68.32,33.06
Anthony Davis,2019-20,44.54,Fragile Star,High,30.93,77.96,13.59,54.85,48.28
Anthony Tolliver,2019-20,11.66,Role Player,High,0.41,17.78,0.5,28.67,26.88
Aron Baynes,2019-20,18.77,Role Player,High,0.52,41.12,0.0,34.76,31.16
Austin Rivers,2019-20,32.11,Role Player,High,30.68,16.51,30.45,63.25,32.02
Avery Bradley,2019-20,15.77,Role Player,High,7.74,10.0,5.19,47.23,28.23
Bam Adebayo,2019-20,28.84,Role Player,High,13.78,30.18,21.78,55.57,44.7
Ben McLemore,2019-20,12.03,Role Player,High,2.83,10.0,4.5,33.43,27.7
Ben Simmons,2019-20,42.15,Fragile Star,High,38.07,13.5,70.5,62.0,39.5
Bismack Biyombo,2019-20,15.37,Role Player,High,0.59,29.0,0.0,33.06,29.81
Blake Griffin,2019-20,37.95,Role Player,High,32.95,31.12,49.55,47.0,33.22
Bobby Portis,2019-20,15.64,Role Player,High,12.08,11.0,5.8,31.35,34.02
Bogdan Bogdanović,2019-20,40.08,Fragile Star,High,33.34,46.92,27.53,65.89,29.57
Bojan Bogdanovic,2019-20,36.52,Role Player,High,31.55,32.52,31.77,62.0,32.74
Brad Wanamaker,2019-20,34.79,Role Player,High,32.86,12.17,47.2,63.07,29.92
Bradley Beal,2019-20,70.87,Strong Creator,High,69.06,90.0,70.52,68.15,33.23
Brandon Clarke,2019-20,14.69,Role Player,High,2.12,20.33,0.0,38.14,32.51
Brandon Ingram,2019-20,57.69,Luxury Amplifier,High,52.55,78.8,47.4,62.91,33.05
Brook Lopez,2019-20,21.78,Role Player,High,4.0,46.97,0.5,35.88,33.51
Bruce Brown,2019-20,37.47,Role Player,High,21.57,31.03,52.93,62.0,33.52
Bryn Forbes,2019-20,26.33,Role Player,High,11.14,43.59,8.23,50.37,28.85
Buddy Hield,2019-20,54.0,Fragile Star,High,49.62,65.59,47.71,68.39,29.2
CJ McCollum,2019-20,53.79,Fragile Star,High,67.59,22.83,77.6,62.0,29.83
Caleb Martin,2019-20,16.69,Role Player,High,3.26,10.0,12.04,51.95,30.14
Cam Reddish,2019-20,20.51,Role Player,High,15.8,10.0,17.49,44.14,31.56
Cameron Johnson,2019-20,10.77,Role Player,High,1.13,10.0,1.0,32.8,28.1
Caris LeVert,2019-20,56.4,Luxury Amplifier,High,52.41,54.53,70.4,66.87,29.3
Carmelo Anthony,2019-20,30.66,Role Player,High,33.9,14.83,20.23,59.39,38.28
Cedi Osman,2019-20,23.92,Role Player,High,14.96,21.37,13.56,55.2,30.96
Chris Paul,2019-20,77.07,Strong Creator,High,92.93,75.5,79.31,75.8,30.88
Christian Wood,2019-20,17.03,Role Player,High,7.48,17.33,4.86,40.25,34.44
Clint Capela,2019-20,15.44,Role Player,High,0.85,24.96,0.0,38.76,31.36
Coby White,2019-20,35.03,Role Player,High,32.22,19.5,40.42,62.0,31.06
Cody Martin,2019-20,18.02,Role Player,High,10.59,10.0,14.79,42.37,30.25
Cody Zeller,2019-20,14.97,Role Player,High,8.3,10.17,4.37,37.87,33.82
Collin Sexton,2019-20,54.82,Fragile Star,High,55.68,48.0,64.2,66.58,32.87
Cory Joseph,2019-20,32.2,Role Player,High,29.2,13.52,37.46,63.61,30.25
D'Angelo Russell,2019-20,73.54,Strong Creator,High,73.78,80.61,87.77,73.21,27.17
D.J. Augustin,2019-20,55.09,Luxury Amplifier,High,50.01,49.35,69.43,70.02,33.62
Damian Lillard,2019-20,85.0,Franchise Engine,High,98.81,85.33,100.0,70.79,34.06
Damion Lee,2019-20,24.47,Role Player,High,10.35,44.91,6.78,39.82,28.09
Daniel Theis,2019-20,13.61,Role Player,High,0.67,20.08,0.5,34.0,31.89
Danilo Gallinari,2019-20,29.58,Role Player,High,27.38,32.5,10.75,50.07,35.81
Danny Green,2019-20,15.86,Role Player,High,4.78,24.72,4.0,31.25,27.61
Danuel House Jr.,2019-20,17.39,Role Player,High,4.86,22.89,5.0,42.38,28.54
Dario Šarić,2019-20,12.59,Role Player,High,4.2,10.0,0.5,36.94,31.87
Darius Garland,2019-20,40.62,Fragile Star,High,38.03,28.81,59.55,47.6,29.54
Davis Bertans,2019-20,19.68,Role Player,High,6.98,27.95,6.5,43.31,28.06
De'Aaron Fox,2019-20,67.07,Luxury Amplifier,High,65.05,67.87,80.0,73.83,35.16
De'Andre Hunter,2019-20,22.31,Role Player,High,14.53,12.67,15.88,56.52,31.34
De'Anthony Melton,2019-20,29.63,Role Player,High,16.12,31.31,25.53,59.51,29.31
DeAndre Jordan,2019-20,19.28,Role Player,High,7.05,34.65,0.0,36.11,30.84
DeAndre' Bembry,2019-20,20.51,Role Player,High,9.38,15.45,22.12,42.56,30.25
DeMar DeRozan,2019-20,64.43,Luxury Amplifier,High,71.48,67.04,58.5,73.47,35.02
Deandre Ayton,2019-20,16.42,Role Player,High,6.43,22.17,0.0,33.27,39.58
Dejounte Murray,2019-20,40.23,Fragile Star,High,40.29,21.83,51.17,62.0,31.54
Dennis Schröder,2019-20,46.78,Fragile Star,High,50.16,34.19,53.53,62.0,31.76
Derrick Favors,2019-20,15.38,Role Player,High,9.55,15.56,0.0,35.73,32.63
Derrick Rose,2019-20,69.72,Luxury Amplifier,High,64.62,90.0,74.8,64.44,32.11
Derrick White,2019-20,38.09,Role Player,High,40.56,14.83,47.65,62.0,33.83
Devin Booker,2019-20,67.96,Luxury Amplifier,High,75.63,70.31,64.6,74.01,36.74
Devonte' Graham,2019-20,69.52,Luxury Amplifier,High,63.5,74.0,91.27,70.97,30.74
Dewayne Dedmon,2019-20,17.63,Role Player,High,1.32,44.19,0.5,21.12,29.17
Dillon Brooks,2019-20,29.68,Role Player,High,29.21,19.83,29.3,47.0,30.53
Domantas Sabonis,2019-20,26.54,Role Player,High,15.56,23.35,19.19,48.39,49.34
Donovan Mitchell,2019-20,74.44,Strong Creator,High,72.01,90.0,82.7,71.16,31.27
Donte DiVincenzo,2019-20,24.36,Role Player,High,20.07,10.0,19.64,58.06,31.98
Dorian Finney-Smith,2019-20,15.19,Role Player,High,2.3,22.68,1.5,37.37,29.2
Draymond Green,2019-20,14.65,Role Player,High,4.84,11.67,11.79,33.27,29.35
Duncan Robinson,2019-20,20.01,Role Player,High,4.33,38.89,6.0,33.72,27.31
Dwayne Bacon,2019-20,39.66,Role Player,High,19.18,48.55,43.0,67.69,30.16
Dwight Howard,2019-20,16.3,Role Player,High,20.44,10.5,0.0,31.42,28.25
Dwight Powell,2019-20,11.48,Role Player,High,0.96,10.0,0.0,38.5,29.14
E'Twaun Moore,2019-20,31.88,Role Player,High,17.57,35.8,27.73,62.0,28.13
Elfrid Payton,2019-20,47.87,Fragile Star,High,33.6,51.1,66.5,57.95,30.25
Eric Bledsoe,2019-20,47.67,Fragile Star,High,54.56,28.08,57.66,62.5,33.77
Eric Gordon,2019-20,21.99,Role Player,High,18.04,11.5,21.23,43.89,28.78
Eric Paschall,2019-20,33.25,Role Player,High,24.06,30.05,27.15,62.25,37.54
Evan Fournier,2019-20,50.73,Fragile Star,High,44.31,67.15,41.16,62.0,31.18
Frank Jackson,2019-20,22.99,Role Player,High,15.06,16.17,22.42,47.0,28.94
Frank Kaminsky,2019-20,12.93,Role Player,High,2.88,20.68,0.5,24.86,30.63
Frank Ntilikina,2019-20,27.22,Role Player,High,25.95,11.5,32.35,47.0,30.39
Fred VanVleet,2019-20,54.79,Fragile Star,High,50.18,45.99,71.48,71.02,32.85
Garrett Temple,2019-20,18.91,Role Player,High,14.92,10.0,15.15,39.38,29.96
Gary Harris,2019-20,20.98,Role Player,High,10.99,12.37,21.8,47.07,31.71
Gary Trent Jr.,2019-20,24.46,Role Player,High,22.73,10.67,14.92,60.91,28.57
George Hill,2019-20,34.79,Role Player,High,40.11,10.83,36.05,63.73,32.82
Giannis Antetokounmpo,2019-20,68.9,Luxury Amplifier,High,63.22,84.92,65.19,72.9,47.36
Glenn Robinson III,2019-20,16.73,Role Player,High,8.67,12.5,5.55,45.6,30.55
Goran Dragic,2019-20,45.63,Fragile Star,High,50.55,25.97,57.09,62.0,32.57
Gordon Hayward,2019-20,36.39,Role Player,High,41.45,21.14,29.39,64.16,31.66
Gorgui Dieng,2019-20,24.52,Role Player,High,1.41,63.0,0.5,36.44,27.79
Harrison Barnes,2019-20,37.76,Role Player,High,22.99,51.43,24.09,63.37,36.84
Ian Mahinmi,2019-20,11.25,Role Player,High,8.1,10.0,0.0,21.97,30.25
Isaac Bonga,2019-20,20.2,Role Player,High,17.65,10.0,10.89,47.98,30.25
Isaiah Thomas,2019-20,36.43,Role Player,High,36.68,17.17,45.55,62.0,27.26
Ish Smith,2019-20,40.35,Fragile Star,High,42.21,15.17,57.62,62.0,30.71
JJ Redick,2019-20,27.25,Role Player,High,16.31,36.45,14.09,49.13,30.6
Ja Morant,2019-20,69.01,Luxury Amplifier,High,55.76,89.83,77.3,72.94,34.19
JaMychal Green,2019-20,17.96,Role Player,High,0.63,37.79,0.5,36.01,28.23
Jabari Parker,2019-20,24.85,Role Player,High,17.85,21.17,16.52,50.98,32.47
Jae Crowder,2019-20,21.71,Role Player,High,10.31,30.86,8.0,42.99,28.56
Jahlil Okafor,2019-20,33.77,Role Player,High,30.13,16.0,39.92,62.0,34.47
Jakob Poeltl,2019-20,11.93,Role Player,High,5.76,10.0,0.0,31.34,30.03
Jalen Brunson,2019-20,48.72,Fragile Star,High,44.01,51.33,42.57,75.43,28.6
Jamal Murray,2019-20,59.58,Luxury Amplifier,High,55.42,67.24,65.7,66.07,30.89
James Ennis III,2019-20,11.89,Role Player,High,6.24,10.0,2.29,28.24,28.25
James Harden,2019-20,82.59,Franchise Engine,High,99.88,72.02,100.0,74.07,35.08
James Johnson,2019-20,29.72,Role Player,High,23.85,21.23,22.78,64.49,30.25
Jaren Jackson Jr.,2019-20,19.3,Role Player,High,7.83,19.5,8.28,44.19,37.87
Jarrett Culver,2019-20,25.61,Role Player,High,20.0,10.0,33.89,47.0,32.78
Jaxson Hayes,2019-20,10.05,Role Player,High,0.39,10.0,0.0,30.0,29.36
Jaylen Brown,2019-20,35.9,Role Player,High,35.42,23.17,33.99,62.0,33.87
Jayson Tatum,2019-20,61.31,Luxury Amplifier,High,62.42,55.76,71.9,72.49,33.95
Jeff Teague,2019-20,45.53,Fragile Star,High,52.01,19.25,61.0,63.16,34.4
Jerami Grant,2019-20,14.74,Role Player,High,3.85,10.0,4.55,45.06,34.19
Jeremy Lamb,2019-20,40.92,Fragile Star,High,42.2,29.45,39.9,67.14,28.5
Jimmy Butler III,2019-20,63.22,Luxury Amplifier,High,56.82,83.33,66.9,52.87,40.31
Joe Ingles,2019-20,33.79,Role Player,High,40.72,10.0,33.82,62.0,30.08
Joel Embiid,2019-20,49.68,Fragile Star,High,39.45,86.55,12.9,54.76,54.11
John Collins,2019-20,14.99,Role Player,High,4.43,18.33,1.5,35.24,34.92
Jonas Valančiūnas,2019-20,18.28,Role Player,High,21.97,10.0,0.0,34.67,39.89
Jonathan Isaac,2019-20,16.42,Role Player,High,16.93,10.0,5.45,31.24,30.67
Jordan Clarkson,2019-20,47.35,Fragile Star,High,46.77,44.62,47.65,63.68,30.85
Jordan McRae,2019-20,48.82,Fragile Star,High,34.45,67.8,42.24,68.14,28.68
Josh Hart,2019-20,21.83,Role Player,High,10.25,28.23,5.44,49.79,31.38
Josh Okogie,2019-20,27.87,Role Player,High,14.39,35.86,13.78,54.85,36.06
Josh Richardson,2019-20,38.55,Role Player,High,33.55,36.53,37.77,58.14,30.76
Jrue Holiday,2019-20,55.17,Luxury Amplifier,High,50.33,50.99,72.8,63.54,32.36
Julius Randle,2019-20,41.82,Fragile Star,High,33.99,43.8,37.71,58.78,43.12
Justise Winslow,2019-20,44.03,Fragile Star,High,23.01,55.44,50.16,68.07,30.26
Jusuf Nurkić,2019-20,30.4,Role Player,High,5.97,69.11,3.16,43.14,42.25
Karl-Anthony Towns,2019-20,34.83,Role Player,High,30.46,47.4,13.95,46.35,40.95
Kawhi Leonard,2019-20,66.16,Luxury Amplifier,High,78.67,62.13,63.93,70.02,37.42
Kelly Olynyk,2019-20,11.6,Role Player,High,1.93,11.0,1.5,34.82,27.44
Kelly Oubre Jr.,2019-20,31.71,Role Player,High,20.23,33.82,22.68,62.01,33.49
Kemba Walker,2019-20,70.25,Strong Creator,High,74.58,60.81,92.9,72.76,31.83
Kendrick Nunn,2019-20,35.39,Role Player,High,38.17,12.17,43.03,62.0,29.93
Kenrich Williams,2019-20,9.18,Role Player,High,0.97,10.0,0.5,23.46,27.69
Kent Bazemore,2019-20,22.68,Role Player,High,12.2,19.24,17.56,49.47,32.81
Kentavious Caldwell-Pope,2019-20,14.28,Role Player,High,5.41,10.33,2.74,42.4,31.62
Kevin Huerter,2019-20,27.84,Role Player,High,28.13,10.0,23.47,62.0,29.05
Kevin Knox II,2019-20,16.38,Role Player,High,9.72,10.0,11.23,39.07,28.56
Kevin Love,2019-20,28.59,Role Player,High,17.32,48.0,8.0,40.85,36.64
Kevin Porter Jr.,2019-20,43.5,Fragile Star,High,30.35,57.77,30.29,71.08,32.29
Khris Middleton,2019-20,63.02,Luxury Amplifier,High,66.83,78.5,49.38,66.88,34.39
Kris Dunn,2019-20,25.61,Role Player,High,18.95,11.33,34.08,47.0,32.22
Kristaps Porziņģis,2019-20,25.33,Role Player,High,9.76,48.61,3.0,40.14,36.25
Ky Bowman,2019-20,31.87,Role Player,High,26.74,10.5,56.3,47.0,29.14
Kyle Anderson,2019-20,20.12,Role Player,High,16.64,10.0,16.13,43.2,29.24
Kyle Kuzma,2019-20,21.12,Role Player,High,16.85,13.0,16.99,40.94,32.74
Kyle Lowry,2019-20,65.04,Luxury Amplifier,High,66.69,65.77,71.29,73.01,33.78
Kyrie Irving,2019-20,80.46,Franchise Engine,High,88.2,90.0,91.3,69.23,28.53
LaMarcus Aldridge,2019-20,33.38,Role Player,High,29.56,39.67,10.29,53.72,44.8
Landry Shamet,2019-20,15.17,Role Player,High,5.99,10.0,6.41,44.03,29.9
Langston Galloway,2019-20,14.08,Role Player,High,4.44,10.33,3.56,43.37,29.52
Larry Nance Jr.,2019-20,16.06,Role Player,High,12.35,11.83,1.0,40.93,30.6
Lauri Markkanen,2019-20,22.8,Role Player,High,7.84,37.27,3.54,47.02,33.71
LeBron James,2019-20,69.55,Luxury Amplifier,High,73.93,69.79,83.76,62.65,37.78
Lonnie Walker IV,2019-20,25.32,Role Player,High,11.28,19.05,23.93,62.81,29.63
Lonzo Ball,2019-20,31.29,Role Player,High,24.18,21.06,33.57,60.41,29.99
Lou Williams,2019-20,61.63,Luxury Amplifier,High,61.28,59.32,71.0,72.88,32.88
Luguentz Dort,2019-20,13.06,Role Player,High,3.36,10.0,6.79,34.47,30.25
Luka Dončić,2019-20,76.3,Strong Creator,High,89.2,65.49,100.0,64.52,34.85
Luke Kennard,2019-20,41.16,Fragile Star,High,37.23,36.68,36.01,72.33,27.68
Malcolm Brogdon,2019-20,66.6,Luxury Amplifier,High,64.14,67.77,82.8,70.52,32.77
Malik Beasley,2019-20,23.91,Role Player,High,14.11,16.33,20.11,57.2,29.93
Marc Gasol,2019-20,9.6,Role Player,High,1.33,10.0,0.0,25.37,28.91
Marco Belinelli,2019-20,21.39,Role Player,High,8.28,28.61,7.7,49.96,27.17
Marcus Morris Sr.,2019-20,50.17,Fragile Star,High,46.06,65.22,30.25,71.46,32.76
Marcus Smart,2019-20,39.12,Role Player,High,31.73,39.82,37.91,60.27,30.27
Markelle Fultz,2019-20,48.56,Fragile Star,High,40.39,39.26,64.6,69.57,32.72
Markieff Morris,2019-20,15.46,Role Player,High,5.75,13.5,3.57,42.39,32.86
Marquese Chriss,2019-20,12.93,Role Player,High,5.98,10.5,0.0,35.1,32.43
Marvin Williams,2019-20,15.59,Role Player,High,1.53,25.67,1.0,38.72,27.04
Mason Plumlee,2019-20,22.84,Role Player,High,9.9,31.0,7.72,50.03,30.69
Matthew Dellavedova,2019-20,39.58,Role Player,High,18.06,51.67,43.8,64.77,27.74
Maurice Harkless,2019-20,18.4,Role Player,High,10.06,10.14,11.4,48.4,33.12
Maxi Kleber,2019-20,13.24,Role Player,High,0.6,20.84,0.5,32.43,28.86
Michael Porter Jr.,2019-20,21.82,Role Player,High,17.25,14.0,14.9,47.72,30.06
Mikal Bridges,2019-20,13.49,Role Player,High,2.26,10.0,2.85,45.1,29.8
Mike Conley,2019-20,46.38,Fragile Star,High,50.08,25.89,63.93,62.0,27.94
Miles Bridges,2019-20,21.18,Role Player,High,14.18,15.17,18.66,40.77,32.86
Mitchell Robinson,2019-20,16.44,Role Player,High,15.35,14.67,0.0,33.93,30.82
Monte Morris,2019-20,34.53,Role Player,High,36.22,10.0,44.12,62.0,30.43
Montrezl Harrell,2019-20,32.42,Role Player,High,24.32,19.5,34.25,58.55,46.13
Moritz Wagner,2019-20,11.5,Role Player,High,1.15,10.0,0.99,36.78,29.36
Myles Turner,2019-20,11.29,Role Player,High,3.0,13.67,1.0,22.51,33.93
Nemanja Bjelica,2019-20,20.43,Role Player,High,12.28,23.02,5.78,44.69,31.32
Nicolas Batum,2019-20,14.21,Role Player,High,12.2,10.0,3.88,31.02,26.25
Nicolo Melli,2019-20,10.0,Role Player,High,2.31,10.0,1.0,26.01,27.09
Nikola Jokić,2019-20,48.1,Fragile Star,High,33.73,79.33,23.41,57.63,48.26
Nikola Vučević,2019-20,20.72,Role Player,High,6.5,41.35,1.13,27.32,41.11
Norman Powell,2019-20,27.04,Role Player,High,11.36,22.98,24.96,63.99,32.97
OG Anunoby,2019-20,17.2,Role Player,High,8.9,10.0,8.48,47.27,32.45
Otto Porter Jr.,2019-20,29.64,Role Player,High,29.44,15.33,24.3,62.0,28.11
P.J. Tucker,2019-20,15.61,Role Player,High,0.71,29.83,0.5,33.71,27.82
P.J. Washington,2019-20,15.33,Role Player,High,2.02,20.28,2.52,38.39,33.94
Pascal Siakam,2019-20,57.64,Luxury Amplifier,High,45.02,74.17,55.44,71.6,37.66
Pat Connaughton,2019-20,10.32,Role Player,High,1.75,10.0,1.5,27.9,28.08
Patrick Beverley,2019-20,23.69,Role Player,High,18.1,10.0,20.27,58.07,29.97
Patrick McCaw,2019-20,25.24,Role Player,High,6.86,28.87,15.8,65.46,29.83
Patty Mills,2019-20,33.66,Role Player,High,27.51,32.38,25.15,62.0,29.86
Paul George,2019-20,59.46,Luxury Amplifier,High,60.41,70.77,51.14,70.7,28.07
Paul Millsap,2019-20,21.12,Role Player,High,12.63,13.83,12.4,51.77,36.26
RJ Barrett,2019-20,32.33,Role Player,High,24.02,24.06,42.77,47.0,35.07
Rajon Rondo,2019-20,34.94,Role Player,High,33.08,10.0,51.06,62.0,30.0
Reggie Bullock Jr.,2019-20,15.84,Role Player,High,7.69,16.51,5.99,36.07,27.99
Reggie Jackson,2019-20,51.66,Fragile Star,High,43.01,60.22,57.76,62.0,28.49
Richaun Holmes,2019-20,14.14,Role Player,High,7.01,12.83,0.0,35.9,34.47
Ricky Rubio,2019-20,47.38,Fragile Star,High,43.45,36.82,57.84,68.56,32.9
Robert Covington,2019-20,15.13,Role Player,High,3.2,24.5,3.5,29.96,28.52
Rodney Hood,2019-20,33.61,Role Player,High,43.61,10.0,29.94,62.0,27.41
Royce O'Neale,2019-20,11.92,Role Player,High,1.77,10.0,2.0,37.66,28.44
Rudy Gay,2019-20,28.81,Role Player,High,25.74,24.11,16.71,57.33,31.22
Rudy Gobert,2019-20,20.42,Role Player,High,6.77,34.8,0.0,40.81,35.69
Rui Hachimura,2019-20,21.37,Role Player,High,17.73,15.33,15.73,38.96,32.25
Russell Westbrook,2019-20,53.86,Fragile Star,High,62.0,33.67,70.8,62.0,33.82
Serge Ibaka,2019-20,13.02,Role Player,High,1.41,17.67,0.0,31.35,34.78
Seth Curry,2019-20,32.61,Role Player,High,34.61,18.38,23.62,66.51,29.33
Shabazz Napier,2019-20,49.47,Fragile Star,High,50.5,45.88,51.41,62.0,32.66
Shai Gilgeous-Alexander,2019-20,53.22,Fragile Star,High,62.05,34.42,63.5,65.95,34.07
Shake Milton,2019-20,37.89,Role Player,High,31.97,40.31,25.59,68.1,28.93
Spencer Dinwiddie,2019-20,68.82,Luxury Amplifier,High,60.96,74.2,88.3,72.05,35.13
Steven Adams,2019-20,18.4,Role Player,High,15.08,10.5,6.93,39.46,39.44
Svi Mykhailiuk,2019-20,15.89,Role Player,High,5.2,10.0,9.45,46.02,30.4
T.J. Warren,2019-20,39.06,Role Player,High,33.5,44.36,19.94,71.18,32.6
Taj Gibson,2019-20,21.47,Role Player,High,8.51,34.82,3.31,43.63,30.03
Taurean Prince,2019-20,17.93,Role Player,High,14.45,11.67,11.87,35.46,29.85
Terrence Ross,2019-20,27.16,Role Player,High,18.45,28.78,20.64,48.69,29.94
Terry Rozier,2019-20,58.63,Luxury Amplifier,High,45.9,72.67,64.31,71.36,31.25
Thaddeus Young,2019-20,20.07,Role Player,High,10.18,11.67,14.97,52.17,32.76
Thomas Bryant,2019-20,16.38,Role Player,High,2.45,28.36,1.0,33.78,32.92
Thon Maker,2019-20,21.01,Role Player,High,0.68,58.67,0.5,21.45,28.19
Tim Hardaway Jr.,2019-20,35.24,Role Player,High,27.31,37.26,24.08,65.93,30.27
Tobias Harris,2019-20,43.51,Fragile Star,High,36.93,40.51,43.34,67.3,35.39
Tomas Satoransky,2019-20,30.54,Role Player,High,28.76,13.83,40.88,47.0,32.27
Tony Snell,2019-20,14.16,Role Player,High,4.63,11.91,2.04,43.56,28.48
Torrey Craig,2019-20,10.65,Role Player,High,4.64,10.0,0.5,25.67,28.07
Trae Young,2019-20,84.05,Franchise Engine,High,91.37,90.0,100.0,71.76,33.74
Treveon Graham,2019-20,12.22,Role Player,High,3.39,10.0,4.67,32.22,29.39
Trevor Ariza,2019-20,12.82,Role Player,High,2.65,10.0,2.5,40.73,29.12
Trey Burke,2019-20,37.91,Role Player,High,31.99,36.27,35.2,62.0,29.07
Trey Lyles,2019-20,13.63,Role Player,High,1.67,20.67,1.0,32.82,28.41
Tristan Thompson,2019-20,26.07,Role Player,High,15.39,22.56,21.7,51.68,37.2
Troy Brown Jr.,2019-20,34.96,Role Player,High,20.96,42.96,27.16,62.0,32.02
Tyler Herro,2019-20,40.37,Fragile Star,High,36.72,34.42,40.14,65.0,29.68
Tyler Johnson,2019-20,22.6,Role Player,High,8.98,41.88,4.79,37.95,27.89
Victor Oladipo,2019-20,55.16,Luxury Amplifier,High,44.5,84.17,53.19,48.32,28.85
Vince Carter,2019-20,14.73,Role Player,High,8.98,13.33,4.09,34.5,27.07
Wayne Ellington,2019-20,24.0,Role Player,High,5.45,50.0,6.0,40.1,26.54
Wendell Carter Jr.,2019-20,16.52,Role Player,High,10.29,14.93,2.73,39.7,32.03
Wesley Matthews,2019-20,14.24,Role Player,High,4.84,10.0,4.0,43.5,29.62
Will Barton,2019-20,46.37,Fragile Star,High,41.11,43.99,48.65,67.61,31.69
Willie Cauley-Stein,2019-20,12.49,Role Player,High,2.83,10.0,1.9,37.66,31.09
Wilson Chandler,2019-20,14.17,Role Player,High,4.44,20.14,1.37,31.89,27.45
Zach LaVine,2019-20,70.06,Strong Creator,High,61.47,90.0,77.55,68.35,33.61
Zion Williamson,2019-20,30.31,Role Player,High,6.85,45.27,21.78,55.59,42.47
Aaron Gordon,2020-21,31.59,Role Player,High,28.94,15.0,32.02,61.82,34.81
Aaron Holiday,2020-21,28.13,Role Player,High,14.6,22.89,28.02,63.31,29.28
Al Horford,2020-21,23.47,Role Player,High,11.35,38.59,2.32,44.17,33.28
Alec Burks,2020-21,50.17,Fragile Star,High,38.5,71.33,35.93,71.85,28.21
Aleksej Pokusevski,2020-21,36.57,Role Player,High,17.4,70.5,11.5,57.52,27.94
Alex Caruso,2020-21,30.59,Role Player,High,14.55,38.75,15.97,67.55,32.08
Andre Drummond,2020-21,24.72,Role Player,High,14.27,25.5,22.87,37.19,39.14
Andrew Wiggins,2020-21,34.4,Role Player,High,37.0,19.17,29.83,62.0,32.41
Anthony Davis,2020-21,38.88,Role Player,High,32.12,50.91,17.86,56.54,44.61
Anthony Edwards,2020-21,43.83,Fragile Star,High,42.35,29.88,55.53,62.0,32.5
Austin Rivers,2020-21,36.92,Role Player,High,27.02,45.23,19.78,71.39,28.45
Bam Adebayo,2020-21,36.08,Role Player,High,26.76,42.5,20.03,59.58,44.86
Ben Simmons,2020-21,44.86,Fragile Star,High,43.36,21.13,63.3,66.76,38.96
Bismack Biyombo,2020-21,10.53,Role Player,High,0.4,10.0,0.0,32.18,30.84
Blake Griffin,2020-21,31.22,Role Player,High,24.96,20.45,29.55,62.81,32.92
Bogdan Bogdanović,2020-21,33.42,Role Player,High,34.09,27.95,20.3,62.64,27.45
Bojan Bogdanovic,2020-21,32.54,Role Player,High,26.31,29.37,23.8,61.93,32.54
Brad Wanamaker,2020-21,34.25,Role Player,High,18.59,29.66,44.8,61.95,30.06
Bradley Beal,2020-21,66.85,Luxury Amplifier,High,66.13,78.81,65.26,73.07,32.99
Brandon Ingram,2020-21,60.68,Luxury Amplifier,High,65.21,63.99,61.28,64.75,31.55
Brook Lopez,2020-21,13.07,Role Player,High,5.57,11.33,1.5,34.13,31.51
Bruce Brown,2020-21,13.47,Role Player,High,4.45,10.67,3.14,38.55,30.58
Bryn Forbes,2020-21,15.35,Role Player,High,8.74,10.0,4.0,44.98,26.84
Buddy Hield,2020-21,36.23,Role Player,High,34.65,30.67,31.56,60.06,28.51
CJ McCollum,2020-21,61.29,Luxury Amplifier,High,74.99,38.74,80.95,67.69,27.63
Cam Reddish,2020-21,21.88,Role Player,High,13.16,21.03,16.02,43.79,29.06
Cameron Johnson,2020-21,10.24,Role Player,High,2.92,10.0,1.5,25.23,27.78
Caris LeVert,2020-21,63.44,Luxury Amplifier,High,56.2,83.0,69.1,60.87,28.81
Carmelo Anthony,2020-21,38.36,Role Player,High,44.56,25.27,30.33,62.0,33.11
Cedi Osman,2020-21,26.78,Role Player,High,12.36,38.52,14.33,49.96,30.85
Chasson Randle,2020-21,35.83,Role Player,High,28.54,36.78,40.82,47.0,28.56
Chris Boucher,2020-21,16.23,Role Player,High,3.37,27.63,1.0,33.43,30.98
Chris Paul,2020-21,75.73,Strong Creator,High,90.55,74.67,78.04,75.66,29.43
Christian Wood,2020-21,27.52,Role Player,High,15.7,38.37,12.34,47.36,36.48
Chuma Okeke,2020-21,20.8,Role Player,High,17.07,10.0,10.95,54.54,28.1
Clint Capela,2020-21,21.37,Role Player,High,14.13,31.9,0.0,38.37,33.99
Coby White,2020-21,41.32,Fragile Star,High,37.88,30.73,49.28,62.29,30.72
Cody Zeller,2020-21,11.13,Role Player,High,5.35,10.0,1.53,24.6,30.25
Cole Anthony,2020-21,55.05,Luxury Amplifier,High,43.55,57.63,72.1,68.53,28.8
Collin Sexton,2020-21,64.93,Luxury Amplifier,High,57.79,74.45,72.9,73.44,33.85
Cory Joseph,2020-21,34.75,Role Player,High,35.04,13.62,42.02,62.0,31.3
D'Angelo Russell,2020-21,66.41,Luxury Amplifier,High,61.33,89.33,60.25,72.39,27.69
Damian Lillard,2020-21,83.54,Franchise Engine,High,95.15,81.1,100.0,75.93,33.28
Damion Lee,2020-21,22.65,Role Player,High,2.11,55.17,1.5,34.97,26.78
Damyean Dotson,2020-21,34.15,Role Player,High,15.78,50.37,16.39,71.54,28.13
Daniel Theis,2020-21,18.5,Role Player,High,0.85,38.45,1.0,36.0,30.33
Danilo Gallinari,2020-21,20.25,Role Player,High,17.95,15.5,4.36,44.85,33.93
Danny Green,2020-21,18.44,Role Player,High,5.21,29.53,4.5,39.27,27.08
Danuel House Jr.,2020-21,26.05,Role Player,High,12.67,33.27,12.91,56.3,29.08
Darius Bazley,2020-21,26.84,Role Player,High,19.07,18.5,30.72,47.0,32.96
Darius Garland,2020-21,61.47,Luxury Amplifier,High,53.33,65.63,77.2,70.19,30.98
De'Aaron Fox,2020-21,77.68,Strong Creator,High,79.08,87.5,89.0,72.75,33.7
De'Andre Hunter,2020-21,29.84,Role Player,High,22.46,26.86,22.13,58.81,31.38
De'Anthony Melton,2020-21,32.98,Role Player,High,25.41,31.12,24.04,65.31,29.74
DeAndre Jordan,2020-21,10.83,Role Player,High,0.42,10.0,0.0,34.11,30.88
DeAndre' Bembry,2020-21,24.32,Role Player,High,18.0,10.0,22.85,58.83,30.25
DeMar DeRozan,2020-21,69.72,Luxury Amplifier,High,69.55,87.5,61.4,74.45,35.28
Dean Wade,2020-21,9.91,Role Player,High,0.8,14.42,0.5,21.51,27.38
Deandre Ayton,2020-21,14.95,Role Player,High,10.54,12.0,0.0,32.81,38.64
Dejounte Murray,2020-21,45.26,Fragile Star,High,46.51,25.51,63.0,62.0,30.29
Delon Wright,2020-21,41.68,Fragile Star,High,40.0,18.39,62.44,62.0,32.96
Deni Avdija,2020-21,11.11,Role Player,High,1.75,10.0,1.88,31.33,30.08
Dennis Schröder,2020-21,52.31,Fragile Star,High,44.03,47.03,65.87,72.35,33.2
Denzel Valentine,2020-21,18.44,Role Player,High,14.77,11.17,10.65,42.48,27.14
Derrick Rose,2020-21,51.35,Fragile Star,High,52.75,41.83,63.1,62.0,31.49
Derrick White,2020-21,30.62,Role Player,High,24.5,18.0,33.29,62.0,28.17
Devin Booker,2020-21,63.54,Luxury Amplifier,High,69.29,68.95,63.02,62.8,34.96
Devonte' Graham,2020-21,45.94,Fragile Star,High,33.88,50.72,47.58,70.57,29.91
Dillon Brooks,2020-21,38.5,Role Player,High,33.69,41.78,34.07,53.91,30.44
Domantas Sabonis,2020-21,31.48,Role Player,High,22.82,22.83,30.09,54.83,46.83
Donovan Mitchell,2020-21,78.16,Strong Creator,High,80.68,90.0,92.1,65.72,31.83
Dorian Finney-Smith,2020-21,16.07,Role Player,High,2.2,23.0,2.0,42.98,28.09
Doug McDermott,2020-21,13.16,Role Player,High,4.45,10.0,5.0,36.09,29.14
Draymond Green,2020-21,25.38,Role Player,High,10.15,36.02,16.28,45.13,33.05
Dwayne Bacon,2020-21,38.68,Role Player,High,30.69,42.89,42.4,47.0,32.2
Dwight Howard,2020-21,18.27,Role Player,High,22.65,14.5,0.0,33.52,28.25
Edmond Sumner,2020-21,21.53,Role Player,High,8.68,10.0,21.97,60.04,30.25
Eric Bledsoe,2020-21,29.45,Role Player,High,23.69,25.55,25.05,52.15,31.24
Eric Gordon,2020-21,35.85,Role Player,High,39.9,19.17,34.36,62.0,29.14
Eric Paschall,2020-21,26.22,Role Player,High,22.44,10.33,22.51,61.59,31.62
Evan Fournier,2020-21,46.54,Fragile Star,High,40.76,50.14,39.89,73.33,27.99
Facundo Campazzo,2020-21,26.26,Role Player,High,20.61,16.32,16.45,63.86,31.31
Frank Jackson,2020-21,21.38,Role Player,High,11.65,16.83,13.31,54.71,28.06
Fred VanVleet,2020-21,50.59,Fragile Star,High,49.74,46.57,69.39,47.0,30.98
Furkan Korkmaz,2020-21,30.38,Role Player,High,13.35,48.9,10.82,61.33,27.83
Garrett Temple,2020-21,16.02,Role Player,High,6.44,13.9,8.38,39.24,30.52
Gary Harris,2020-21,21.4,Role Player,High,14.61,10.0,22.59,47.0,29.44
Gary Trent Jr.,2020-21,34.92,Role Player,High,35.17,19.75,36.1,62.0,29.16
George Hill,2020-21,35.5,Role Player,High,33.41,26.54,28.83,67.69,29.19
Giannis Antetokounmpo,2020-21,60.58,Luxury Amplifier,High,70.63,43.96,70.1,63.83,48.03
Goran Dragic,2020-21,39.15,Role Player,High,38.96,23.17,46.09,62.0,31.53
Gordon Hayward,2020-21,44.76,Fragile Star,High,31.68,63.11,28.35,71.9,30.24
Gorgui Dieng,2020-21,14.28,Role Player,High,9.69,10.5,1.0,38.58,27.6
Grayson Allen,2020-21,20.4,Role Player,High,9.99,18.09,10.23,52.1,30.21
Hamidou Diallo,2020-21,36.39,Role Player,High,29.1,30.97,41.5,53.93,35.32
Harrison Barnes,2020-21,35.21,Role Player,High,22.87,36.5,25.07,70.5,36.33
Immanuel Quickley,2020-21,45.03,Fragile Star,High,52.66,23.67,56.58,62.0,27.01
Isaac Okoro,2020-21,20.32,Role Player,High,9.42,11.0,21.87,46.73,33.58
Isaiah Roby,2020-21,25.86,Role Player,High,17.79,21.31,22.35,48.75,34.17
Isaiah Stewart,2020-21,19.18,Role Player,High,11.49,28.23,0.0,37.36,30.76
Ish Smith,2020-21,31.27,Role Player,High,31.9,10.0,46.4,47.0,28.67
Ivica Zubac,2020-21,13.42,Role Player,High,8.15,10.0,0.0,33.96,33.76
Ja Morant,2020-21,65.49,Luxury Amplifier,High,49.85,82.83,78.8,70.63,34.71
Jaden McDaniels,2020-21,10.26,Role Player,High,2.37,10.0,1.5,26.2,28.2
Jae Crowder,2020-21,12.74,Role Player,High,3.86,12.33,4.0,32.93,27.65
Jae'Sean Tate,2020-21,29.04,Role Player,High,18.92,25.46,21.76,61.83,33.75
Jakob Poeltl,2020-21,12.7,Role Player,High,5.52,10.0,0.0,34.77,33.33
Jalen Brunson,2020-21,56.5,Luxury Amplifier,High,60.92,54.71,53.97,70.5,31.75
Jalen McDaniels,2020-21,15.85,Role Player,High,7.35,10.0,6.73,45.16,30.25
Jamal Murray,2020-21,66.67,Luxury Amplifier,High,76.24,67.57,64.32,74.86,28.13
James Ennis III,2020-21,20.9,Role Player,High,13.12,16.05,10.69,52.41,29.54
James Harden,2020-21,83.26,Franchise Engine,High,92.39,84.5,100.0,76.67,29.14
James Johnson,2020-21,27.28,Role Player,High,11.68,29.13,22.61,57.78,33.06
Jarred Vanderbilt,2020-21,17.26,Role Player,High,10.54,14.83,4.8,44.06,28.25
Jarrett Allen,2020-21,13.52,Role Player,High,9.09,10.0,0.0,31.96,35.03
Jaxson Hayes,2020-21,15.76,Role Player,High,3.85,23.86,0.5,38.13,28.25
Jaylen Brown,2020-21,44.38,Fragile Star,High,48.08,34.25,44.05,62.42,32.21
Jayson Tatum,2020-21,72.96,Strong Creator,High,75.03,76.77,83.8,72.67,36.03
Jeff Green,2020-21,14.92,Role Player,High,3.28,11.67,4.15,45.01,34.41
Jeff Teague,2020-21,37.61,Role Player,High,45.14,10.0,47.1,62.0,28.5
Jerami Grant,2020-21,46.36,Fragile Star,High,30.1,70.73,29.98,68.73,33.47
Jeremy Lamb,2020-21,42.36,Fragile Star,High,25.83,68.5,22.9,67.26,28.21
Jimmy Butler III,2020-21,66.11,Luxury Amplifier,High,61.88,79.5,68.0,68.18,38.47
Joe Harris,2020-21,15.34,Role Player,High,8.69,10.17,6.96,40.14,27.75
Joe Ingles,2020-21,33.98,Role Player,High,40.54,10.0,35.26,62.0,29.62
Joel Embiid,2020-21,53.83,Fragile Star,High,55.26,78.12,17.08,58.75,54.9
John Collins,2020-21,14.85,Role Player,High,5.68,17.67,0.5,33.38,36.21
John Wall,2020-21,57.45,Luxury Amplifier,High,54.86,54.23,78.36,58.59,29.71
Jonas Valančiūnas,2020-21,20.96,Role Player,High,24.83,16.67,0.02,34.93,41.01
Jordan Clarkson,2020-21,51.47,Fragile Star,High,57.42,37.18,63.72,62.0,29.1
Jordan Poole,2020-21,32.94,Role Player,High,16.64,45.23,18.78,66.81,28.59
Josh Hart,2020-21,13.82,Role Player,High,6.43,11.35,3.89,35.58,29.42
Josh Jackson,2020-21,31.72,Role Player,High,21.2,33.75,31.01,49.38,33.12
Josh Okogie,2020-21,14.17,Role Player,High,6.4,10.0,7.02,32.11,35.27
Jrue Holiday,2020-21,60.68,Luxury Amplifier,High,62.82,58.68,66.45,71.44,31.56
Juan Toscano-Anderson,2020-21,13.37,Role Player,High,1.74,13.89,1.56,40.99,29.17
Juancho Hernangomez,2020-21,9.17,Role Player,High,0.86,10.0,0.5,23.38,28.09
Julius Randle,2020-21,56.98,Luxury Amplifier,High,58.74,64.13,46.89,67.88,37.68
Justin Holiday,2020-21,14.87,Role Player,High,6.27,12.09,5.5,40.44,27.96
Jusuf Nurkić,2020-21,17.91,Role Player,High,7.53,18.83,12.55,31.6,36.92
Karl-Anthony Towns,2020-21,37.94,Role Player,High,22.71,65.03,12.62,52.62,44.55
Kawhi Leonard,2020-21,70.78,Strong Creator,High,80.58,83.67,59.21,65.28,40.51
Keldon Johnson,2020-21,26.56,Role Player,High,12.03,20.47,26.82,60.75,33.54
Kelly Olynyk,2020-21,16.94,Role Player,High,4.13,25.04,4.0,36.97,30.98
Kelly Oubre Jr.,2020-21,23.07,Role Player,High,11.1,29.01,15.39,41.06,32.49
Kemba Walker,2020-21,58.29,Luxury Amplifier,High,68.78,30.95,89.1,62.0,28.03
Kendrick Nunn,2020-21,32.04,Role Player,High,33.95,14.33,29.85,62.0,30.04
Kenrich Williams,2020-21,28.26,Role Player,High,29.08,10.0,22.75,62.0,31.88
Kent Bazemore,2020-21,23.64,Role Player,High,8.87,36.47,6.88,50.59,28.93
Kevin Durant,2020-21,62.41,Luxury Amplifier,High,63.13,67.95,58.5,76.82,32.56
Kevin Huerter,2020-21,26.03,Role Player,High,25.6,10.83,18.59,60.41,28.66
Kevin Love,2020-21,16.02,Role Player,High,8.46,24.56,5.0,23.25,28.54
Kevin Porter Jr.,2020-21,62.48,Luxury Amplifier,High,56.51,65.47,77.18,72.1,29.12
Kevon Looney,2020-21,13.59,Role Player,High,13.97,10.0,1.71,24.87,28.25
Khem Birch,2020-21,9.97,Role Player,High,2.41,10.0,0.0,23.16,32.69
Khris Middleton,2020-21,64.98,Luxury Amplifier,High,66.97,75.67,57.14,75.34,32.47
Killian Hayes,2020-21,43.16,Fragile Star,High,31.81,46.53,60.2,47.63,27.99
Kristaps Porziņģis,2020-21,19.92,Role Player,High,10.53,28.8,2.5,36.02,36.59
Kyle Anderson,2020-21,29.11,Role Player,High,30.99,13.33,20.07,62.0,31.64
Kyle Kuzma,2020-21,25.57,Role Player,High,15.73,34.29,9.53,48.82,30.47
Kyle Lowry,2020-21,60.36,Luxury Amplifier,High,55.21,69.5,64.03,72.03,28.1
Kyrie Irving,2020-21,72.68,Strong Creator,High,85.37,65.58,80.9,75.99,30.99
LaMarcus Aldridge,2020-21,16.61,Role Player,High,10.08,17.67,1.0,38.7,31.62
LaMelo Ball,2020-21,43.47,Fragile Star,High,44.39,21.17,61.43,62.0,32.72
Landry Shamet,2020-21,16.21,Role Player,High,7.54,12.33,6.14,44.44,29.67
Larry Nance Jr.,2020-21,13.3,Role Player,High,1.67,15.94,0.5,38.39,29.57
Lauri Markkanen,2020-21,17.91,Role Player,High,1.18,35.04,0.5,38.3,29.52
LeBron James,2020-21,72.31,Strong Creator,High,74.94,84.85,72.47,71.34,34.18
Lonnie Walker IV,2020-21,25.11,Role Player,High,18.92,13.17,19.44,61.53,30.21
Lonzo Ball,2020-21,31.27,Role Player,High,28.43,20.67,30.5,57.1,29.04
Lou Williams,2020-21,46.48,Fragile Star,High,44.68,42.81,51.91,59.23,31.06
Luguentz Dort,2020-21,25.4,Role Player,High,16.34,21.69,24.0,47.0,32.27
Luka Dončić,2020-21,79.91,Strong Creator,High,91.75,71.4,100.0,75.09,32.72
Luke Kennard,2020-21,26.62,Role Player,High,16.9,31.25,9.96,60.0,27.41
Malachi Flynn,2020-21,47.09,Fragile Star,High,34.8,68.83,47.85,47.0,28.19
Malcolm Brogdon,2020-21,66.07,Luxury Amplifier,High,66.37,63.97,85.08,66.38,31.95
Malik Beasley,2020-21,28.82,Role Player,High,21.2,31.04,20.82,51.16,28.57
Marcus Morris Sr.,2020-21,23.21,Role Player,High,24.02,10.0,11.6,53.2,32.0
Marcus Smart,2020-21,35.39,Role Player,High,30.16,32.14,32.1,60.53,28.11
Mason Plumlee,2020-21,22.39,Role Player,High,11.02,23.2,9.26,50.32,38.88
Matisse Thybulle,2020-21,9.44,Role Player,High,0.94,10.0,0.5,24.88,28.26
Maurice Harkless,2020-21,11.89,Role Player,High,2.6,10.0,4.5,31.54,29.83
Michael Carter-Williams,2020-21,38.44,Role Player,High,25.24,31.0,57.7,57.18,30.06
Michael Porter Jr.,2020-21,19.39,Role Player,High,12.12,14.83,11.93,42.92,32.27
Mikal Bridges,2020-21,21.53,Role Player,High,4.22,40.31,1.16,47.04,28.96
Mike Conley,2020-21,60.62,Luxury Amplifier,High,65.22,56.96,66.38,69.93,30.45
Miles Bridges,2020-21,22.04,Role Player,High,12.09,20.56,10.99,52.35,32.2
Mitchell Robinson,2020-21,17.32,Role Player,High,20.23,11.84,0.0,36.42,28.25
Monte Morris,2020-21,33.7,Role Player,High,37.42,10.0,38.83,62.0,29.04
Moses Brown,2020-21,23.32,Role Player,High,24.93,30.66,0.0,35.67,28.25
Myles Turner,2020-21,23.14,Role Player,High,1.19,54.57,1.0,39.39,30.31
Naji Marshall,2020-21,24.73,Role Player,High,10.14,24.71,20.98,55.53,29.86
Naz Reid,2020-21,21.98,Role Player,High,11.44,29.64,5.76,45.52,31.58
Nickeil Alexander-Walker,2020-21,41.64,Fragile Star,High,22.23,75.17,27.56,51.63,29.2
Nicolas Batum,2020-21,11.07,Role Player,High,1.95,10.52,1.0,32.29,28.07
Nikola Jokić,2020-21,52.67,Fragile Star,High,38.25,86.17,29.17,56.84,52.95
Nikola Vučević,2020-21,23.99,Role Player,High,15.11,30.58,5.34,43.59,42.06
Norman Powell,2020-21,34.79,Role Player,High,31.09,21.07,37.08,63.07,33.2
OG Anunoby,2020-21,21.7,Role Player,High,17.11,11.67,13.62,53.21,29.47
Otto Porter Jr.,2020-21,17.93,Role Player,High,11.56,15.5,4.64,45.7,28.01
P.J. Tucker,2020-21,17.34,Role Player,High,0.55,40.0,0.0,29.02,28.26
P.J. Washington,2020-21,14.36,Role Player,High,3.71,13.83,3.91,38.71,31.97
PJ Dozier,2020-21,20.98,Role Player,High,13.25,13.0,18.67,45.82,31.49
Pascal Siakam,2020-21,49.11,Fragile Star,High,43.53,46.68,53.75,65.1,38.7
Pat Connaughton,2020-21,18.4,Role Player,High,1.02,37.63,1.0,37.87,28.09
Patrick Beverley,2020-21,22.16,Role Player,High,13.27,20.54,9.67,55.32,28.16
Patrick Williams,2020-21,19.32,Role Player,High,8.66,10.0,14.6,53.69,32.48
Patty Mills,2020-21,29.32,Role Player,High,24.7,19.12,24.64,62.0,29.06
Paul George,2020-21,63.16,Luxury Amplifier,High,67.62,66.53,62.74,70.18,31.62
Paul Millsap,2020-21,17.3,Role Player,High,10.03,10.0,7.71,46.09,33.33
RJ Barrett,2020-21,38.06,Role Player,High,29.18,34.73,37.03,66.0,33.22
Raul Neto,2020-21,28.83,Role Player,High,27.1,10.0,29.01,62.0,30.96
Reggie Bullock Jr.,2020-21,12.24,Role Player,High,5.11,10.33,2.5,32.62,27.3
Reggie Jackson,2020-21,37.87,Role Player,High,36.54,28.97,35.35,63.88,30.09
Richaun Holmes,2020-21,18.26,Role Player,High,0.93,32.55,0.0,38.92,40.04
Ricky Rubio,2020-21,26.88,Role Player,High,22.65,10.0,36.43,47.0,32.44
Robert Covington,2020-21,20.34,Role Player,High,2.76,42.58,3.0,36.51,27.94
Rodney Hood,2020-21,25.4,Role Player,High,22.86,10.0,31.28,47.0,27.33
Royce O'Neale,2020-21,12.37,Role Player,High,1.68,13.0,2.0,36.09,27.98
Rudy Gay,2020-21,32.72,Role Player,High,25.36,39.83,16.0,59.85,29.78
Rudy Gobert,2020-21,15.56,Role Player,High,4.27,20.68,0.0,36.21,36.81
Rui Hachimura,2020-21,18.96,Role Player,High,11.65,10.67,8.11,50.08,36.66
Russell Westbrook,2020-21,64.92,Luxury Amplifier,High,61.3,67.86,80.0,68.23,33.35
Saddiq Bey,2020-21,25.77,Role Player,High,10.61,40.16,7.53,53.24,30.59
Seth Curry,2020-21,27.6,Role Player,High,26.37,11.5,23.06,62.0,29.01
Shai Gilgeous-Alexander,2020-21,81.18,Franchise Engine,High,88.36,90.0,89.0,75.71,30.2
Shake Milton,2020-21,40.4,Fragile Star,High,42.15,18.0,53.9,62.0,31.79
Stanley Johnson,2020-21,26.91,Role Player,High,11.18,43.19,8.39,54.67,28.78
Stephen Curry,2020-21,75.6,Strong Creator,High,76.34,84.03,86.54,74.77,31.7
Sterling Brown,2020-21,16.97,Role Player,High,7.41,10.0,8.64,50.34,29.7
Steven Adams,2020-21,19.56,Role Player,High,21.05,12.8,1.59,42.47,33.52
Svi Mykhailiuk,2020-21,28.89,Role Player,High,12.95,40.96,17.38,55.28,29.99
T.J. McConnell,2020-21,44.85,Fragile Star,High,48.81,21.78,54.8,71.21,31.21
Terance Mann,2020-21,42.6,Fragile Star,High,28.86,59.33,26.4,72.01,30.25
Terence Davis,2020-21,34.04,Role Player,High,17.91,42.94,20.99,72.17,29.12
Terrence Ross,2020-21,43.78,Fragile Star,High,39.23,43.67,41.71,66.91,27.11
Terry Rozier,2020-21,53.17,Fragile Star,High,42.6,69.36,47.02,70.6,30.58
Thaddeus Young,2020-21,31.05,Role Player,High,22.1,22.11,31.29,57.2,40.58
Theo Maledon,2020-21,31.42,Role Player,High,25.97,19.75,42.72,47.0,30.95
Thomas Bryant,2020-21,18.47,Role Player,High,4.76,34.97,0.0,35.77,29.36
Tim Hardaway Jr.,2020-21,30.26,Role Player,High,27.66,20.17,25.42,58.71,30.32
Tobias Harris,2020-21,57.17,Luxury Amplifier,High,56.95,60.43,53.4,71.8,35.27
Tomas Satoransky,2020-21,31.38,Role Player,High,32.76,10.0,32.72,62.0,32.12
Trae Young,2020-21,82.44,Franchise Engine,High,90.38,90.0,94.5,70.14,34.01
Tristan Thompson,2020-21,20.03,Role Player,High,18.12,10.0,17.36,33.22,36.43
Tyler Herro,2020-21,45.84,Fragile Star,High,41.29,43.23,50.52,63.41,30.31
Tyrese Haliburton,2020-21,37.55,Role Player,High,47.74,12.33,39.78,62.0,28.91
Victor Oladipo,2020-21,50.81,Fragile Star,High,45.52,46.97,62.21,67.14,29.03
Wayne Ellington,2020-21,13.59,Role Player,High,9.27,10.0,10.0,24.28,26.68
Wendell Carter Jr.,2020-21,16.66,Role Player,High,3.02,27.52,0.0,33.6,38.36
Wesley Matthews,2020-21,11.01,Role Player,High,2.25,12.03,2.5,27.66,26.83
Will Barton,2020-21,37.04,Role Player,High,28.0,32.67,35.88,67.61,31.5
Willy Hernangomez,2020-21,19.8,Role Player,High,13.5,26.49,3.0,36.68,30.25
Zach LaVine,2020-21,78.05,Strong Creator,High,82.65,90.0,85.09,69.7,32.86
Zion Williamson,2020-21,46.76,Fragile Star,High,32.81,46.4,49.5,71.07,47.58
Aaron Gordon,2021-22,24.99,Role Player,High,21.79,12.67,17.56,53.88,36.93
Aaron Wiggins,2021-22,21.22,Role Player,High,11.68,21.78,11.64,44.6,32.49
Al Horford,2021-22,12.34,Role Player,High,3.37,10.5,0.5,37.23,30.16
Alec Burks,2021-22,37.9,Role Player,High,31.02,43.04,37.76,47.0,32.28
Aleksej Pokusevski,2021-22,26.18,Role Player,High,10.83,45.58,8.08,46.08,30.06
Alex Len,2021-22,10.87,Role Player,High,1.72,10.0,0.0,32.51,29.81
Alperen Sengun,2021-22,26.54,Role Player,High,24.65,15.0,25.05,42.62,39.95
Amir Coffey,2021-22,22.97,Role Player,High,10.8,24.54,10.19,56.1,31.41
Andrew Wiggins,2021-22,30.7,Role Player,High,28.55,20.5,22.83,61.44,32.28
Anfernee Simons,2021-22,61.24,Luxury Amplifier,High,64.71,56.43,67.83,74.77,29.36
Anthony Davis,2021-22,29.47,Role Player,High,26.09,35.19,10.2,43.9,42.25
Anthony Edwards,2021-22,52.48,Fragile Star,High,59.21,32.22,70.7,62.0,32.23
Austin Reaves,2021-22,30.64,Role Player,High,13.99,49.5,8.97,59.78,33.11
Avery Bradley,2021-22,13.47,Role Player,High,4.36,10.0,2.5,42.03,28.55
Bam Adebayo,2021-22,31.42,Role Player,High,30.37,18.0,26.16,54.42,44.1
Ben McLemore,2021-22,16.12,Role Player,High,5.79,21.38,6.0,33.74,27.78
Bobby Portis,2021-22,16.42,Role Player,High,14.49,10.5,2.6,39.48,30.06
Bogdan Bogdanović,2021-22,47.44,Fragile Star,High,36.21,71.83,26.32,69.52,29.3
Bojan Bogdanovic,2021-22,27.1,Role Player,High,20.56,20.0,20.3,57.21,32.95
Bones Hyland,2021-22,35.23,Role Player,High,33.84,28.92,28.73,62.0,28.02
Bradley Beal,2021-22,64.52,Luxury Amplifier,High,58.73,73.32,73.5,72.81,29.51
Brandon Clarke,2021-22,20.52,Role Player,High,12.15,18.72,9.05,47.43,32.69
Brandon Goodwin,2021-22,43.93,Fragile Star,High,27.2,55.03,48.9,62.0,29.28
Brandon Ingram,2021-22,57.84,Luxury Amplifier,High,53.87,69.14,52.66,69.49,34.37
Brandon Williams,2021-22,50.48,Fragile Star,High,34.04,72.33,61.1,47.0,29.18
Bruce Brown,2021-22,15.72,Role Player,High,3.94,11.33,7.66,45.33,33.78
Buddy Hield,2021-22,38.3,Role Player,High,28.24,47.13,28.82,62.37,29.26
CJ Elleby,2021-22,12.96,Role Player,High,4.63,10.0,5.05,31.84,32.86
CJ McCollum,2021-22,57.4,Luxury Amplifier,High,69.72,34.46,78.11,62.0,29.46
Cade Cunningham,2021-22,57.94,Luxury Amplifier,High,41.87,78.57,69.69,57.98,31.06
Caleb Martin,2021-22,20.01,Role Player,High,15.33,10.0,11.0,49.37,33.07
Cam Reddish,2021-22,25.19,Role Player,High,21.09,14.17,18.02,58.97,28.73
Cam Thomas,2021-22,48.71,Fragile Star,High,34.45,70.5,43.13,62.39,27.7
Cameron Johnson,2021-22,13.62,Role Player,High,3.52,13.67,2.0,39.52,28.16
Cameron Payne,2021-22,50.03,Fragile Star,High,36.52,55.52,64.1,62.32,30.28
Caris LeVert,2021-22,55.52,Luxury Amplifier,High,51.38,55.19,66.8,65.35,31.45
Carmelo Anthony,2021-22,21.21,Role Player,High,21.11,15.5,7.03,42.33,32.51
Cedi Osman,2021-22,20.52,Role Player,High,8.4,22.98,9.17,48.42,31.53
Chimezie Metu,2021-22,23.34,Role Player,High,3.66,46.88,2.93,47.05,28.78
Chris Boucher,2021-22,10.38,Role Player,High,4.89,10.0,0.5,21.93,30.25
Chris Duarte,2021-22,40.15,Fragile Star,High,33.01,44.2,34.06,62.0,30.81
Chris Paul,2021-22,72.93,Strong Creator,High,83.73,73.83,75.03,75.65,29.96
Christian Wood,2021-22,34.02,Role Player,High,20.79,46.74,17.51,57.86,39.2
Chuma Okeke,2021-22,21.87,Role Player,High,7.7,35.92,5.46,43.71,29.36
Coby White,2021-22,26.51,Role Player,High,24.66,10.0,21.5,62.0,30.11
Cody Martin,2021-22,20.44,Role Player,High,11.63,10.0,14.97,54.24,33.25
Cole Anthony,2021-22,61.23,Luxury Amplifier,High,47.65,79.33,70.57,65.55,31.55
Corey Kispert,2021-22,11.19,Role Player,High,1.91,10.0,1.0,34.05,28.05
Cory Joseph,2021-22,38.83,Role Player,High,29.7,34.79,36.78,70.79,32.44
D'Angelo Russell,2021-22,62.49,Luxury Amplifier,High,55.06,80.0,61.39,70.84,30.68
Damian Jones,2021-22,15.16,Role Player,High,0.47,25.34,0.0,36.87,31.58
Damian Lillard,2021-22,74.94,Strong Creator,High,76.4,82.58,95.65,62.4,28.86
Damion Lee,2021-22,21.1,Role Player,High,4.38,40.4,1.67,43.36,28.44
Daniel Gafford,2021-22,13.47,Role Player,High,7.75,11.5,0.0,33.66,32.24
Daniel Theis,2021-22,12.06,Role Player,High,0.42,17.61,0.0,30.9,28.92
Danilo Gallinari,2021-22,25.41,Role Player,High,22.91,23.78,8.07,50.76,33.68
Danny Green,2021-22,17.93,Role Player,High,2.41,31.81,3.0,39.8,26.89
Darius Bazley,2021-22,18.27,Role Player,High,7.34,14.5,15.8,39.69,33.31
Darius Garland,2021-22,69.77,Luxury Amplifier,High,74.91,71.09,82.4,66.33,30.92
David Duke Jr.,2021-22,27.5,Role Player,High,7.65,47.5,16.73,46.44,30.17
Davion Mitchell,2021-22,47.21,Fragile Star,High,40.18,44.78,53.92,67.99,29.83
Davon Reed,2021-22,22.18,Role Player,High,10.74,29.87,5.98,49.91,28.13
De'Aaron Fox,2021-22,71.02,Strong Creator,High,71.99,79.48,78.8,70.16,32.68
De'Andre Hunter,2021-22,26.76,Role Player,High,14.32,32.1,13.68,56.34,32.51
De'Anthony Melton,2021-22,26.43,Role Player,High,19.61,15.67,21.85,61.53,30.29
DeAndre' Bembry,2021-22,18.29,Role Player,High,6.08,13.11,13.42,49.86,30.25
DeMar DeRozan,2021-22,73.53,Strong Creator,High,81.12,88.17,62.5,73.92,35.68
Dean Wade,2021-22,11.55,Role Player,High,2.98,10.0,0.5,35.5,27.33
Deandre Ayton,2021-22,13.09,Role Player,High,0.78,16.17,0.0,31.29,41.21
Dejounte Murray,2021-22,70.27,Strong Creator,High,66.29,84.83,78.5,69.09,31.09
Deni Avdija,2021-22,21.6,Role Player,High,9.59,28.11,12.65,39.69,32.16
Dennis Schröder,2021-22,47.0,Fragile Star,High,44.34,40.27,57.44,59.83,31.68
Derrick Rose,2021-22,48.33,Fragile Star,High,42.9,41.84,59.7,67.62,29.13
Derrick White,2021-22,36.2,Role Player,High,30.97,35.8,37.28,48.75,31.86
Desmond Bane,2021-22,37.71,Role Player,High,33.63,31.31,34.38,66.24,29.8
Devin Booker,2021-22,61.46,Luxury Amplifier,High,69.25,54.05,69.62,67.6,31.1
Devin Vassell,2021-22,17.9,Role Player,High,11.67,12.67,6.46,46.74,29.25
Dillon Brooks,2021-22,49.84,Fragile Star,High,41.18,68.0,52.3,47.0,29.72
Domantas Sabonis,2021-22,29.19,Role Player,High,20.37,27.64,19.38,51.06,46.32
Donovan Mitchell,2021-22,76.26,Strong Creator,High,81.53,81.42,95.2,62.0,31.01
Donte DiVincenzo,2021-22,26.34,Role Player,High,13.6,35.6,13.3,52.57,28.18
Dorian Finney-Smith,2021-22,14.47,Role Player,High,2.19,20.51,2.0,36.38,28.28
Doug McDermott,2021-22,20.22,Role Player,High,5.28,35.48,5.46,39.12,28.05
Draymond Green,2021-22,22.48,Role Player,High,7.49,26.31,12.97,52.95,31.14
Duane Washington Jr.,2021-22,25.51,Role Player,High,15.35,14.5,25.61,62.0,28.56
Duncan Robinson,2021-22,14.6,Role Player,High,7.32,18.41,9.0,21.85,27.19
Dwight Powell,2021-22,11.22,Role Player,High,0.62,10.17,0.0,35.79,31.25
Eric Bledsoe,2021-22,37.78,Role Player,High,30.25,38.52,38.69,54.17,32.13
Eric Gordon,2021-22,50.24,Fragile Star,High,43.67,62.5,36.37,73.63,31.96
Evan Fournier,2021-22,36.73,Role Player,High,25.05,50.67,23.21,60.24,28.71
Evan Mobley,2021-22,31.18,Role Player,High,16.87,40.9,15.93,57.93,40.17
Frank Jackson,2021-22,19.88,Role Player,High,9.22,21.83,13.88,38.56,30.96
Franz Wagner,2021-22,41.56,Fragile Star,High,26.47,42.54,47.49,67.93,32.98
Fred VanVleet,2021-22,63.6,Luxury Amplifier,High,68.15,59.47,76.85,66.21,29.88
Gabe Vincent,2021-22,34.99,Role Player,High,26.79,32.73,29.42,66.46,29.19
Garrett Temple,2021-22,11.26,Role Player,High,3.45,10.0,2.0,30.01,28.28
Garrison Mathews,2021-22,23.6,Role Player,High,2.67,52.67,4.0,39.43,29.21
Gary Harris,2021-22,19.19,Role Player,High,12.5,10.0,10.91,51.47,30.42
Gary Payton II,2021-22,10.86,Role Player,High,0.81,10.0,0.0,35.27,28.25
Gary Trent Jr.,2021-22,44.93,Fragile Star,High,44.72,42.77,36.98,69.76,29.61
Georges Niang,2021-22,12.22,Role Player,High,1.89,11.0,1.0,39.59,27.63
Giannis Antetokounmpo,2021-22,65.55,Luxury Amplifier,High,70.48,60.88,68.5,73.14,45.14
Goran Dragic,2021-22,28.8,Role Player,High,28.04,10.0,39.89,47.0,28.57
Gordon Hayward,2021-22,31.38,Role Player,High,25.79,33.19,17.69,58.72,29.97
Grant Williams,2021-22,15.85,Role Player,High,1.19,27.52,1.0,36.91,28.73
Grayson Allen,2021-22,16.1,Role Player,High,7.16,10.0,7.63,46.46,29.54
Hamidou Diallo,2021-22,31.1,Role Player,High,23.62,25.0,24.86,63.0,33.41
Harrison Barnes,2021-22,36.14,Role Player,High,18.99,55.26,19.79,60.92,35.36
Herbert Jones,2021-22,29.89,Role Player,High,10.25,49.84,11.38,58.08,33.66
Immanuel Quickley,2021-22,42.42,Fragile Star,High,50.76,17.67,63.27,47.0,30.7
Isaac Okoro,2021-22,17.42,Role Player,High,4.55,10.0,12.24,51.02,34.56
Isaiah Hartenstein,2021-22,27.1,Role Player,High,6.21,60.83,0.5,44.98,31.81
Isaiah Jackson,2021-22,20.71,Role Player,High,3.8,43.11,0.5,38.38,29.36
Isaiah Livers,2021-22,23.62,Role Player,High,2.09,56.67,1.0,39.59,26.89
Isaiah Roby,2021-22,25.07,Role Player,High,7.42,43.59,5.75,51.83,30.25
Isaiah Stewart,2021-22,12.76,Role Player,High,7.62,12.5,0.0,28.56,30.67
Ish Smith,2021-22,45.16,Fragile Star,High,38.75,38.46,51.4,71.85,28.58
Ivica Zubac,2021-22,25.25,Role Player,High,10.25,44.19,2.41,46.86,36.13
Ja Morant,2021-22,74.13,Strong Creator,High,69.76,90.0,82.0,72.45,34.35
Jaden McDaniels,2021-22,10.72,Role Player,High,2.81,10.0,1.58,28.01,28.6
Jae Crowder,2021-22,13.69,Role Player,High,5.97,18.23,4.0,25.19,27.6
Jae'Sean Tate,2021-22,31.65,Role Player,High,22.22,29.24,24.95,61.6,34.46
Jakob Poeltl,2021-22,18.36,Role Player,High,11.72,21.79,0.0,36.87,38.63
Jalen Brunson,2021-22,53.53,Fragile Star,High,60.9,36.59,65.4,66.33,30.81
Jalen Green,2021-22,42.96,Fragile Star,High,40.31,34.22,47.09,64.34,32.46
Jalen Smith,2021-22,13.92,Role Player,High,2.22,21.88,0.0,32.76,28.65
Jalen Suggs,2021-22,36.83,Role Player,High,31.88,25.9,53.86,47.0,29.68
James Harden,2021-22,72.47,Strong Creator,High,82.06,54.24,99.0,73.26,35.07
James Johnson,2021-22,27.26,Role Player,High,14.28,17.02,28.09,67.21,30.25
Jaren Jackson Jr.,2021-22,20.86,Role Player,High,9.92,25.15,12.66,35.87,36.85
Jarrett Allen,2021-22,18.46,Role Player,High,8.61,25.7,0.0,37.25,38.63
Jaylen Brown,2021-22,49.23,Fragile Star,High,44.54,51.01,48.61,66.6,34.02
Jayson Tatum,2021-22,65.38,Luxury Amplifier,High,64.5,65.16,79.93,68.02,35.47
Jerami Grant,2021-22,32.62,Role Player,High,27.66,37.58,20.05,53.03,29.64
Jeremiah Robinson-Earl,2021-22,11.09,Role Player,High,0.73,17.95,0.5,23.35,27.79
Jeremy Lamb,2021-22,30.05,Role Player,High,24.16,28.21,29.52,47.4,27.35
Jimmy Butler III,2021-22,61.63,Luxury Amplifier,High,57.38,75.12,61.5,62.0,40.41
Joe Ingles,2021-22,19.86,Role Player,High,15.5,10.0,10.8,52.22,27.13
Joel Embiid,2021-22,59.35,Luxury Amplifier,High,55.78,80.76,31.95,70.13,55.17
John Collins,2021-22,12.99,Role Player,High,2.89,13.33,0.5,34.67,34.87
Jonas Valančiūnas,2021-22,21.91,Role Player,High,17.71,28.74,0.0,35.74,40.51
Jonathan Kuminga,2021-22,24.68,Role Player,High,13.71,25.48,15.4,53.24,31.36
Jordan Clarkson,2021-22,40.46,Fragile Star,High,46.18,12.33,56.31,62.0,29.61
Jordan Poole,2021-22,49.09,Fragile Star,High,47.2,49.93,47.3,65.7,31.28
Josh Christopher,2021-22,31.89,Role Player,High,26.78,19.07,34.1,62.0,29.64
Josh Giddey,2021-22,38.24,Role Player,High,30.8,37.15,48.11,47.0,30.44
Josh Hart,2021-22,40.83,Fragile Star,High,39.85,29.14,37.47,70.81,34.71
Josh Richardson,2021-22,21.76,Role Player,High,16.69,11.5,12.28,56.02,30.24
Joshua Primo,2021-22,24.6,Role Player,High,8.42,43.21,11.36,40.85,28.72
Jrue Holiday,2021-22,66.92,Luxury Amplifier,High,73.12,57.07,80.5,75.29,33.25
Julius Randle,2021-22,42.73,Fragile Star,High,42.54,37.27,47.79,48.27,38.54
Justin Holiday,2021-22,12.33,Role Player,High,7.17,11.0,6.0,23.25,27.45
Justise Winslow,2021-22,23.01,Role Player,High,5.09,33.97,12.15,50.23,30.25
Jusuf Nurkić,2021-22,29.46,Role Player,High,17.15,32.32,18.18,53.01,46.52
KJ Martin,2021-22,12.94,Role Player,High,2.26,10.0,4.04,39.88,29.7
Karl-Anthony Towns,2021-22,31.11,Role Player,High,27.71,33.92,13.81,47.58,44.2
Keita Bates-Diop,2021-22,11.79,Role Player,High,2.74,10.0,1.16,36.05,28.25
Keldon Johnson,2021-22,26.85,Role Player,High,11.11,35.64,16.94,53.55,31.82
Kelly Oubre Jr.,2021-22,21.52,Role Player,High,12.09,21.97,11.81,46.08,31.29
Kemba Walker,2021-22,59.75,Luxury Amplifier,High,53.03,66.17,76.0,62.0,28.01
Kenrich Williams,2021-22,21.82,Role Player,High,14.83,10.0,16.8,57.21,29.34
Kentavious Caldwell-Pope,2021-22,23.34,Role Player,High,19.08,14.33,13.82,55.17,29.9
Keon Johnson,2021-22,29.28,Role Player,High,23.25,15.5,42.2,47.0,29.4
Kessler Edwards,2021-22,9.46,Role Player,High,1.26,10.0,0.0,25.45,27.63
Kevin Durant,2021-22,72.18,Strong Creator,High,71.93,90.0,68.4,69.44,40.03
Kevin Huerter,2021-22,22.96,Role Player,High,22.12,10.0,12.94,55.98,28.39
Kevin Love,2021-22,25.14,Role Player,High,8.49,51.51,5.5,37.14,30.46
Kevin Porter Jr.,2021-22,56.34,Luxury Amplifier,High,55.45,42.32,80.42,65.79,31.68
Kevon Looney,2021-22,20.71,Role Player,High,6.88,35.0,0.6,44.98,30.3
Killian Hayes,2021-22,26.66,Role Player,High,23.09,10.0,35.73,47.0,30.34
Klay Thompson,2021-22,32.3,Role Player,High,30.21,31.86,22.51,53.74,27.14
Kristaps Porziņģis,2021-22,30.99,Role Player,High,13.47,65.03,1.71,42.5,39.72
Kyle Anderson,2021-22,22.51,Role Player,High,15.22,10.0,25.9,47.0,32.14
Kyle Kuzma,2021-22,42.65,Fragile Star,High,28.73,57.63,29.36,70.82,31.3
Kyle Lowry,2021-22,55.13,Luxury Amplifier,High,54.09,62.17,48.37,70.45,31.17
Kyrie Irving,2021-22,71.01,Strong Creator,High,81.54,69.51,81.3,67.68,27.56
LaMarcus Aldridge,2021-22,20.02,Role Player,High,10.04,28.97,0.63,41.38,34.29
LaMelo Ball,2021-22,50.87,Fragile Star,High,54.77,35.26,66.08,62.0,31.06
Lamar Stevens,2021-22,22.66,Role Player,High,14.65,10.0,20.57,57.48,30.25
Lance Stephenson,2021-22,40.62,Fragile Star,High,44.41,20.67,49.5,62.0,29.25
Landry Shamet,2021-22,26.23,Role Player,High,6.94,50.17,7.64,47.5,29.48
Larry Nance Jr.,2021-22,13.86,Role Player,High,6.74,10.94,1.27,39.88,28.69
Lauri Markkanen,2021-22,19.51,Role Player,High,3.23,35.54,1.0,42.76,30.47
LeBron James,2021-22,67.82,Luxury Amplifier,High,73.91,70.07,69.74,66.56,41.94
Lonnie Walker IV,2021-22,27.58,Role Player,High,22.33,27.44,19.55,47.0,30.64
Lonzo Ball,2021-22,26.56,Role Player,High,22.51,15.36,25.42,53.99,27.84
Luguentz Dort,2021-22,39.71,Role Player,High,21.4,62.67,23.97,64.26,31.87
Luka Dončić,2021-22,76.41,Strong Creator,High,87.75,63.4,100.0,71.96,34.44
Luke Kennard,2021-22,17.29,Role Player,High,11.46,10.5,7.77,45.5,28.5
Malcolm Brogdon,2021-22,64.97,Luxury Amplifier,High,58.2,75.83,75.8,69.33,29.93
Malik Beasley,2021-22,20.03,Role Player,High,9.15,26.28,7.5,42.69,28.14
Malik Monk,2021-22,35.31,Role Player,High,27.21,32.29,27.04,70.65,30.73
Marcus Morris Sr.,2021-22,38.4,Role Player,High,41.9,27.42,31.78,62.0,33.21
Marcus Smart,2021-22,33.01,Role Player,High,22.79,30.64,34.18,56.95,31.32
Marvin Bagley III,2021-22,14.85,Role Player,High,9.39,13.33,1.34,36.51,29.58
Mason Plumlee,2021-22,15.07,Role Player,High,3.93,11.15,5.34,45.46,32.14
Max Strus,2021-22,14.94,Role Player,High,4.65,15.58,5.5,38.61,27.61
Maxi Kleber,2021-22,14.41,Role Player,High,0.57,25.79,0.5,32.46,28.27
Mikal Bridges,2021-22,20.82,Role Player,High,8.61,22.92,6.38,53.21,32.46
Mike Conley,2021-22,57.3,Luxury Amplifier,High,60.8,45.71,71.02,69.51,29.97
Mike Muscala,2021-22,16.75,Role Player,High,0.34,35.7,0.0,33.46,27.06
Miles Bridges,2021-22,41.88,Fragile Star,High,27.87,49.14,33.52,73.45,35.12
Mitchell Robinson,2021-22,20.77,Role Player,High,32.49,10.0,0.0,35.99,31.25
Mo Bamba,2021-22,13.95,Role Player,High,8.39,14.5,0.5,32.33,28.61
Monte Morris,2021-22,36.99,Role Player,High,32.68,30.49,33.54,66.0,29.6
Montrezl Harrell,2021-22,27.68,Role Player,High,18.93,30.53,12.13,51.77,41.81
Myles Turner,2021-22,12.98,Role Player,High,4.11,11.5,1.5,35.98,31.73
Nassir Little,2021-22,17.15,Role Player,High,7.74,10.0,9.48,49.78,29.62
Nicolas Batum,2021-22,14.36,Role Player,High,2.53,20.58,2.0,35.39,27.47
Nikola Jokić,2021-22,49.84,Fragile Star,High,27.45,90.0,27.92,54.0,54.24
Nikola Vučević,2021-22,15.09,Role Player,High,5.34,21.5,0.44,27.59,38.88
Norman Powell,2021-22,35.03,Role Player,High,32.37,20.67,39.6,62.0,29.34
OG Anunoby,2021-22,38.95,Role Player,High,28.89,47.4,23.43,70.66,31.49
Obi Toppin,2021-22,13.22,Role Player,High,1.01,18.5,0.5,35.8,28.25
Oshae Brissett,2021-22,11.6,Role Player,High,2.57,13.0,2.53,27.1,30.04
Otto Porter Jr.,2021-22,11.52,Role Player,High,2.77,10.17,1.5,33.51,28.2
P.J. Tucker,2021-22,11.16,Role Player,High,1.17,10.0,0.5,35.77,28.41
P.J. Washington,2021-22,19.11,Role Player,High,1.73,37.34,2.5,39.19,28.75
Pascal Siakam,2021-22,47.68,Fragile Star,High,54.2,25.33,60.43,62.0,37.01
Pat Connaughton,2021-22,18.53,Role Player,High,1.15,34.19,1.0,44.36,27.79
Patrick Beverley,2021-22,33.78,Role Player,High,29.32,22.65,30.8,66.54,31.81
Paul George,2021-22,66.79,Luxury Amplifier,High,70.93,59.33,84.35,71.09,31.41
Payton Pritchard,2021-22,23.52,Role Player,High,22.67,10.0,10.82,62.0,27.51
Precious Achiuwa,2021-22,21.81,Role Player,High,8.86,26.83,10.75,46.7,32.85
Quentin Grimes,2021-22,13.81,Role Player,High,4.26,11.67,4.0,40.93,26.76
R.J. Hampton,2021-22,25.48,Role Player,High,18.28,11.83,33.79,47.0,32.26
RJ Barrett,2021-22,46.4,Fragile Star,High,26.45,59.64,48.72,69.37,34.01
Rajon Rondo,2021-22,35.46,Role Player,High,22.56,42.09,33.49,57.05,29.09
Raul Neto,2021-22,42.94,Fragile Star,High,36.89,33.33,50.8,69.81,29.08
Reggie Bullock Jr.,2021-22,16.04,Role Player,High,2.32,29.67,2.0,31.94,27.32
Reggie Jackson,2021-22,63.18,Luxury Amplifier,High,52.71,81.83,72.33,63.09,29.77
Richaun Holmes,2021-22,12.46,Role Player,High,6.07,10.0,0.0,32.19,33.14
Ricky Rubio,2021-22,43.26,Fragile Star,High,39.68,37.18,60.78,47.0,28.51
Robert Covington,2021-22,12.54,Role Player,High,2.16,17.15,2.0,29.22,28.2
Robert Williams III,2021-22,17.09,Role Player,High,12.5,18.57,0.0,38.16,29.75
Royce O'Neale,2021-22,9.94,Role Player,High,1.82,10.0,2.0,24.53,28.18
Rudy Gobert,2021-22,23.35,Role Player,High,9.21,42.87,0.0,42.42,35.03
Russell Westbrook,2021-22,52.77,Fragile Star,High,48.02,44.85,73.4,60.23,34.35
Saddiq Bey,2021-22,32.96,Role Player,High,24.01,43.17,16.72,56.46,31.55
Scottie Barnes,2021-22,36.49,Role Player,High,33.27,23.9,36.41,64.76,35.41
Seth Curry,2021-22,35.61,Role Player,High,43.54,14.17,34.02,62.33,28.55
Shai Gilgeous-Alexander,2021-22,75.02,Strong Creator,High,78.31,76.4,92.0,70.97,33.84
Shake Milton,2021-22,32.03,Role Player,High,26.79,19.94,42.66,49.09,31.12
Spencer Dinwiddie,2021-22,52.89,Fragile Star,High,51.81,36.63,72.7,69.29,32.57
Stanley Johnson,2021-22,16.39,Role Player,High,13.77,10.0,7.24,35.76,29.52
Stephen Curry,2021-22,72.18,Strong Creator,High,72.68,87.67,80.34,62.0,30.87
T.J. McConnell,2021-22,45.94,Fragile Star,High,37.99,44.38,55.9,62.0,29.71
Taj Gibson,2021-22,12.51,Role Player,High,7.39,10.0,0.0,33.14,28.25
Talen Horton-Tucker,2021-22,29.37,Role Player,High,25.99,13.33,39.57,47.0,32.8
Terance Mann,2021-22,34.33,Role Player,High,30.32,22.97,31.41,66.22,32.78
Terence Davis,2021-22,39.27,Role Player,High,20.42,57.25,29.16,67.18,29.21
Terrence Ross,2021-22,37.69,Role Player,High,25.04,39.11,38.25,64.72,30.45
Terry Rozier,2021-22,48.66,Fragile Star,High,37.95,59.1,45.46,69.19,30.25
Terry Taylor,2021-22,24.87,Role Player,High,13.61,42.52,1.32,46.21,29.58
Tim Hardaway Jr.,2021-22,28.35,Role Player,High,23.49,26.12,24.98,46.91,27.42
Tobias Harris,2021-22,36.65,Role Player,High,36.59,18.0,42.21,62.0,34.28
Trae Young,2021-22,84.93,Franchise Engine,High,95.02,90.0,100.0,71.12,32.52
Tre Jones,2021-22,39.13,Role Player,High,31.01,33.5,45.8,62.0,29.94
Tre Mann,2021-22,40.63,Fragile Star,High,34.58,36.66,41.89,65.04,29.55
Trey Lyles,2021-22,16.6,Role Player,High,12.17,11.17,3.85,41.1,32.2
Tyler Herro,2021-22,59.29,Luxury Amplifier,High,60.3,54.67,72.12,67.2,30.32
Tyrese Haliburton,2021-22,55.44,Luxury Amplifier,High,69.01,29.64,73.31,64.13,30.43
Tyrese Maxey,2021-22,50.74,Fragile Star,High,51.52,32.14,69.54,67.37,32.33
Tyus Jones,2021-22,33.96,Role Player,High,34.3,11.17,43.42,62.0,28.92
Wayne Ellington,2021-22,12.95,Role Player,High,4.78,10.0,6.0,34.43,26.5
Wendell Carter Jr.,2021-22,18.03,Role Player,High,15.27,17.83,0.5,36.67,33.93
Wesley Matthews,2021-22,9.77,Role Player,High,1.21,10.0,2.0,25.26,27.18
Will Barton,2021-22,39.21,Role Player,High,31.3,39.28,38.32,62.0,30.37
Zach LaVine,2021-22,66.46,Luxury Amplifier,High,76.03,59.82,70.06,75.87,32.99
Ziaire Williams,2021-22,15.22,Role Player,High,4.47,18.33,2.0,40.62,28.05
AJ Griffin,2022-23,31.34,Role Player,High,18.98,48.07,16.05,51.11,27.53
Aaron Gordon,2022-23,30.9,Role Player,High,24.84,27.56,20.42,57.62,38.29
Aaron Nesmith,2022-23,14.07,Role Player,High,4.38,17.48,3.65,29.82,31.84
Aaron Wiggins,2022-23,17.32,Role Player,High,5.99,10.0,12.7,49.69,30.25
Al Horford,2022-23,11.0,Role Player,High,1.09,11.39,0.5,33.31,27.3
Alec Burks,2022-23,50.45,Fragile Star,High,50.97,57.92,33.27,72.04,32.23
Aleksej Pokusevski,2022-23,18.25,Role Player,High,4.9,35.66,0.5,33.13,27.93
Alex Caruso,2022-23,17.86,Role Player,High,11.38,10.0,6.55,49.23,32.5
Alperen Sengun,2022-23,38.42,Role Player,High,31.84,34.93,34.7,59.17,43.18
Andrew Nembhard,2022-23,35.28,Role Player,High,26.5,45.71,26.89,50.61,29.38
Andrew Wiggins,2022-23,20.46,Role Player,High,16.42,10.0,12.34,50.77,29.49
Anfernee Simons,2022-23,59.94,Luxury Amplifier,High,62.28,53.6,71.11,70.75,30.2
Anthony Davis,2022-23,35.5,Role Player,High,29.09,46.83,14.82,47.19,50.21
Anthony Edwards,2022-23,67.67,Luxury Amplifier,High,66.54,72.63,79.2,69.52,32.85
Austin Reaves,2022-23,33.0,Role Player,High,39.33,12.33,24.74,64.79,34.56
Ayo Dosunmu,2022-23,26.74,Role Player,High,17.99,13.93,26.33,62.64,31.94
Bam Adebayo,2022-23,33.89,Role Player,High,31.45,23.83,27.53,55.98,45.96
Ben Simmons,2022-23,29.57,Role Player,High,18.6,10.0,45.47,62.0,30.92
Bennedict Mathurin,2022-23,37.35,Role Player,High,26.85,37.37,41.5,53.99,35.55
Bobby Portis,2022-23,20.98,Role Player,High,16.37,18.33,6.44,45.14,34.3
Bogdan Bogdanović,2022-23,31.52,Role Player,High,29.75,24.45,22.13,61.08,28.9
Bojan Bogdanovic,2022-23,46.81,Fragile Star,High,40.86,52.6,38.27,69.88,32.67
Bol Bol,2022-23,30.76,Role Player,High,32.13,10.0,30.46,61.66,32.75
Bones Hyland,2022-23,45.85,Fragile Star,High,41.44,47.29,50.11,58.3,28.3
Bradley Beal,2022-23,69.82,Luxury Amplifier,High,64.17,90.0,69.6,72.16,33.27
Brandon Clarke,2022-23,13.7,Role Player,High,4.41,14.17,1.14,36.3,31.58
Brandon Ingram,2022-23,69.02,Luxury Amplifier,High,67.76,90.0,60.0,73.53,31.65
Brook Lopez,2022-23,20.62,Role Player,High,2.9,40.96,1.5,38.76,33.94
Bruce Brown,2022-23,29.31,Role Player,High,21.0,16.87,30.62,62.91,32.28
Buddy Hield,2022-23,27.16,Role Player,High,20.26,26.88,16.7,53.75,29.56
CJ McCollum,2022-23,53.27,Fragile Star,High,55.85,40.94,68.19,64.27,29.98
Cade Cunningham,2022-23,64.33,Luxury Amplifier,High,61.72,76.46,84.0,47.0,28.53
Caleb Martin,2022-23,17.25,Role Player,High,14.73,10.0,8.32,36.58,31.77
Cam Reddish,2022-23,17.5,Role Player,High,8.78,11.5,14.63,40.65,29.65
Cameron Johnson,2022-23,19.83,Role Player,High,12.73,16.0,8.27,50.03,28.55
Cameron Payne,2022-23,45.67,Fragile Star,High,35.11,49.0,51.0,66.01,27.84
Caris LeVert,2022-23,34.3,Role Player,High,35.09,16.0,36.46,62.0,31.84
Chris Boucher,2022-23,13.4,Role Player,High,12.79,12.17,0.5,22.74,30.14
Chris Paul,2022-23,60.99,Luxury Amplifier,High,71.63,47.95,71.23,68.76,29.51
Christian Braun,2022-23,23.55,Role Player,High,7.97,21.19,18.52,60.88,30.25
Christian Wood,2022-23,24.24,Role Player,High,16.41,26.01,9.8,46.92,38.21
Clint Capela,2022-23,13.65,Role Player,High,8.05,11.5,0.0,34.71,31.49
Coby White,2022-23,24.92,Role Player,High,21.51,13.83,14.2,61.26,29.82
Cole Anthony,2022-23,45.23,Fragile Star,High,51.51,29.1,48.63,64.26,31.41
Collin Sexton,2022-23,50.98,Fragile Star,High,56.04,39.4,54.7,69.27,29.84
Corey Kispert,2022-23,11.87,Role Player,High,2.07,10.0,2.0,36.79,28.27
Cory Joseph,2022-23,38.7,Role Player,High,34.87,34.31,30.7,71.68,27.73
D'Angelo Russell,2022-23,54.94,Fragile Star,High,61.33,48.87,56.11,66.91,30.63
Daishen Nix,2022-23,35.24,Role Player,High,13.15,56.67,24.09,62.79,28.94
Damian Lillard,2022-23,79.43,Strong Creator,High,93.43,70.46,100.0,68.87,34.51
Daniel Gafford,2022-23,19.39,Role Player,High,15.62,21.69,0.0,40.27,32.41
Darius Bazley,2022-23,14.33,Role Player,High,2.15,10.0,12.76,37.41,30.25
Darius Garland,2022-23,67.16,Luxury Amplifier,High,73.15,63.47,84.37,62.0,31.7
Davion Mitchell,2022-23,25.52,Role Player,High,22.9,13.81,24.19,49.83,28.86
De'Aaron Fox,2022-23,78.94,Strong Creator,High,85.38,90.0,81.1,75.79,32.35
De'Andre Hunter,2022-23,23.84,Role Player,High,24.37,11.0,18.59,45.74,31.98
De'Anthony Melton,2022-23,26.01,Role Player,High,16.08,25.13,15.3,58.91,30.11
DeMar DeRozan,2022-23,72.37,Strong Creator,High,80.26,87.67,57.6,73.62,38.09
Deandre Ayton,2022-23,18.72,Role Player,High,3.77,31.91,0.0,35.29,43.23
Dejounte Murray,2022-23,62.37,Luxury Amplifier,High,63.73,64.46,72.4,64.47,29.81
Delon Wright,2022-23,34.32,Role Player,High,41.41,10.0,46.02,47.0,31.38
Deni Avdija,2022-23,22.74,Role Player,High,13.95,17.8,19.19,46.11,33.47
Dennis Schröder,2022-23,45.26,Fragile Star,High,40.31,41.31,46.8,67.78,33.12
Dennis Smith Jr.,2022-23,45.64,Fragile Star,High,24.32,57.88,52.8,66.85,32.89
Derrick White,2022-23,35.57,Role Player,High,22.97,40.91,24.91,68.88,31.4
Desmond Bane,2022-23,55.73,Luxury Amplifier,High,45.18,69.76,54.68,70.94,31.63
Devin Booker,2022-23,67.03,Luxury Amplifier,High,76.72,63.04,77.6,62.38,33.76
Devin Vassell,2022-23,36.34,Role Player,High,39.36,23.17,33.27,62.0,27.86
Devonte' Graham,2022-23,32.06,Role Player,High,21.05,35.83,20.89,66.07,27.02
Dillon Brooks,2022-23,28.07,Role Player,High,29.42,12.67,30.11,47.0,30.07
Domantas Sabonis,2022-23,30.21,Role Player,High,25.83,19.17,25.93,50.02,49.8
Donovan Mitchell,2022-23,79.13,Strong Creator,High,88.28,83.77,90.1,70.07,31.78
Donte DiVincenzo,2022-23,14.6,Role Player,High,4.63,11.17,4.7,43.5,29.55
Doug McDermott,2022-23,14.65,Role Player,High,5.09,17.32,3.5,35.21,28.12
Draymond Green,2022-23,16.52,Role Player,High,2.02,22.25,3.36,44.19,30.52
Drew Eubanks,2022-23,12.72,Role Player,High,2.1,11.72,1.16,37.86,32.48
Dwight Powell,2022-23,16.82,Role Player,High,2.07,28.18,0.0,42.17,28.25
Dyson Daniels,2022-23,26.6,Role Player,High,9.66,27.86,20.46,64.46,29.77
Eric Gordon,2022-23,29.23,Role Player,High,29.62,13.5,22.45,62.0,31.75
Eugene Omoruyi,2022-23,11.61,Role Player,High,6.33,10.0,2.01,26.58,28.25
Evan Mobley,2022-23,20.54,Role Player,High,10.35,14.33,14.05,46.61,40.49
Frank Ntilikina,2022-23,23.3,Role Player,High,9.06,10.0,41.0,47.0,28.3
Franz Wagner,2022-23,50.44,Fragile Star,High,40.08,56.07,55.98,65.79,33.32
Fred VanVleet,2022-23,57.76,Luxury Amplifier,High,62.78,53.63,76.03,48.14,30.92
Gabe Vincent,2022-23,26.18,Role Player,High,27.01,10.0,28.13,47.0,29.04
Gary Harris,2022-23,13.9,Role Player,High,4.83,10.0,3.08,43.57,27.98
Gary Trent Jr.,2022-23,34.69,Role Player,High,34.72,24.11,29.58,62.0,30.29
George Hill,2022-23,24.7,Role Player,High,22.9,10.0,15.83,62.0,28.6
Georges Niang,2022-23,11.83,Role Player,High,1.52,12.0,2.0,35.24,26.87
Giannis Antetokounmpo,2022-23,62.63,Luxury Amplifier,High,60.88,66.9,66.7,66.12,43.81
Gordon Hayward,2022-23,31.23,Role Player,High,32.83,26.82,19.66,50.79,31.3
Grant Williams,2022-23,20.93,Role Player,High,5.12,35.39,3.5,44.9,31.12
Grayson Allen,2022-23,27.34,Role Player,High,10.83,40.96,10.12,58.02,31.28
Harrison Barnes,2022-23,22.52,Role Player,High,16.46,11.17,15.43,54.08,35.87
Haywood Highsmith,2022-23,16.62,Role Player,High,2.93,28.5,0.5,38.36,27.58
Herbert Jones,2022-23,24.25,Role Player,High,6.74,46.33,4.13,42.74,34.04
Immanuel Quickley,2022-23,41.91,Fragile Star,High,53.23,14.67,49.38,62.0,31.0
Isaiah Joe,2022-23,19.1,Role Player,High,7.44,26.27,6.0,42.67,27.0
Isaiah Livers,2022-23,15.54,Role Player,High,4.03,26.47,2.0,29.39,29.04
Isaiah Stewart,2022-23,10.68,Role Player,High,1.81,11.67,0.54,26.6,31.25
Ivica Zubac,2022-23,20.57,Role Player,High,8.7,28.04,2.2,45.13,37.43
Ja Morant,2022-23,71.37,Strong Creator,High,70.63,79.12,85.5,65.51,34.73
Jabari Smith Jr.,2022-23,24.29,Role Player,High,15.09,35.37,9.73,38.47,32.04
Jaden Hardy,2022-23,47.98,Fragile Star,High,27.78,80.17,32.02,68.48,29.31
Jaden Ivey,2022-23,53.19,Fragile Star,High,46.83,50.57,65.26,67.14,33.72
Jaden McDaniels,2022-23,20.7,Role Player,High,10.52,15.59,12.65,52.79,32.02
Jae'Sean Tate,2022-23,33.89,Role Player,High,30.65,20.37,43.4,52.48,30.47
Jakob Poeltl,2022-23,20.41,Role Player,High,17.45,22.83,0.0,37.93,37.76
Jalen Brunson,2022-23,73.9,Strong Creator,High,83.95,71.1,84.0,72.85,32.15
Jalen Duren,2022-23,19.66,Role Player,High,16.04,26.12,0.0,34.18,31.92
Jalen Green,2022-23,56.96,Luxury Amplifier,High,56.12,48.22,77.4,61.82,33.18
Jalen Smith,2022-23,10.53,Role Player,High,1.34,15.33,0.5,22.03,28.92
Jalen Suggs,2022-23,45.31,Fragile Star,High,33.52,62.28,34.51,63.79,32.16
Jalen Williams,2022-23,40.1,Fragile Star,High,40.38,26.33,40.83,66.2,33.08
Jamal Murray,2022-23,63.44,Luxury Amplifier,High,67.5,63.03,69.99,68.63,31.39
James Harden,2022-23,71.44,Strong Creator,High,86.75,49.91,96.5,68.62,33.48
James Wiseman,2022-23,14.21,Role Player,High,8.05,14.67,0.0,32.25,32.92
Jaren Jackson Jr.,2022-23,25.59,Role Player,High,16.22,23.67,16.31,50.09,40.29
Jarred Vanderbilt,2022-23,17.44,Role Player,High,9.94,20.67,2.47,38.59,30.11
Jarrett Allen,2022-23,11.77,Role Player,High,3.66,10.0,0.0,30.51,35.96
Jaxson Hayes,2022-23,9.09,Role Player,High,1.47,10.0,0.0,22.16,28.25
Jaylen Brown,2022-23,48.54,Fragile Star,High,51.18,37.41,55.83,62.0,33.68
Jaylin Williams,2022-23,9.16,Role Player,High,0.66,11.97,0.0,21.55,27.41
Jayson Tatum,2022-23,64.16,Luxury Amplifier,High,56.78,70.72,78.13,65.77,39.5
Jerami Grant,2022-23,29.58,Role Player,High,20.47,30.22,17.64,58.93,35.18
Jeremiah Robinson-Earl,2022-23,9.08,Role Player,High,0.55,11.65,0.0,21.16,28.25
Jeremy Sochan,2022-23,22.67,Role Player,High,13.44,16.5,23.86,42.79,33.24
Jericho Sims,2022-23,19.92,Role Player,High,10.4,31.49,0.0,40.65,28.25
Jimmy Butler III,2022-23,65.57,Luxury Amplifier,High,61.79,82.67,58.1,72.2,39.14
Joel Embiid,2022-23,52.78,Fragile Star,High,45.33,72.63,27.41,66.64,55.43
John Collins,2022-23,10.92,Role Player,High,2.49,12.67,0.5,23.73,33.48
John Wall,2022-23,35.07,Role Player,High,34.11,14.17,56.65,47.0,29.11
Jonas Valančiūnas,2022-23,19.69,Role Player,High,21.39,14.5,1.32,36.99,38.33
Jordan Clarkson,2022-23,63.5,Luxury Amplifier,High,57.26,75.09,68.9,71.31,30.75
Jordan Goodwin,2022-23,32.28,Role Player,High,33.68,10.0,37.49,62.0,28.81
Jordan Nwora,2022-23,29.73,Role Player,High,12.65,43.4,16.78,58.87,28.95
Jordan Poole,2022-23,51.06,Fragile Star,High,47.85,54.2,58.94,54.31,32.21
Jose Alvarado,2022-23,25.05,Role Player,High,17.6,16.0,28.28,47.0,30.67
Josh Giddey,2022-23,43.13,Fragile Star,High,33.47,36.89,55.9,63.51,31.57
Josh Green,2022-23,17.71,Role Player,High,5.68,10.0,10.49,54.14,32.86
Josh Hart,2022-23,29.96,Role Player,High,31.28,10.48,21.64,67.96,34.31
Josh Okogie,2022-23,28.41,Role Player,High,12.48,53.19,7.32,46.42,29.37
Josh Richardson,2022-23,25.02,Role Player,High,22.56,16.83,12.82,57.18,29.03
Jrue Holiday,2022-23,68.73,Luxury Amplifier,High,76.35,59.73,82.59,75.41,30.64
Juan Toscano-Anderson,2022-23,23.68,Role Player,High,9.03,10.0,40.5,48.95,30.25
Julius Randle,2022-23,50.68,Fragile Star,High,53.4,48.08,42.53,68.24,38.98
Justin Holiday,2022-23,10.32,Role Player,High,3.19,10.0,2.5,24.4,27.03
Justise Winslow,2022-23,18.26,Role Player,High,11.11,10.0,18.89,37.52,30.25
Jusuf Nurkić,2022-23,25.05,Role Player,High,15.43,25.67,12.79,47.73,42.83
KJ Martin,2022-23,17.46,Role Player,High,1.22,30.67,1.25,40.69,30.76
Karl-Anthony Towns,2022-23,31.99,Role Player,High,17.4,57.73,9.97,46.36,33.91
Kawhi Leonard,2022-23,67.23,Luxury Amplifier,High,78.09,75.14,53.36,71.45,36.3
Keegan Murray,2022-23,12.27,Role Player,High,3.46,10.0,2.0,36.94,27.96
Keita Bates-Diop,2022-23,22.98,Role Player,High,9.73,23.11,14.07,53.74,34.08
Keldon Johnson,2022-23,44.56,Fragile Star,High,26.52,63.88,40.23,61.63,33.4
Kelly Olynyk,2022-23,21.0,Role Player,High,10.11,24.47,6.05,48.18,34.13
Kelly Oubre Jr.,2022-23,27.27,Role Player,High,23.99,19.5,27.56,45.07,29.3
Kenrich Williams,2022-23,16.78,Role Player,High,8.68,10.0,7.41,47.09,31.3
Kentavious Caldwell-Pope,2022-23,15.14,Role Player,High,8.1,10.0,3.85,42.61,30.48
Kevin Durant,2022-23,64.69,Luxury Amplifier,High,72.11,65.34,62.5,71.94,34.36
Kevin Huerter,2022-23,29.51,Role Player,High,16.57,40.22,14.11,57.96,29.66
Kevin Knox II,2022-23,14.09,Role Player,High,3.85,11.17,2.94,44.38,28.99
Kevin Love,2022-23,11.68,Role Player,High,3.68,14.5,3.5,22.86,28.2
Kevin Porter Jr.,2022-23,63.78,Luxury Amplifier,High,71.73,44.82,90.51,65.04,32.01
Kevon Looney,2022-23,17.23,Role Player,High,15.62,18.65,0.0,31.77,31.12
Khris Middleton,2022-23,40.76,Fragile Star,High,52.64,20.17,49.93,47.0,28.91
Killian Hayes,2022-23,46.81,Fragile Star,High,43.66,41.83,55.22,62.04,29.09
Klay Thompson,2022-23,31.28,Role Player,High,22.99,43.78,18.29,46.3,28.37
Kris Dunn,2022-23,44.16,Fragile Star,High,56.56,11.67,60.1,62.0,29.57
Kristaps Porziņģis,2022-23,24.28,Role Player,High,22.28,27.72,4.03,37.77,41.97
Kyle Anderson,2022-23,30.13,Role Player,High,26.33,10.0,35.8,62.0,32.69
Kyle Kuzma,2022-23,41.32,Fragile Star,High,35.4,38.76,42.42,62.66,31.22
Kyle Lowry,2022-23,36.9,Role Player,High,35.01,28.89,35.58,59.54,31.29
Kyrie Irving,2022-23,76.61,Strong Creator,High,84.93,83.67,81.64,71.65,31.42
LaMelo Ball,2022-23,54.76,Fragile Star,High,62.68,33.67,77.01,62.0,28.33
Landry Shamet,2022-23,26.36,Role Player,High,11.81,40.31,17.98,42.34,27.92
Larry Nance Jr.,2022-23,17.47,Role Player,High,3.04,32.05,0.0,36.36,30.89
Lauri Markkanen,2022-23,28.68,Role Player,High,14.04,45.92,8.69,49.67,37.95
LeBron James,2022-23,62.9,Luxury Amplifier,High,60.78,69.06,63.51,71.12,40.32
Lonnie Walker IV,2022-23,22.79,Role Player,High,16.85,10.0,15.77,59.62,31.39
Luguentz Dort,2022-23,23.35,Role Player,High,14.22,20.68,19.24,44.84,33.42
Luka Dončić,2022-23,77.28,Strong Creator,High,97.13,56.15,100.0,67.38,39.93
Malachi Flynn,2022-23,20.78,Role Player,High,14.92,10.0,19.82,47.0,27.9
Malaki Branham,2022-23,29.66,Role Player,High,21.76,30.44,24.24,51.33,29.7
Malcolm Brogdon,2022-23,44.63,Fragile Star,High,56.88,17.33,53.66,62.0,31.98
Malik Beasley,2022-23,21.88,Role Player,High,18.42,17.0,18.16,38.01,27.68
Malik Monk,2022-23,35.83,Role Player,High,27.01,37.62,27.19,64.5,32.13
Marcus Smart,2022-23,34.8,Role Player,High,26.26,34.62,31.81,59.11,30.38
Mark Williams,2022-23,23.06,Role Player,High,14.05,37.38,0.0,42.86,30.69
Markelle Fultz,2022-23,55.55,Luxury Amplifier,High,50.14,55.74,62.5,72.13,32.52
Marvin Bagley III,2022-23,19.36,Role Player,High,16.61,14.5,7.38,41.15,31.05
Matisse Thybulle,2022-23,9.44,Role Player,High,0.94,10.0,1.0,24.5,27.81
Max Strus,2022-23,14.5,Role Player,High,5.54,17.96,6.57,28.35,27.79
Maxi Kleber,2022-23,10.89,Role Player,High,0.49,16.6,0.5,24.89,27.55
Michael Porter Jr.,2022-23,19.29,Role Player,High,12.95,14.17,12.5,41.97,30.71
Mikal Bridges,2022-23,32.95,Role Player,High,36.31,18.0,25.39,62.0,31.79
Mike Conley,2022-23,44.37,Fragile Star,High,44.99,23.3,61.22,64.89,30.74
Mitchell Robinson,2022-23,20.46,Role Player,High,26.06,17.87,0.0,33.87,30.93
Monte Morris,2022-23,50.82,Fragile Star,High,49.31,55.67,49.22,62.0,29.62
Moritz Wagner,2022-23,11.17,Role Player,High,1.04,17.17,0.5,22.95,30.25
Myles Turner,2022-23,15.89,Role Player,High,2.87,19.83,2.48,38.11,38.6
Naji Marshall,2022-23,22.49,Role Player,High,15.16,12.83,21.97,47.0,32.95
Naz Reid,2022-23,29.45,Role Player,High,8.77,60.69,8.64,44.59,32.25
Nick Richards,2022-23,15.62,Role Player,High,18.59,10.0,0.0,30.59,29.58
Nickeil Alexander-Walker,2022-23,33.36,Role Player,High,27.64,36.32,19.29,62.0,28.32
Nikola Jokić,2022-23,45.72,Fragile Star,High,25.85,69.14,32.0,58.46,55.11
Nikola Vučević,2022-23,15.57,Role Player,High,4.43,15.83,2.06,40.51,37.96
Norman Powell,2022-23,35.72,Role Player,High,31.48,20.33,42.44,62.0,34.1
OG Anunoby,2022-23,25.9,Role Player,High,19.26,20.69,16.14,56.58,32.33
Ochai Agbaji,2022-23,26.08,Role Player,High,3.54,55.5,6.01,45.93,30.5
Orlando Robinson,2022-23,17.64,Role Player,High,18.18,25.61,0.0,19.71,28.25
P.J. Tucker,2022-23,12.68,Role Player,High,0.4,23.18,0.0,26.48,27.89
P.J. Washington,2022-23,27.92,Role Player,High,9.0,51.47,10.16,46.48,33.44
Paolo Banchero,2022-23,50.41,Fragile Star,High,43.84,47.47,60.4,64.3,36.61
Pascal Siakam,2022-23,55.37,Luxury Amplifier,High,57.45,51.39,59.49,64.08,37.75
Pat Connaughton,2022-23,9.19,Role Player,High,1.06,10.0,1.0,22.65,27.74
Patrick Beverley,2022-23,17.51,Role Player,High,13.94,10.0,9.84,39.07,29.97
Patrick Williams,2022-23,18.25,Role Player,High,10.34,10.0,9.06,51.57,31.02
Paul George,2022-23,65.05,Luxury Amplifier,High,69.73,65.12,67.89,72.59,33.8
Precious Achiuwa,2022-23,26.32,Role Player,High,10.48,41.93,9.74,48.92,34.03
Quentin Grimes,2022-23,16.62,Role Player,High,3.74,21.98,4.0,42.37,28.52
R.J. Hampton,2022-23,25.24,Role Player,High,21.93,10.0,20.03,62.0,28.55
RJ Barrett,2022-23,32.55,Role Player,High,25.73,25.33,39.84,47.0,34.84
Reggie Bullock Jr.,2022-23,18.45,Role Player,High,0.82,42.58,1.5,30.23,27.22
Robert Williams III,2022-23,14.31,Role Player,High,13.44,10.0,0.0,32.99,28.25
Rudy Gobert,2022-23,23.91,Role Player,High,7.15,49.73,0.0,38.28,35.92
Rui Hachimura,2022-23,21.58,Role Player,High,17.69,12.33,10.33,52.51,32.45
Russell Westbrook,2022-23,47.34,Fragile Star,High,40.87,41.29,65.93,54.45,34.04
Saddiq Bey,2022-23,24.5,Role Player,High,25.57,11.83,19.67,44.45,32.71
Santi Aldama,2022-23,12.14,Role Player,High,2.51,10.0,1.5,37.58,29.51
Scottie Barnes,2022-23,39.36,Role Player,High,27.35,37.47,44.14,62.92,35.23
Shai Gilgeous-Alexander,2022-23,75.79,Strong Creator,High,92.24,74.13,77.3,68.46,38.53
Simone Fontecchio,2022-23,19.15,Role Player,High,5.26,34.58,7.38,31.14,27.79
Spencer Dinwiddie,2022-23,62.17,Luxury Amplifier,High,66.16,47.2,84.5,69.24,32.4
Stanley Johnson,2022-23,31.45,Role Player,High,26.71,27.28,21.78,62.0,29.61
Stephen Curry,2022-23,74.13,Strong Creator,High,75.73,87.5,80.89,68.59,30.72
Steven Adams,2022-23,19.51,Role Player,High,24.44,12.95,0.57,38.2,30.92
T.J. McConnell,2022-23,54.25,Fragile Star,High,54.34,58.52,54.2,62.0,31.82
Taj Gibson,2022-23,11.81,Role Player,High,9.18,10.0,0.23,24.64,28.17
Talen Horton-Tucker,2022-23,45.7,Fragile Star,High,35.19,46.34,55.22,61.52,32.85
Tari Eason,2022-23,20.89,Role Player,High,14.86,14.83,17.76,39.16,32.95
Taurean Prince,2022-23,16.24,Role Player,High,5.21,14.09,6.64,44.64,31.31
Terance Mann,2022-23,28.61,Role Player,High,24.72,15.52,22.29,63.68,33.02
Terry Rozier,2022-23,60.87,Luxury Amplifier,High,54.52,67.04,84.3,52.02,30.91
Thaddeus Young,2022-23,22.39,Role Player,High,20.98,10.0,16.33,48.68,30.25
Thomas Bryant,2022-23,25.79,Role Player,High,0.55,65.67,0.0,40.9,30.69
Tim Hardaway Jr.,2022-23,22.61,Role Player,High,13.91,18.57,15.03,51.99,29.92
Tobias Harris,2022-23,27.94,Role Player,High,27.03,13.33,20.69,60.58,32.7
Torrey Craig,2022-23,15.96,Role Player,High,5.25,22.68,0.5,38.6,28.28
Trae Young,2022-23,76.35,Strong Creator,High,84.77,76.27,95.0,63.14,33.81
Tre Jones,2022-23,54.65,Fragile Star,High,45.25,58.71,65.9,66.5,32.38
Tre Mann,2022-23,38.19,Role Player,High,32.51,47.27,33.8,47.0,28.12
Trendon Watford,2022-23,27.31,Role Player,High,15.9,15.0,28.45,67.19,30.25
Trey Lyles,2022-23,15.07,Role Player,High,1.24,27.61,1.5,31.39,27.84
Trey Murphy III,2022-23,18.64,Role Player,High,3.54,28.85,3.0,45.87,28.9
Tyrese Haliburton,2022-23,75.55,Strong Creator,High,86.46,66.43,95.57,71.44,31.78
Tyrese Maxey,2022-23,46.96,Fragile Star,High,52.01,25.36,62.62,62.0,31.93
Tyus Jones,2022-23,36.74,Role Player,High,39.58,13.17,46.89,62.0,28.92
Usman Garuba,2022-23,21.3,Role Player,High,6.7,44.17,0.0,36.12,28.25
Walker Kessler,2022-23,15.53,Role Player,High,15.04,10.23,0.0,35.65,31.17
Wendell Carter Jr.,2022-23,16.83,Role Player,High,11.02,18.67,0.5,36.64,32.56
Xavier Tillman,2022-23,17.86,Role Player,High,10.36,18.24,2.41,44.57,30.25
Zach Collins,2022-23,30.58,Role Player,High,15.5,57.69,4.43,46.01,37.23
Zach LaVine,2022-23,64.07,Luxury Amplifier,High,72.36,62.7,66.92,66.57,33.18
Zion Williamson,2022-23,55.17,Luxury Amplifier,High,45.49,65.71,51.9,72.72,38.03
Aaron Gordon,2023-24,27.82,Role Player,High,20.09,19.43,22.35,58.88,36.34
Aaron Holiday,2023-24,33.34,Role Player,High,34.79,25.38,22.33,62.0,27.95
Aaron Nesmith,2023-24,22.36,Role Player,High,4.15,36.85,6.51,49.48,31.77
Aaron Wiggins,2023-24,18.77,Role Player,High,7.45,11.33,13.7,52.95,30.25
Al Horford,2023-24,13.24,Role Player,High,0.93,16.76,0.5,39.15,27.94
Alec Burks,2023-24,31.29,Role Player,High,24.27,24.91,28.73,62.0,27.39
Aleksej Pokusevski,2023-24,12.55,Role Player,High,3.02,10.0,6.32,33.25,28.9
Alex Caruso,2023-24,26.65,Role Player,High,19.36,24.58,11.91,61.56,30.83
Alperen Sengun,2023-24,45.5,Fragile Star,High,18.25,83.5,24.05,63.85,47.67
Amen Thompson,2023-24,34.55,Role Player,High,31.28,21.76,31.23,66.9,34.42
Andre Drummond,2023-24,17.9,Role Player,High,21.7,14.17,4.61,25.57,30.92
Andrew Nembhard,2023-24,33.09,Role Player,High,35.72,18.45,27.37,62.0,29.87
Andrew Wiggins,2023-24,24.62,Role Player,High,17.41,15.83,18.21,56.99,32.5
Anfernee Simons,2023-24,74.79,Strong Creator,High,73.92,83.17,90.3,72.95,28.2
Anthony Davis,2023-24,31.31,Role Player,High,21.83,36.37,17.15,50.53,46.63
Anthony Edwards,2023-24,72.21,Strong Creator,High,74.4,80.34,80.5,69.43,32.86
Ausar Thompson,2023-24,22.47,Role Player,High,9.08,27.62,17.57,40.01,33.25
Austin Reaves,2023-24,51.2,Fragile Star,High,53.04,45.09,48.58,74.04,31.98
Ayo Dosunmu,2023-24,28.19,Role Player,High,22.28,14.86,25.19,63.85,31.73
Bam Adebayo,2023-24,34.8,Role Player,High,31.98,22.5,29.93,61.03,44.39
Ben Sheppard,2023-24,10.09,Role Player,High,1.35,10.0,1.0,28.3,27.44
Ben Simmons,2023-24,27.08,Role Player,High,22.22,10.0,33.03,57.91,26.25
Bennedict Mathurin,2023-24,37.81,Role Player,High,29.33,28.71,45.69,62.0,33.91
Bilal Coulibaly,2023-24,15.79,Role Player,High,7.56,10.0,10.61,36.83,33.72
Bismack Biyombo,2023-24,16.63,Role Player,High,4.13,26.0,0.61,39.61,28.25
Bobby Portis,2023-24,24.6,Role Player,High,23.88,14.83,11.83,53.29,33.67
Bogdan Bogdanović,2023-24,29.39,Role Player,High,21.5,27.87,22.89,56.18,29.67
Bradley Beal,2023-24,47.81,Fragile Star,High,45.34,40.89,50.15,72.23,31.22
Brandin Podziemski,2023-24,35.51,Role Player,High,19.93,46.26,27.02,63.58,30.23
Brandon Ingram,2023-24,60.6,Luxury Amplifier,High,60.5,67.59,60.3,67.71,33.41
Brandon Miller,2023-24,30.72,Role Player,High,30.14,13.17,30.55,62.0,29.79
Brook Lopez,2023-24,13.5,Role Player,High,2.42,17.24,2.0,33.27,30.78
Bruce Brown,2023-24,34.75,Role Player,High,18.21,40.56,29.27,67.14,32.19
CJ McCollum,2023-24,49.17,Fragile Star,High,52.65,35.8,56.83,67.53,29.26
Cade Cunningham,2023-24,62.72,Luxury Amplifier,High,61.67,57.63,80.0,70.96,31.65
Caleb Martin,2023-24,20.06,Role Player,High,13.52,11.5,16.94,44.15,31.15
Cam Reddish,2023-24,11.73,Role Player,High,1.71,10.0,4.16,32.78,29.71
Cam Thomas,2023-24,57.79,Luxury Amplifier,High,57.17,58.41,66.2,64.36,31.38
Cam Whitmore,2023-24,29.02,Role Player,High,17.51,23.83,27.74,62.0,29.58
Cameron Johnson,2023-24,27.72,Role Player,High,11.85,41.45,13.13,54.25,30.43
Caris LeVert,2023-24,44.53,Fragile Star,High,33.1,44.8,49.36,68.67,32.26
Cason Wallace,2023-24,18.04,Role Player,High,4.04,16.72,5.96,56.54,29.76
Cedi Osman,2023-24,14.3,Role Player,High,2.47,10.0,5.48,47.2,28.85
Chet Holmgren,2023-24,25.73,Role Player,High,13.46,35.64,7.26,52.58,34.45
Chris Boucher,2023-24,15.79,Role Player,High,10.59,19.86,0.0,32.13,28.25
Chris Paul,2023-24,38.15,Role Player,High,50.97,11.17,39.89,62.0,27.88
Christian Braun,2023-24,21.41,Role Player,High,7.35,10.0,22.33,59.25,33.5
Christian Wood,2023-24,9.44,Role Player,High,1.05,10.0,0.5,24.91,27.86
Clint Capela,2023-24,14.4,Role Player,High,11.92,11.33,0.0,31.64,32.45
Coby White,2023-24,46.17,Fragile Star,High,44.3,40.02,48.26,67.05,31.63
Cody Martin,2023-24,34.56,Role Player,High,21.86,35.05,31.37,67.06,29.04
Cole Anthony,2023-24,41.43,Fragile Star,High,37.04,40.62,38.47,62.0,31.66
Collin Sexton,2023-24,46.46,Fragile Star,High,47.36,29.74,60.4,62.74,33.22
Corey Kispert,2023-24,17.55,Role Player,High,5.73,16.17,8.35,46.75,31.09
D'Angelo Russell,2023-24,49.74,Fragile Star,High,48.59,44.46,53.01,69.65,30.0
Dalano Banton,2023-24,29.04,Role Player,High,23.32,16.5,39.73,47.0,29.28
Damian Lillard,2023-24,78.09,Strong Creator,High,83.35,76.37,98.5,72.95,33.52
Daniel Gafford,2023-24,15.69,Role Player,High,5.06,20.31,0.0,38.26,33.58
Danté Exum,2023-24,40.82,Fragile Star,High,18.56,65.0,24.35,74.03,30.25
Darius Garland,2023-24,62.03,Luxury Amplifier,High,59.11,61.25,82.56,62.54,30.9
David Roddy,2023-24,26.51,Role Player,High,6.78,39.35,16.1,56.13,30.03
Davion Mitchell,2023-24,23.45,Role Player,High,16.83,10.0,18.8,62.0,28.42
De'Aaron Fox,2023-24,76.6,Strong Creator,High,77.66,87.5,88.19,71.12,31.21
De'Andre Hunter,2023-24,22.84,Role Player,High,17.16,10.5,17.65,55.73,31.73
DeMar DeRozan,2023-24,68.61,Luxury Amplifier,High,70.35,82.0,61.6,74.14,35.62
Deandre Ayton,2023-24,18.51,Role Player,High,10.85,19.67,3.09,39.43,38.08
Dejounte Murray,2023-24,68.9,Luxury Amplifier,High,67.17,77.67,82.9,64.66,30.53
Deni Avdija,2023-24,33.95,Role Player,High,25.95,23.03,38.16,62.0,34.73
Dennis Schröder,2023-24,52.84,Fragile Star,High,39.27,65.18,54.89,70.86,31.54
Dennis Smith Jr.,2023-24,30.5,Role Player,High,19.89,24.55,41.6,47.0,30.25
Dereck Lively II,2023-24,10.13,Role Player,High,0.48,10.0,0.0,29.66,30.36
Derrick Jones Jr.,2023-24,10.32,Role Player,High,1.17,11.87,0.5,26.17,29.81
Derrick White,2023-24,36.85,Role Player,High,36.11,21.52,38.5,66.18,30.07
Desmond Bane,2023-24,59.97,Luxury Amplifier,High,66.09,43.79,79.59,69.32,28.83
Devin Booker,2023-24,68.61,Luxury Amplifier,High,81.79,51.63,84.7,73.25,32.36
Devin Vassell,2023-24,41.93,Fragile Star,High,37.63,38.36,42.48,63.38,30.46
Devonte' Graham,2023-24,39.57,Role Player,High,18.08,65.0,25.3,67.38,27.27
Dillon Brooks,2023-24,27.79,Role Player,High,14.73,34.62,17.67,54.01,30.81
Domantas Sabonis,2023-24,31.23,Role Player,High,24.42,20.0,31.43,53.12,46.51
Donovan Mitchell,2023-24,79.28,Strong Creator,High,84.44,81.56,94.8,75.83,32.19
Donte DiVincenzo,2023-24,21.07,Role Player,High,7.7,30.01,7.88,44.9,29.5
Dorian Finney-Smith,2023-24,16.32,Role Player,High,1.39,32.82,2.0,29.9,28.09
Draymond Green,2023-24,14.29,Role Player,High,2.01,16.41,2.09,41.56,29.28
Duop Reath,2023-24,10.2,Role Player,High,0.67,10.0,0.5,30.79,27.82
Evan Mobley,2023-24,24.76,Role Player,High,8.95,32.33,11.52,52.94,37.51
Franz Wagner,2023-24,50.78,Fragile Star,High,41.1,53.25,58.7,66.65,33.95
Fred VanVleet,2023-24,60.82,Luxury Amplifier,High,69.77,49.71,73.76,64.64,30.18
GG Jackson,2023-24,28.64,Role Player,High,17.25,33.76,17.38,57.3,29.51
Gary Payton II,2023-24,15.64,Role Player,High,0.62,26.86,0.0,39.41,28.25
Gary Trent Jr.,2023-24,26.45,Role Player,High,20.91,17.17,18.41,62.02,29.01
Georges Niang,2023-24,17.16,Role Player,High,4.27,21.76,4.25,44.78,28.76
Giannis Antetokounmpo,2023-24,53.06,Fragile Star,High,50.84,45.38,61.7,65.67,42.69
Gradey Dick,2023-24,14.86,Role Player,High,5.63,10.0,5.73,43.51,30.03
Grant Williams,2023-24,15.23,Role Player,High,3.41,19.68,1.5,40.79,28.73
Harrison Barnes,2023-24,21.32,Role Player,High,8.39,21.76,11.01,53.37,31.6
Herbert Jones,2023-24,23.71,Role Player,High,8.52,33.61,4.98,56.29,33.16
Immanuel Quickley,2023-24,51.09,Fragile Star,High,51.28,47.17,57.52,62.1,30.95
Isaac Okoro,2023-24,16.65,Role Player,High,2.62,10.0,10.87,52.15,33.68
Isaiah Hartenstein,2023-24,16.05,Role Player,High,17.38,10.0,0.0,34.0,32.38
Isaiah Joe,2023-24,14.18,Role Player,High,5.71,10.67,4.0,41.84,27.24
Isaiah Livers,2023-24,13.09,Role Player,High,2.35,21.42,2.0,26.07,27.24
Isaiah Stewart,2023-24,19.15,Role Player,High,1.31,40.37,0.5,37.6,29.23
Ivica Zubac,2023-24,14.85,Role Player,High,4.14,16.21,0.34,39.42,35.7
Ja Morant,2023-24,62.16,Luxury Amplifier,High,66.85,48.06,86.0,66.16,29.66
Jabari Smith Jr.,2023-24,23.57,Role Player,High,15.19,26.08,9.32,49.35,32.26
Jabari Walker,2023-24,22.36,Role Player,High,9.3,41.91,5.87,32.63,30.28
Jaden Ivey,2023-24,42.53,Fragile Star,High,30.45,48.17,37.63,70.25,32.91
Jaden McDaniels,2023-24,22.63,Role Player,High,12.86,12.83,17.66,59.92,30.49
Jaime Jaquez Jr.,2023-24,33.55,Role Player,High,20.57,38.5,25.84,62.07,32.78
Jake LaRavia,2023-24,28.09,Role Player,High,13.56,34.86,20.55,55.32,28.98
Jakob Poeltl,2023-24,11.1,Role Player,High,0.87,10.5,0.0,30.99,35.69
Jalen Brunson,2023-24,78.28,Strong Creator,High,84.61,83.18,91.5,70.95,31.62
Jalen Duren,2023-24,23.24,Role Player,High,16.74,10.17,20.94,50.38,39.27
Jalen Green,2023-24,47.72,Fragile Star,High,55.47,20.17,67.54,62.0,32.32
Jalen Johnson,2023-24,20.27,Role Player,High,9.77,12.33,16.19,50.58,34.3
Jalen Suggs,2023-24,27.31,Role Player,High,25.25,16.67,17.35,59.67,31.47
Jalen Williams,2023-24,59.19,Luxury Amplifier,High,60.24,61.46,56.43,75.17,31.96
Jamal Murray,2023-24,61.1,Luxury Amplifier,High,70.78,44.95,74.81,70.15,31.48
James Harden,2023-24,59.01,Luxury Amplifier,High,78.82,18.0,91.3,62.0,33.07
Jaren Jackson Jr.,2023-24,50.9,Fragile Star,High,25.33,76.57,48.07,71.24,38.58
Jarred Vanderbilt,2023-24,12.63,Role Player,High,5.95,10.0,5.61,29.29,28.25
Jarrett Allen,2023-24,12.6,Role Player,High,0.88,15.0,0.0,31.8,38.13
Jaylen Brown,2023-24,48.64,Fragile Star,High,54.15,29.37,61.6,62.0,34.3
Jayson Tatum,2023-24,73.09,Strong Creator,High,80.08,71.33,84.8,70.8,36.54
Jeff Green,2023-24,12.41,Role Player,High,2.41,10.0,7.21,32.38,28.9
Jerami Grant,2023-24,46.07,Fragile Star,High,29.66,61.28,36.56,73.65,34.96
Jeremy Sochan,2023-24,29.94,Role Player,High,13.12,33.65,28.63,57.05,33.09
Jimmy Butler III,2023-24,54.23,Fragile Star,High,48.91,58.47,59.0,62.73,37.34
Joel Embiid,2023-24,58.55,Luxury Amplifier,High,56.72,83.84,32.29,65.51,42.92
John Collins,2023-24,14.78,Role Player,High,3.66,17.83,1.5,38.51,31.44
John Konchar,2023-24,17.56,Role Player,High,1.53,34.62,1.0,35.68,28.91
Jonas Valančiūnas,2023-24,26.12,Role Player,High,17.81,41.92,0.56,43.94,35.95
Jonathan Isaac,2023-24,14.68,Role Player,High,6.44,17.67,0.5,36.06,28.25
Jonathan Kuminga,2023-24,30.54,Role Player,High,23.91,16.0,31.79,62.0,37.05
Jordan Clarkson,2023-24,52.3,Fragile Star,High,40.98,62.49,57.17,65.69,30.92
Jordan Goodwin,2023-24,26.64,Role Player,High,23.58,11.67,33.48,47.0,29.01
Jordan Poole,2023-24,45.7,Fragile Star,High,44.91,34.56,56.21,62.0,30.49
Josh Giddey,2023-24,30.19,Role Player,High,19.9,22.84,30.12,62.0,31.82
Josh Green,2023-24,24.4,Role Player,High,2.69,47.52,3.39,52.79,31.2
Josh Hart,2023-24,22.85,Role Player,High,14.79,10.73,25.81,49.25,31.84
Josh Richardson,2023-24,21.23,Role Player,High,15.35,10.0,14.01,56.9,27.86
Jrue Holiday,2023-24,38.09,Role Player,High,38.46,22.76,38.11,68.54,29.6
Julian Champagnie,2023-24,9.07,Role Player,High,0.89,10.0,0.5,23.15,27.3
Julius Randle,2023-24,51.48,Fragile Star,High,46.01,50.53,56.66,69.71,32.55
Justin Holiday,2023-24,19.75,Role Player,High,1.22,41.28,1.0,41.09,27.05
KJ Martin,2023-24,11.63,Role Player,High,1.06,10.0,5.57,32.51,28.25
Karl-Anthony Towns,2023-24,32.74,Role Player,High,15.47,51.83,14.98,55.21,38.6
Keegan Murray,2023-24,17.12,Role Player,High,11.29,10.17,6.9,45.72,29.52
Keita Bates-Diop,2023-24,16.01,Role Player,High,5.78,21.41,2.62,37.19,28.25
Keldon Johnson,2023-24,30.63,Role Player,High,21.88,25.23,26.53,61.23,32.67
Kelly Olynyk,2023-24,26.89,Role Player,High,22.48,28.04,9.08,51.95,35.23
Kelly Oubre Jr.,2023-24,30.96,Role Player,High,21.3,24.35,29.32,62.0,33.15
Kentavious Caldwell-Pope,2023-24,20.03,Role Player,High,7.65,25.48,5.0,48.59,30.72
Keon Ellis,2023-24,15.62,Role Player,High,5.26,11.34,4.5,50.2,27.73
Kevin Durant,2023-24,61.41,Luxury Amplifier,High,59.58,71.78,59.92,67.19,35.28
Kevin Huerter,2023-24,16.86,Role Player,High,7.23,18.17,6.0,41.21,27.62
Kevon Looney,2023-24,17.27,Role Player,High,15.13,14.64,3.42,37.11,28.25
Keyonte George,2023-24,56.35,Luxury Amplifier,High,38.2,79.17,62.33,63.69,30.75
Khris Middleton,2023-24,43.73,Fragile Star,High,57.49,19.17,47.11,62.0,29.72
Killian Hayes,2023-24,27.47,Role Player,High,25.74,10.0,37.43,47.0,27.13
Klay Thompson,2023-24,22.8,Role Player,High,15.09,27.03,10.61,43.58,28.54
Kris Dunn,2023-24,30.72,Role Player,High,28.0,10.0,38.26,62.0,28.68
Kris Murray,2023-24,14.87,Role Player,High,7.63,10.0,8.15,35.43,31.38
Kristaps Porziņģis,2023-24,19.83,Role Player,High,6.24,31.48,1.5,37.02,42.3
Kyle Anderson,2023-24,26.88,Role Player,High,19.57,10.0,41.1,47.0,32.41
Kyle Kuzma,2023-24,52.55,Fragile Star,High,35.31,80.44,45.4,63.26,32.75
Kyle Lowry,2023-24,33.28,Role Player,High,23.27,32.21,24.55,68.84,30.08
Kyrie Irving,2023-24,67.19,Luxury Amplifier,High,72.33,65.95,73.02,75.66,30.54
LaMelo Ball,2023-24,57.16,Luxury Amplifier,High,68.05,30.67,84.39,62.0,28.99
Lamar Stevens,2023-24,25.08,Role Player,High,16.63,19.83,25.47,47.0,29.92
Lauri Markkanen,2023-24,20.92,Role Player,High,6.64,34.78,3.0,42.8,32.15
LeBron James,2023-24,64.55,Luxury Amplifier,High,57.13,78.09,64.14,75.01,38.07
Luguentz Dort,2023-24,15.17,Role Player,High,4.66,12.33,2.97,46.26,31.58
Luka Dončić,2023-24,71.9,Strong Creator,High,96.56,40.98,100.0,62.0,33.84
Luke Kennard,2023-24,22.91,Role Player,High,9.57,32.83,6.5,52.22,26.98
Malaki Branham,2023-24,31.21,Role Player,High,10.97,51.35,18.19,56.52,29.7
Malcolm Brogdon,2023-24,53.63,Fragile Star,High,51.24,55.94,55.85,68.09,28.89
Malik Beasley,2023-24,18.58,Role Player,High,8.37,18.45,8.72,46.23,27.77
Malik Monk,2023-24,47.71,Fragile Star,High,37.43,58.51,41.24,69.95,31.14
Marcus Morris Sr.,2023-24,22.01,Role Player,High,17.91,10.0,15.98,54.74,27.27
Marcus Sasser,2023-24,37.04,Role Player,High,42.4,15.67,41.83,62.0,27.41
Marcus Smart,2023-24,31.93,Role Player,High,34.48,13.0,31.44,62.0,27.47
Mark Williams,2023-24,27.99,Role Player,High,19.4,57.83,0.0,30.79,30.92
Markelle Fultz,2023-24,41.28,Fragile Star,High,25.06,41.64,46.5,73.48,30.25
Marvin Bagley III,2023-24,16.78,Role Player,High,14.8,14.83,0.31,34.98,33.19
Matisse Thybulle,2023-24,12.55,Role Player,High,1.3,19.29,1.5,28.56,27.56
Max Strus,2023-24,15.65,Role Player,High,4.42,13.67,7.51,42.35,30.48
Maxi Kleber,2023-24,10.96,Role Player,High,0.5,20.0,0.0,20.56,27.24
Michael Porter Jr.,2023-24,18.12,Role Player,High,13.89,10.0,11.12,41.81,29.54
Mikal Bridges,2023-24,45.89,Fragile Star,High,32.71,62.66,32.69,71.65,31.23
Mike Conley,2023-24,37.16,Role Player,High,34.3,20.78,43.45,66.88,29.56
Miles Bridges,2023-24,38.45,Role Player,High,30.72,34.98,38.95,63.48,31.81
Miles McBride,2023-24,28.48,Role Player,High,24.72,14.9,25.97,62.2,28.17
Mo Bamba,2023-24,12.74,Role Player,High,8.18,10.33,0.5,31.89,28.25
Moritz Wagner,2023-24,12.6,Role Player,High,1.17,10.67,3.38,38.46,31.36
Myles Turner,2023-24,15.99,Role Player,High,2.2,24.06,1.0,36.22,36.86
Naz Reid,2023-24,20.9,Role Player,High,4.7,25.46,10.76,52.07,31.62
Nic Claxton,2023-24,17.79,Role Player,High,9.87,10.0,11.16,43.07,36.35
Nick Richards,2023-24,14.81,Role Player,High,14.06,10.8,0.0,31.41,31.81
Nick Smith Jr.,2023-24,26.55,Role Player,High,17.9,23.92,15.81,62.0,27.36
Nickeil Alexander-Walker,2023-24,23.89,Role Player,High,6.82,32.75,10.56,57.19,29.66
Nikola Jokić,2023-24,54.03,Fragile Star,High,33.44,84.0,38.97,65.79,53.32
Nikola Jović,2023-24,18.76,Role Player,High,3.46,30.62,3.16,43.85,28.59
Nikola Vučević,2023-24,14.5,Role Player,High,5.13,19.33,1.32,27.7,37.13
Norman Powell,2023-24,27.38,Role Player,High,13.57,18.53,29.34,64.79,30.95
OG Anunoby,2023-24,18.19,Role Player,High,9.13,10.0,10.9,50.8,31.54
Obi Toppin,2023-24,12.32,Role Player,High,1.36,12.5,1.5,37.05,29.26
Ochai Agbaji,2023-24,10.45,Role Player,High,1.76,10.0,2.03,27.66,28.66
Omer Yurtseven,2023-24,13.23,Role Player,High,10.24,10.0,0.0,32.21,28.25
Onuralp Bitim,2023-24,11.79,Role Player,High,2.34,10.0,4.21,32.9,28.15
Onyeka Okongwu,2023-24,10.54,Role Player,High,0.59,10.0,0.0,31.72,31.05
P.J. Washington,2023-24,20.54,Role Player,High,4.94,34.26,4.51,43.4,30.82
Paolo Banchero,2023-24,66.65,Luxury Amplifier,High,58.36,80.82,74.0,69.77,36.67
Pascal Siakam,2023-24,40.7,Fragile Star,High,38.04,32.51,37.84,65.92,37.05
Patrick Beverley,2023-24,34.04,Role Player,High,23.45,31.24,28.11,69.79,31.0
Patrick Williams,2023-24,26.0,Role Player,High,15.38,21.6,17.5,63.83,29.12
Paul George,2023-24,51.03,Fragile Star,High,54.5,42.48,51.54,70.47,31.78
Payton Pritchard,2023-24,29.94,Role Player,High,35.92,10.0,22.27,62.0,29.1
Precious Achiuwa,2023-24,23.28,Role Player,High,13.05,23.74,11.89,51.64,33.11
Quentin Grimes,2023-24,22.02,Role Player,High,5.26,36.94,7.94,44.19,29.89
RJ Barrett,2023-24,31.22,Role Player,High,17.62,25.17,34.38,62.0,34.64
Reggie Jackson,2023-24,49.75,Fragile Star,High,30.65,65.4,53.1,70.42,30.25
Richaun Holmes,2023-24,12.3,Role Player,High,8.09,10.0,0.0,30.32,28.25
Ricky Council IV,2023-24,34.71,Role Player,High,11.03,41.63,41.0,65.35,29.93
Rudy Gobert,2023-24,17.13,Role Player,High,13.9,15.14,0.0,37.5,35.47
Rui Hachimura,2023-24,16.96,Role Player,High,5.06,15.5,6.16,46.89,33.04
Russell Westbrook,2023-24,32.93,Role Player,High,26.83,19.17,48.61,47.0,33.19
Saddiq Bey,2023-24,23.55,Role Player,High,14.73,29.62,10.76,41.86,32.99
Sam Hauser,2023-24,14.68,Role Player,High,1.98,24.58,2.5,31.73,26.83
Santi Aldama,2023-24,14.95,Role Player,High,4.44,16.09,3.0,41.01,28.44
Scoot Henderson,2023-24,52.05,Fragile Star,High,42.19,50.08,70.89,63.22,32.13
Scottie Barnes,2023-24,47.91,Fragile Star,High,33.06,62.92,40.74,70.87,34.88
Shaedon Sharpe,2023-24,38.99,Role Player,High,39.11,26.55,53.17,47.06,29.31
Shai Gilgeous-Alexander,2023-24,74.97,Strong Creator,High,92.46,64.37,81.8,75.33,34.78
Simone Fontecchio,2023-24,14.56,Role Player,High,3.23,13.0,5.06,42.29,29.89
Stephen Curry,2023-24,72.57,Strong Creator,High,70.87,90.0,72.49,75.29,30.13
Talen Horton-Tucker,2023-24,36.32,Role Player,High,29.56,29.56,50.36,47.22,29.11
Tari Eason,2023-24,29.39,Role Player,High,15.11,56.18,12.06,35.81,30.25
Taylor Hendricks,2023-24,12.43,Role Player,High,4.2,10.0,1.0,38.19,27.41
Terance Mann,2023-24,20.57,Role Player,High,13.4,11.28,12.53,53.36,32.2
Terry Rozier,2023-24,68.63,Luxury Amplifier,High,61.35,80.0,82.4,71.14,30.78
Tim Hardaway Jr.,2023-24,30.01,Role Player,High,18.93,37.97,21.98,49.98,29.43
Tobias Harris,2023-24,37.15,Role Player,High,37.5,20.44,40.16,62.0,34.56
Torrey Craig,2023-24,10.58,Role Player,High,1.72,10.12,1.0,30.57,27.47
Toumani Camara,2023-24,14.21,Role Player,High,11.79,10.0,4.53,28.72,29.58
Trae Young,2023-24,79.21,Strong Creator,High,86.02,82.33,94.94,70.55,32.54
Trayce Jackson-Davis,2023-24,11.92,Role Player,High,6.08,10.0,0.0,30.95,29.58
Tre Jones,2023-24,41.83,Fragile Star,High,38.19,23.49,53.25,70.75,32.41
Tre Mann,2023-24,46.56,Fragile Star,High,46.29,39.33,53.2,62.0,29.04
Trevelin Queen,2023-24,23.96,Role Player,High,9.69,10.0,43.0,47.0,29.02
Trey Lyles,2023-24,14.62,Role Player,High,1.0,24.32,1.0,34.46,28.67
Trey Murphy III,2023-24,17.54,Role Player,High,8.68,14.0,8.0,45.11,30.66
Troy Brown Jr.,2023-24,29.77,Role Player,High,7.11,65.0,4.2,51.65,28.02
Tyler Herro,2023-24,58.57,Luxury Amplifier,High,49.81,75.26,60.62,66.3,27.41
Tyrese Haliburton,2023-24,74.86,Strong Creator,High,83.96,73.33,85.99,73.71,30.81
Tyrese Maxey,2023-24,73.57,Strong Creator,High,71.94,80.11,94.14,66.07,32.2
Tyus Jones,2023-24,37.2,Role Player,High,40.36,12.17,49.47,62.0,28.51
Vasilije Micic,2023-24,48.96,Fragile Star,High,33.91,63.33,53.6,62.0,29.39
Victor Wembanyama,2023-24,36.73,Role Player,High,20.88,60.69,21.57,45.54,41.51
Vince Williams Jr.,2023-24,29.12,Role Player,High,15.3,41.92,13.6,53.47,33.1
Vít Krejčí,2023-24,24.0,Role Player,High,4.25,45.83,6.42,47.28,28.95
Walker Kessler,2023-24,24.0,Role Player,High,6.41,52.67,0.0,39.47,29.89
Wendell Carter Jr.,2023-24,12.59,Role Player,High,0.93,16.9,0.5,32.74,30.76
Zach Collins,2023-24,17.73,Role Player,High,4.16,25.24,3.41,40.22,34.58
Zach LaVine,2023-24,53.0,Fragile Star,High,62.63,32.09,68.51,63.7,29.31
Ziaire Williams,2023-24,17.91,Role Player,High,9.19,17.81,10.05,37.1,31.3
Zion Williamson,2023-24,50.67,Fragile Star,High,41.32,55.08,51.9,66.79,41.04
AJ Green,2024-25,14.21,Role Player,High,6.55,10.0,6.0,39.08,26.82
Aaron Gordon,2024-25,28.18,Role Player,High,25.72,17.81,19.14,56.67,36.8
Aaron Nesmith,2024-25,16.87,Role Player,High,6.16,14.33,6.38,48.5,28.89
Aaron Wiggins,2024-25,33.11,Role Player,High,16.85,47.73,16.14,65.25,31.05
Al Horford,2024-25,15.93,Role Player,High,0.79,34.04,0.0,29.53,27.54
Alex Caruso,2024-25,26.27,Role Player,High,3.62,58.17,3.88,45.94,29.72
Alex Sarr,2024-25,15.14,Role Player,High,5.09,19.5,4.31,30.67,32.76
Alperen Sengun,2024-25,47.91,Fragile Star,High,28.04,69.03,35.4,70.67,45.62
Amen Thompson,2024-25,34.63,Role Player,High,33.05,14.83,39.51,64.37,34.53
Amir Coffey,2024-25,17.41,Role Player,High,6.93,10.0,8.16,53.75,31.37
Andre Drummond,2024-25,14.72,Role Player,High,10.93,10.0,8.08,29.11,29.58
Andrew Nembhard,2024-25,39.02,Role Player,High,31.38,44.06,27.04,66.88,31.49
Andrew Wiggins,2024-25,38.31,Role Player,High,29.31,37.53,34.18,66.13,33.8
Anfernee Simons,2024-25,65.77,Luxury Amplifier,High,62.98,76.83,70.39,70.58,30.0
Anthony Black,2024-25,30.5,Role Player,High,24.15,13.0,48.01,47.0,33.49
Anthony Davis,2024-25,37.13,Role Player,High,30.67,41.66,24.64,53.48,45.6
Anthony Edwards,2024-25,78.54,Strong Creator,High,80.61,88.0,92.12,71.42,32.21
Ausar Thompson,2024-25,32.45,Role Player,High,16.27,36.71,26.0,65.29,33.94
Austin Reaves,2024-25,56.03,Luxury Amplifier,High,52.39,58.21,59.52,70.75,32.41
Ayo Dosunmu,2024-25,28.46,Role Player,High,19.39,18.92,27.54,62.5,30.25
Bam Adebayo,2024-25,32.89,Role Player,High,26.71,35.52,23.78,49.5,38.17
Ben Sheppard,2024-25,11.79,Role Player,High,1.24,18.33,1.5,25.36,27.34
Bennedict Mathurin,2024-25,49.07,Fragile Star,High,34.12,64.12,41.84,73.33,34.37
Bilal Coulibaly,2024-25,29.22,Role Player,High,19.17,29.35,27.03,49.57,32.93
Bobby Portis,2024-25,21.54,Role Player,High,21.46,17.33,9.04,38.26,32.18
Bogdan Bogdanović,2024-25,25.42,Role Player,High,21.84,12.83,18.15,60.74,29.21
Bradley Beal,2024-25,38.96,Role Player,High,38.06,30.29,37.7,62.48,30.55
Brandin Podziemski,2024-25,30.97,Role Player,High,26.26,19.63,29.59,62.0,29.69
Brandon Boston,2024-25,37.24,Role Player,High,29.22,34.48,39.21,60.81,28.95
Brandon Clarke,2024-25,14.24,Role Player,High,5.15,15.2,1.9,37.08,29.58
Brandon Ingram,2024-25,56.64,Luxury Amplifier,High,58.48,51.54,64.39,69.02,29.84
Brandon Miller,2024-25,40.33,Fragile Star,High,36.14,38.94,46.92,50.78,27.55
Brice Sensabaugh,2024-25,23.76,Role Player,High,16.75,19.33,13.45,55.62,28.73
Bruce Brown,2024-25,25.26,Role Player,High,10.66,25.02,22.98,55.14,29.45
Bub Carrington,2024-25,41.35,Fragile Star,High,31.63,56.33,36.75,50.3,28.83
Buddy Hield,2024-25,20.66,Role Player,High,11.27,16.67,14.1,49.48,28.67
CJ McCollum,2024-25,56.75,Luxury Amplifier,High,50.71,60.9,63.26,70.94,30.2
Cade Cunningham,2024-25,72.76,Strong Creator,High,74.57,75.91,89.0,68.34,33.58
Caleb Martin,2024-25,21.43,Role Player,High,18.06,10.0,17.77,47.0,29.08
Cam Thomas,2024-25,61.2,Luxury Amplifier,High,66.23,57.76,78.0,56.59,28.01
Cameron Johnson,2024-25,35.88,Role Player,High,26.35,40.02,23.71,66.83,32.07
Caris LeVert,2024-25,26.64,Role Player,High,20.73,13.0,23.09,62.0,32.57
Cason Wallace,2024-25,22.18,Role Player,High,12.93,10.0,17.77,61.36,30.38
Chris Boucher,2024-25,21.65,Role Player,High,4.32,45.28,1.5,39.64,27.86
Chris Paul,2024-25,51.54,Fragile Star,High,60.82,53.67,33.61,68.73,28.4
Christian Braun,2024-25,18.72,Role Player,High,6.68,11.33,13.09,51.95,34.7
Clint Capela,2024-25,15.73,Role Player,High,2.35,25.79,0.0,36.43,31.1
Coby White,2024-25,54.04,Fragile Star,High,52.78,58.75,48.67,70.47,32.09
Cody Martin,2024-25,26.97,Role Player,High,10.81,36.71,13.66,57.83,31.47
Cody Williams,2024-25,14.7,Role Player,High,4.83,10.0,9.51,39.28,29.57
Collin Sexton,2024-25,50.03,Fragile Star,High,55.69,34.21,61.47,62.0,31.8
Corey Kispert,2024-25,15.01,Role Player,High,4.79,10.0,7.14,44.01,30.41
D'Angelo Russell,2024-25,48.23,Fragile Star,High,38.09,54.93,54.93,60.35,30.29
DaQuan Jeffries,2024-25,18.24,Role Player,High,3.05,33.43,5.71,32.98,28.79
Dalano Banton,2024-25,42.47,Fragile Star,High,18.31,71.34,30.94,66.74,29.43
Daniel Gafford,2024-25,23.2,Role Player,High,9.72,43.74,0.0,39.52,34.23
Daniel Theis,2024-25,8.54,Role Player,High,1.31,10.0,0.0,18.8,28.25
Darius Garland,2024-25,63.63,Luxury Amplifier,High,70.69,58.4,71.35,69.89,30.65
Davion Mitchell,2024-25,38.04,Role Player,High,36.6,19.22,46.85,64.79,31.63
De'Aaron Fox,2024-25,66.98,Luxury Amplifier,High,65.23,78.68,69.18,71.62,31.59
De'Andre Hunter,2024-25,26.33,Role Player,High,16.51,25.89,17.25,54.96,32.13
DeMar DeRozan,2024-25,64.28,Luxury Amplifier,High,67.03,80.67,55.9,61.73,35.64
Deandre Ayton,2024-25,17.94,Role Player,High,7.41,27.03,0.0,37.07,34.03
Dejounte Murray,2024-25,60.65,Luxury Amplifier,High,53.21,61.25,81.7,67.91,28.48
Deni Avdija,2024-25,37.54,Role Player,High,32.59,31.29,32.89,65.45,35.46
Dennis Schröder,2024-25,49.95,Fragile Star,High,41.68,52.52,57.91,64.03,31.29
Dereck Lively II,2024-25,10.43,Role Player,High,1.57,10.0,0.0,29.87,29.81
Derrick Jones Jr.,2024-25,13.78,Role Player,High,1.59,15.5,2.32,40.16,29.43
Derrick White,2024-25,34.28,Role Player,High,32.32,19.01,39.49,60.03,29.32
Desmond Bane,2024-25,55.79,Luxury Amplifier,High,56.26,54.36,62.0,65.39,31.1
Devin Booker,2024-25,62.98,Luxury Amplifier,High,68.0,61.87,70.87,65.07,31.74
Devin Vassell,2024-25,36.08,Role Player,High,30.4,34.31,28.38,64.98,29.58
Dillon Brooks,2024-25,24.27,Role Player,High,21.25,14.67,12.83,57.84,29.85
Domantas Sabonis,2024-25,22.46,Role Player,High,16.93,16.83,12.8,42.1,42.98
Donovan Clingan,2024-25,15.49,Role Player,High,14.5,15.56,0.0,29.48,28.25
Donovan Mitchell,2024-25,74.33,Strong Creator,High,75.06,86.17,82.55,70.75,31.44
Donte DiVincenzo,2024-25,24.59,Role Player,High,13.03,26.55,16.03,52.89,29.03
Draymond Green,2024-25,14.63,Role Player,High,2.1,25.17,1.7,29.61,29.26
Dyson Daniels,2024-25,30.8,Role Player,High,21.92,16.84,37.72,62.0,31.7
Eric Gordon,2024-25,14.06,Role Player,High,2.39,10.0,3.48,48.91,28.11
Evan Mobley,2024-25,25.53,Role Player,High,18.6,13.17,23.41,54.17,38.5
Franz Wagner,2024-25,59.15,Luxury Amplifier,High,48.74,72.03,68.7,61.28,35.86
Fred VanVleet,2024-25,49.14,Fragile Star,High,47.1,49.34,60.29,50.98,29.65
Garrison Mathews,2024-25,11.58,Role Player,High,2.86,10.0,4.0,31.82,26.5
Gary Payton II,2024-25,11.49,Role Player,High,0.87,12.83,0.0,34.66,28.25
Gary Trent Jr.,2024-25,28.83,Role Player,High,16.72,43.14,9.22,55.42,28.75
Georges Niang,2024-25,11.69,Role Player,High,1.71,10.0,1.5,37.46,27.62
Giannis Antetokounmpo,2024-25,60.15,Luxury Amplifier,High,65.95,51.04,65.2,66.69,45.58
Gradey Dick,2024-25,18.74,Role Player,High,11.75,16.5,13.49,34.87,31.59
Grant Williams,2024-25,16.57,Role Player,High,5.56,24.58,4.0,34.0,28.56
Grayson Allen,2024-25,16.83,Role Player,High,5.19,18.24,4.5,45.01,30.61
Guerschon Yabusele,2024-25,18.19,Role Player,High,1.8,31.22,2.83,41.03,31.22
Harrison Barnes,2024-25,24.42,Role Player,High,8.39,31.21,9.96,58.85,32.77
Herbert Jones,2024-25,13.88,Role Player,High,4.29,10.0,8.79,35.87,29.56
Immanuel Quickley,2024-25,47.97,Fragile Star,High,46.82,47.28,58.53,50.87,27.71
Isaiah Collier,2024-25,43.93,Fragile Star,High,29.34,37.38,65.9,62.08,32.87
Isaiah Hartenstein,2024-25,18.88,Role Player,High,1.12,35.83,0.0,40.84,34.64
Isaiah Joe,2024-25,16.87,Role Player,High,9.05,12.5,8.5,43.35,28.32
Ivica Zubac,2024-25,24.25,Role Player,High,13.05,23.08,12.57,49.55,46.19
Ja Morant,2024-25,67.17,Luxury Amplifier,High,60.75,79.0,75.0,72.28,33.5
Jabari Smith Jr.,2024-25,17.92,Role Player,High,14.27,14.42,8.03,34.98,31.77
Jaden Ivey,2024-25,51.51,Fragile Star,High,44.19,56.21,53.67,70.18,29.42
Jaden McDaniels,2024-25,26.71,Role Player,High,16.86,26.33,16.31,57.98,31.12
Jaden Springer,2024-25,25.24,Role Player,High,11.46,13.55,40.26,50.27,28.25
Jake LaRavia,2024-25,20.06,Role Player,High,10.8,10.5,13.73,54.09,33.36
Jakob Poeltl,2024-25,14.15,Role Player,High,7.09,14.17,0.0,31.55,37.5
Jalen Brunson,2024-25,81.46,Franchise Engine,High,88.81,90.0,90.5,73.07,32.61
Jalen Duren,2024-25,21.68,Role Player,High,21.79,10.5,11.27,43.41,37.56
Jalen Green,2024-25,63.21,Luxury Amplifier,High,62.95,58.7,79.63,70.47,31.49
Jalen Johnson,2024-25,27.88,Role Player,High,18.79,17.83,29.6,57.62,32.25
Jalen Suggs,2024-25,48.67,Fragile Star,High,47.0,57.69,48.25,51.29,28.0
Jalen Williams,2024-25,51.82,Fragile Star,High,55.28,44.78,54.62,66.26,31.82
Jalen Wilson,2024-25,14.86,Role Player,High,3.06,18.99,3.81,35.02,31.77
Jamal Murray,2024-25,59.97,Luxury Amplifier,High,68.78,50.03,65.6,70.84,30.82
Jamal Shead,2024-25,40.67,Fragile Star,High,19.43,58.24,38.56,64.87,28.39
James Harden,2024-25,79.49,Strong Creator,High,85.85,81.98,100.0,66.18,33.17
Jamison Battle,2024-25,13.71,Role Player,High,2.76,18.46,3.0,33.16,26.95
Jarace Walker,2024-25,18.51,Role Player,High,7.42,10.0,12.29,56.46,28.6
Jared Butler,2024-25,36.18,Role Player,High,40.69,14.67,52.0,47.0,28.55
Jared McCain,2024-25,43.5,Fragile Star,High,46.37,36.01,40.64,64.16,28.39
Jaren Jackson Jr.,2024-25,46.5,Fragile Star,High,35.05,53.23,43.35,69.77,35.4
Jarrett Allen,2024-25,12.3,Role Player,High,0.65,12.33,0.0,34.97,37.75
Jaylen Brown,2024-25,55.71,Luxury Amplifier,High,52.94,50.78,65.5,69.86,35.55
Jaylen Wells,2024-25,14.39,Role Player,High,7.32,11.83,5.39,34.23,30.22
Jayson Tatum,2024-25,71.56,Strong Creator,High,79.66,64.72,89.2,67.57,35.08
Jerami Grant,2024-25,26.84,Role Player,High,10.4,36.98,14.58,57.88,28.81
Jeremy Sochan,2024-25,16.1,Role Player,High,5.01,10.5,9.4,43.93,34.98
Jimmy Butler III,2024-25,47.68,Fragile Star,High,34.49,66.33,39.08,60.58,38.47
Joel Embiid,2024-25,43.82,Fragile Star,High,36.09,77.31,15.87,43.35,39.84
John Collins,2024-25,21.12,Role Player,High,14.08,23.22,6.26,42.64,34.42
Johnny Juzang,2024-25,18.59,Role Player,High,8.79,17.39,8.14,48.28,27.39
Jonas Valančiūnas,2024-25,24.07,Role Player,High,23.65,31.35,3.57,32.73,35.14
Jonathan Kuminga,2024-25,35.81,Role Player,High,25.15,41.08,34.93,53.71,29.57
Jonathan Mogbo,2024-25,14.82,Role Player,High,4.62,10.0,11.84,35.1,32.99
Jordan Clarkson,2024-25,50.83,Fragile Star,High,44.72,50.83,60.06,66.36,27.45
Jordan Hawkins,2024-25,20.94,Role Player,High,16.8,11.5,18.56,42.44,29.45
Jordan Poole,2024-25,66.34,Luxury Amplifier,High,62.58,85.67,62.86,69.57,31.44
Jose Alvarado,2024-25,29.7,Role Player,High,28.25,14.67,37.84,47.0,29.44
Josh Giddey,2024-25,41.7,Fragile Star,High,32.43,37.29,46.23,67.51,32.81
Josh Green,2024-25,13.44,Role Player,High,2.92,10.0,1.56,44.71,30.47
Josh Hart,2024-25,34.8,Role Player,High,24.21,39.14,28.46,58.09,33.49
Jrue Holiday,2024-25,32.2,Role Player,High,23.99,28.27,24.97,66.17,30.12
Julian Champagnie,2024-25,14.04,Role Player,High,3.06,15.96,3.5,37.57,28.01
Julius Randle,2024-25,37.5,Role Player,High,39.93,20.67,36.98,62.0,36.59
Justin Champagnie,2024-25,22.65,Role Player,High,11.14,31.63,4.05,51.1,29.29
Justin Edwards,2024-25,22.29,Role Player,High,16.45,10.0,15.64,58.86,28.98
Jusuf Nurkić,2024-25,16.34,Role Player,High,7.28,11.0,11.97,34.14,38.91
KJ Martin,2024-25,11.13,Role Player,High,0.92,10.0,0.0,36.87,28.25
KJ Simpson,2024-25,45.4,Fragile Star,High,28.96,58.61,46.9,65.52,28.49
Karl-Anthony Towns,2024-25,24.97,Role Player,High,21.41,16.17,15.33,48.65,41.41
Kawhi Leonard,2024-25,51.08,Fragile Star,High,60.78,38.62,53.63,62.0,31.67
Keegan Murray,2024-25,15.84,Role Player,High,7.65,10.0,5.25,47.23,29.14
Keldon Johnson,2024-25,24.91,Role Player,High,13.9,16.5,22.82,58.17,33.25
Kelly Olynyk,2024-25,39.07,Role Player,High,21.97,77.67,8.54,54.67,31.58
Kelly Oubre Jr.,2024-25,28.53,Role Player,High,20.93,20.25,32.12,49.67,33.16
Kentavious Caldwell-Pope,2024-25,16.01,Role Player,High,8.38,16.57,5.63,35.05,29.68
Keon Ellis,2024-25,16.47,Role Player,High,4.77,17.53,3.5,46.42,29.93
Keon Johnson,2024-25,32.21,Role Player,High,13.29,45.92,24.28,58.4,31.28
Kessler Edwards,2024-25,15.95,Role Player,High,1.15,33.08,0.5,29.67,27.88
Kevin Durant,2024-25,59.78,Luxury Amplifier,High,58.47,70.27,49.25,75.79,34.53
Kevin Huerter,2024-25,14.88,Role Player,High,7.71,14.17,6.71,31.96,28.88
Kevin Porter Jr.,2024-25,41.61,Fragile Star,High,47.21,26.38,54.8,47.0,28.4
Keyonte George,2024-25,56.83,Luxury Amplifier,High,43.87,72.6,75.91,48.2,31.09
Khris Middleton,2024-25,50.99,Fragile Star,High,49.36,69.0,34.33,62.0,27.64
Klay Thompson,2024-25,23.44,Role Player,High,15.75,23.88,13.54,48.24,28.04
Kris Dunn,2024-25,20.54,Role Player,High,9.76,26.76,9.35,41.06,28.9
Kris Murray,2024-25,14.73,Role Player,High,6.77,10.0,9.61,35.02,30.25
Kristaps Porziņģis,2024-25,15.98,Role Player,High,4.66,21.67,1.5,33.46,38.46
Kyle Filipowski,2024-25,26.84,Role Player,High,13.12,44.42,4.64,50.23,33.34
Kyle Kuzma,2024-25,27.95,Role Player,High,20.24,23.41,28.95,47.0,31.89
Kyrie Irving,2024-25,66.47,Luxury Amplifier,High,71.1,69.67,74.6,64.24,31.64
Kyshawn George,2024-25,16.57,Role Player,High,9.76,10.0,10.84,39.57,30.37
LaMelo Ball,2024-25,60.73,Luxury Amplifier,High,68.4,50.28,88.94,47.0,28.03
Larry Nance Jr.,2024-25,19.42,Role Player,High,0.74,40.81,0.0,41.41,27.8
Lauri Markkanen,2024-25,21.19,Role Player,High,5.68,42.57,3.5,35.36,28.37
LeBron James,2024-25,60.76,Luxury Amplifier,High,63.07,58.32,63.52,72.33,37.07
Lindy Waters III,2024-25,20.99,Role Player,High,3.47,49.91,3.0,28.0,26.71
Lonzo Ball,2024-25,17.42,Role Player,High,7.73,21.32,6.0,39.11,27.07
Luguentz Dort,2024-25,20.01,Role Player,High,6.11,31.12,4.0,44.84,28.69
Luka Dončić,2024-25,66.16,Luxury Amplifier,High,84.04,41.67,89.81,62.0,32.64
Malcolm Brogdon,2024-25,39.81,Role Player,High,39.29,27.65,55.4,47.0,29.79
Malik Beasley,2024-25,24.81,Role Player,High,15.25,26.34,17.81,48.15,28.64
Malik Monk,2024-25,44.66,Fragile Star,High,38.7,43.04,52.83,57.83,30.47
Marcus Sasser,2024-25,38.27,Role Player,High,43.4,16.0,45.92,62.0,27.65
Marcus Smart,2024-25,27.37,Role Player,High,20.26,26.77,20.31,52.09,27.26
Mark Williams,2024-25,19.29,Role Player,High,0.65,38.81,0.0,39.5,34.69
Mason Plumlee,2024-25,16.2,Role Player,High,3.6,22.14,0.08,44.95,28.25
Matas Buzelis,2024-25,13.43,Role Player,High,2.37,10.0,9.19,35.92,29.94
Max Christie,2024-25,27.01,Role Player,High,10.38,33.9,12.97,64.8,31.11
Max Strus,2024-25,20.58,Role Player,High,3.72,38.62,5.0,40.34,27.6
Michael Porter Jr.,2024-25,17.84,Role Player,High,11.85,12.5,10.72,40.47,29.42
Mikal Bridges,2024-25,23.05,Role Player,High,20.77,12.17,12.68,54.57,30.56
Mike Conley,2024-25,28.06,Role Player,High,23.56,10.83,30.0,62.0,29.81
Miles Bridges,2024-25,46.63,Fragile Star,High,32.66,53.83,51.23,66.1,32.1
Miles McBride,2024-25,36.38,Role Player,High,26.26,33.72,33.47,69.64,29.33
Moses Moody,2024-25,13.27,Role Player,High,3.9,11.67,5.9,32.65,31.04
Moussa Diabaté,2024-25,15.37,Role Player,High,6.78,27.49,0.16,23.48,29.14
Myles Turner,2024-25,14.38,Role Player,High,3.16,18.5,2.5,32.54,34.27
Naji Marshall,2024-25,33.56,Role Player,High,30.66,18.55,36.18,62.0,31.87
Naz Reid,2024-25,30.86,Role Player,High,11.2,55.1,14.43,51.47,31.21
Nic Claxton,2024-25,21.6,Role Player,High,12.47,13.67,16.42,51.01,35.06
Nick Richards,2024-25,24.66,Role Player,High,13.91,43.28,0.0,42.16,33.45
Nick Smith Jr.,2024-25,27.28,Role Player,High,25.08,23.21,20.47,47.0,28.08
Nickeil Alexander-Walker,2024-25,18.57,Role Player,High,8.16,11.5,12.32,51.53,30.49
Nicolas Batum,2024-25,9.78,Role Player,High,0.38,10.0,0.5,29.3,26.69
Nikola Jokić,2024-25,48.46,Fragile Star,High,22.17,85.17,32.03,58.48,53.35
Nikola Jović,2024-25,15.97,Role Player,High,4.96,13.67,5.22,47.72,28.61
Nikola Vučević,2024-25,19.84,Role Player,High,4.02,33.34,2.05,41.67,36.41
Noah Clowney,2024-25,20.91,Role Player,High,2.41,46.53,2.0,36.24,27.17
Norman Powell,2024-25,49.69,Fragile Star,High,36.82,57.26,51.34,72.29,32.19
OG Anunoby,2024-25,22.78,Role Player,High,10.6,21.86,14.72,52.23,33.61
Obi Toppin,2024-25,16.24,Role Player,High,2.84,22.86,2.5,42.5,27.95
Ochai Agbaji,2024-25,12.6,Role Player,High,1.96,11.17,1.71,39.97,28.83
Onyeka Okongwu,2024-25,12.39,Role Player,High,1.24,14.0,0.0,33.75,34.59
Orlando Robinson,2024-25,11.75,Role Player,High,5.83,12.33,1.08,25.28,29.14
Oso Ighodaro,2024-25,23.61,Role Player,High,0.93,54.67,0.22,45.14,28.47
P.J. Washington,2024-25,37.13,Role Player,High,21.82,40.86,31.61,71.44,33.33
Paolo Banchero,2024-25,67.4,Luxury Amplifier,High,67.41,68.91,79.3,73.03,31.35
Pascal Siakam,2024-25,30.49,Role Player,High,27.56,22.17,18.86,59.97,39.11
Patrick Williams,2024-25,19.69,Role Player,High,12.07,10.83,17.11,45.9,30.52
Paul George,2024-25,42.37,Fragile Star,High,54.75,21.67,53.33,47.0,28.1
Payton Pritchard,2024-25,40.21,Fragile Star,High,41.62,31.99,31.69,69.97,28.97
Peyton Watson,2024-25,16.44,Role Player,High,1.8,18.7,4.09,46.64,34.06
Quentin Grimes,2024-25,45.63,Fragile Star,High,38.04,52.18,37.99,69.03,32.18
Quenton Jackson,2024-25,34.47,Role Player,High,17.7,58.83,21.9,47.0,30.25
RJ Barrett,2024-25,51.29,Fragile Star,High,26.22,82.83,44.66,69.18,34.08
Royce O'Neale,2024-25,12.55,Role Player,High,3.62,10.0,3.5,37.03,27.07
Rudy Gobert,2024-25,17.17,Role Player,High,11.25,19.09,0.0,37.98,33.25
Rui Hachimura,2024-25,12.96,Role Player,High,3.54,10.0,1.68,41.07,29.05
Russell Westbrook,2024-25,31.7,Role Player,High,27.54,20.83,39.15,47.0,33.49
Ryan Dunn,2024-25,9.61,Role Player,High,1.2,10.0,1.0,25.44,27.34
Santi Aldama,2024-25,15.26,Role Player,High,7.23,15.0,2.5,40.08,28.29
Scoot Henderson,2024-25,37.07,Role Player,High,40.14,13.33,56.8,47.0,32.83
Scottie Barnes,2024-25,52.64,Fragile Star,High,40.09,65.85,51.8,67.45,36.72
Scotty Pippen Jr.,2024-25,27.62,Role Player,High,20.14,10.0,32.44,62.0,32.9
Shaedon Sharpe,2024-25,55.66,Luxury Amplifier,High,48.8,69.93,49.3,70.14,31.58
Shai Gilgeous-Alexander,2024-25,80.39,Franchise Engine,High,94.53,76.07,91.1,75.89,34.09
Spencer Dinwiddie,2024-25,54.46,Fragile Star,High,50.02,59.83,60.73,60.75,32.36
Stephen Curry,2024-25,67.35,Luxury Amplifier,High,58.44,88.67,69.84,70.95,30.4
Stephon Castle,2024-25,43.94,Fragile Star,High,29.63,49.29,47.7,65.29,33.98
T.J. McConnell,2024-25,45.8,Fragile Star,High,40.91,39.52,51.2,69.83,29.37
Tari Eason,2024-25,24.51,Role Player,High,18.61,13.5,18.23,57.71,32.45
Terance Mann,2024-25,25.12,Role Player,High,20.72,10.0,19.89,62.0,31.24
Terry Rozier,2024-25,30.91,Role Player,High,25.59,14.17,47.91,47.0,30.58
Tidjane Salaün,2024-25,16.87,Role Player,High,7.0,14.63,10.97,38.01,32.17
Tim Hardaway Jr.,2024-25,19.86,Role Player,High,8.86,25.6,8.05,41.37,29.91
Tobias Harris,2024-25,29.02,Role Player,High,26.63,15.09,22.53,62.0,34.51
Toumani Camara,2024-25,14.02,Role Player,High,3.9,10.5,3.85,41.8,31.9
Trae Young,2024-25,79.35,Strong Creator,High,81.37,88.33,98.41,65.98,32.75
Tre Jones,2024-25,47.07,Fragile Star,High,30.05,60.33,45.3,72.6,30.25
Tre Mann,2024-25,60.29,Luxury Amplifier,High,50.69,76.17,65.2,67.05,29.48
Trendon Watford,2024-25,41.49,Fragile Star,High,31.5,36.92,48.0,68.05,29.99
Trevelin Queen,2024-25,20.66,Role Player,High,11.31,10.0,23.89,47.0,29.38
Trey Lyles,2024-25,8.89,Role Player,High,0.87,10.0,1.0,21.26,27.44
Trey Murphy III,2024-25,31.86,Role Player,High,23.14,23.35,32.89,62.0,32.04
Ty Jerome,2024-25,47.29,Fragile Star,High,60.04,25.07,53.65,63.36,27.72
Tyler Herro,2024-25,63.06,Luxury Amplifier,High,62.43,68.63,74.0,62.0,30.72
Tyrese Haliburton,2024-25,71.12,Strong Creator,High,76.75,74.17,77.38,73.72,30.16
Tyrese Martin,2024-25,21.68,Role Player,High,10.73,30.64,9.99,39.01,29.5
Tyrese Maxey,2024-25,76.98,Strong Creator,High,76.73,87.67,94.97,65.4,32.37
Tyus Jones,2024-25,27.19,Role Player,High,25.08,10.67,25.77,60.24,28.08
Vasilije Micic,2024-25,52.66,Fragile Star,High,32.41,72.33,59.0,68.27,28.15
Victor Wembanyama,2024-25,35.64,Role Player,High,24.23,56.13,18.86,46.73,35.55
Vít Krejčí,2024-25,14.4,Role Player,High,4.37,10.0,4.75,44.55,29.6
Walker Kessler,2024-25,25.92,Role Player,High,20.37,42.24,0.0,41.11,30.86
Wendell Carter Jr.,2024-25,9.44,Role Player,High,1.42,10.0,0.0,22.45,31.43
Yves Missi,2024-25,20.3,Role Player,High,11.27,27.69,2.06,42.21,32.54
Zaccharie Risacher,2024-25,16.81,Role Player,High,3.23,18.5,6.54,44.77,31.88
Zach Collins,2024-25,9.17,Role Player,High,0.8,10.0,0.0,23.31,29.36
Zach LaVine,2024-25,59.78,Luxury Amplifier,High,65.23,57.47,64.61,64.89,31.89
Ziaire Williams,2024-25,14.38,Role Player,High,3.41,14.5,2.96,41.52,29.14
Zion Williamson,2024-25,50.6,Fragile Star,High,43.4,50.91,54.2,69.56,35.81
