player_name,season,cii,tii,cii_archetype,tii_archetype,archetype_2d,career_leverage_mean,career_positive_seasons,career_negative_seasons,career_pattern,has_creation_tools,reasoning,cii_components,tii_components,confidence
AJ Green,2024-25,14.48,45.0,Role Player,Limited Scaling,Role Player,-0.051,0,1,Hides,False,"Low CII 14.5, low TII 45.0","{'self_created': np.float64(6.55), 'pressure_appetite': np.float64(10.0), 'difficulty_embrace': np.float64(15.43), 'defensive_survival': np.float64(44.55), 'force_multiplication': np.float64(2.45)}","{'scaling_efficiency': np.float64(30.855528382369023), 'pressure_appetite': np.float64(19.600000000000005), 'creation_tools': np.float64(49.142563950029746), 'opportunity_response': np.float64(83.40285714285714), 'age_trajectory': np.float64(85.0)}",Medium
Aaron Gordon,2024-25,26.31,54.79,Role Player,Moderate Scaling,Role Player,-0.05459999999999996,0,10,Hides,False,"Low CII 26.3, low TII 54.8, no creation tools","{'self_created': np.float64(25.72), 'pressure_appetite': np.float64(17.81), 'difficulty_embrace': np.float64(18.26), 'defensive_survival': np.float64(48.62), 'force_multiplication': np.float64(31.96)}","{'scaling_efficiency': np.float64(61.798556949942444), 'pressure_appetite': np.float64(22.400000000000002), 'creation_tools': np.float64(58.31099746481336), 'opportunity_response': np.float64(88.77714285714286), 'age_trajectory': np.float64(56.67)}",High
Aaron Nesmith,2024-25,15.21,44.3,Role Player,Limited Scaling,Role Player,-0.025666666666666667,1,2,Hides,False,"Low CII 15.2, low TII 44.3","{'self_created': np.float64(6.16), 'pressure_appetite': np.float64(14.33), 'difficulty_embrace': np.float64(13.9), 'defensive_survival': np.float64(43.28), 'force_multiplication': np.float64(5.03)}","{'scaling_efficiency': np.float64(32.35288117200217), 'pressure_appetite': np.float64(22.0), 'creation_tools': np.float64(38.88319545476157), 'opportunity_response': np.float64(85.47714285714285), 'age_trajectory': np.float64(85.0)}",Medium
Aaron Wiggins,2024-25,30.11,54.53,Role Player,Moderate Scaling,Role Player,-0.03624999999999997,1,3,Hides,False,"Low CII 30.1, low TII 54.5, no creation tools","{'self_created': np.float64(16.85), 'pressure_appetite': np.float64(47.73), 'difficulty_embrace': np.float64(11.39), 'defensive_survival': np.float64(57.0), 'force_multiplication': np.float64(22.9)}","{'scaling_efficiency': np.float64(30.560076923076917), 'pressure_appetite': np.float64(72.49999999999997), 'creation_tools': np.float64(39.95650406504065), 'opportunity_response': np.float64(76.09142857142857), 'age_trajectory': np.float64(78.33)}",High
Al Horford,2024-25,16.04,34.21,Role Player,Low Scaling,Role Player,-0.027333333333333334,1,8,Hides,False,"Low CII 16.0, low TII 34.2, no creation tools","{'self_created': np.float64(0.79), 'pressure_appetite': np.float64(34.04), 'difficulty_embrace': np.float64(1.1), 'defensive_survival': np.float64(42.0), 'force_multiplication': np.float64(7.71)}","{'scaling_efficiency': np.float64(11.950105208603258), 'pressure_appetite': np.float64(69.20588235294115), 'creation_tools': np.float64(11.107173601147776), 'opportunity_response': np.float64(60.65714285714286), 'age_trajectory': np.int64(20)}",High
Alex Caruso,2024-25,26.98,44.37,Role Player,Limited Scaling,Role Player,-0.014333333333333318,2,4,Mixed,False,"Low CII 27.0, low TII 44.4, no creation tools","{'self_created': np.float64(3.62), 'pressure_appetite': np.float64(58.17), 'difficulty_embrace': np.float64(4.94), 'defensive_survival': np.float64(58.67), 'force_multiplication': np.float64(15.59)}","{'scaling_efficiency': np.float64(17.186951470004843), 'pressure_appetite': np.float64(89.2), 'creation_tools': np.float64(24.423441734417345), 'opportunity_response': np.float64(53.542857142857144), 'age_trajectory': np.float64(40.01)}",High
Alex Sarr,2024-25,15.96,29.28,Role Player,Low Scaling,Role Player,-0.073,0,1,Hides,False,"Low CII 16.0, low TII 29.3","{'self_created': np.float64(5.09), 'pressure_appetite': np.float64(19.5), 'difficulty_embrace': np.float64(11.57), 'defensive_survival': np.float64(33.7), 'force_multiplication': np.float64(21.86)}","{'scaling_efficiency': np.float64(5.903624724740104), 'pressure_appetite': np.float64(10.800000000000004), 'creation_tools': np.float64(33.39365500176741), 'opportunity_response': np.float64(54.22857142857143), 'age_trajectory': np.int64(100)}",Medium
Alperen Sengun,2024-25,43.26,54.01,Fragile Star,Moderate Scaling,Role Player,0.008000000000000004,2,2,Mixed,False,"Mixed career leverage, no tools, low CII","{'self_created': np.float64(28.04), 'pressure_appetite': np.float64(69.03), 'difficulty_embrace': np.float64(13.19), 'defensive_survival': np.float64(52.94), 'force_multiplication': np.float64(70.13)}","{'scaling_efficiency': np.float64(26.342092040309318), 'pressure_appetite': np.float64(78.19768339768338), 'creation_tools': np.float64(39.26724895627335), 'opportunity_response': np.float64(58.0), 'age_trajectory': np.int64(100)}",High
Amen Thompson,2024-25,26.45,45.35,Role Player,Limited Scaling,Role Player,-0.03649999999999995,0,2,Hides,False,"Low CII 26.4, low TII 45.4","{'self_created': np.float64(33.05), 'pressure_appetite': np.float64(14.83), 'difficulty_embrace': np.float64(13.97), 'defensive_survival': np.float64(47.8), 'force_multiplication': np.float64(28.6)}","{'scaling_efficiency': np.float64(25.263556676905072), 'pressure_appetite': np.float64(22.80000000000004), 'creation_tools': np.float64(46.97902249952732), 'opportunity_response': np.float64(84.5), 'age_trajectory': np.int64(100)}",Medium
Amir Coffey,2024-25,12.34,41.56,Role Player,Limited Scaling,Role Player,-0.04599999999999995,0,2,Hides,False,"Low CII 12.3, low TII 41.6","{'self_created': np.float64(6.93), 'pressure_appetite': np.float64(10.0), 'difficulty_embrace': np.float64(17.24), 'defensive_survival': np.float64(22.84), 'force_multiplication': np.float64(8.82)}","{'scaling_efficiency': np.float64(33.45996261682243), 'pressure_appetite': np.float64(10.000000000000004), 'creation_tools': np.float64(48.93373983739838), 'opportunity_response': np.float64(84.91142857142857), 'age_trajectory': np.float64(64.99000000000001)}",Medium
Andre Drummond,2024-25,8.08,16.28,Role Player,Low Scaling,Role Player,-0.05712499999999996,0,8,Hides,False,"Low CII 8.1, low TII 16.3, no creation tools","{'self_created': np.float64(10.93), 'pressure_appetite': np.float64(10.0), 'difficulty_embrace': np.float64(3.1), 'defensive_survival': np.float64(6.55), 'force_multiplication': np.float64(6.97)}","{'scaling_efficiency': np.float64(8.796257274352444), 'pressure_appetite': np.float64(0.0), 'creation_tools': np.float64(12.843946865698165), 'opportunity_response': np.float64(47.114285714285714), 'age_trajectory': np.float64(40.01)}",High
Andrew Nembhard,2024-25,37.98,65.89,Role Player,High Scaling,Developing Prospect,0.0016666666666666,2,1,Mixed,True,"Low CII 38.0, moderate TII 65.9","{'self_created': np.float64(31.38), 'pressure_appetite': np.float64(44.06), 'difficulty_embrace': np.float64(34.0), 'defensive_survival': np.float64(53.51), 'force_multiplication': np.float64(27.23)}","{'scaling_efficiency': np.float64(56.77175696651638), 'pressure_appetite': np.float64(67.08957055214721), 'creation_tools': np.float64(76.08522370193026), 'opportunity_response': np.float64(55.771428571428565), 'age_trajectory': np.float64(85.0)}",Medium
Andrew Wiggins,2024-25,34.2,53.33,Role Player,Moderate Scaling,Fragile Star,-0.028899999999999974,3,7,Hides,False,"Fragile Star: high usage (23.8%), low CII (34.2), no creation tools","{'self_created': np.float64(29.31), 'pressure_appetite': np.float64(37.53), 'difficulty_embrace': np.float64(27.06), 'defensive_survival': np.float64(46.27), 'force_multiplication': np.float64(36.7)}","{'scaling_efficiency': np.float64(44.85743822940509), 'pressure_appetite': np.float64(47.77591036414569), 'creation_tools': np.float64(62.762482065997126), 'opportunity_response': np.float64(70.31428571428572), 'age_trajectory': np.float64(48.34)}",High
Anfernee Simons,2024-25,66.38,75.67,Luxury Amplifier,High Scaling,Latent Engine,0.04774999999999997,4,0,Steps Up,True,"Positive career leverage (+0.048, 4+/0-), CII 66.4, TII 75.7: Can be #1","{'self_created': np.float64(62.98), 'pressure_appetite': np.float64(76.83), 'difficulty_embrace': np.float64(56.4), 'defensive_survival': np.float64(84.0), 'force_multiplication': np.float64(43.94)}","{'scaling_efficiency': np.float64(63.042461866014214), 'pressure_appetite': np.float64(89.6390041493776), 'creation_tools': np.float64(78.56666666666666), 'opportunity_response': np.float64(72.02857142857144), 'age_trajectory': np.float64(78.33)}",High
Anthony Black,2024-25,21.49,39.08,Role Player,Limited Scaling,Role Player,-0.072,0,1,Hides,False,"Low CII 21.5, low TII 39.1","{'self_created': np.float64(24.15), 'pressure_appetite': np.float64(13.0), 'difficulty_embrace': np.float64(16.71), 'defensive_survival': np.float64(32.29), 'force_multiplication': np.float64(28.14)}","{'scaling_efficiency': np.float64(25.88123238328379), 'pressure_appetite': np.float64(11.200000000000006), 'creation_tools': np.float64(53.75132648694908), 'opportunity_response': np.float64(51.74285714285714), 'age_trajectory': np.int64(100)}",Medium
Anthony Davis,2024-25,39.31,50.87,Role Player,Moderate Scaling,Luxury Amplifier,-0.005499999999999981,3,7,Mixed,True,"Negative career leverage (-0.005, 3+/7-) BUT has creation tools: Thrives as #2","{'self_created': np.float64(30.67), 'pressure_appetite': np.float64(41.66), 'difficulty_embrace': np.float64(31.24), 'defensive_survival': np.float64(46.81), 'force_multiplication': np.float64(64.22)}","{'scaling_efficiency': np.float64(52.784757735015305), 'pressure_appetite': np.float64(21.600000000000037), 'creation_tools': np.float64(66.19375118169786), 'opportunity_response': np.float64(86.0), 'age_trajectory': np.float64(35.0)}",High
Anthony Edwards,2024-25,78.71,81.78,Strong Creator,Elite Scaling,Franchise Engine,0.01419999999999998,3,2,Steps Up,True,CII 78.7 >= 74: Already elite creator,"{'self_created': np.float64(80.61), 'pressure_appetite': np.float64(88.0), 'difficulty_embrace': np.float64(75.1), 'defensive_survival': np.float64(75.51), 'force_multiplication': np.float64(61.83)}","{'scaling_efficiency': np.float64(72.31342405504276), 'pressure_appetite': np.float64(84.37687296416938), 'creation_tools': np.float64(82.98333333333333), 'opportunity_response': np.float64(86.0), 'age_trajectory': np.float64(95.0)}",High
Ausar Thompson,2024-25,23.75,43.48,Role Player,Limited Scaling,Role Player,-0.0095,0,2,Mixed,False,"Low CII 23.8, low TII 43.5","{'self_created': np.float64(16.27), 'pressure_appetite': np.float64(36.71), 'difficulty_embrace': np.float64(3.59), 'defensive_survival': np.float64(40.05), 'force_multiplication': np.float64(29.66)}","{'scaling_efficiency': np.float64(17.836166515958332), 'pressure_appetite': np.float64(55.846846846846844), 'creation_tools': np.float64(21.13582729070534), 'opportunity_response': np.float64(66.28571428571429), 'age_trajectory': np.int64(100)}",Medium
Austin Reaves,2024-25,51.94,76.78,Fragile Star,High Scaling,Latent Engine,0.007749999999999975,3,1,Mixed,True,"Mixed career leverage (+0.008), CII 51.9, TII 76.8 + Tools: High potential","{'self_created': np.float64(52.39), 'pressure_appetite': np.float64(58.21), 'difficulty_embrace': np.float64(40.93), 'defensive_survival': np.float64(61.72), 'force_multiplication': np.float64(42.26)}","{'scaling_efficiency': np.float64(76.80757615960982), 'pressure_appetite': np.float64(73.7478260869565), 'creation_tools': np.float64(73.91666666666666), 'opportunity_response': np.float64(89.0), 'age_trajectory': np.float64(71.66)}",High
Ayo Dosunmu,2024-25,17.89,44.47,Role Player,Limited Scaling,Role Player,-0.03466666666666663,0,3,Hides,False,"Low CII 17.9, low TII 44.5","{'self_created': np.float64(19.39), 'pressure_appetite': np.float64(18.92), 'difficulty_embrace': np.float64(8.7), 'defensive_survival': np.float64(30.51), 'force_multiplication': np.float64(10.27)}","{'scaling_efficiency': np.float64(35.42489545511455), 'pressure_appetite': np.float64(27.599999999999998), 'creation_tools': np.float64(35.545695545912515), 'opportunity_response': np.float64(75.56857142857143), 'age_trajectory': np.float64(85.0)}",Medium
Bam Adebayo,2024-25,33.1,57.22,Role Player,Moderate Scaling,Fragile Star,-0.050428571428571434,0,7,Hides,True,"Fragile Star: high usage (23.2%), high minutes (34.3), low CII (33.1), extreme hiding (-0.050)","{'self_created': np.float64(26.71), 'pressure_appetite': np.float64(35.52), 'difficulty_embrace': np.float64(30.71), 'defensive_survival': np.float64(41.35), 'force_multiplication': np.float64(38.65)}","{'scaling_efficiency': np.float64(43.916545105566236), 'pressure_appetite': np.float64(46.905172413793096), 'creation_tools': np.float64(70.69900476590972), 'opportunity_response': np.float64(73.39999999999999), 'age_trajectory': np.float64(71.66)}",High
Ben Sheppard,2024-25,9.35,37.88,Role Player,Limited Scaling,Role Player,-0.02299999999999995,0,2,Hides,False,"Low CII 9.3, low TII 37.9","{'self_created': np.float64(1.24), 'pressure_appetite': np.float64(18.33), 'difficulty_embrace': np.float64(5.46), 'defensive_survival': np.float64(19.07), 'force_multiplication': np.float64(4.4)}","{'scaling_efficiency': np.float64(11.945697399527194), 'pressure_appetite': np.float64(48.00000000000003), 'creation_tools': np.float64(23.68119542306534), 'opportunity_response': np.float64(53.714285714285715), 'age_trajectory': np.float64(95.0)}",Medium
Bennedict Mathurin,2024-25,47.91,70.42,Fragile Star,High Scaling,Developing Star,-0.006999999999999969,1,2,Mixed,False,"Medium CII 47.9, high TII 70.4, developing tools","{'self_created': np.float64(34.12), 'pressure_appetite': np.float64(64.12), 'difficulty_embrace': np.float64(29.39), 'defensive_survival': np.float64(72.3), 'force_multiplication': np.float64(49.25)}","{'scaling_efficiency': np.float64(57.23091837084231), 'pressure_appetite': np.float64(82.47387387387387), 'creation_tools': np.float64(57.831234893430015), 'opportunity_response': np.float64(77.12857142857142), 'age_trajectory': np.float64(95.0)}",Medium
Bilal Coulibaly,2024-25,23.19,51.42,Role Player,Moderate Scaling,Role Player,-0.04049999999999995,0,2,Hides,False,"Low CII 23.2, low TII 51.4","{'self_created': np.float64(19.17), 'pressure_appetite': np.float64(29.35), 'difficulty_embrace': np.float64(15.91), 'defensive_survival': np.float64(29.64), 'force_multiplication': np.float64(24.77)}","{'scaling_efficiency': np.float64(32.6310740354536), 'pressure_appetite': np.float64(47.020952380952416), 'creation_tools': np.float64(54.93373983739838), 'opportunity_response': np.float64(59.28571428571428), 'age_trajectory': np.int64(100)}",Medium
Bobby Portis,2024-25,22.21,37.29,Role Player,Limited Scaling,Fragile Star,-0.07449999999999998,0,8,Hides,True,"Fragile Star: high usage (23.4%), low CII (22.2), extreme hiding (-0.074)","{'self_created': np.float64(21.46), 'pressure_appetite': np.float64(17.33), 'difficulty_embrace': np.float64(32.67), 'defensive_survival': np.float64(20.95), 'force_multiplication': np.float64(17.63)}","{'scaling_efficiency': np.float64(30.685321345321356), 'pressure_appetite': np.float64(4.0000000000000036), 'creation_tools': np.float64(71.68924675144187), 'opportunity_response': np.float64(52.77142857142857), 'age_trajectory': np.float64(48.34)}",High
Bogdan Bogdanović,2024-25,20.16,41.33,Role Player,Limited Scaling,Role Player,-0.016375,3,5,Mixed,False,"Low CII 20.2, low TII 41.3, no creation tools","{'self_created': np.float64(21.84), 'pressure_appetite': np.float64(12.83), 'difficulty_embrace': np.float64(25.29), 'defensive_survival': np.float64(31.68), 'force_multiplication': np.float64(5.86)}","{'scaling_efficiency': np.float64(44.776258932324524), 'pressure_appetite': np.float64(13.600000000000039), 'creation_tools': np.float64(61.177548980407835), 'opportunity_response': np.float64(58.42857142857143), 'age_trajectory': np.float64(35.0)}",High
Bradley Beal,2024-25,35.87,60.36,Role Player,Moderate Scaling,Strong Creator,0.039299999999999946,7,3,Steps Up,True,"Positive career leverage (+0.039), CII 35.9 still developing (Age 32 > 25, reclassified from Developing Engine)","{'self_created': np.float64(38.06), 'pressure_appetite': np.float64(30.29), 'difficulty_embrace': np.float64(39.0), 'defensive_survival': np.float64(44.03), 'force_multiplication': np.float64(24.75)}","{'scaling_efficiency': np.float64(67.00262036612953), 'pressure_appetite': np.float64(26.799999999999997), 'creation_tools': np.float64(81.28333333333333), 'opportunity_response': np.float64(92.0), 'age_trajectory': np.float64(35.0)}",High
Brandin Podziemski,2024-25,26.71,54.23,Role Player,Moderate Scaling,Role Player,-0.006500000000000049,1,1,Mixed,False,"Low CII 26.7, low TII 54.2","{'self_created': np.float64(26.26), 'pressure_appetite': np.float64(19.63), 'difficulty_embrace': np.float64(31.74), 'defensive_survival': np.float64(43.48), 'force_multiplication': np.float64(10.58)}","{'scaling_efficiency': np.float64(48.470926603449584), 'pressure_appetite': np.float64(25.600000000000005), 'creation_tools': np.float64(71.48333333333333), 'opportunity_response': np.float64(59.971428571428575), 'age_trajectory': np.int64(100)}",Medium
Brandon Boston,2024-25,35.36,60.27,Role Player,Moderate Scaling,Developing Prospect,-0.015,0,1,Mixed,True,"Low CII 35.4, moderate TII 60.3","{'self_created': np.float64(29.22), 'pressure_appetite': np.float64(34.48), 'difficulty_embrace': np.float64(37.01), 'defensive_survival': np.float64(56.32), 'force_multiplication': np.float64(21.22)}","{'scaling_efficiency': np.float64(42.945690979552595), 'pressure_appetite': np.float64(59.64321608040201), 'creation_tools': np.float64(76.45896555950483), 'opportunity_response': np.float64(51.22857142857143), 'age_trajectory': np.float64(95.0)}",Medium
Brandon Clarke,2024-25,10.1,34.43,Role Player,Low Scaling,Role Player,-0.03799999999999998,0,4,Hides,False,"Low CII 10.1, low TII 34.4, no creation tools","{'self_created': np.float64(5.15), 'pressure_appetite': np.float64(15.2), 'difficulty_embrace': np.float64(4.2), 'defensive_survival': np.float64(21.18), 'force_multiplication': np.float64(7.4)}","{'scaling_efficiency': np.float64(19.822552204176333), 'pressure_appetite': np.float64(27.199999999999996), 'creation_tools': np.float64(16.052845528455286), 'opportunity_response': np.float64(79.82), 'age_trajectory': np.float64(64.99000000000001)}",High
Brandon Ingram,2024-25,58.18,66.86,Luxury Amplifier,High Scaling,Strong Creator,0.010222222222222209,5,4,Steps Up,True,"Positive career leverage (+0.010), CII 58.2: Stepping up consistently","{'self_created': np.float64(58.48), 'pressure_appetite': np.float64(51.54), 'difficulty_embrace': np.float64(73.17), 'defensive_survival': np.float64(59.43), 'force_multiplication': np.float64(42.03)}","{'scaling_efficiency': np.float64(59.92612321966713), 'pressure_appetite': np.float64(49.76065573770492), 'creation_tools': np.float64(88.75), 'opportunity_response': np.float64(76.87142857142857), 'age_trajectory': np.float64(71.66)}",High
Brandon Miller,2024-25,39.54,49.71,Role Player,Limited Scaling,Role Player,-0.07649999999999994,0,2,Hides,True,"Low CII 39.5, low TII 49.7","{'self_created': np.float64(36.14), 'pressure_appetite': np.float64(38.94), 'difficulty_embrace': np.float64(45.06), 'defensive_survival': np.float64(50.14), 'force_multiplication': np.float64(24.34)}","{'scaling_efficiency': np.float64(37.63395233673786), 'pressure_appetite': np.float64(25.200000000000003), 'creation_tools': np.float64(65.38333333333333), 'opportunity_response': np.float64(60.31428571428572), 'age_trajectory': np.int64(100)}",Medium
Brice Sensabaugh,2024-25,19.81,54.11,Role Player,Moderate Scaling,Role Player,-0.0519999999999999,0,1,Hides,False,"Low CII 19.8, low TII 54.1","{'self_created': np.float64(16.75), 'pressure_appetite': np.float64(19.33), 'difficulty_embrace': np.float64(20.2), 'defensive_survival': np.float64(32.76), 'force_multiplication': np.float64(9.97)}","{'scaling_efficiency': np.float64(55.24990712074303), 'pressure_appetite': np.float64(19.20000000000004), 'creation_tools': np.float64(52.87751719824891), 'opportunity_response': np.float64(81.04571428571428), 'age_trajectory': np.int64(100)}",Medium
Bruce Brown,2024-25,17.83,40.59,Role Player,Limited Scaling,Role Player,-0.024999999999999963,1,5,Hides,False,"Low CII 17.8, low TII 40.6, no creation tools","{'self_created': np.float64(10.66), 'pressure_appetite': np.float64(25.02), 'difficulty_embrace': np.float64(12.59), 'defensive_survival': np.float64(32.16), 'force_multiplication': np.float64(10.37)}","{'scaling_efficiency': np.float64(16.606851777593032), 'pressure_appetite': np.float64(44.323471400394475), 'creation_tools': np.float64(52.41859816231299), 'opportunity_response': np.float64(50.28571428571429), 'age_trajectory': np.float64(64.99000000000001)}",High
Bub Carrington,2024-25,42.36,66.7,Fragile Star,High Scaling,Developing Prospect,0.044,1,0,Steps Up,True,"Low CII 42.4, moderate TII 66.7","{'self_created': np.float64(31.63), 'pressure_appetite': np.float64(56.33), 'difficulty_embrace': np.float64(45.76), 'defensive_survival': np.float64(51.91), 'force_multiplication': np.float64(18.52)}","{'scaling_efficiency': np.float64(44.06457150463007), 'pressure_appetite': np.float64(72.5142857142857), 'creation_tools': np.float64(84.2), 'opportunity_response': np.float64(56.71428571428571), 'age_trajectory': np.int64(100)}",Medium
Buddy Hield,2024-25,18.46,36.92,Role Player,Limited Scaling,Role Player,-0.014624999999999963,3,5,Mixed,False,"Low CII 18.5, low TII 36.9, no creation tools","{'self_created': np.float64(11.27), 'pressure_appetite': np.float64(16.67), 'difficulty_embrace': np.float64(20.41), 'defensive_survival': np.float64(40.42), 'force_multiplication': np.float64(7.64)}","{'scaling_efficiency': np.float64(35.7135799673545), 'pressure_appetite': np.float64(17.600000000000044), 'creation_tools': np.float64(49.209581881533104), 'opportunity_response': np.float64(56.457142857142856), 'age_trajectory': np.float64(35.0)}",High
CJ McCollum,2024-25,56.45,64.23,Luxury Amplifier,Moderate Scaling,Luxury Amplifier,-0.02409999999999999,2,8,Hides,True,"Negative career leverage (-0.024, 2+/8-) BUT has creation tools: Thrives as #2","{'self_created': np.float64(50.71), 'pressure_appetite': np.float64(60.9), 'difficulty_embrace': np.float64(56.13), 'defensive_survival': np.float64(71.19), 'force_multiplication': np.float64(41.12)}","{'scaling_efficiency': np.float64(55.185586608029496), 'pressure_appetite': np.float64(74.93684210526312), 'creation_tools': np.float64(77.91666666666667), 'opportunity_response': np.float64(69.02857142857144), 'age_trajectory': np.float64(30.0)}",High
Cade Cunningham,2024-25,70.03,77.82,Strong Creator,High Scaling,Latent Engine,0.03899999999999997,3,1,Steps Up,True,"Positive career leverage (+0.039, 3+/1-), CII 70.0, TII 77.8: Can be #1","{'self_created': np.float64(74.57), 'pressure_appetite': np.float64(75.91), 'difficulty_embrace': np.float64(62.76), 'defensive_survival': np.float64(65.26), 'force_multiplication': np.float64(63.38)}","{'scaling_efficiency': np.float64(74.36333632321593), 'pressure_appetite': np.float64(72.21486068111453), 'creation_tools': np.float64(80.91666666666667), 'opportunity_response': np.float64(78.5), 'age_trajectory': np.float64(95.0)}",High
Caleb Martin,2024-25,16.97,37.04,Role Player,Limited Scaling,Luxury Amplifier,-0.07439999999999995,0,5,Hides,True,"Negative career leverage (-0.074, 0+/5-) BUT has creation tools: Thrives as #2","{'self_created': np.float64(18.06), 'pressure_appetite': np.float64(10.0), 'difficulty_embrace': np.float64(21.04), 'defensive_survival': np.float64(28.5), 'force_multiplication': np.float64(5.69)}","{'scaling_efficiency': np.float64(21.12201398601399), 'pressure_appetite': np.float64(19.60000000000004), 'creation_tools': np.float64(60.01236852578316), 'opportunity_response': np.float64(54.22857142857143), 'age_trajectory': np.float64(56.67)}",High
Cam Thomas,2024-25,61.17,69.02,Luxury Amplifier,High Scaling,Strong Creator,0.0193333333333333,2,1,Steps Up,True,"CII 61.2, TII 69.0","{'self_created': np.float64(66.23), 'pressure_appetite': np.float64(57.76), 'difficulty_embrace': np.float64(70.86), 'defensive_survival': np.float64(54.44), 'force_multiplication': np.float64(45.22)}","{'scaling_efficiency': np.float64(62.26457607433214), 'pressure_appetite': np.float64(48.17682926829268), 'creation_tools': np.float64(81.91666666666667), 'opportunity_response': np.float64(82.74285714285713), 'age_trajectory': np.float64(95.0)}",Medium
Cameron Johnson,2024-25,35.11,65.45,Role Player,High Scaling,Fragile Star,-0.04466666666666665,1,5,Hides,False,"Fragile Star: high usage (22.4%), low CII (35.1), no creation tools","{'self_created': np.float64(26.35), 'pressure_appetite': np.float64(40.02), 'difficulty_embrace': np.float64(28.0), 'defensive_survival': np.float64(58.07), 'force_multiplication': np.float64(28.88)}","{'scaling_efficiency': np.float64(64.75846466267815), 'pressure_appetite': np.float64(60.62202380952381), 'creation_tools': np.float64(59.37947154471544), 'opportunity_response': np.float64(88.79428571428572), 'age_trajectory': np.float64(56.67)}",High
Caris LeVert,2024-25,21.27,46.82,Role Player,Limited Scaling,Role Player,-0.007222222222222189,2,7,Mixed,False,"Low CII 21.3, low TII 46.8, no creation tools","{'self_created': np.float64(20.73), 'pressure_appetite': np.float64(13.0), 'difficulty_embrace': np.float64(16.39), 'defensive_survival': np.float64(43.1), 'force_multiplication': np.float64(20.57)}","{'scaling_efficiency': np.float64(55.63755963173594), 'pressure_appetite': np.float64(10.800000000000004), 'creation_tools': np.float64(54.473541054782274), 'opportunity_response': np.float64(77.97714285714285), 'age_trajectory': np.float64(48.34)}",High
Cason Wallace,2024-25,15.83,38.75,Role Player,Limited Scaling,Role Player,-0.025500000000000002,0,2,Hides,False,"Low CII 15.8, low TII 38.8","{'self_created': np.float64(12.93), 'pressure_appetite': np.float64(10.0), 'difficulty_embrace': np.float64(7.24), 'defensive_survival': np.float64(47.53), 'force_multiplication': np.float64(8.76)}","{'scaling_efficiency': np.float64(20.432046433753772), 'pressure_appetite': np.float64(27.599999999999998), 'creation_tools': np.float64(33.105756622082346), 'opportunity_response': np.float64(60.65714285714286), 'age_trajectory': np.int64(100)}",Medium
Chris Boucher,2024-25,24.02,42.22,Role Player,Limited Scaling,Role Player,-0.03959999999999996,1,4,Hides,False,"Low CII 24.0, low TII 42.2, no creation tools","{'self_created': np.float64(4.32), 'pressure_appetite': np.float64(45.28), 'difficulty_embrace': np.float64(7.26), 'defensive_survival': np.float64(54.57), 'force_multiplication': np.float64(17.63)}","{'scaling_efficiency': np.float64(16.770614870079754), 'pressure_appetite': np.float64(68.44230769230768), 'creation_tools': np.float64(24.211038148843024), 'opportunity_response': np.float64(78.21714285714286), 'age_trajectory': np.float64(35.0)}",High
Chris Paul,2024-25,55.4,77.48,Luxury Amplifier,High Scaling,Strong Creator,0.04019999999999996,8,2,Steps Up,True,"Positive career leverage (+0.040, 8+/2-), CII 55.4, TII 77.5: Can be #1 (Age 40 > 28, reclassified from Latent Engine)","{'self_created': np.float64(60.82), 'pressure_appetite': np.float64(53.67), 'difficulty_embrace': np.float64(50.39), 'defensive_survival': np.float64(75.54), 'force_multiplication': np.float64(23.29)}","{'scaling_efficiency': np.float64(84.8), 'pressure_appetite': np.float64(85.5693430656934), 'creation_tools': np.float64(88.2), 'opportunity_response': np.float64(73.4), 'age_trajectory': np.int64(20)}",High
Christian Braun,2024-25,13.51,47.19,Role Player,Limited Scaling,Role Player,-0.05166666666666664,0,3,Hides,False,"Low CII 13.5, low TII 47.2","{'self_created': np.float64(6.68), 'pressure_appetite': np.float64(11.33), 'difficulty_embrace': np.float64(8.43), 'defensive_survival': np.float64(32.08), 'force_multiplication': np.float64(21.8)}","{'scaling_efficiency': np.float64(35.2087978166525), 'pressure_appetite': np.float64(21.200000000000003), 'creation_tools': np.float64(42.621924993443486), 'opportunity_response': np.float64(92.0), 'age_trajectory': np.float64(90.0)}",Medium
Clint Capela,2024-25,15.68,31.71,Role Player,Low Scaling,Role Player,-0.05249999999999996,0,8,Hides,False,"Low CII 15.7, low TII 31.7, no creation tools","{'self_created': np.float64(2.35), 'pressure_appetite': np.float64(25.79), 'difficulty_embrace': np.float64(0.8), 'defensive_survival': np.float64(47.52), 'force_multiplication': np.float64(12.41)}","{'scaling_efficiency': np.float64(10.300863898500571), 'pressure_appetite': np.float64(58.420833333333334), 'creation_tools': np.float64(8.566666666666666), 'opportunity_response': np.float64(55.34285714285714), 'age_trajectory': np.float64(40.01)}",High
Coby White,2024-25,52.01,74.44,Fragile Star,High Scaling,Fragile Star,-0.044999999999999984,1,5,Hides,False,"Negative career leverage (-0.045, 1+/5-), NO creation tools: Fundamental skill gaps","{'self_created': np.float64(52.78), 'pressure_appetite': np.float64(58.75), 'difficulty_embrace': np.float64(38.31), 'defensive_survival': np.float64(64.04), 'force_multiplication': np.float64(42.2)}","{'scaling_efficiency': np.float64(66.56221153812871), 'pressure_appetite': np.float64(73.39409282700421), 'creation_tools': np.float64(71.38333333333333), 'opportunity_response': np.float64(89.0), 'age_trajectory': np.float64(85.0)}",High
Cody Martin,2024-25,25.02,47.86,Role Player,Limited Scaling,Luxury Amplifier,-0.016999999999999973,2,2,Mixed,True,"Negative career leverage (-0.017, 2+/2-) BUT has creation tools: Thrives as #2","{'self_created': np.float64(10.81), 'pressure_appetite': np.float64(36.71), 'difficulty_embrace': np.float64(17.53), 'defensive_survival': np.float64(50.43), 'force_multiplication': np.float64(15.29)}","{'scaling_efficiency': np.float64(17.521875891331256), 'pressure_appetite': np.float64(70.98028169014086), 'creation_tools': np.float64(58.51338600709951), 'opportunity_response': np.float64(49.94285714285714), 'age_trajectory': np.float64(56.67)}",High
Cody Williams,2024-25,8.55,31.88,Role Player,Low Scaling,Role Player,-0.036,0,1,Hides,False,"Low CII 8.6, low TII 31.9","{'self_created': np.float64(4.83), 'pressure_appetite': np.float64(10.0), 'difficulty_embrace': np.float64(6.99), 'defensive_survival': np.float64(18.45), 'force_multiplication': np.float64(4.34)}","{'scaling_efficiency': np.float64(9.222857142857142), 'pressure_appetite': np.float64(25.600000000000005), 'creation_tools': np.float64(26.67885512461682), 'opportunity_response': np.float64(49.171428571428564), 'age_trajectory': np.int64(100)}",Medium
Collin Sexton,2024-25,44.28,61.54,Fragile Star,Moderate Scaling,Luxury Amplifier,-0.02,1,5,Hides,True,"Negative career leverage (-0.020, 1+/5-) BUT has creation tools: Thrives as #2","{'self_created': np.float64(55.69), 'pressure_appetite': np.float64(34.21), 'difficulty_embrace': np.float64(35.49), 'defensive_survival': np.float64(52.52), 'force_multiplication': np.float64(40.47)}","{'scaling_efficiency': np.float64(70.05039249105792), 'pressure_appetite': np.float64(21.6), 'creation_tools': np.float64(74.71437546193644), 'opportunity_response': np.float64(82.30571428571429), 'age_trajectory': np.float64(78.33)}",High
Corey Kispert,2024-25,10.81,32.75,Role Player,Low Scaling,Role Player,-0.07449999999999996,0,4,Hides,False,"Low CII 10.8, low TII 32.8, no creation tools","{'self_created': np.float64(4.79), 'pressure_appetite': np.float64(10.0), 'difficulty_embrace': np.float64(7.69), 'defensive_survival': np.float64(31.66), 'force_multiplication': np.float64(5.85)}","{'scaling_efficiency': np.float64(24.679328480913224), 'pressure_appetite': np.float64(0.0), 'creation_tools': np.float64(33.71394862173473), 'opportunity_response': np.float64(71.79714285714286), 'age_trajectory': np.float64(78.33)}",High
D'Angelo Russell,2024-25,44.35,59.38,Fragile Star,Moderate Scaling,Strong Creator,0.03989999999999998,8,2,Steps Up,False,"Positive career leverage (+0.040), CII 44.4 still developing (Age 29 > 25, reclassified from Developing Engine)","{'self_created': np.float64(38.09), 'pressure_appetite': np.float64(54.93), 'difficulty_embrace': np.float64(37.77), 'defensive_survival': np.float64(54.96), 'force_multiplication': np.float64(33.89)}","{'scaling_efficiency': np.float64(47.12239954725524), 'pressure_appetite': np.float64(67.26315789473682), 'creation_tools': np.float64(74.18333333333334), 'opportunity_response': np.float64(52.857142857142854), 'age_trajectory': np.float64(56.67)}",High
DaQuan Jeffries,2024-25,15.06,37.9,Role Player,Limited Scaling,Role Player,0.004,1,0,Mixed,False,"Low CII 15.1, low TII 37.9","{'self_created': np.float64(3.05), 'pressure_appetite': np.float64(33.43), 'difficulty_embrace': np.float64(8.46), 'defensive_survival': np.float64(22.95), 'force_multiplication': np.float64(6.5)}","{'scaling_efficiency': np.float64(8.688031554594762), 'pressure_appetite': np.float64(56.564705882352946), 'creation_tools': np.float64(32.00738880918221), 'opportunity_response': np.float64(50.542857142857144), 'age_trajectory': np.float64(71.66)}",Medium
Dalano Banton,2024-25,38.87,49.49,Role Player,Limited Scaling,Role Player,-0.027500000000000004,1,1,Hides,False,"Low CII 38.9, low TII 49.5","{'self_created': np.float64(18.31), 'pressure_appetite': np.float64(71.34), 'difficulty_embrace': np.float64(12.69), 'defensive_survival': np.float64(64.6), 'force_multiplication': np.float64(33.15)}","{'scaling_efficiency': np.float64(18.272727716033078), 'pressure_appetite': np.float64(85.32573839662446), 'creation_tools': np.float64(36.88492161503894), 'opportunity_response': np.float64(45.31428571428572), 'age_trajectory': np.float64(85.0)}",Medium
Daniel Gafford,2024-25,22.06,42.91,Role Player,Limited Scaling,Role Player,-0.020499999999999952,1,3,Hides,False,"Low CII 22.1, low TII 42.9, no creation tools","{'self_created': np.float64(9.72), 'pressure_appetite': np.float64(43.74), 'difficulty_embrace': np.float64(1.0), 'defensive_survival': np.float64(35.26), 'force_multiplication': np.float64(27.18)}","{'scaling_efficiency': np.float64(19.515477818798043), 'pressure_appetite': np.float64(58.70322580645161), 'creation_tools': np.float64(11.023883206574002), 'opportunity_response': np.float64(82.27142857142857), 'age_trajectory': np.float64(78.33)}",High
Daniel Theis,2024-25,9.0,21.64,Role Player,Low Scaling,Role Player,-0.04259999999999998,1,4,Hides,False,"Low CII 9.0, low TII 21.6, no creation tools","{'self_created': np.float64(1.31), 'pressure_appetite': np.float64(10.0), 'difficulty_embrace': np.float64(4.9), 'defensive_survival': np.float64(32.37), 'force_multiplication': np.float64(2.73)}","{'scaling_efficiency': np.float64(10.91733333333334), 'pressure_appetite': np.float64(16.0), 'creation_tools': np.float64(18.58582729070534), 'opportunity_response': np.float64(50.971428571428575), 'age_trajectory': np.float64(30.0)}",High
Darius Garland,2024-25,62.84,78.31,Luxury Amplifier,High Scaling,Latent Engine,0.02149999999999995,5,1,Steps Up,True,"Positive career leverage (+0.021, 5+/1-), CII 62.8, TII 78.3: Can be #1","{'self_created': np.float64(70.69), 'pressure_appetite': np.float64(58.4), 'difficulty_embrace': np.float64(56.03), 'defensive_survival': np.float64(76.47), 'force_multiplication': np.float64(43.55)}","{'scaling_efficiency': np.float64(75.35846228343453), 'pressure_appetite': np.float64(72.39622641509433), 'creation_tools': np.float64(81.8), 'opportunity_response': np.float64(84.94571428571427), 'age_trajectory': np.float64(85.0)}",High
Davion Mitchell,2024-25,27.53,55.97,Role Player,Moderate Scaling,Role Player,-0.03575,1,3,Hides,False,"Low CII 27.5, low TII 56.0, no creation tools","{'self_created': np.float64(36.6), 'pressure_appetite': np.float64(19.22), 'difficulty_embrace': np.float64(14.77), 'defensive_survival': np.float64(44.06), 'force_multiplication': np.float64(21.79)}","{'scaling_efficiency': np.float64(45.55999999999998), 'pressure_appetite': np.float64(53.13333333333333), 'creation_tools': np.float64(60.55734718458295), 'opportunity_response': np.float64(60.48571428571428), 'age_trajectory': np.float64(78.33)}",High
De'Aaron Fox,2024-25,67.97,75.12,Luxury Amplifier,High Scaling,Latent Engine,0.06749999999999999,8,0,Steps Up,True,"Positive career leverage (+0.067, 8+/0-), CII 68.0, TII 75.1: Can be #1","{'self_created': np.float64(65.23), 'pressure_appetite': np.float64(78.68), 'difficulty_embrace': np.float64(59.17), 'defensive_survival': np.float64(76.67), 'force_multiplication': np.float64(53.95)}","{'scaling_efficiency': np.float64(64.69242536824162), 'pressure_appetite': np.float64(86.07153284671533), 'creation_tools': np.float64(81.91666666666667), 'opportunity_response': np.float64(71.0), 'age_trajectory': np.float64(71.66)}",High
De'Andre Hunter,2024-25,24.87,53.72,Role Player,Moderate Scaling,Fragile Star,-0.055999999999999946,0,6,Hides,False,"Fragile Star: high usage (22.1%), low CII (24.9), extreme hiding (-0.056), no creation tools","{'self_created': np.float64(16.51), 'pressure_appetite': np.float64(25.89), 'difficulty_embrace': np.float64(22.71), 'defensive_survival': np.float64(42.68), 'force_multiplication': np.float64(25.03)}","{'scaling_efficiency': np.float64(55.14743031790104), 'pressure_appetite': np.float64(22.400000000000002), 'creation_tools': np.float64(58.56852076665563), 'opportunity_response': np.float64(84.64571428571429), 'age_trajectory': np.float64(71.66)}",High
DeMar DeRozan,2024-25,71.74,70.11,Strong Creator,High Scaling,Strong Creator,0.08699999999999994,10,0,Steps Up,True,"Positive career leverage (+0.087, 10+/0-), CII 71.7, TII 70.1: Can be #1 (Age 35 > 28, reclassified from Latent Engine)","{'self_created': np.float64(67.03), 'pressure_appetite': np.float64(80.67), 'difficulty_embrace': np.float64(75.97), 'defensive_survival': np.float64(68.38), 'force_multiplication': np.float64(60.12)}","{'scaling_efficiency': np.float64(62.68341996534717), 'pressure_appetite': np.float64(84.99999999999999), 'creation_tools': np.float64(84.75), 'opportunity_response': np.float64(74.0), 'age_trajectory': np.int64(20)}",High
Deandre Ayton,2024-25,21.14,48.14,Role Player,Limited Scaling,Luxury Amplifier,-0.06042857142857137,0,7,Hides,True,"Negative career leverage (-0.060, 0+/7-) BUT has creation tools: Thrives as #2","{'self_created': np.float64(7.41), 'pressure_appetite': np.float64(27.03), 'difficulty_embrace': np.float64(19.3), 'defensive_survival': np.float64(40.6), 'force_multiplication': np.float64(22.07)}","{'scaling_efficiency': np.float64(23.730869773464256), 'pressure_appetite': np.float64(49.25888324873097), 'creation_tools': np.float64(42.20544550369362), 'opportunity_response': np.float64(82.88), 'age_trajectory': np.float64(78.33)}",High
Dejounte Murray,2024-25,57.87,63.65,Luxury Amplifier,Moderate Scaling,Strong Creator,0.021142857142857113,5,2,Steps Up,True,"Positive career leverage (+0.021), CII 57.9: Stepping up consistently","{'self_created': np.float64(53.21), 'pressure_appetite': np.float64(61.25), 'difficulty_embrace': np.float64(63.11), 'defensive_survival': np.float64(67.06), 'force_multiplication': np.float64(39.15)}","{'scaling_efficiency': np.float64(44.515904573494396), 'pressure_appetite': np.float64(71.84714828897336), 'creation_tools': np.float64(84.98333333333333), 'opportunity_response': np.float64(58.94285714285715), 'age_trajectory': np.float64(64.99000000000001)}",High
Deni Avdija,2024-25,30.52,49.1,Role Player,Limited Scaling,Fragile Star,-0.032600000000000004,0,5,Hides,False,"Fragile Star: high usage (22.8%), low CII (30.5), no creation tools","{'self_created': np.float64(32.59), 'pressure_appetite': np.float64(31.29), 'difficulty_embrace': np.float64(13.46), 'defensive_survival': np.float64(41.05), 'force_multiplication': np.float64(40.73)}","{'scaling_efficiency': np.float64(36.607175080558534), 'pressure_appetite': np.float64(25.999999999999996), 'creation_tools': np.float64(47.64313222079589), 'opportunity_response': np.float64(87.28571428571429), 'age_trajectory': np.float64(90.0)}",High
Dennis Schröder,2024-25,47.56,63.01,Fragile Star,Moderate Scaling,Luxury Amplifier,-0.002599999999999999,6,4,Mixed,True,"Negative career leverage (-0.003, 6+/4-) BUT has creation tools: Thrives as #2","{'self_created': np.float64(41.68), 'pressure_appetite': np.float64(52.52), 'difficulty_embrace': np.float64(42.36), 'defensive_survival': np.float64(66.0), 'force_multiplication': np.float64(35.56)}","{'scaling_efficiency': np.float64(51.59810603393889), 'pressure_appetite': np.float64(75.6872037914692), 'creation_tools': np.float64(81.70892189727584), 'opportunity_response': np.float64(55.08571428571429), 'age_trajectory': np.float64(40.01)}",High
Dereck Lively II,2024-25,8.31,32.56,Role Player,Low Scaling,Role Player,-0.077,0,2,Hides,False,"Low CII 8.3, low TII 32.6","{'self_created': np.float64(1.57), 'pressure_appetite': np.float64(10.0), 'difficulty_embrace': np.float64(0.0), 'defensive_survival': np.float64(31.96), 'force_multiplication': np.float64(5.46)}","{'scaling_efficiency': np.float64(19.97152780707305), 'pressure_appetite': np.float64(8.800000000000004), 'creation_tools': np.float64(9.0), 'opportunity_response': np.float64(83.78), 'age_trajectory': np.int64(100)}",Medium
Derrick Jones Jr.,2024-25,11.9,34.4,Role Player,Low Scaling,Role Player,-0.04333333333333327,0,3,Hides,False,"Low CII 11.9, low TII 34.4","{'self_created': np.float64(1.59), 'pressure_appetite': np.float64(15.5), 'difficulty_embrace': np.float64(3.17), 'defensive_survival': np.float64(42.75), 'force_multiplication': np.float64(5.02)}","{'scaling_efficiency': np.float64(17.709902298850576), 'pressure_appetite': np.float64(25.600000000000005), 'creation_tools': np.float64(17.274390243902438), 'opportunity_response': np.float64(84.91142857142857), 'age_trajectory': np.float64(64.99000000000001)}",Medium
Derrick White,2024-25,30.33,57.83,Role Player,Moderate Scaling,Role Player,-0.021999999999999985,2,5,Hides,False,"Low CII 30.3, low TII 57.8, no creation tools","{'self_created': np.float64(32.32), 'pressure_appetite': np.float64(19.01), 'difficulty_embrace': np.float64(34.87), 'defensive_survival': np.float64(52.88), 'force_multiplication': np.float64(9.8)}","{'scaling_efficiency': np.float64(65.37922498554076), 'pressure_appetite': np.float64(21.6), 'creation_tools': np.float64(70.93333333333334), 'opportunity_response': np.float64(92.0), 'age_trajectory': np.float64(48.34)}",High
Desmond Bane,2024-25,51.26,73.56,Fragile Star,High Scaling,Latent Engine,0.0017499999999999486,2,2,Mixed,True,"Mixed career leverage (+0.002), CII 51.3, TII 73.6 + Tools: High potential","{'self_created': np.float64(56.26), 'pressure_appetite': np.float64(54.36), 'difficulty_embrace': np.float64(44.33), 'defensive_survival': np.float64(54.53), 'force_multiplication': np.float64(37.43)}","{'scaling_efficiency': np.float64(70.89827073710376), 'pressure_appetite': np.float64(62.822026431718044), 'creation_tools': np.float64(80.35), 'opportunity_response': np.float64(89.0), 'age_trajectory': np.float64(71.66)}",High
Devin Booker,2024-25,64.49,72.8,Luxury Amplifier,High Scaling,Latent Engine,0.016599999999999983,7,3,Steps Up,True,"Positive career leverage (+0.017, 7+/3-), CII 64.5, TII 72.8: Can be #1","{'self_created': np.float64(68.0), 'pressure_appetite': np.float64(61.87), 'difficulty_embrace': np.float64(74.73), 'defensive_survival': np.float64(58.3), 'force_multiplication': np.float64(49.34)}","{'scaling_efficiency': np.float64(69.68606481774444), 'pressure_appetite': np.float64(60.56842105263158), 'creation_tools': np.float64(86.75), 'opportunity_response': np.float64(86.0), 'age_trajectory': np.float64(64.99000000000001)}",High
Devin Vassell,2024-25,35.73,57.83,Role Player,Moderate Scaling,Luxury Amplifier,-0.04274999999999995,0,4,Hides,True,"Negative career leverage (-0.043, 0+/4-) BUT has creation tools: Thrives as #2","{'self_created': np.float64(30.4), 'pressure_appetite': np.float64(34.31), 'difficulty_embrace': np.float64(43.96), 'defensive_survival': np.float64(49.12), 'force_multiplication': np.float64(18.75)}","{'scaling_efficiency': np.float64(41.2228076145943), 'pressure_appetite': np.float64(44.42549923195088), 'creation_tools': np.float64(79.1), 'opportunity_response': np.float64(63.57142857142857), 'age_trajectory': np.float64(90.0)}",High
Dillon Brooks,2024-25,21.61,44.85,Role Player,Limited Scaling,Luxury Amplifier,-0.04242857142857136,1,6,Hides,True,"Negative career leverage (-0.042, 1+/6-) BUT has creation tools: Thrives as #2","{'self_created': np.float64(21.25), 'pressure_appetite': np.float64(14.67), 'difficulty_embrace': np.float64(26.64), 'defensive_survival': np.float64(35.9), 'force_multiplication': np.float64(8.56)}","{'scaling_efficiency': np.float64(37.54167914047169), 'pressure_appetite': np.float64(20.800000000000047), 'creation_tools': np.float64(65.39283074648928), 'opportunity_response': np.float64(64.25714285714285), 'age_trajectory': np.float64(56.67)}",High
Domantas Sabonis,2024-25,20.54,35.54,Role Player,Limited Scaling,Fragile Star,-0.05599999999999997,0,7,Hides,False,"Fragile Star: high minutes (34.7), low CII (20.5), extreme hiding (-0.056), no creation tools","{'self_created': np.float64(16.93), 'pressure_appetite': np.float64(16.83), 'difficulty_embrace': np.float64(7.7), 'defensive_survival': np.float64(36.69), 'force_multiplication': np.float64(42.1)}","{'scaling_efficiency': np.float64(24.89798697803304), 'pressure_appetite': np.float64(11.200000000000006), 'creation_tools': np.float64(29.008305660521394), 'opportunity_response': np.float64(92.0), 'age_trajectory': np.float64(56.67)}",High
Donovan Clingan,2024-25,11.78,35.65,Role Player,Limited Scaling,Role Player,-0.025,0,1,Hides,False,"Low CII 11.8, low TII 35.6","{'self_created': np.float64(14.5), 'pressure_appetite': np.float64(15.56), 'difficulty_embrace': np.float64(0.9), 'defensive_survival': np.float64(19.93), 'force_multiplication': np.float64(3.75)}","{'scaling_efficiency': np.float64(11.681714143673867), 'pressure_appetite': np.float64(42.33333333333333), 'creation_tools': np.float64(9.852905751279735), 'opportunity_response': np.float64(63.971428571428575), 'age_trajectory': np.int64(100)}",Medium
Donovan Mitchell,2024-25,74.52,74.41,Strong Creator,High Scaling,Franchise Engine,0.09262499999999999,8,0,Steps Up,True,CII 74.5 >= 74: Already elite creator,"{'self_created': np.float64(75.06), 'pressure_appetite': np.float64(86.17), 'difficulty_embrace': np.float64(66.61), 'defensive_survival': np.float64(76.19), 'force_multiplication': np.float64(57.1)}","{'scaling_efficiency': np.float64(66.01770486975937), 'pressure_appetite': np.float64(84.2020134228188), 'creation_tools': np.float64(78.7), 'opportunity_response': np.float64(75.41428571428571), 'age_trajectory': np.float64(64.99000000000001)}",High
Donte DiVincenzo,2024-25,20.29,54.29,Role Player,Moderate Scaling,Role Player,-0.03859999999999995,0,5,Hides,False,"Low CII 20.3, low TII 54.3, no creation tools","{'self_created': np.float64(13.03), 'pressure_appetite': np.float64(26.55), 'difficulty_embrace': np.float64(15.91), 'defensive_survival': np.float64(37.22), 'force_multiplication': np.float64(9.74)}","{'scaling_efficiency': np.float64(51.283110567931395), 'pressure_appetite': np.float64(46.414893617021306), 'creation_tools': np.float64(50.45565646081993), 'opportunity_response': np.float64(71.42), 'age_trajectory': np.float64(64.99000000000001)}",High
Draymond Green,2024-25,12.77,33.34,Role Player,Low Scaling,Role Player,-0.009699999999999981,3,7,Mixed,False,"Low CII 12.8, low TII 33.3, no creation tools","{'self_created': np.float64(2.1), 'pressure_appetite': np.float64(25.17), 'difficulty_embrace': np.float64(6.29), 'defensive_survival': np.float64(26.03), 'force_multiplication': np.float64(6.84)}","{'scaling_efficiency': np.float64(13.428321976659689), 'pressure_appetite': np.float64(46.384288747346105), 'creation_tools': np.float64(36.54975402620268), 'opportunity_response': np.float64(56.028571428571425), 'age_trajectory': np.int64(20)}",High
Dyson Daniels,2024-25,21.15,40.93,Role Player,Limited Scaling,Role Player,-0.02049999999999995,1,1,Hides,False,"Low CII 21.1, low TII 40.9","{'self_created': np.float64(21.92), 'pressure_appetite': np.float64(16.84), 'difficulty_embrace': np.float64(10.13), 'defensive_survival': np.float64(41.77), 'force_multiplication': np.float64(20.77)}","{'scaling_efficiency': np.float64(27.512747658177815), 'pressure_appetite': np.float64(23.20000000000004), 'creation_tools': np.float64(39.387782040741754), 'opportunity_response': np.float64(59.97142857142857), 'age_trajectory': np.int64(100)}",Medium
Eric Gordon,2024-25,10.73,27.59,Role Player,Low Scaling,Role Player,-0.05300000000000001,1,8,Hides,False,"Low CII 10.7, low TII 27.6, no creation tools","{'self_created': np.float64(2.39), 'pressure_appetite': np.float64(10.0), 'difficulty_embrace': np.float64(4.64), 'defensive_survival': np.float64(41.92), 'force_multiplication': np.float64(2.95)}","{'scaling_efficiency': np.float64(19.933645335057093), 'pressure_appetite': np.float64(23.6), 'creation_tools': np.float64(19.38008130081301), 'opportunity_response': np.float64(65.57428571428571), 'age_trajectory': np.int64(20)}",High
Evan Mobley,2024-25,18.18,38.65,Role Player,Limited Scaling,Fragile Star,-0.0505,0,4,Hides,False,"Fragile Star: high usage (22.6%), low CII (18.2), extreme hiding (-0.051), no creation tools","{'self_created': np.float64(18.6), 'pressure_appetite': np.float64(13.17), 'difficulty_embrace': np.float64(7.23), 'defensive_survival': np.float64(30.03), 'force_multiplication': np.float64(33.54)}","{'scaling_efficiency': np.float64(36.018267066362704), 'pressure_appetite': np.float64(0.0), 'creation_tools': np.float64(28.4226670983524), 'opportunity_response': np.float64(87.75714285714285), 'age_trajectory': np.float64(90.0)}",High
Franz Wagner,2024-25,55.81,69.14,Luxury Amplifier,High Scaling,Strong Creator,0.015999999999999976,3,1,Steps Up,True,"Positive career leverage (+0.016), CII 55.8: Stepping up consistently","{'self_created': np.float64(48.74), 'pressure_appetite': np.float64(72.03), 'difficulty_embrace': np.float64(41.44), 'defensive_survival': np.float64(56.36), 'force_multiplication': np.float64(64.36)}","{'scaling_efficiency': np.float64(58.755980076918235), 'pressure_appetite': np.float64(71.2875816993464), 'creation_tools': np.float64(68.53481587757054), 'opportunity_response': np.float64(69.88571428571429), 'age_trajectory': np.float64(95.0)}",High
Fred VanVleet,2024-25,48.44,61.44,Fragile Star,Moderate Scaling,Strong Creator,0.0012500000000000011,5,3,Mixed,True,Mixed career leverage (+0.001) but has tools/CII,"{'self_created': np.float64(47.1), 'pressure_appetite': np.float64(49.34), 'difficulty_embrace': np.float64(56.43), 'defensive_survival': np.float64(54.67), 'force_multiplication': np.float64(24.93)}","{'scaling_efficiency': np.float64(51.31436555759323), 'pressure_appetite': np.float64(65.21363636363637), 'creation_tools': np.float64(82.95), 'opportunity_response': np.float64(61.0), 'age_trajectory': np.float64(40.01)}",High
Garrison Mathews,2024-25,7.6,31.84,Role Player,Low Scaling,Role Player,-0.02000000000000005,1,1,Hides,False,"Low CII 7.6, low TII 31.8","{'self_created': np.float64(2.86), 'pressure_appetite': np.float64(10.0), 'difficulty_embrace': np.float64(7.99), 'defensive_survival': np.float64(16.74), 'force_multiplication': np.float64(1.32)}","{'scaling_efficiency': np.float64(25.338049623640917), 'pressure_appetite': np.float64(8.400000000000002), 'creation_tools': np.float64(24.89524682501727), 'opportunity_response': np.float64(71.09428571428572), 'age_trajectory': np.float64(64.99000000000001)}",Medium
Gary Payton II,2024-25,6.91,29.38,Role Player,Low Scaling,Role Player,-0.0353333333333333,0,3,Hides,False,"Low CII 6.9, low TII 29.4","{'self_created': np.float64(0.87), 'pressure_appetite': np.float64(12.83), 'difficulty_embrace': np.float64(0.9), 'defensive_survival': np.float64(18.84), 'force_multiplication': np.float64(4.32)}","{'scaling_efficiency': np.float64(20.78103404791929), 'pressure_appetite': np.float64(24.40000000000004), 'creation_tools': np.float64(10.625912028351053), 'opportunity_response': np.float64(76.14285714285714), 'age_trajectory': np.float64(35.0)}",Medium
Gary Trent Jr.,2024-25,28.04,61.7,Role Player,Moderate Scaling,Role Player,-0.029666666666666647,1,5,Hides,False,"Low CII 28.0, low TII 61.7, no creation tools","{'self_created': np.float64(16.72), 'pressure_appetite': np.float64(43.14), 'difficulty_embrace': np.float64(24.7), 'defensive_survival': np.float64(41.17), 'force_multiplication': np.float64(11.25)}","{'scaling_efficiency': np.float64(47.65200190204469), 'pressure_appetite': np.float64(61.24285714285712), 'creation_tools': np.float64(62.34390243902439), 'opportunity_response': np.float64(78.63714285714286), 'age_trajectory': np.float64(78.33)}",High
Georges Niang,2024-25,6.73,27.75,Role Player,Low Scaling,Role Player,-0.05299999999999998,0,4,Hides,False,"Low CII 6.7, low TII 27.8, no creation tools","{'self_created': np.float64(1.71), 'pressure_appetite': np.float64(10.0), 'difficulty_embrace': np.float64(4.76), 'defensive_survival': np.float64(16.09), 'force_multiplication': np.float64(3.53)}","{'scaling_efficiency': np.float64(17.708229176179863), 'pressure_appetite': np.float64(8.80000000000004), 'creation_tools': np.float64(21.96668733636489), 'opportunity_response': np.float64(82.27142857142857), 'age_trajectory': np.float64(35.0)}",High
Giannis Antetokounmpo,2024-25,56.35,61.67,Luxury Amplifier,Moderate Scaling,Luxury Amplifier,-0.01989999999999997,2,8,Mixed,True,"Negative career leverage (-0.020, 2+/8-) BUT has creation tools: Thrives as #2","{'self_created': np.float64(65.95), 'pressure_appetite': np.float64(51.04), 'difficulty_embrace': np.float64(43.41), 'defensive_survival': np.float64(43.69), 'force_multiplication': np.float64(85.72)}","{'scaling_efficiency': np.float64(74.4840562471006), 'pressure_appetite': np.float64(22.400000000000038), 'creation_tools': np.float64(79.9697166220217), 'opportunity_response': np.float64(86.0), 'age_trajectory': np.float64(48.34)}",High
Gradey Dick,2024-25,17.83,40.65,Role Player,Limited Scaling,Role Player,-0.07999999999999995,0,2,Hides,False,"Low CII 17.8, low TII 40.6","{'self_created': np.float64(11.75), 'pressure_appetite': np.float64(16.5), 'difficulty_embrace': np.float64(26.2), 'defensive_survival': np.float64(21.76), 'force_multiplication': np.float64(16.76)}","{'scaling_efficiency': np.float64(27.739707289614426), 'pressure_appetite': np.float64(12.000000000000043), 'creation_tools': np.float64(54.47858754424865), 'opportunity_response': np.float64(56.2), 'age_trajectory': np.int64(100)}",Medium
Grant Williams,2024-25,16.92,50.54,Role Player,Moderate Scaling,Role Player,-0.00849999999999995,1,3,Mixed,False,"Low CII 16.9, low TII 50.5, no creation tools","{'self_created': np.float64(5.56), 'pressure_appetite': np.float64(24.58), 'difficulty_embrace': np.float64(13.49), 'defensive_survival': np.float64(36.68), 'force_multiplication': np.float64(9.08)}","{'scaling_efficiency': np.float64(25.926203719292868), 'pressure_appetite': np.float64(51.6073059360731), 'creation_tools': np.float64(48.09709878605636), 'opportunity_response': np.float64(82.69142857142856), 'age_trajectory': np.float64(78.33)}",High
Grayson Allen,2024-25,15.58,41.65,Role Player,Limited Scaling,Role Player,-0.02875,1,3,Hides,False,"Low CII 15.6, low TII 41.6, no creation tools","{'self_created': np.float64(5.19), 'pressure_appetite': np.float64(18.24), 'difficulty_embrace': np.float64(7.97), 'defensive_survival': np.float64(45.31), 'force_multiplication': np.float64(10.71)}","{'scaling_efficiency': np.float64(34.11713561164111), 'pressure_appetite': np.float64(25.999999999999996), 'creation_tools': np.float64(32.71394862173473), 'opportunity_response': np.float64(84.72285714285715), 'age_trajectory': np.float64(56.67)}",High
Guerschon Yabusele,2024-25,13.82,40.87,Role Player,Limited Scaling,Role Player,-0.008,0,1,Mixed,False,"Low CII 13.8, low TII 40.9","{'self_created': np.float64(1.8), 'pressure_appetite': np.float64(31.22), 'difficulty_embrace': np.float64(2.57), 'defensive_survival': np.float64(23.81), 'force_multiplication': np.float64(13.91)}","{'scaling_efficiency': np.float64(20.52957805576027), 'pressure_appetite': np.float64(50.44989775051124), 'creation_tools': np.float64(16.506401815551897), 'opportunity_response': np.float64(87.55142857142857), 'age_trajectory': np.float64(56.67)}",Medium
Harrison Barnes,2024-25,20.11,46.68,Role Player,Limited Scaling,Role Player,0.00019999999999999966,4,5,Mixed,False,"Mixed career leverage, no tools, low CII","{'self_created': np.float64(8.39), 'pressure_appetite': np.float64(31.21), 'difficulty_embrace': np.float64(7.71), 'defensive_survival': np.float64(40.51), 'force_multiplication': np.float64(21.72)}","{'scaling_efficiency': np.float64(35.00708787393968), 'pressure_appetite': np.float64(55.31210191082802), 'creation_tools': np.float64(30.999557247164827), 'opportunity_response': np.float64(87.64571428571429), 'age_trajectory': np.float64(30.0)}",High
Herbert Jones,2024-25,11.19,30.53,Role Player,Low Scaling,Role Player,-0.003499999999999998,3,1,Mixed,False,"Low CII 11.2, low TII 30.5, no creation tools","{'self_created': np.float64(4.29), 'pressure_appetite': np.float64(10.0), 'difficulty_embrace': np.float64(10.17), 'defensive_survival': np.float64(34.11), 'force_multiplication': np.float64(2.52)}","{'scaling_efficiency': np.float64(13.797788812785393), 'pressure_appetite': np.float64(11.200000000000006), 'creation_tools': np.float64(34.73102238556632), 'opportunity_response': np.float64(58.77142857142857), 'age_trajectory': np.float64(78.33)}",High
Immanuel Quickley,2024-25,44.31,67.47,Fragile Star,High Scaling,Luxury Amplifier,-0.043000000000000003,0,4,Hides,True,"Negative career leverage (-0.043, 0+/4-) BUT has creation tools: Thrives as #2","{'self_created': np.float64(46.82), 'pressure_appetite': np.float64(47.28), 'difficulty_embrace': np.float64(44.31), 'defensive_survival': np.float64(44.14), 'force_multiplication': np.float64(29.61)}","{'scaling_efficiency': np.float64(68.74244030977857), 'pressure_appetite': np.float64(51.96747967479675), 'creation_tools': np.float64(79.25), 'opportunity_response': np.float64(67.82857142857142), 'age_trajectory': np.float64(78.33)}",High
Isaiah Collier,2024-25,33.27,59.74,Role Player,Moderate Scaling,Developing Prospect,-0.004,0,1,Mixed,False,"Low CII 33.3, moderate TII 59.7","{'self_created': np.float64(29.34), 'pressure_appetite': np.float64(37.38), 'difficulty_embrace': np.float64(22.54), 'defensive_survival': np.float64(46.09), 'force_multiplication': np.float64(37.02)}","{'scaling_efficiency': np.float64(52.25643066610809), 'pressure_appetite': np.float64(56.27956989247312), 'creation_tools': np.float64(60.05154733805403), 'opportunity_response': np.float64(53.2), 'age_trajectory': np.int64(100)}",Medium
Isaiah Hartenstein,2024-25,19.84,45.42,Role Player,Limited Scaling,Role Player,-0.006000000000000001,1,1,Mixed,False,"Low CII 19.8, low TII 45.4","{'self_created': np.float64(1.12), 'pressure_appetite': np.float64(35.83), 'difficulty_embrace': np.float64(4.1), 'defensive_survival': np.float64(50.93), 'force_multiplication': np.float64(20.89)}","{'scaling_efficiency': np.float64(18.211478505990133), 'pressure_appetite': np.float64(66.0), 'creation_tools': np.float64(20.851933973885195), 'opportunity_response': np.float64(80.80571428571429), 'age_trajectory': np.float64(71.66)}",Medium
Isaiah Joe,2024-25,13.62,50.23,Role Player,Moderate Scaling,Role Player,-0.04133333333333333,0,3,Hides,False,"Low CII 13.6, low TII 50.2","{'self_created': np.float64(9.05), 'pressure_appetite': np.float64(12.5), 'difficulty_embrace': np.float64(18.06), 'defensive_survival': np.float64(25.19), 'force_multiplication': np.float64(3.89)}","{'scaling_efficiency': np.float64(51.60660360450064), 'pressure_appetite': np.float64(19.600000000000005), 'creation_tools': np.float64(44.911132334214905), 'opportunity_response': np.float64(82.46000000000001), 'age_trajectory': np.float64(85.0)}",Medium
Ivica Zubac,2024-25,19.53,38.0,Role Player,Limited Scaling,Role Player,-0.0252,1,4,Hides,False,"Low CII 19.5, low TII 38.0, no creation tools","{'self_created': np.float64(13.05), 'pressure_appetite': np.float64(23.08), 'difficulty_embrace': np.float64(2.2), 'defensive_survival': np.float64(33.53), 'force_multiplication': np.float64(43.8)}","{'scaling_efficiency': np.float64(26.935374855824683), 'pressure_appetite': np.float64(25.600000000000005), 'creation_tools': np.float64(16.085636856368563), 'opportunity_response': np.float64(92.0), 'age_trajectory': np.float64(64.99000000000001)}",High
Ja Morant,2024-25,63.21,74.21,Luxury Amplifier,High Scaling,Latent Engine,0.06399999999999993,5,1,Steps Up,True,"Positive career leverage (+0.064, 5+/1-), CII 63.2, TII 74.2: Can be #1","{'self_created': np.float64(60.75), 'pressure_appetite': np.float64(79.0), 'difficulty_embrace': np.float64(42.9), 'defensive_survival': np.float64(68.14), 'force_multiplication': np.float64(64.36)}","{'scaling_efficiency': np.float64(69.38895742622154), 'pressure_appetite': np.float64(79.53333333333332), 'creation_tools': np.float64(69.15540963101938), 'opportunity_response': np.float64(74.55714285714285), 'age_trajectory': np.float64(85.0)}",High
Jabari Smith Jr.,2024-25,17.75,45.93,Role Player,Limited Scaling,Role Player,-0.0223333333333333,0,3,Hides,False,"Low CII 17.8, low TII 45.9","{'self_created': np.float64(14.27), 'pressure_appetite': np.float64(14.42), 'difficulty_embrace': np.float64(19.01), 'defensive_survival': np.float64(31.3), 'force_multiplication': np.float64(13.67)}","{'scaling_efficiency': np.float64(33.49292587776335), 'pressure_appetite': np.float64(24.800000000000004), 'creation_tools': np.float64(51.321544715447146), 'opportunity_response': np.float64(62.8), 'age_trajectory': np.int64(100)}",Medium
Jaden Ivey,2024-25,46.6,70.34,Fragile Star,High Scaling,Latent Engine,0.004,2,1,Mixed,True,"Medium CII 46.6, high TII 70.3, has tools","{'self_created': np.float64(44.19), 'pressure_appetite': np.float64(56.21), 'difficulty_embrace': np.float64(35.47), 'defensive_survival': np.float64(57.05), 'force_multiplication': np.float64(36.36)}","{'scaling_efficiency': np.float64(61.65380790533734), 'pressure_appetite': np.float64(67.646875), 'creation_tools': np.float64(69.32276422764227), 'opportunity_response': np.float64(77.12857142857142), 'age_trajectory': np.float64(95.0)}",Medium
Jaden McDaniels,2024-25,21.84,53.01,Role Player,Moderate Scaling,Role Player,-0.04119999999999994,0,5,Hides,False,"Low CII 21.8, low TII 53.0, no creation tools","{'self_created': np.float64(16.86), 'pressure_appetite': np.float64(26.33), 'difficulty_embrace': np.float64(17.03), 'defensive_survival': np.float64(36.4), 'force_multiplication': np.float64(13.34)}","{'scaling_efficiency': np.float64(41.772051282051294), 'pressure_appetite': np.float64(46.86666666666666), 'creation_tools': np.float64(50.55447154471545), 'opportunity_response': np.float64(64.34285714285714), 'age_trajectory': np.float64(90.0)}",High
Jaden Springer,2024-25,15.79,37.17,Role Player,Limited Scaling,Role Player,-0.03,0,1,Hides,False,"Low CII 15.8, low TII 37.2","{'self_created': np.float64(11.46), 'pressure_appetite': np.float64(13.55), 'difficulty_embrace': np.float64(3.97), 'defensive_survival': np.float64(44.14), 'force_multiplication': np.float64(15.5)}","{'scaling_efficiency': np.float64(16.874666666666666), 'pressure_appetite': np.float64(52.115107913669064), 'creation_tools': np.float64(16.70085687547523), 'opportunity_response': np.float64(38.285714285714285), 'age_trajectory': np.int64(100)}",Medium
Jake LaRavia,2024-25,15.43,38.94,Role Player,Limited Scaling,Role Player,-0.026,0,2,Hides,False,"Low CII 15.4, low TII 38.9","{'self_created': np.float64(10.8), 'pressure_appetite': np.float64(10.5), 'difficulty_embrace': np.float64(5.24), 'defensive_survival': np.float64(44.92), 'force_multiplication': np.float64(17.81)}","{'scaling_efficiency': np.float64(21.953955624756713), 'pressure_appetite': np.float64(25.200000000000003), 'creation_tools': np.float64(33.11544715447154), 'opportunity_response': np.float64(66.23428571428572), 'age_trajectory': np.float64(95.0)}",Medium
Jakob Poeltl,2024-25,12.2,34.6,Role Player,Low Scaling,Role Player,-0.04,1,6,Hides,False,"Low CII 12.2, low TII 34.6, no creation tools","{'self_created': np.float64(7.09), 'pressure_appetite': np.float64(14.17), 'difficulty_embrace': np.float64(7.0), 'defensive_survival': np.float64(19.77), 'force_multiplication': np.float64(21.66)}","{'scaling_efficiency': np.float64(21.849101796407187), 'pressure_appetite': np.float64(16.400000000000002), 'creation_tools': np.float64(23.944892188052314), 'opportunity_response': np.float64(89.90857142857143), 'age_trajectory': np.float64(56.67)}",High
Jalen Brunson,2024-25,82.63,86.69,Franchise Engine,Elite Scaling,Franchise Engine,0.03971428571428569,5,2,Steps Up,True,CII 82.6 >= 74: Already elite creator,"{'self_created': np.float64(88.81), 'pressure_appetite': np.float64(90.0), 'difficulty_embrace': np.float64(71.01), 'defensive_survival': np.float64(87.33), 'force_multiplication': np.float64(61.87)}","{'scaling_efficiency': np.float64(85.63186795345973), 'pressure_appetite': np.float64(96.5), 'creation_tools': np.float64(87.38333333333333), 'opportunity_response': np.float64(86.0), 'age_trajectory': np.float64(64.99000000000001)}",High
Jalen Duren,2024-25,15.14,36.78,Role Player,Limited Scaling,Role Player,-0.04899999999999997,0,3,Hides,False,"Low CII 15.1, low TII 36.8","{'self_created': np.float64(21.79), 'pressure_appetite': np.float64(10.5), 'difficulty_embrace': np.float64(1.1), 'defensive_survival': np.float64(17.93), 'force_multiplication': np.float64(30.73)}","{'scaling_efficiency': np.float64(22.745484369101952), 'pressure_appetite': np.float64(16.8), 'creation_tools': np.float64(13.847260516083422), 'opportunity_response': np.float64(86.60857142857144), 'age_trajectory': np.int64(100)}",Medium
Jalen Green,2024-25,60.57,66.85,Luxury Amplifier,High Scaling,Luxury Amplifier,-0.035000000000000024,1,3,Hides,True,"Negative career leverage (-0.035, 1+/3-) BUT has creation tools: Thrives as #2","{'self_created': np.float64(62.95), 'pressure_appetite': np.float64(58.7), 'difficulty_embrace': np.float64(60.71), 'defensive_survival': np.float64(67.89), 'force_multiplication': np.float64(46.85)}","{'scaling_efficiency': np.float64(52.06941759042809), 'pressure_appetite': np.float64(68.37078651685391), 'creation_tools': np.float64(78.76666666666667), 'opportunity_response': np.float64(59.2), 'age_trajectory': np.float64(95.0)}",High
Jalen Johnson,2024-25,20.63,42.62,Role Player,Limited Scaling,Role Player,-0.06849999999999995,0,2,Hides,False,"Low CII 20.6, low TII 42.6","{'self_created': np.float64(18.79), 'pressure_appetite': np.float64(17.83), 'difficulty_embrace': np.float64(16.13), 'defensive_survival': np.float64(36.85), 'force_multiplication': np.float64(17.83)}","{'scaling_efficiency': np.float64(28.651347493627856), 'pressure_appetite': np.float64(13.2), 'creation_tools': np.float64(48.36414786110478), 'opportunity_response': np.float64(77.0), 'age_trajectory': np.float64(95.0)}",Medium
Jalen Suggs,2024-25,47.29,59.65,Fragile Star,Moderate Scaling,Luxury Amplifier,-0.012499999999999973,2,2,Mixed,True,"Negative career leverage (-0.012, 2+/2-) BUT has creation tools: Thrives as #2","{'self_created': np.float64(47.0), 'pressure_appetite': np.float64(57.69), 'difficulty_embrace': np.float64(43.01), 'defensive_survival': np.float64(45.05), 'force_multiplication': np.float64(34.04)}","{'scaling_efficiency': np.float64(43.3462119481747), 'pressure_appetite': np.float64(59.086567164179115), 'creation_tools': np.float64(72.75058245358572), 'opportunity_response': np.float64(55.51428571428572), 'age_trajectory': np.float64(90.0)}",High
Jalen Williams,2024-25,50.99,69.73,Fragile Star,High Scaling,Strong Creator,-0.003999999999999965,1,2,Mixed,True,"CII 51.0, TII 69.7","{'self_created': np.float64(55.28), 'pressure_appetite': np.float64(44.78), 'difficulty_embrace': np.float64(49.56), 'defensive_survival': np.float64(59.65), 'force_multiplication': np.float64(43.49)}","{'scaling_efficiency': np.float64(64.512296723544), 'pressure_appetite': np.float64(57.2), 'creation_tools': np.float64(78.2), 'opportunity_response': np.float64(76.27142857142857), 'age_trajectory': np.float64(90.0)}",Medium
Jalen Wilson,2024-25,14.01,38.34,Role Player,Limited Scaling,Role Player,-0.03,0,1,Hides,False,"Low CII 14.0, low TII 38.3","{'self_created': np.float64(3.06), 'pressure_appetite': np.float64(18.99), 'difficulty_embrace': np.float64(4.36), 'defensive_survival': np.float64(40.34), 'force_multiplication': np.float64(14.21)}","{'scaling_efficiency': np.float64(12.277250876552001), 'pressure_appetite': np.float64(52.64596273291926), 'creation_tools': np.float64(22.700229763167194), 'opportunity_response': np.float64(53.028571428571425), 'age_trajectory': np.float64(90.0)}",Medium
Jamal Murray,2024-25,62.05,76.46,Luxury Amplifier,High Scaling,Latent Engine,0.022749999999999965,6,2,Steps Up,True,"Positive career leverage (+0.023, 6+/2-), CII 62.0, TII 76.5: Can be #1","{'self_created': np.float64(68.78), 'pressure_appetite': np.float64(50.03), 'difficulty_embrace': np.float64(66.06), 'defensive_survival': np.float64(78.3), 'force_multiplication': np.float64(39.53)}","{'scaling_efficiency': np.float64(73.19658756466451), 'pressure_appetite': np.float64(68.73191489361702), 'creation_tools': np.float64(92.95), 'opportunity_response': np.float64(81.5), 'age_trajectory': np.float64(64.99000000000001)}",High
Jamal Shead,2024-25,34.61,55.81,Role Player,Moderate Scaling,Developing Prospect,0.04,1,0,Steps Up,False,"Low CII 34.6, moderate TII 55.8","{'self_created': np.float64(19.43), 'pressure_appetite': np.float64(58.24), 'difficulty_embrace': np.float64(16.59), 'defensive_survival': np.float64(57.68), 'force_multiplication': np.float64(22.54)}","{'scaling_efficiency': np.float64(25.82775105212386), 'pressure_appetite': np.float64(82.46927374301676), 'creation_tools': np.float64(51.37981332606623), 'opportunity_response': np.float64(47.8), 'age_trajectory': np.int64(100)}",Medium
James Harden,2024-25,77.55,72.42,Strong Creator,High Scaling,Franchise Engine,0.05309999999999998,9,1,Steps Up,True,CII 77.5 >= 74: Already elite creator,"{'self_created': np.float64(85.85), 'pressure_appetite': np.float64(81.98), 'difficulty_embrace': np.float64(72.71), 'defensive_survival': np.float64(70.6), 'force_multiplication': np.float64(61.71)}","{'scaling_efficiency': np.float64(79.58043036467545), 'pressure_appetite': np.float64(78.72517482517482), 'creation_tools': np.float64(75.45), 'opportunity_response': np.float64(78.5), 'age_trajectory': np.int64(20)}",High
Jamison Battle,2024-25,11.55,42.23,Role Player,Limited Scaling,Role Player,-0.0249999999999999,0,1,Hides,False,"Low CII 11.6, low TII 42.2","{'self_created': np.float64(2.76), 'pressure_appetite': np.float64(18.46), 'difficulty_embrace': np.float64(10.51), 'defensive_survival': np.float64(24.12), 'force_multiplication': np.float64(3.88)}","{'scaling_efficiency': np.float64(21.645213278444416), 'pressure_appetite': np.float64(42.60544217687078), 'creation_tools': np.float64(32.63586914440573), 'opportunity_response': np.float64(63.68857142857143), 'age_trajectory': np.float64(90.0)}",Medium
Jarace Walker,2024-25,13.08,38.87,Role Player,Limited Scaling,Role Player,-0.095,0,1,Hides,False,"Low CII 13.1, low TII 38.9","{'self_created': np.float64(7.42), 'pressure_appetite': np.float64(10.0), 'difficulty_embrace': np.float64(13.49), 'defensive_survival': np.float64(36.63), 'force_multiplication': np.float64(1.6)}","{'scaling_efficiency': np.float64(31.502140391254308), 'pressure_appetite': np.float64(2.0000000000000018), 'creation_tools': np.float64(42.531768908598174), 'opportunity_response': np.float64(69.39714285714285), 'age_trajectory': np.int64(100)}",Medium
Jared Butler,2024-25,25.59,46.47,Role Player,Limited Scaling,Role Player,-0.094,0,1,Hides,False,"Low CII 25.6, low TII 46.5","{'self_created': np.float64(40.69), 'pressure_appetite': np.float64(14.67), 'difficulty_embrace': np.float64(22.53), 'defensive_survival': np.float64(21.87), 'force_multiplication': np.float64(19.3)}","{'scaling_efficiency': np.float64(60.70918039991212), 'pressure_appetite': np.float64(2.400000000000002), 'creation_tools': np.float64(58.84414048194536), 'opportunity_response': np.float64(45.91428571428571), 'age_trajectory': np.float64(90.0)}",Medium
Jared McCain,2024-25,37.88,59.48,Role Player,Moderate Scaling,Developing Prospect,-0.031,0,1,Hides,True,"Low CII 37.9, moderate TII 59.5","{'self_created': np.float64(46.37), 'pressure_appetite': np.float64(36.01), 'difficulty_embrace': np.float64(29.99), 'defensive_survival': np.float64(41.92), 'force_multiplication': np.float64(26.77)}","{'scaling_efficiency': np.float64(63.28665675685977), 'pressure_appetite': np.float64(27.599999999999998), 'creation_tools': np.float64(61.15589179965873), 'opportunity_response': np.float64(75.73142857142858), 'age_trajectory': np.int64(100)}",Medium
Jaren Jackson Jr.,2024-25,40.01,63.12,Fragile Star,Moderate Scaling,Luxury Amplifier,-0.03283333333333333,1,5,Hides,True,"Negative career leverage (-0.033, 1+/5-) BUT has creation tools: Thrives as #2","{'self_created': np.float64(35.05), 'pressure_appetite': np.float64(53.23), 'difficulty_embrace': np.float64(18.79), 'defensive_survival': np.float64(49.61), 'force_multiplication': np.float64(49.91)}","{'scaling_efficiency': np.float64(57.93778651097909), 'pressure_appetite': np.float64(61.201946472019465), 'creation_tools': np.float64(46.64100350127589), 'opportunity_response': np.float64(84.09714285714286), 'age_trajectory': np.float64(85.0)}",High
Jarrett Allen,2024-25,10.81,35.25,Role Player,Limited Scaling,Role Player,-0.035285714285714274,1,6,Hides,False,"Low CII 10.8, low TII 35.2, no creation tools","{'self_created': np.float64(0.65), 'pressure_appetite': np.float64(12.33), 'difficulty_embrace': np.float64(2.4), 'defensive_survival': np.float64(32.14), 'force_multiplication': np.float64(22.3)}","{'scaling_efficiency': np.float64(21.338060200668895), 'pressure_appetite': np.float64(23.20000000000004), 'creation_tools': np.float64(13.125912028351053), 'opportunity_response': np.float64(88.4), 'age_trajectory': np.float64(71.66)}",High
Jaylen Brown,2024-25,53.65,63.95,Fragile Star,Moderate Scaling,Luxury Amplifier,-0.05077777777777772,1,8,Hides,True,"Negative career leverage (-0.051, 1+/8-) BUT has creation tools: Thrives as #2","{'self_created': np.float64(52.94), 'pressure_appetite': np.float64(50.78), 'difficulty_embrace': np.float64(46.91), 'defensive_survival': np.float64(67.58), 'force_multiplication': np.float64(55.57)}","{'scaling_efficiency': np.float64(56.946080816167346), 'pressure_appetite': np.float64(61.23404255319152), 'creation_tools': np.float64(72.51666666666667), 'opportunity_response': np.float64(70.39999999999999), 'age_trajectory': np.float64(64.99000000000001)}",High
Jaylen Wells,2024-25,14.8,40.36,Role Player,Limited Scaling,Role Player,-0.045,0,1,Hides,False,"Low CII 14.8, low TII 40.4","{'self_created': np.float64(7.32), 'pressure_appetite': np.float64(11.83), 'difficulty_embrace': np.float64(14.2), 'defensive_survival': np.float64(40.9), 'force_multiplication': np.float64(6.75)}","{'scaling_efficiency': np.float64(21.11396500495214), 'pressure_appetite': np.float64(22.0), 'creation_tools': np.float64(48.229435063581406), 'opportunity_response': np.float64(59.2), 'age_trajectory': np.int64(100)}",Medium
Jayson Tatum,2024-25,70.5,71.19,Strong Creator,High Scaling,Latent Engine,0.01587499999999995,7,1,Steps Up,True,"Positive career leverage (+0.016, 7+/1-), CII 70.5, TII 71.2: Can be #1","{'self_created': np.float64(79.66), 'pressure_appetite': np.float64(64.72), 'difficulty_embrace': np.float64(75.1), 'defensive_survival': np.float64(61.72), 'force_multiplication': np.float64(61.4)}","{'scaling_efficiency': np.float64(67.86046392229555), 'pressure_appetite': np.float64(60.78870431893688), 'creation_tools': np.float64(77.85), 'opportunity_response': np.float64(86.0), 'age_trajectory': np.float64(71.66)}",High
Jerami Grant,2024-25,23.34,41.5,Role Player,Limited Scaling,Role Player,-0.02629999999999998,2,8,Hides,False,"Low CII 23.3, low TII 41.5, no creation tools","{'self_created': np.float64(10.4), 'pressure_appetite': np.float64(36.98), 'difficulty_embrace': np.float64(13.96), 'defensive_survival': np.float64(45.87), 'force_multiplication': np.float64(13.03)}","{'scaling_efficiency': np.float64(15.782548250265112), 'pressure_appetite': np.float64(59.01041666666667), 'creation_tools': np.float64(45.95813008130081), 'opportunity_response': np.float64(58.77142857142857), 'age_trajectory': np.float64(40.01)}",High
Jeremy Sochan,2024-25,10.88,32.86,Role Player,Low Scaling,Role Player,-0.04966666666666664,0,3,Hides,False,"Low CII 10.9, low TII 32.9","{'self_created': np.float64(5.01), 'pressure_appetite': np.float64(10.5), 'difficulty_embrace': np.float64(2.89), 'defensive_survival': np.float64(25.66), 'force_multiplication': np.float64(23.28)}","{'scaling_efficiency': np.float64(17.989620137299767), 'pressure_appetite': np.float64(7.600000000000002), 'creation_tools': np.float64(19.03207847295864), 'opportunity_response': np.float64(78.35428571428572), 'age_trajectory': np.int64(100)}",Medium
Jimmy Butler III,2024-25,43.14,58.83,Fragile Star,Moderate Scaling,Strong Creator,0.08479999999999996,10,0,Steps Up,False,"Positive career leverage (+0.085), CII 43.1 still developing (Age 35 > 25, reclassified from Developing Engine)","{'self_created': np.float64(34.49), 'pressure_appetite': np.float64(66.33), 'difficulty_embrace': np.float64(19.74), 'defensive_survival': np.float64(45.18), 'force_multiplication': np.float64(54.84)}","{'scaling_efficiency': np.float64(44.01221146865232), 'pressure_appetite': np.float64(73.91871921182265), 'creation_tools': np.float64(56.8325343425848), 'opportunity_response': np.float64(91.88857142857142), 'age_trajectory': np.int64(20)}",High
Joel Embiid,2024-25,50.16,62.4,Fragile Star,Moderate Scaling,Strong Creator,0.036555555555555515,8,1,Steps Up,True,"Positive career leverage (+0.037), CII 50.2: Stepping up consistently","{'self_created': np.float64(36.09), 'pressure_appetite': np.float64(77.31), 'difficulty_embrace': np.float64(38.23), 'defensive_survival': np.float64(43.03), 'force_multiplication': np.float64(59.03)}","{'scaling_efficiency': np.float64(50.92939746369669), 'pressure_appetite': np.float64(67.04678362573097), 'creation_tools': np.float64(68.41254457281414), 'opportunity_response': np.float64(84.47428571428571), 'age_trajectory': np.float64(40.01)}",High
John Collins,2024-25,19.53,39.23,Role Player,Limited Scaling,Fragile Star,-0.056375,1,7,Hides,False,"Fragile Star: high usage (23.4%), low CII (19.5), extreme hiding (-0.056), no creation tools","{'self_created': np.float64(14.08), 'pressure_appetite': np.float64(23.22), 'difficulty_embrace': np.float64(10.67), 'defensive_survival': np.float64(32.99), 'force_multiplication': np.float64(24.23)}","{'scaling_efficiency': np.float64(21.849934820685103), 'pressure_appetite': np.float64(17.200000000000003), 'creation_tools': np.float64(40.240629560141755), 'opportunity_response': np.float64(87.75714285714285), 'age_trajectory': np.float64(71.66)}",High
Johnny Juzang,2024-25,17.58,40.52,Role Player,Limited Scaling,Role Player,-0.0389999999999999,0,1,Hides,False,"Low CII 17.6, low TII 40.5","{'self_created': np.float64(8.79), 'pressure_appetite': np.float64(17.39), 'difficulty_embrace': np.float64(14.29), 'defensive_survival': np.float64(47.45), 'force_multiplication': np.float64(6.19)}","{'scaling_efficiency': np.float64(22.972818049659818), 'pressure_appetite': np.float64(24.40000000000004), 'creation_tools': np.float64(44.64928978600131), 'opportunity_response': np.float64(63.971428571428575), 'age_trajectory': np.float64(90.0)}",Medium
Jonas Valančiūnas,2024-25,24.77,36.1,Role Player,Limited Scaling,Fragile Star,-0.059299999999999985,1,9,Hides,True,"Fragile Star: high usage (22.2%), low CII (24.8), extreme hiding (-0.059)","{'self_created': np.float64(23.65), 'pressure_appetite': np.float64(31.35), 'difficulty_embrace': np.float64(12.8), 'defensive_survival': np.float64(30.18), 'force_multiplication': np.float64(27.54)}","{'scaling_efficiency': np.float64(29.29307952836139), 'pressure_appetite': np.float64(27.199999999999996), 'creation_tools': np.float64(30.03499597158134), 'opportunity_response': np.float64(76.72571428571429), 'age_trajectory': np.float64(30.0)}",High
Jonathan Kuminga,2024-25,30.35,44.04,Role Player,Limited Scaling,Fragile Star,-0.0603333333333333,0,3,Hides,False,"Fragile Star: high usage (27.1%), low CII (30.4), extreme hiding (-0.060), no creation tools","{'self_created': np.float64(25.15), 'pressure_appetite': np.float64(41.08), 'difficulty_embrace': np.float64(17.4), 'defensive_survival': np.float64(40.86), 'force_multiplication': np.float64(29.27)}","{'scaling_efficiency': np.float64(34.73510444602846), 'pressure_appetite': np.float64(27.199999999999996), 'creation_tools': np.float64(45.23022680226802), 'opportunity_response': np.float64(51.82857142857143), 'age_trajectory': np.int64(100)}",Medium
Jonathan Mogbo,2024-25,9.81,27.85,Role Player,Low Scaling,Role Player,-0.0639999999999999,0,1,Hides,False,"Low CII 9.8, low TII 27.9","{'self_created': np.float64(4.62), 'pressure_appetite': np.float64(10.0), 'difficulty_embrace': np.float64(5.79), 'defensive_survival': np.float64(20.72), 'force_multiplication': np.float64(16.6)}","{'scaling_efficiency': np.float64(9.049200023104026), 'pressure_appetite': np.float64(14.40000000000004), 'creation_tools': np.float64(23.803013737033922), 'opportunity_response': np.float64(48.48571428571428), 'age_trajectory': np.float64(95.0)}",Medium
Jordan Clarkson,2024-25,45.27,53.29,Fragile Star,Moderate Scaling,Fragile Star,-0.021000000000000008,4,6,Hides,False,"Negative career leverage (-0.021, 4+/6-), NO creation tools: Fundamental skill gaps","{'self_created': np.float64(44.72), 'pressure_appetite': np.float64(50.83), 'difficulty_embrace': np.float64(36.96), 'defensive_survival': np.float64(55.76), 'force_multiplication': np.float64(33.88)}","{'scaling_efficiency': np.float64(45.86091019474967), 'pressure_appetite': np.float64(59.59851301115241), 'creation_tools': np.float64(68.1999138634509), 'opportunity_response': np.float64(53.28571428571429), 'age_trajectory': np.float64(30.0)}",High
Jordan Hawkins,2024-25,21.17,35.83,Role Player,Limited Scaling,Role Player,-0.0949999999999999,0,1,Hides,True,"Low CII 21.2, low TII 35.8","{'self_created': np.float64(16.8), 'pressure_appetite': np.float64(11.5), 'difficulty_embrace': np.float64(33.86), 'defensive_survival': np.float64(39.35), 'force_multiplication': np.float64(5.82)}","{'scaling_efficiency': np.float64(18.673339649183244), 'pressure_appetite': np.float64(2.0000000000000417), 'creation_tools': np.float64(62.706862745098036), 'opportunity_response': np.float64(51.22857142857143), 'age_trajectory': np.float64(95.0)}",Medium
Jordan Poole,2024-25,66.12,76.84,Luxury Amplifier,High Scaling,Fragile Star,0.0076,1,4,Mixed,False,"Mixed career leverage (+0.008), NO tools: Empty stats","{'self_created': np.float64(62.58), 'pressure_appetite': np.float64(85.67), 'difficulty_embrace': np.float64(48.49), 'defensive_survival': np.float64(72.57), 'force_multiplication': np.float64(53.45)}","{'scaling_efficiency': np.float64(66.6931914372248), 'pressure_appetite': np.float64(86.91921708185052), 'creation_tools': np.float64(73.55), 'opportunity_response': np.float64(83.72), 'age_trajectory': np.float64(78.33)}",High
Jose Alvarado,2024-25,21.71,45.57,Role Player,Limited Scaling,Role Player,-0.059999999999999956,0,2,Hides,False,"Low CII 21.7, low TII 45.6","{'self_created': np.float64(28.25), 'pressure_appetite': np.float64(14.67), 'difficulty_embrace': np.float64(24.21), 'defensive_survival': np.float64(22.6), 'force_multiplication': np.float64(13.37)}","{'scaling_efficiency': np.float64(46.90267507253036), 'pressure_appetite': np.float64(14.0), 'creation_tools': np.float64(65.21032688824297), 'opportunity_response': np.float64(51.91428571428571), 'age_trajectory': np.float64(71.66)}",Medium
Josh Giddey,2024-25,32.96,67.18,Role Player,High Scaling,Role Player,-0.0277499999999999,0,4,Hides,False,"Low CII 33.0, low TII 67.2, no creation tools","{'self_created': np.float64(32.43), 'pressure_appetite': np.float64(37.29), 'difficulty_embrace': np.float64(19.1), 'defensive_survival': np.float64(44.59), 'force_multiplication': np.float64(33.99)}","{'scaling_efficiency': np.float64(69.3031655110039), 'pressure_appetite': np.float64(51.73831775700938), 'creation_tools': np.float64(62.5858103487577), 'opportunity_response': np.float64(72.88571428571429), 'age_trajectory': np.int64(100)}",High
Josh Green,2024-25,11.48,34.58,Role Player,Low Scaling,Role Player,-0.019000000000000034,1,2,Mixed,False,"Low CII 11.5, low TII 34.6","{'self_created': np.float64(2.92), 'pressure_appetite': np.float64(10.0), 'difficulty_embrace': np.float64(8.47), 'defensive_survival': np.float64(38.0), 'force_multiplication': np.float64(7.15)}","{'scaling_efficiency': np.float64(14.630032786885252), 'pressure_appetite': np.float64(22.400000000000002), 'creation_tools': np.float64(32.35265111346766), 'opportunity_response': np.float64(60.82857142857143), 'age_trajectory': np.float64(90.0)}",Medium
Josh Hart,2024-25,28.28,65.59,Role Player,High Scaling,Role Player,-0.013374999999999988,3,5,Mixed,False,"Low CII 28.3, low TII 65.6, no creation tools","{'self_created': np.float64(24.21), 'pressure_appetite': np.float64(39.14), 'difficulty_embrace': np.float64(17.77), 'defensive_survival': np.float64(34.3), 'force_multiplication': np.float64(25.3)}","{'scaling_efficiency': np.float64(66.74333579286493), 'pressure_appetite': np.float64(59.973509933774835), 'creation_tools': np.float64(59.69006891724546), 'opportunity_response': np.float64(92.0), 'age_trajectory': np.float64(48.34)}",High
Jrue Holiday,2024-25,28.18,53.94,Role Player,Moderate Scaling,Strong Creator,0.020399999999999984,8,2,Steps Up,False,"Positive career leverage (+0.020), CII 28.2 still developing (Age 35 > 25, reclassified from Developing Engine)","{'self_created': np.float64(23.99), 'pressure_appetite': np.float64(28.27), 'difficulty_embrace': np.float64(20.77), 'defensive_survival': np.float64(56.17), 'force_multiplication': np.float64(13.41)}","{'scaling_efficiency': np.float64(53.37665207421303), 'pressure_appetite': np.float64(61.06410256410256), 'creation_tools': np.float64(55.86375859912445), 'opportunity_response': np.float64(63.22857142857143), 'age_trajectory': np.int64(20)}",High
Julian Champagnie,2024-25,13.44,38.04,Role Player,Limited Scaling,Role Player,-0.06,0,2,Hides,False,"Low CII 13.4, low TII 38.0","{'self_created': np.float64(3.06), 'pressure_appetite': np.float64(15.96), 'difficulty_embrace': np.float64(7.3), 'defensive_survival': np.float64(43.88), 'force_multiplication': np.float64(4.87)}","{'scaling_efficiency': np.float64(20.681061380885705), 'pressure_appetite': np.float64(25.200000000000003), 'creation_tools': np.float64(32.259230616696414), 'opportunity_response': np.float64(67.22857142857143), 'age_trajectory': np.float64(90.0)}",Medium
Julius Randle,2024-25,31.38,49.83,Role Player,Limited Scaling,Luxury Amplifier,-0.02319999999999996,2,8,Hides,True,"Negative career leverage (-0.023, 2+/8-) BUT has creation tools: Thrives as #2","{'self_created': np.float64(39.93), 'pressure_appetite': np.float64(20.67), 'difficulty_embrace': np.float64(23.93), 'defensive_survival': np.float64(36.62), 'force_multiplication': np.float64(39.57)}","{'scaling_efficiency': np.float64(59.818566179190604), 'pressure_appetite': np.float64(7.2000000000000375), 'creation_tools': np.float64(59.50151695419393), 'opportunity_response': np.float64(89.0), 'age_trajectory': np.float64(48.34)}",High
Justin Champagnie,2024-25,20.85,46.86,Role Player,Limited Scaling,Role Player,-0.003,0,1,Mixed,False,"Low CII 20.9, low TII 46.9","{'self_created': np.float64(11.14), 'pressure_appetite': np.float64(31.63), 'difficulty_embrace': np.float64(4.26), 'defensive_survival': np.float64(53.83), 'force_multiplication': np.float64(6.75)}","{'scaling_efficiency': np.float64(19.325977695167285), 'pressure_appetite': np.float64(64.64), 'creation_tools': np.float64(17.720460704607046), 'opportunity_response': np.float64(82.36571428571429), 'age_trajectory': np.float64(90.0)}",Medium
Justin Edwards,2024-25,16.75,41.94,Role Player,Limited Scaling,Role Player,-0.1,0,1,Hides,False,"Low CII 16.8, low TII 41.9","{'self_created': np.float64(16.45), 'pressure_appetite': np.float64(10.0), 'difficulty_embrace': np.float64(17.71), 'defensive_survival': np.float64(37.3), 'force_multiplication': np.float64(1.75)}","{'scaling_efficiency': np.float64(40.91406808399636), 'pressure_appetite': np.float64(0.0), 'creation_tools': np.float64(53.74807834441981), 'opportunity_response': np.float64(59.457142857142856), 'age_trajectory': np.int64(100)}",Medium
Jusuf Nurkić,2024-25,12.66,21.14,Role Player,Low Scaling,Role Player,-0.038714285714285715,1,6,Hides,False,"Low CII 12.7, low TII 21.1, no creation tools","{'self_created': np.float64(7.28), 'pressure_appetite': np.float64(11.0), 'difficulty_embrace': np.float64(2.67), 'defensive_survival': np.float64(26.22), 'force_multiplication': np.float64(32.58)}","{'scaling_efficiency': np.float64(14.724381629002602), 'pressure_appetite': np.float64(1.6000000000000014), 'creation_tools': np.float64(16.330825887466794), 'opportunity_response': np.float64(54.82857142857143), 'age_trajectory': np.float64(48.34)}",High
KJ Martin,2024-25,6.68,35.53,Role Player,Limited Scaling,Role Player,-0.04175,0,4,Hides,False,"Low CII 6.7, low TII 35.5, no creation tools","{'self_created': np.float64(0.92), 'pressure_appetite': np.float64(10.0), 'difficulty_embrace': np.float64(0.7), 'defensive_survival': np.float64(22.63), 'force_multiplication': np.float64(3.71)}","{'scaling_efficiency': np.float64(19.498199639039285), 'pressure_appetite': np.float64(26.799999999999997), 'creation_tools': np.float64(8.433333333333334), 'opportunity_response': np.float64(81.98857142857142), 'age_trajectory': np.float64(90.0)}",High
KJ Simpson,2024-25,40.16,62.11,Fragile Star,Moderate Scaling,Developing Prospect,0.039,1,0,Steps Up,False,"Low CII 40.2, moderate TII 62.1","{'self_created': np.float64(28.96), 'pressure_appetite': np.float64(58.61), 'difficulty_embrace': np.float64(24.59), 'defensive_survival': np.float64(61.57), 'force_multiplication': np.float64(26.7)}","{'scaling_efficiency': np.float64(38.84802431610942), 'pressure_appetite': np.float64(81.94893617021276), 'creation_tools': np.float64(61.564063310845874), 'opportunity_response': np.float64(51.05714285714285), 'age_trajectory': np.int64(100)}",Medium
Karl-Anthony Towns,2024-25,20.61,36.21,Role Player,Limited Scaling,Fragile Star,-0.034099999999999984,2,8,Hides,False,"Fragile Star: high usage (26.5%), high minutes (35.0), low CII (20.6), no creation tools","{'self_created': np.float64(21.41), 'pressure_appetite': np.float64(16.17), 'difficulty_embrace': np.float64(12.31), 'defensive_survival': np.float64(22.57), 'force_multiplication': np.float64(42.94)}","{'scaling_efficiency': np.float64(35.580154373927954), 'pressure_appetite': np.float64(0.0), 'creation_tools': np.float64(34.8277726645191), 'opportunity_response': np.float64(86.0), 'age_trajectory': np.float64(56.67)}",High
Kawhi Leonard,2024-25,50.06,57.39,Fragile Star,Moderate Scaling,Strong Creator,0.04042857142857142,5,2,Steps Up,True,"Positive career leverage (+0.040), CII 50.1: Stepping up consistently","{'self_created': np.float64(60.78), 'pressure_appetite': np.float64(38.62), 'difficulty_embrace': np.float64(58.8), 'defensive_survival': np.float64(42.7), 'force_multiplication': np.float64(40.1)}","{'scaling_efficiency': np.float64(62.43832702730341), 'pressure_appetite': np.float64(22.800000000000004), 'creation_tools': np.float64(87.8), 'opportunity_response': np.float64(86.0), 'age_trajectory': np.float64(25.0)}",High
Keegan Murray,2024-25,11.74,34.56,Role Player,Low Scaling,Role Player,-0.0886666666666666,0,3,Hides,False,"Low CII 11.7, low TII 34.6","{'self_created': np.float64(7.65), 'pressure_appetite': np.float64(10.0), 'difficulty_embrace': np.float64(14.41), 'defensive_survival': np.float64(27.0), 'force_multiplication': np.float64(0.1)}","{'scaling_efficiency': np.float64(19.645110147883738), 'pressure_appetite': np.float64(0.8000000000000407), 'creation_tools': np.float64(47.50912986156888), 'opportunity_response': np.float64(66.39999999999999), 'age_trajectory': np.float64(90.0)}",Medium
Keldon Johnson,2024-25,16.82,34.6,Role Player,Low Scaling,Role Player,-0.02799999999999996,1,4,Hides,False,"Low CII 16.8, low TII 34.6, no creation tools","{'self_created': np.float64(13.9), 'pressure_appetite': np.float64(16.5), 'difficulty_embrace': np.float64(5.11), 'defensive_survival': np.float64(34.63), 'force_multiplication': np.float64(23.09)}","{'scaling_efficiency': np.float64(25.70207585568917), 'pressure_appetite': np.float64(12.800000000000043), 'creation_tools': np.float64(25.31443580377833), 'opportunity_response': np.float64(67.48571428571428), 'age_trajectory': np.float64(85.0)}",High
Kelly Olynyk,2024-25,40.73,52.1,Fragile Star,Moderate Scaling,Role Player,-0.0056249999999999755,2,6,Mixed,False,"Low CII 40.7, low TII 52.1, no creation tools","{'self_created': np.float64(21.97), 'pressure_appetite': np.float64(77.67), 'difficulty_embrace': np.float64(8.26), 'defensive_survival': np.float64(64.38), 'force_multiplication': np.float64(34.16)}","{'scaling_efficiency': np.float64(22.77632432432432), 'pressure_appetite': np.float64(97.1), 'creation_tools': np.float64(31.693990331795213), 'opportunity_response': np.float64(81.04571428571428), 'age_trajectory': np.float64(25.0)}",High
Kelly Oubre Jr.,2024-25,21.24,37.2,Role Player,Limited Scaling,Role Player,-0.0543333333333333,0,9,Hides,False,"Low CII 21.2, low TII 37.2, no creation tools","{'self_created': np.float64(20.93), 'pressure_appetite': np.float64(20.25), 'difficulty_embrace': np.float64(11.4), 'defensive_survival': np.float64(34.11), 'force_multiplication': np.float64(25.06)}","{'scaling_efficiency': np.float64(24.800935656373994), 'pressure_appetite': np.float64(24.400000000000006), 'creation_tools': np.float64(39.98934784509135), 'opportunity_response': np.float64(66.65714285714286), 'age_trajectory': np.float64(56.67)}",High
Kentavious Caldwell-Pope,2024-25,17.03,50.38,Role Player,Moderate Scaling,Luxury Amplifier,-0.01655555555555553,2,7,Mixed,True,"Negative career leverage (-0.017, 2+/7-) BUT has creation tools: Thrives as #2","{'self_created': np.float64(8.38), 'pressure_appetite': np.float64(16.57), 'difficulty_embrace': np.float64(27.39), 'defensive_survival': np.float64(28.87), 'force_multiplication': np.float64(5.62)}","{'scaling_efficiency': np.float64(43.69858643250687), 'pressure_appetite': np.float64(45.32231404958678), 'creation_tools': np.float64(65.42106430155211), 'opportunity_response': np.float64(62.37142857142857), 'age_trajectory': np.float64(35.0)}",High
Keon Ellis,2024-25,13.45,51.84,Role Player,Moderate Scaling,Role Player,-0.02299999999999995,0,2,Hides,False,"Low CII 13.4, low TII 51.8","{'self_created': np.float64(4.77), 'pressure_appetite': np.float64(17.53), 'difficulty_embrace': np.float64(9.8), 'defensive_survival': np.float64(33.51), 'force_multiplication': np.float64(6.53)}","{'scaling_efficiency': np.float64(32.87177242888402), 'pressure_appetite': np.float64(45.408), 'creation_tools': np.float64(46.853658536585364), 'opportunity_response': np.float64(85.00571428571428), 'age_trajectory': np.float64(85.0)}",Medium
Keon Johnson,2024-25,27.35,44.89,Role Player,Limited Scaling,Role Player,-0.03449999999999995,1,1,Hides,False,"Low CII 27.4, low TII 44.9","{'self_created': np.float64(13.29), 'pressure_appetite': np.float64(45.92), 'difficulty_embrace': np.float64(14.84), 'defensive_survival': np.float64(41.86), 'force_multiplication': np.float64(26.31)}","{'scaling_efficiency': np.float64(14.518726114649679), 'pressure_appetite': np.float64(60.41509433962264), 'creation_tools': np.float64(40.737666820064426), 'opportunity_response': np.float64(51.91428571428571), 'age_trajectory': np.float64(95.0)}",Medium
Kessler Edwards,2024-25,14.02,42.35,Role Player,Limited Scaling,Role Player,-0.01500000000000005,1,1,Mixed,False,"Low CII 14.0, low TII 42.4","{'self_created': np.float64(1.15), 'pressure_appetite': np.float64(33.08), 'difficulty_embrace': np.float64(3.09), 'defensive_survival': np.float64(28.26), 'force_multiplication': np.float64(5.45)}","{'scaling_efficiency': np.float64(17.83432554796981), 'pressure_appetite': np.float64(60.70909090909089), 'creation_tools': np.float64(18.127900960827787), 'opportunity_response': np.float64(61.331428571428575), 'age_trajectory': np.float64(90.0)}",Medium
Kevin Durant,2024-25,62.1,70.38,Luxury Amplifier,High Scaling,Strong Creator,0.04288888888888887,8,1,Steps Up,True,"Positive career leverage (+0.043, 8+/1-), CII 62.1, TII 70.4: Can be #1 (Age 36 > 28, reclassified from Latent Engine)","{'self_created': np.float64(58.47), 'pressure_appetite': np.float64(70.27), 'difficulty_embrace': np.float64(57.73), 'defensive_survival': np.float64(68.35), 'force_multiplication': np.float64(51.93)}","{'scaling_efficiency': np.float64(66.13719202110475), 'pressure_appetite': np.float64(76.55618374558304), 'creation_tools': np.float64(82.5), 'opportunity_response': np.float64(86.0), 'age_trajectory': np.int64(20)}",High
Kevin Huerter,2024-25,13.22,36.52,Role Player,Limited Scaling,Role Player,-0.041142857142857134,0,6,Hides,False,"Low CII 13.2, low TII 36.5, no creation tools","{'self_created': np.float64(7.71), 'pressure_appetite': np.float64(14.17), 'difficulty_embrace': np.float64(14.51), 'defensive_survival': np.float64(26.48), 'force_multiplication': np.float64(4.92)}","{'scaling_efficiency': np.float64(18.319189326348535), 'pressure_appetite': np.float64(21.6), 'creation_tools': np.float64(50.06025293586269), 'opportunity_response': np.float64(51.82857142857143), 'age_trajectory': np.float64(78.33)}",High
Kevin Porter Jr.,2024-25,39.74,53.96,Role Player,Moderate Scaling,Luxury Amplifier,-0.0011999999999999789,2,3,Mixed,True,"Negative career leverage (-0.001, 2+/3-) BUT has creation tools: Thrives as #2","{'self_created': np.float64(47.21), 'pressure_appetite': np.float64(26.38), 'difficulty_embrace': np.float64(42.8), 'defensive_survival': np.float64(51.11), 'force_multiplication': np.float64(27.6)}","{'scaling_efficiency': np.float64(58.32000000000001), 'pressure_appetite': np.float64(17.200000000000042), 'creation_tools': np.float64(82.3397718332022), 'opportunity_response': np.float64(47.971428571428575), 'age_trajectory': np.float64(85.0)}",High
Keyonte George,2024-25,52.06,67.54,Fragile Star,High Scaling,Strong Creator,0.08499999999999999,2,0,Steps Up,False,"CII 52.1, TII 67.5","{'self_created': np.float64(43.87), 'pressure_appetite': np.float64(72.6), 'difficulty_embrace': np.float64(46.54), 'defensive_survival': np.float64(47.85), 'force_multiplication': np.float64(42.59)}","{'scaling_efficiency': np.float64(51.292824494533605), 'pressure_appetite': np.float64(73.8789029535865), 'creation_tools': np.float64(74.93333333333334), 'opportunity_response': np.float64(58.0), 'age_trajectory': np.int64(100)}",Medium
Khris Middleton,2024-25,53.31,71.05,Fragile Star,High Scaling,Strong Creator,0.009888888888888893,6,3,Mixed,True,"Mixed career leverage (+0.010), CII 53.3, TII 71.0 + Tools: High potential (Age 33 > 28, reclassified from Latent Engine)","{'self_created': np.float64(49.36), 'pressure_appetite': np.float64(69.0), 'difficulty_embrace': np.float64(49.63), 'defensive_survival': np.float64(51.29), 'force_multiplication': np.float64(36.29)}","{'scaling_efficiency': np.float64(72.97576834777458), 'pressure_appetite': np.float64(75.94615384615385), 'creation_tools': np.float64(78.85), 'opportunity_response': np.float64(75.99714285714286), 'age_trajectory': np.float64(30.0)}",High
Klay Thompson,2024-25,26.84,39.37,Role Player,Limited Scaling,Luxury Amplifier,-0.05774999999999998,0,8,Hides,True,"Negative career leverage (-0.058, 0+/8-) BUT has creation tools: Thrives as #2","{'self_created': np.float64(15.75), 'pressure_appetite': np.float64(23.88), 'difficulty_embrace': np.float64(35.73), 'defensive_survival': np.float64(52.21), 'force_multiplication': np.float64(11.71)}","{'scaling_efficiency': np.float64(31.69391687561736), 'pressure_appetite': np.float64(22.000000000000036), 'creation_tools': np.float64(66.50404604513335), 'opportunity_response': np.float64(60.4), 'age_trajectory': np.int64(20)}",High
Kris Dunn,2024-25,14.6,37.53,Role Player,Limited Scaling,Role Player,-0.03257142857142857,1,6,Hides,False,"Low CII 14.6, low TII 37.5, no creation tools","{'self_created': np.float64(9.76), 'pressure_appetite': np.float64(26.76), 'difficulty_embrace': np.float64(6.07), 'defensive_survival': np.float64(21.8), 'force_multiplication': np.float64(4.93)}","{'scaling_efficiency': np.float64(15.564244787120556), 'pressure_appetite': np.float64(52.095238095238095), 'creation_tools': np.float64(40.44679313459801), 'opportunity_response': np.float64(51.65714285714286), 'age_trajectory': np.float64(40.01)}",High
Kris Murray,2024-25,11.03,27.13,Role Player,Low Scaling,Role Player,-0.062,0,2,Hides,False,"Low CII 11.0, low TII 27.1","{'self_created': np.float64(6.77), 'pressure_appetite': np.float64(10.0), 'difficulty_embrace': np.float64(2.77), 'defensive_survival': np.float64(35.59), 'force_multiplication': np.float64(6.07)}","{'scaling_efficiency': np.float64(7.588690576280957), 'pressure_appetite': np.float64(20.0), 'creation_tools': np.float64(21.289858793324775), 'opportunity_response': np.float64(43.94285714285714), 'age_trajectory': np.float64(90.0)}",Medium
Kristaps Porziņģis,2024-25,18.02,36.89,Role Player,Limited Scaling,Fragile Star,-0.03288888888888884,2,7,Hides,False,"Fragile Star: high usage (25.3%), low CII (18.0), no creation tools","{'self_created': np.float64(4.66), 'pressure_appetite': np.float64(21.67), 'difficulty_embrace': np.float64(12.36), 'defensive_survival': np.float64(35.93), 'force_multiplication': np.float64(33.38)}","{'scaling_efficiency': np.float64(34.36070810095738), 'pressure_appetite': np.float64(6.800000000000046), 'creation_tools': np.float64(31.44634949709181), 'opportunity_response': np.float64(86.15428571428572), 'age_trajectory': np.float64(56.67)}",High
Kyle Filipowski,2024-25,26.73,49.91,Role Player,Limited Scaling,Role Player,0.011,1,0,Steps Up,False,"Low CII 26.7, low TII 49.9","{'self_created': np.float64(13.12), 'pressure_appetite': np.float64(44.42), 'difficulty_embrace': np.float64(3.57), 'defensive_survival': np.float64(54.08), 'force_multiplication': np.float64(28.63)}","{'scaling_efficiency': np.float64(18.463588079199834), 'pressure_appetite': np.float64(71.78695652173914), 'creation_tools': np.float64(26.315411806291976), 'opportunity_response': np.float64(74.39428571428572), 'age_trajectory': np.int64(100)}",Medium
Kyle Kuzma,2024-25,23.74,36.89,Role Player,Limited Scaling,Fragile Star,-0.023249999999999986,2,6,Hides,False,"Fragile Star: high usage (23.3%), low CII (23.7), no creation tools","{'self_created': np.float64(20.24), 'pressure_appetite': np.float64(23.41), 'difficulty_embrace': np.float64(21.6), 'defensive_survival': np.float64(31.56), 'force_multiplication': np.float64(27.62)}","{'scaling_efficiency': np.float64(26.734805086924705), 'pressure_appetite': np.float64(17.6), 'creation_tools': np.float64(51.60826790885935), 'opportunity_response': np.float64(56.542857142857144), 'age_trajectory': np.float64(56.67)}",High
Kyrie Irving,2024-25,64.69,70.1,Luxury Amplifier,High Scaling,Strong Creator,0.07089999999999996,10,0,Steps Up,True,"Positive career leverage (+0.071, 10+/0-), CII 64.7, TII 70.1: Can be #1 (Age 33 > 28, reclassified from Latent Engine)","{'self_created': np.float64(71.1), 'pressure_appetite': np.float64(69.67), 'difficulty_embrace': np.float64(59.16), 'defensive_survival': np.float64(60.25), 'force_multiplication': np.float64(50.77)}","{'scaling_efficiency': np.float64(68.84555700043346), 'pressure_appetite': np.float64(70.13333333333331), 'creation_tools': np.float64(80.08333333333334), 'opportunity_response': np.float64(86.0), 'age_trajectory': np.float64(30.0)}",High
Kyshawn George,2024-25,14.71,35.62,Role Player,Limited Scaling,Role Player,-0.0559999999999999,0,1,Hides,False,"Low CII 14.7, low TII 35.6","{'self_created': np.float64(9.76), 'pressure_appetite': np.float64(10.0), 'difficulty_embrace': np.float64(13.6), 'defensive_survival': np.float64(39.25), 'force_multiplication': np.float64(6.73)}","{'scaling_efficiency': np.float64(14.39367270945615), 'pressure_appetite': np.float64(17.600000000000044), 'creation_tools': np.float64(44.21641651031895), 'opportunity_response': np.float64(53.71428571428571), 'age_trajectory': np.int64(100)}",Medium
LaMelo Ball,2024-25,59.19,56.36,Luxury Amplifier,Moderate Scaling,Luxury Amplifier,-0.06459999999999996,0,5,Hides,True,"Negative career leverage (-0.065, 0+/5-) BUT has creation tools: Thrives as #2","{'self_created': np.float64(68.4), 'pressure_appetite': np.float64(50.28), 'difficulty_embrace': np.float64(72.37), 'defensive_survival': np.float64(48.4), 'force_multiplication': np.float64(43.63)}","{'scaling_efficiency': np.float64(52.831874062666714), 'pressure_appetite': np.float64(22.400000000000002), 'creation_tools': np.float64(75.71666666666667), 'opportunity_response': np.float64(68.42857142857143), 'age_trajectory': np.float64(95.0)}",High
Larry Nance Jr.,2024-25,20.39,42.89,Role Player,Limited Scaling,Role Player,-0.020666666666666667,3,6,Hides,False,"Low CII 20.4, low TII 42.9, no creation tools","{'self_created': np.float64(0.74), 'pressure_appetite': np.float64(40.81), 'difficulty_embrace': np.float64(3.8), 'defensive_survival': np.float64(54.32), 'force_multiplication': np.float64(10.57)}","{'scaling_efficiency': np.float64(20.36133758714404), 'pressure_appetite': np.float64(73.04516129032258), 'creation_tools': np.float64(14.937319695777603), 'opportunity_response': np.float64(80.19714285714286), 'age_trajectory': np.float64(35.0)}",High
Lauri Markkanen,2024-25,21.93,41.67,Role Player,Limited Scaling,Fragile Star,-0.024874999999999987,0,8,Hides,False,"Fragile Star: high usage (23.1%), low CII (21.9), no creation tools","{'self_created': np.float64(5.68), 'pressure_appetite': np.float64(42.57), 'difficulty_embrace': np.float64(11.5), 'defensive_survival': np.float64(33.88), 'force_multiplication': np.float64(22.01)}","{'scaling_efficiency': np.float64(18.765650525298863), 'pressure_appetite': np.float64(49.88744588744588), 'creation_tools': np.float64(32.15076373491007), 'opportunity_response': np.float64(70.91428571428571), 'age_trajectory': np.float64(64.99000000000001)}",High
LeBron James,2024-25,59.59,71.18,Luxury Amplifier,High Scaling,Strong Creator,0.0558,10,0,Steps Up,True,"Positive career leverage (+0.056, 10+/0-), CII 59.6, TII 71.2: Can be #1 (Age 40 > 28, reclassified from Latent Engine)","{'self_created': np.float64(63.07), 'pressure_appetite': np.float64(58.32), 'difficulty_embrace': np.float64(49.44), 'defensive_survival': np.float64(68.66), 'force_multiplication': np.float64(59.06)}","{'scaling_efficiency': np.float64(76.88708926497547), 'pressure_appetite': np.float64(67.62474226804123), 'creation_tools': np.float64(81.55), 'opportunity_response': np.float64(86.0), 'age_trajectory': np.int64(20)}",High
Lindy Waters III,2024-25,20.75,41.44,Role Player,Limited Scaling,Role Player,0.03,1,0,Steps Up,False,"Low CII 20.8, low TII 41.4","{'self_created': np.float64(3.47), 'pressure_appetite': np.float64(49.91), 'difficulty_embrace': np.float64(11.21), 'defensive_survival': np.float64(26.53), 'force_multiplication': np.float64(10.09)}","{'scaling_efficiency': np.float64(8.499499054650219), 'pressure_appetite': np.float64(68.13793103448276), 'creation_tools': np.float64(40.53280067283432), 'opportunity_response': np.float64(43.857142857142854), 'age_trajectory': np.float64(71.66)}",Medium
Lonzo Ball,2024-25,15.74,42.62,Role Player,Limited Scaling,Role Player,-0.023833333333333335,1,5,Hides,False,"Low CII 15.7, low TII 42.6, no creation tools","{'self_created': np.float64(7.73), 'pressure_appetite': np.float64(21.32), 'difficulty_embrace': np.float64(12.83), 'defensive_survival': np.float64(33.7), 'force_multiplication': np.float64(4.73)}","{'scaling_efficiency': np.float64(17.843138722462903), 'pressure_appetite': np.float64(48.06140350877197), 'creation_tools': np.float64(52.890971330765936), 'opportunity_response': np.float64(50.028571428571425), 'age_trajectory': np.float64(71.66)}",High
Luguentz Dort,2024-25,17.25,50.39,Role Player,Moderate Scaling,Role Player,-0.028833333333333298,2,4,Hides,False,"Low CII 17.2, low TII 50.4, no creation tools","{'self_created': np.float64(6.11), 'pressure_appetite': np.float64(31.12), 'difficulty_embrace': np.float64(13.19), 'defensive_survival': np.float64(29.35), 'force_multiplication': np.float64(5.96)}","{'scaling_efficiency': np.float64(25.62533686328496), 'pressure_appetite': np.float64(54.651127819548876), 'creation_tools': np.float64(50.135537013264866), 'opportunity_response': np.float64(74.53142857142858), 'age_trajectory': np.float64(78.33)}",High
Luka Dončić,2024-25,63.44,63.28,Luxury Amplifier,Moderate Scaling,Luxury Amplifier,-0.0174285714285714,2,5,Mixed,True,"Negative career leverage (-0.017, 2+/5-) BUT has creation tools: Thrives as #2","{'self_created': np.float64(84.04), 'pressure_appetite': np.float64(41.67), 'difficulty_embrace': np.float64(77.33), 'defensive_survival': np.float64(46.93), 'force_multiplication': np.float64(53.05)}","{'scaling_efficiency': np.float64(73.60547896783316), 'pressure_appetite': np.float64(15.600000000000001), 'creation_tools': np.float64(82.85), 'opportunity_response': np.float64(86.0), 'age_trajectory': np.float64(78.33)}",High
Malcolm Brogdon,2024-25,31.4,46.05,Role Player,Limited Scaling,Luxury Amplifier,-0.006333333333333378,5,4,Mixed,True,"Negative career leverage (-0.006, 5+/4-) BUT has creation tools: Thrives as #2","{'self_created': np.float64(39.29), 'pressure_appetite': np.float64(27.65), 'difficulty_embrace': np.float64(25.89), 'defensive_survival': np.float64(31.27), 'force_multiplication': np.float64(28.28)}","{'scaling_efficiency': np.float64(55.756744373638796), 'pressure_appetite': np.float64(22.0), 'creation_tools': np.float64(63.24512195121951), 'opportunity_response': np.float64(51.14285714285714), 'age_trajectory': np.float64(35.0)}",High
Malik Beasley,2024-25,24.8,49.34,Role Player,Limited Scaling,Role Player,-0.04614285714285706,0,7,Hides,False,"Low CII 24.8, low TII 49.3, no creation tools","{'self_created': np.float64(15.25), 'pressure_appetite': np.float64(26.34), 'difficulty_embrace': np.float64(27.07), 'defensive_survival': np.float64(46.54), 'force_multiplication': np.float64(12.44)}","{'scaling_efficiency': np.float64(42.77506339201622), 'pressure_appetite': np.float64(24.000000000000004), 'creation_tools': np.float64(59.51830213650973), 'opportunity_response': np.float64(80.71142857142857), 'age_trajectory': np.float64(64.99000000000001)}",High
Malik Monk,2024-25,42.17,60.47,Fragile Star,Moderate Scaling,Luxury Amplifier,-0.020999999999999942,1,4,Hides,True,"Negative career leverage (-0.021, 1+/4-) BUT has creation tools: Thrives as #2","{'self_created': np.float64(38.7), 'pressure_appetite': np.float64(43.04), 'difficulty_embrace': np.float64(38.51), 'defensive_survival': np.float64(59.59), 'force_multiplication': np.float64(31.64)}","{'scaling_efficiency': np.float64(50.84594678330601), 'pressure_appetite': np.float64(61.49435028248591), 'creation_tools': np.float64(69.8), 'opportunity_response': np.float64(58.08571428571429), 'age_trajectory': np.float64(71.66)}",High
Marcus Sasser,2024-25,31.83,60.82,Role Player,Moderate Scaling,Developing Prospect,-0.05599999999999995,0,2,Hides,False,"Low CII 31.8, moderate TII 60.8","{'self_created': np.float64(43.4), 'pressure_appetite': np.float64(16.0), 'difficulty_embrace': np.float64(25.07), 'defensive_survival': np.float64(52.75), 'force_multiplication': np.float64(18.82)}","{'scaling_efficiency': np.float64(78.96190476190476), 'pressure_appetite': np.float64(19.60000000000004), 'creation_tools': np.float64(65.25238250510847), 'opportunity_response': np.float64(67.88857142857142), 'age_trajectory': np.float64(90.0)}",Medium
Marcus Smart,2024-25,22.17,35.19,Role Player,Limited Scaling,Role Player,-0.03266666666666662,1,8,Hides,False,"Low CII 22.2, low TII 35.2, no creation tools","{'self_created': np.float64(20.26), 'pressure_appetite': np.float64(26.77), 'difficulty_embrace': np.float64(15.54), 'defensive_survival': np.float64(32.44), 'force_multiplication': np.float64(14.26)}","{'scaling_efficiency': np.float64(24.635272727272728), 'pressure_appetite': np.float64(27.599999999999998), 'creation_tools': np.float64(48.378085735402806), 'opportunity_response': np.float64(48.14285714285714), 'age_trajectory': np.float64(40.01)}",High
Mark Williams,2024-25,20.63,47.31,Role Player,Limited Scaling,Role Player,0.012333333333333335,2,1,Steps Up,False,"Low CII 20.6, low TII 47.3","{'self_created': np.float64(0.65), 'pressure_appetite': np.float64(38.81), 'difficulty_embrace': np.float64(3.0), 'defensive_survival': np.float64(49.24), 'force_multiplication': np.float64(27.48)}","{'scaling_efficiency': np.float64(20.882243059385917), 'pressure_appetite': np.float64(61.80952380952384), 'creation_tools': np.float64(15.152032520325204), 'opportunity_response': np.float64(87.08), 'age_trajectory': np.float64(95.0)}",Medium
Mason Plumlee,2024-25,13.96,38.22,Role Player,Limited Scaling,Role Player,-0.03037499999999995,0,8,Hides,False,"Low CII 14.0, low TII 38.2, no creation tools","{'self_created': np.float64(3.6), 'pressure_appetite': np.float64(22.14), 'difficulty_embrace': np.float64(0.4), 'defensive_survival': np.float64(44.76), 'force_multiplication': np.float64(5.48)}","{'scaling_efficiency': np.float64(21.443000421407504), 'pressure_appetite': np.float64(63.47619047619051), 'creation_tools': np.float64(10.668021680216803), 'opportunity_response': np.float64(78.59428571428572), 'age_trajectory': np.int64(20)}",High
Matas Buzelis,2024-25,8.16,28.2,Role Player,Low Scaling,Role Player,-0.1129999999999999,0,1,Hides,False,"Low CII 8.2, low TII 28.2","{'self_created': np.float64(2.37), 'pressure_appetite': np.float64(10.0), 'difficulty_embrace': np.float64(4.36), 'defensive_survival': np.float64(23.69), 'force_multiplication': np.float64(5.24)}","{'scaling_efficiency': np.float64(15.033256511444348), 'pressure_appetite': np.float64(0.0), 'creation_tools': np.float64(21.038460674661994), 'opportunity_response': np.float64(63.199999999999996), 'age_trajectory': np.int64(100)}",Medium
Max Christie,2024-25,22.88,52.4,Role Player,Moderate Scaling,Role Player,0.001,1,0,Mixed,False,"Low CII 22.9, low TII 52.4","{'self_created': np.float64(10.38), 'pressure_appetite': np.float64(33.9), 'difficulty_embrace': np.float64(14.11), 'defensive_survival': np.float64(47.31), 'force_multiplication': np.float64(13.73)}","{'scaling_efficiency': np.float64(27.60943820224718), 'pressure_appetite': np.float64(62.599999999999994), 'creation_tools': np.float64(47.01612466124661), 'opportunity_response': np.float64(60.4), 'age_trajectory': np.int64(100)}",Medium
Max Strus,2024-25,21.09,50.42,Role Player,Moderate Scaling,Role Player,-0.028499999999999977,1,3,Hides,False,"Low CII 21.1, low TII 50.4, no creation tools","{'self_created': np.float64(3.72), 'pressure_appetite': np.float64(38.62), 'difficulty_embrace': np.float64(6.86), 'defensive_survival': np.float64(54.48), 'force_multiplication': np.float64(7.77)}","{'scaling_efficiency': np.float64(29.101327935222667), 'pressure_appetite': np.float64(72.81538461538463), 'creation_tools': np.float64(30.169040309284213), 'opportunity_response': np.float64(78.54285714285714), 'age_trajectory': np.float64(56.67)}",High
Michael Porter Jr.,2024-25,18.67,48.72,Role Player,Limited Scaling,Role Player,-0.09299999999999999,0,5,Hides,False,"Low CII 18.7, low TII 48.7, no creation tools","{'self_created': np.float64(11.85), 'pressure_appetite': np.float64(12.5), 'difficulty_embrace': np.float64(25.07), 'defensive_survival': np.float64(41.15), 'force_multiplication': np.float64(8.04)}","{'scaling_efficiency': np.float64(48.2427704064217), 'pressure_appetite': np.float64(7.200000000000002), 'creation_tools': np.float64(57.383201271099), 'opportunity_response': np.float64(92.0), 'age_trajectory': np.float64(71.66)}",High
Mikal Bridges,2024-25,23.89,50.17,Role Player,Moderate Scaling,Luxury Amplifier,-0.024857142857142838,2,5,Hides,True,"Negative career leverage (-0.025, 2+/5-) BUT has creation tools: Thrives as #2","{'self_created': np.float64(20.77), 'pressure_appetite': np.float64(12.17), 'difficulty_embrace': np.float64(35.8), 'defensive_survival': np.float64(43.6), 'force_multiplication': np.float64(9.19)}","{'scaling_efficiency': np.float64(48.67518621973928), 'pressure_appetite': np.float64(8.400000000000002), 'creation_tools': np.float64(71.48333333333333), 'opportunity_response': np.float64(84.5), 'age_trajectory': np.float64(64.99000000000001)}",High
Mike Conley,2024-25,20.14,51.83,Role Player,Moderate Scaling,Strong Creator,0.023099999999999978,6,4,Steps Up,False,"Positive career leverage (+0.023), CII 20.1 still developing (Age 37 > 25, reclassified from Developing Engine)","{'self_created': np.float64(23.56), 'pressure_appetite': np.float64(10.83), 'difficulty_embrace': np.float64(22.1), 'defensive_survival': np.float64(33.02), 'force_multiplication': np.float64(9.93)}","{'scaling_efficiency': np.float64(65.51837389329253), 'pressure_appetite': np.float64(25.60000000000004), 'creation_tools': np.float64(67.76666666666667), 'opportunity_response': np.float64(68.17142857142858), 'age_trajectory': np.int64(20)}",High
Miles Bridges,2024-25,42.86,56.06,Fragile Star,Moderate Scaling,Fragile Star,-0.03,1,4,Hides,False,"Negative career leverage (-0.030, 1+/4-), NO creation tools: Fundamental skill gaps","{'self_created': np.float64(32.66), 'pressure_appetite': np.float64(53.83), 'difficulty_embrace': np.float64(31.09), 'defensive_survival': np.float64(60.19), 'force_multiplication': np.float64(43.55)}","{'scaling_efficiency': np.float64(41.25365236913625), 'pressure_appetite': np.float64(66.0), 'creation_tools': np.float64(56.47526579111945), 'opportunity_response': np.float64(58.17142857142857), 'age_trajectory': np.float64(71.66)}",High
Miles McBride,2024-25,32.58,58.49,Role Player,Moderate Scaling,Developing Prospect,-0.021,0,2,Hides,True,"Low CII 32.6, moderate TII 58.5","{'self_created': np.float64(26.26), 'pressure_appetite': np.float64(33.72), 'difficulty_embrace': np.float64(33.44), 'defensive_survival': np.float64(55.73), 'force_multiplication': np.float64(12.25)}","{'scaling_efficiency': np.float64(41.19350427350428), 'pressure_appetite': np.float64(60.66666666666667), 'creation_tools': np.float64(70.55), 'opportunity_response': np.float64(52.34285714285714), 'age_trajectory': np.float64(90.0)}",Medium
Moses Moody,2024-25,9.2,37.23,Role Player,Limited Scaling,Role Player,-0.06,0,1,Hides,False,"Low CII 9.2, low TII 37.2","{'self_created': np.float64(3.9), 'pressure_appetite': np.float64(11.67), 'difficulty_embrace': np.float64(6.83), 'defensive_survival': np.float64(18.17), 'force_multiplication': np.float64(10.21)}","{'scaling_efficiency': np.float64(23.536341005967596), 'pressure_appetite': np.float64(16.0), 'creation_tools': np.float64(33.75738880918221), 'opportunity_response': np.float64(66.11428571428571), 'age_trajectory': np.float64(95.0)}",Medium
Moussa Diabaté,2024-25,12.85,40.74,Role Player,Limited Scaling,Role Player,-0.004,0,1,Mixed,False,"Low CII 12.8, low TII 40.7","{'self_created': np.float64(6.78), 'pressure_appetite': np.float64(27.49), 'difficulty_embrace': np.float64(1.8), 'defensive_survival': np.float64(18.27), 'force_multiplication': np.float64(8.46)}","{'scaling_efficiency': np.float64(17.32445192307692), 'pressure_appetite': np.float64(52.11282051282051), 'creation_tools': np.float64(11.83552220137586), 'opportunity_response': np.float64(71.0), 'age_trajectory': np.float64(95.0)}",Medium
Myles Turner,2024-25,16.36,40.04,Role Player,Limited Scaling,Role Player,-0.043299999999999964,1,9,Hides,False,"Low CII 16.4, low TII 40.0, no creation tools","{'self_created': np.float64(3.16), 'pressure_appetite': np.float64(18.5), 'difficulty_embrace': np.float64(12.93), 'defensive_survival': np.float64(41.67), 'force_multiplication': np.float64(19.53)}","{'scaling_efficiency': np.float64(28.30590384983719), 'pressure_appetite': np.float64(17.600000000000044), 'creation_tools': np.float64(39.5635992301952), 'opportunity_response': np.float64(90.47428571428571), 'age_trajectory': np.float64(56.67)}",High
Naji Marshall,2024-25,26.35,45.23,Role Player,Limited Scaling,Role Player,-0.040666666666666636,0,3,Hides,False,"Low CII 26.4, low TII 45.2","{'self_created': np.float64(30.66), 'pressure_appetite': np.float64(18.55), 'difficulty_embrace': np.float64(14.54), 'defensive_survival': np.float64(47.62), 'force_multiplication': np.float64(24.59)}","{'scaling_efficiency': np.float64(38.62192995691032), 'pressure_appetite': np.float64(20.8), 'creation_tools': np.float64(45.87201312368454), 'opportunity_response': np.float64(80.71142857142857), 'age_trajectory': np.float64(71.66)}",Medium
Naz Reid,2024-25,28.05,51.03,Role Player,Moderate Scaling,Role Player,-0.0062500000000000255,2,2,Mixed,False,"Low CII 28.1, low TII 51.0, no creation tools","{'self_created': np.float64(11.2), 'pressure_appetite': np.float64(55.1), 'difficulty_embrace': np.float64(12.04), 'defensive_survival': np.float64(38.87), 'force_multiplication': np.float64(26.8)}","{'scaling_efficiency': np.float64(25.419994531784003), 'pressure_appetite': np.float64(65.67619047619046), 'creation_tools': np.float64(39.47818428184282), 'opportunity_response': np.float64(70.57142857142857), 'age_trajectory': np.float64(85.0)}",High
Nic Claxton,2024-25,15.21,33.33,Role Player,Low Scaling,Role Player,-0.057499999999999996,0,2,Hides,False,"Low CII 15.2, low TII 33.3","{'self_created': np.float64(12.47), 'pressure_appetite': np.float64(13.67), 'difficulty_embrace': np.float64(4.5), 'defensive_survival': np.float64(31.69), 'force_multiplication': np.float64(23.95)}","{'scaling_efficiency': np.float64(16.943822901361536), 'pressure_appetite': np.float64(22.400000000000002), 'creation_tools': np.float64(21.514017043784897), 'opportunity_response': np.float64(70.05714285714285), 'age_trajectory': np.float64(78.33)}",Medium
Nick Richards,2024-25,25.2,46.36,Role Player,Limited Scaling,Role Player,-0.024999999999999998,1,2,Hides,False,"Low CII 25.2, low TII 46.4","{'self_created': np.float64(13.91), 'pressure_appetite': np.float64(43.28), 'difficulty_embrace': np.float64(3.4), 'defensive_survival': np.float64(47.83), 'force_multiplication': np.float64(23.49)}","{'scaling_efficiency': np.float64(19.038832380081775), 'pressure_appetite': np.float64(73.2153846153846), 'creation_tools': np.float64(13.846995718477896), 'opportunity_response': np.float64(82.74285714285713), 'age_trajectory': np.float64(71.66)}",Medium
Nick Smith Jr.,2024-25,28.41,46.01,Role Player,Limited Scaling,Role Player,-0.04049999999999995,0,2,Hides,True,"Low CII 28.4, low TII 46.0","{'self_created': np.float64(25.08), 'pressure_appetite': np.float64(23.21), 'difficulty_embrace': np.float64(30.81), 'defensive_survival': np.float64(49.21), 'force_multiplication': np.float64(15.39)}","{'scaling_efficiency': np.float64(29.759955186909643), 'pressure_appetite': np.float64(23.20000000000004), 'creation_tools': np.float64(68.49033313503867), 'opportunity_response': np.float64(50.542857142857144), 'age_trajectory': np.int64(100)}",Medium
Nickeil Alexander-Walker,2024-25,14.9,42.25,Role Player,Limited Scaling,Role Player,0.008749999999999973,2,2,Mixed,False,"Mixed career leverage, no tools, low CII","{'self_created': np.float64(8.16), 'pressure_appetite': np.float64(11.5), 'difficulty_embrace': np.float64(15.17), 'defensive_survival': np.float64(38.57), 'force_multiplication': np.float64(7.57)}","{'scaling_efficiency': np.float64(29.022281262623338), 'pressure_appetite': np.float64(21.6), 'creation_tools': np.float64(50.05254392866509), 'opportunity_response': np.float64(68.68571428571428), 'age_trajectory': np.float64(78.33)}",High
Nicolas Batum,2024-25,8.39,24.83,Role Player,Low Scaling,Role Player,-0.03762499999999998,0,8,Hides,False,"Low CII 8.4, low TII 24.8, no creation tools","{'self_created': np.float64(0.38), 'pressure_appetite': np.float64(10.0), 'difficulty_embrace': np.float64(2.99), 'defensive_survival': np.float64(33.67), 'force_multiplication': np.float64(1.25)}","{'scaling_efficiency': np.float64(18.186666666666667), 'pressure_appetite': np.float64(10.000000000000004), 'creation_tools': np.float64(15.516489113166994), 'opportunity_response': np.float64(78.5), 'age_trajectory': np.int64(20)}",High
Nikola Jokić,2024-25,82.74,71.64,Franchise Engine,High Scaling,Franchise Engine,0.04439999999999998,7,3,Steps Up,False,CII 82.7 >= 74: Already elite creator,"{'self_created': np.float64(96.75), 'pressure_appetite': np.float64(85.17), 'difficulty_embrace': np.float64(83.59), 'defensive_survival': np.float64(57.31), 'force_multiplication': np.float64(71.09)}","{'scaling_efficiency': np.float64(76.00544593233616), 'pressure_appetite': np.float64(81.63508771929824), 'creation_tools': np.float64(53.458229924404506), 'opportunity_response': np.float64(86.0), 'age_trajectory': np.float64(48.34)}",High
Nikola Jović,2024-25,11.39,39.34,Role Player,Limited Scaling,Role Player,-0.03399999999999995,0,2,Hides,False,"Low CII 11.4, low TII 39.3","{'self_created': np.float64(4.96), 'pressure_appetite': np.float64(13.67), 'difficulty_embrace': np.float64(6.74), 'defensive_survival': np.float64(30.78), 'force_multiplication': np.float64(5.21)}","{'scaling_efficiency': np.float64(20.596624082910054), 'pressure_appetite': np.float64(17.600000000000044), 'creation_tools': np.float64(35.185557687037544), 'opportunity_response': np.float64(78.16571428571429), 'age_trajectory': np.int64(100)}",Medium
Nikola Vučević,2024-25,20.89,41.8,Role Player,Limited Scaling,Fragile Star,-0.03949999999999995,1,9,Hides,False,"Fragile Star: high usage (22.1%), low CII (20.9), no creation tools","{'self_created': np.float64(4.02), 'pressure_appetite': np.float64(33.34), 'difficulty_embrace': np.float64(11.8), 'defensive_survival': np.float64(40.1), 'force_multiplication': np.float64(29.78)}","{'scaling_efficiency': np.float64(21.650971497008005), 'pressure_appetite': np.float64(50.800904977375595), 'creation_tools': np.float64(34.1939999264246), 'opportunity_response': np.float64(88.41714285714286), 'age_trajectory': np.float64(25.0)}",High
Noah Clowney,2024-25,21.23,40.69,Role Player,Limited Scaling,Role Player,0.015,1,0,Steps Up,False,"Low CII 21.2, low TII 40.7","{'self_created': np.float64(2.41), 'pressure_appetite': np.float64(46.53), 'difficulty_embrace': np.float64(4.84), 'defensive_survival': np.float64(42.81), 'force_multiplication': np.float64(14.84)}","{'scaling_efficiency': np.float64(4.995258575507492), 'pressure_appetite': np.float64(69.86486486486487), 'creation_tools': np.float64(20.760656998461876), 'opportunity_response': np.float64(50.457142857142856), 'age_trajectory': np.int64(100)}",Medium
Norman Powell,2024-25,47.27,67.22,Fragile Star,High Scaling,Luxury Amplifier,-0.05228571428571425,1,6,Hides,True,"Negative career leverage (-0.052, 1+/6-) BUT has creation tools: Thrives as #2","{'self_created': np.float64(36.82), 'pressure_appetite': np.float64(57.26), 'difficulty_embrace': np.float64(34.56), 'defensive_survival': np.float64(71.06), 'force_multiplication': np.float64(43.37)}","{'scaling_efficiency': np.float64(63.946905001856464), 'pressure_appetite': np.float64(72.96470588235294), 'creation_tools': np.float64(64.73333333333333), 'opportunity_response': np.float64(89.0), 'age_trajectory': np.float64(35.0)}",High
OG Anunoby,2024-25,18.44,49.86,Role Player,Limited Scaling,Role Player,-0.04799999999999996,1,7,Hides,False,"Low CII 18.4, low TII 49.9, no creation tools","{'self_created': np.float64(10.6), 'pressure_appetite': np.float64(21.86), 'difficulty_embrace': np.float64(16.54), 'defensive_survival': np.float64(26.56), 'force_multiplication': np.float64(25.01)}","{'scaling_efficiency': np.float64(45.506120067557184), 'pressure_appetite': np.float64(24.000000000000004), 'creation_tools': np.float64(51.82323327079424), 'opportunity_response': np.float64(84.5), 'age_trajectory': np.float64(71.66)}",High
Obi Toppin,2024-25,15.6,39.48,Role Player,Limited Scaling,Role Player,-0.044999999999999964,0,3,Hides,False,"Low CII 15.6, low TII 39.5","{'self_created': np.float64(2.84), 'pressure_appetite': np.float64(22.86), 'difficulty_embrace': np.float64(6.03), 'defensive_survival': np.float64(44.86), 'force_multiplication': np.float64(10.99)}","{'scaling_efficiency': np.float64(31.691840598974576), 'pressure_appetite': np.float64(25.600000000000005), 'creation_tools': np.float64(21.651421700080874), 'opportunity_response': np.float64(80.48), 'age_trajectory': np.float64(71.66)}",Medium
Ochai Agbaji,2024-25,11.18,37.09,Role Player,Limited Scaling,Role Player,-0.0243333333333333,1,2,Hides,False,"Low CII 11.2, low TII 37.1","{'self_created': np.float64(1.96), 'pressure_appetite': np.float64(11.17), 'difficulty_embrace': np.float64(5.06), 'defensive_survival': np.float64(43.18), 'force_multiplication': np.float64(3.15)}","{'scaling_efficiency': np.float64(17.806765806777943), 'pressure_appetite': np.float64(25.20000000000004), 'creation_tools': np.float64(24.63509485094851), 'opportunity_response': np.float64(80.14571428571429), 'age_trajectory': np.float64(85.0)}",Medium
Onyeka Okongwu,2024-25,11.58,36.63,Role Player,Limited Scaling,Role Player,-0.0465,0,2,Hides,False,"Low CII 11.6, low TII 36.6","{'self_created': np.float64(1.24), 'pressure_appetite': np.float64(14.0), 'difficulty_embrace': np.float64(1.8), 'defensive_survival': np.float64(37.68), 'force_multiplication': np.float64(17.0)}","{'scaling_efficiency': np.float64(20.38430689057176), 'pressure_appetite': np.float64(22.0), 'creation_tools': np.float64(13.840987155433684), 'opportunity_response': np.float64(88.30571428571429), 'age_trajectory': np.float64(90.0)}",Medium
Orlando Robinson,2024-25,9.46,25.56,Role Player,Low Scaling,Role Player,-0.03299999999999995,0,2,Hides,False,"Low CII 9.5, low TII 25.6","{'self_created': np.float64(5.83), 'pressure_appetite': np.float64(12.33), 'difficulty_embrace': np.float64(4.5), 'defensive_survival': np.float64(19.84), 'force_multiplication': np.float64(7.55)}","{'scaling_efficiency': np.float64(8.043439284538016), 'pressure_appetite': np.float64(14.80000000000004), 'creation_tools': np.float64(17.758343668182444), 'opportunity_response': np.float64(46.0), 'age_trajectory': np.float64(90.0)}",Medium
Oso Ighodaro,2024-25,26.36,53.37,Role Player,Moderate Scaling,Role Player,0.085,1,0,Steps Up,False,"Low CII 26.4, low TII 53.4","{'self_created': np.float64(0.93), 'pressure_appetite': np.float64(54.67), 'difficulty_embrace': np.float64(5.9), 'defensive_survival': np.float64(64.33), 'force_multiplication': np.float64(15.87)}","{'scaling_efficiency': np.float64(19.06091430747056), 'pressure_appetite': np.float64(91.5), 'creation_tools': np.float64(20.897024232378246), 'opportunity_response': np.float64(70.62285714285714), 'age_trajectory': np.int64(100)}",Medium
P.J. Washington,2024-25,31.86,56.25,Role Player,Moderate Scaling,Role Player,-0.015000000000000015,2,4,Mixed,False,"Low CII 31.9, low TII 56.2, no creation tools","{'self_created': np.float64(21.82), 'pressure_appetite': np.float64(40.86), 'difficulty_embrace': np.float64(14.24), 'defensive_survival': np.float64(59.76), 'force_multiplication': np.float64(32.9)}","{'scaling_efficiency': np.float64(42.04328767123289), 'pressure_appetite': np.float64(65.57575757575756), 'creation_tools': np.float64(48.610836002299415), 'opportunity_response': np.float64(64.6), 'age_trajectory': np.float64(78.33)}",High
Paolo Banchero,2024-25,68.07,73.68,Luxury Amplifier,High Scaling,Latent Engine,0.0213333333333333,2,1,Steps Up,True,"CII 68.1, TII 73.7: High potential (limited career data)","{'self_created': np.float64(67.41), 'pressure_appetite': np.float64(68.91), 'difficulty_embrace': np.float64(70.64), 'defensive_survival': np.float64(73.59), 'force_multiplication': np.float64(54.56)}","{'scaling_efficiency': np.float64(59.15050165862792), 'pressure_appetite': np.float64(72.10909090909088), 'creation_tools': np.float64(86.65), 'opportunity_response': np.float64(70.48571428571428), 'age_trajectory': np.int64(100)}",Medium
Pascal Siakam,2024-25,28.72,49.76,Role Player,Limited Scaling,Luxury Amplifier,-0.038,1,7,Hides,True,"Negative career leverage (-0.038, 1+/7-) BUT has creation tools: Thrives as #2","{'self_created': np.float64(27.56), 'pressure_appetite': np.float64(22.17), 'difficulty_embrace': np.float64(26.54), 'defensive_survival': np.float64(38.93), 'force_multiplication': np.float64(37.65)}","{'scaling_efficiency': np.float64(55.850681428850635), 'pressure_appetite': np.float64(14.399999999999999), 'creation_tools': np.float64(60.27068539672739), 'opportunity_response': np.float64(89.0), 'age_trajectory': np.float64(40.01)}",High
Patrick Williams,2024-25,16.47,39.13,Role Player,Limited Scaling,Role Player,-0.06374999999999995,0,4,Hides,False,"Low CII 16.5, low TII 39.1, no creation tools","{'self_created': np.float64(12.07), 'pressure_appetite': np.float64(10.83), 'difficulty_embrace': np.float64(16.14), 'defensive_survival': np.float64(40.04), 'force_multiplication': np.float64(9.05)}","{'scaling_efficiency': np.float64(28.37729128014842), 'pressure_appetite': np.float64(16.0), 'creation_tools': np.float64(46.24807834441981), 'opportunity_response': np.float64(52.42857142857143), 'age_trajectory': np.float64(95.0)}",High
Paul George,2024-25,43.27,46.1,Fragile Star,Limited Scaling,Strong Creator,0.0103,6,4,Steps Up,True,"Positive career leverage (+0.010), CII 43.3 still developing (Age 35 > 25, reclassified from Developing Engine)","{'self_created': np.float64(54.75), 'pressure_appetite': np.float64(21.67), 'difficulty_embrace': np.float64(60.96), 'defensive_survival': np.float64(45.07), 'force_multiplication': np.float64(24.78)}","{'scaling_efficiency': np.float64(48.55952744385969), 'pressure_appetite': np.float64(14.8), 'creation_tools': np.float64(85.0), 'opportunity_response': np.float64(58.85714285714286), 'age_trajectory': np.int64(20)}",High
Payton Pritchard,2024-25,37.4,69.87,Role Player,High Scaling,Role Player,-0.0883333333333333,0,3,Hides,False,"Low CII 37.4, moderate TII 69.9 (Age 27 > 25, reclassified from Developing Prospect)","{'self_created': np.float64(41.62), 'pressure_appetite': np.float64(31.99), 'difficulty_embrace': np.float64(30.89), 'defensive_survival': np.float64(62.05), 'force_multiplication': np.float64(14.31)}","{'scaling_efficiency': np.float64(70.48649940262843), 'pressure_appetite': np.float64(59.54838709677423), 'creation_tools': np.float64(66.79033569367951), 'opportunity_response': np.float64(88.77714285714286), 'age_trajectory': np.float64(71.66)}",Medium
Peyton Watson,2024-25,14.27,41.01,Role Player,Limited Scaling,Role Player,-0.021,0,1,Hides,False,"Low CII 14.3, low TII 41.0","{'self_created': np.float64(1.8), 'pressure_appetite': np.float64(18.7), 'difficulty_embrace': np.float64(3.39), 'defensive_survival': np.float64(41.25), 'force_multiplication': np.float64(21.85)}","{'scaling_efficiency': np.float64(13.605683158420783), 'pressure_appetite': np.float64(56.26086956521739), 'creation_tools': np.float64(20.96457523270885), 'opportunity_response': np.float64(57.82857142857143), 'age_trajectory': np.int64(100)}",Medium
Quentin Grimes,2024-25,42.01,69.66,Fragile Star,High Scaling,Role Player,-0.008499999999999976,2,2,Mixed,False,"Low CII 42.0, low TII 69.7, no creation tools","{'self_created': np.float64(38.04), 'pressure_appetite': np.float64(52.18), 'difficulty_embrace': np.float64(29.09), 'defensive_survival': np.float64(54.1), 'force_multiplication': np.float64(36.22)}","{'scaling_efficiency': np.float64(65.7996879485739), 'pressure_appetite': np.float64(66.07889908256878), 'creation_tools': np.float64(64.69695308420974), 'opportunity_response': np.float64(79.76857142857142), 'age_trajectory': np.float64(85.0)}",High
Quenton Jackson,2024-25,27.87,51.79,Role Player,Moderate Scaling,Role Player,0.0459999999999999,1,0,Steps Up,False,"Low CII 27.9, low TII 51.8","{'self_created': np.float64(17.7), 'pressure_appetite': np.float64(58.83), 'difficulty_embrace': np.float64(5.83), 'defensive_survival': np.float64(30.73), 'force_multiplication': np.float64(20.81)}","{'scaling_efficiency': np.float64(34.355321697031464), 'pressure_appetite': np.float64(72.70898203592813), 'creation_tools': np.float64(32.50501922983302), 'opportunity_response': np.float64(59.822857142857146), 'age_trajectory': np.float64(78.33)}",Medium
RJ Barrett,2024-25,45.59,55.63,Fragile Star,Moderate Scaling,Fragile Star,-0.019833333333333352,2,4,Mixed,False,"Negative career leverage (-0.020, 2+/4-), NO creation tools: Fundamental skill gaps","{'self_created': np.float64(26.22), 'pressure_appetite': np.float64(82.83), 'difficulty_embrace': np.float64(15.51), 'defensive_survival': np.float64(52.79), 'force_multiplication': np.float64(59.97)}","{'scaling_efficiency': np.float64(27.553399219970856), 'pressure_appetite': np.float64(80.00925266903913), 'creation_tools': np.float64(42.87551572490814), 'opportunity_response': np.float64(68.6), 'age_trajectory': np.float64(85.0)}",High
Royce O'Neale,2024-25,10.48,30.9,Role Player,Low Scaling,Role Player,-0.04299999999999998,0,6,Hides,False,"Low CII 10.5, low TII 30.9, no creation tools","{'self_created': np.float64(3.62), 'pressure_appetite': np.float64(10.0), 'difficulty_embrace': np.float64(6.9), 'defensive_survival': np.float64(35.35), 'force_multiplication': np.float64(2.09)}","{'scaling_efficiency': np.float64(24.257753438614355), 'pressure_appetite': np.float64(16.0), 'creation_tools': np.float64(28.025647445216173), 'opportunity_response': np.float64(70.1), 'age_trajectory': np.float64(35.0)}",High
Rudy Gobert,2024-25,14.54,35.82,Role Player,Limited Scaling,Role Player,-0.00780000000000001,4,6,Mixed,False,"Low CII 14.5, low TII 35.8, no creation tools","{'self_created': np.float64(11.25), 'pressure_appetite': np.float64(19.09), 'difficulty_embrace': np.float64(0.0), 'defensive_survival': np.float64(31.7), 'force_multiplication': np.float64(16.38)}","{'scaling_efficiency': np.float64(18.75299960583366), 'pressure_appetite': np.float64(45.961240310077514), 'creation_tools': np.float64(9.5), 'opportunity_response': np.float64(92.0), 'age_trajectory': np.float64(30.0)}",High
Rui Hachimura,2024-25,11.68,37.9,Role Player,Limited Scaling,Role Player,-0.06379999999999994,0,5,Hides,False,"Low CII 11.7, low TII 37.9, no creation tools","{'self_created': np.float64(3.54), 'pressure_appetite': np.float64(10.0), 'difficulty_embrace': np.float64(9.89), 'defensive_survival': np.float64(38.17), 'force_multiplication': np.float64(4.14)}","{'scaling_efficiency': np.float64(19.681437830003105), 'pressure_appetite': np.float64(17.200000000000042), 'creation_tools': np.float64(33.73503231186158), 'opportunity_response': np.float64(91.88857142857142), 'age_trajectory': np.float64(71.66)}",High
Russell Westbrook,2024-25,24.62,38.2,Role Player,Limited Scaling,Fragile Star,0.011899999999999977,5,5,Steps Up,False,"Fragile Star: high usage (23.0%), low CII (24.6), no creation tools","{'self_created': np.float64(27.54), 'pressure_appetite': np.float64(20.83), 'difficulty_embrace': np.float64(19.97), 'defensive_survival': np.float64(25.81), 'force_multiplication': np.float64(32.83)}","{'scaling_efficiency': np.float64(46.096429771984916), 'pressure_appetite': np.float64(14.0), 'creation_tools': np.float64(53.14756097560975), 'opportunity_response': np.float64(54.91428571428571), 'age_trajectory': np.int64(20)}",High
Ryan Dunn,2024-25,5.19,22.75,Role Player,Low Scaling,Role Player,-0.096,0,1,Hides,False,"Low CII 5.2, low TII 22.8","{'self_created': np.float64(1.2), 'pressure_appetite': np.float64(10.0), 'difficulty_embrace': np.float64(4.17), 'defensive_survival': np.float64(8.7), 'force_multiplication': np.float64(1.92)}","{'scaling_efficiency': np.float64(5.503903989893674), 'pressure_appetite': np.float64(1.6000000000000014), 'creation_tools': np.float64(17.952969247083775), 'opportunity_response': np.float64(47.37142857142857), 'age_trajectory': np.int64(100)}",Medium
Santi Aldama,2024-25,11.78,41.68,Role Player,Limited Scaling,Role Player,-0.06299999999999993,0,3,Hides,False,"Low CII 11.8, low TII 41.7","{'self_created': np.float64(7.23), 'pressure_appetite': np.float64(15.0), 'difficulty_embrace': np.float64(9.03), 'defensive_survival': np.float64(22.64), 'force_multiplication': np.float64(6.54)}","{'scaling_efficiency': np.float64(26.1714743596163), 'pressure_appetite': np.float64(20.400000000000045), 'creation_tools': np.float64(39.755856837897994), 'opportunity_response': np.float64(78.54285714285714), 'age_trajectory': np.float64(90.0)}",Medium
Scoot Henderson,2024-25,27.61,48.02,Role Player,Limited Scaling,Role Player,-0.052000000000000005,0,2,Hides,False,"Low CII 27.6, low TII 48.0","{'self_created': np.float64(40.14), 'pressure_appetite': np.float64(13.33), 'difficulty_embrace': np.float64(29.61), 'defensive_survival': np.float64(22.73), 'force_multiplication': np.float64(29.03)}","{'scaling_efficiency': np.float64(52.869488375621046), 'pressure_appetite': np.float64(0.0), 'creation_tools': np.float64(70.40487804878049), 'opportunity_response': np.float64(53.885714285714286), 'age_trajectory': np.int64(100)}",Medium
Scottie Barnes,2024-25,52.4,65.47,Fragile Star,High Scaling,Strong Creator,0.007249999999999975,2,2,Mixed,True,Mixed career leverage (+0.007) but has tools/CII,"{'self_created': np.float64(40.09), 'pressure_appetite': np.float64(65.85), 'difficulty_embrace': np.float64(44.6), 'defensive_survival': np.float64(63.0), 'force_multiplication': np.float64(55.36)}","{'scaling_efficiency': np.float64(41.89464445530779), 'pressure_appetite': np.float64(75.6717557251908), 'creation_tools': np.float64(78.06666666666666), 'opportunity_response': np.float64(59.114285714285714), 'age_trajectory': np.float64(95.0)}",High
Scotty Pippen Jr.,2024-25,14.74,33.94,Role Player,Low Scaling,Role Player,-0.103,0,1,Hides,False,"Low CII 14.7, low TII 33.9","{'self_created': np.float64(20.14), 'pressure_appetite': np.float64(10.0), 'difficulty_embrace': np.float64(7.76), 'defensive_survival': np.float64(16.89), 'force_multiplication': np.float64(21.14)}","{'scaling_efficiency': np.float64(25.81142366554684), 'pressure_appetite': np.float64(0.0), 'creation_tools': np.float64(35.64776855215361), 'opportunity_response': np.float64(67.08285714285714), 'age_trajectory': np.float64(90.0)}",Medium
Shaedon Sharpe,2024-25,56.7,71.11,Luxury Amplifier,High Scaling,Latent Engine,0.0034999999999999476,1,1,Mixed,True,"Medium CII 56.7, high TII 71.1, has tools","{'self_created': np.float64(48.8), 'pressure_appetite': np.float64(69.93), 'difficulty_embrace': np.float64(49.03), 'defensive_survival': np.float64(68.14), 'force_multiplication': np.float64(45.46)}","{'scaling_efficiency': np.float64(52.33926822241429), 'pressure_appetite': np.float64(79.71999999999998), 'creation_tools': np.float64(74.25), 'opportunity_response': np.float64(70.82857142857142), 'age_trajectory': np.int64(100)}",Medium
Shai Gilgeous-Alexander,2024-25,81.2,82.58,Franchise Engine,Elite Scaling,Franchise Engine,0.03299999999999996,5,2,Steps Up,True,CII 81.2 >= 74: Already elite creator,"{'self_created': np.float64(94.53), 'pressure_appetite': np.float64(76.07), 'difficulty_embrace': np.float64(76.63), 'defensive_survival': np.float64(77.55), 'force_multiplication': np.float64(68.67)}","{'scaling_efficiency': np.float64(80.53059529987398), 'pressure_appetite': np.float64(78.8238095238095), 'creation_tools': np.float64(89.91666666666667), 'opportunity_response': np.float64(86.0), 'age_trajectory': np.float64(78.33)}",High
Spencer Dinwiddie,2024-25,48.34,66.78,Fragile Star,High Scaling,Strong Creator,0.043428571428571414,6,1,Steps Up,False,"Positive career leverage (+0.043), CII 48.3: Stepping up consistently","{'self_created': np.float64(50.02), 'pressure_appetite': np.float64(59.83), 'difficulty_embrace': np.float64(31.57), 'defensive_survival': np.float64(54.4), 'force_multiplication': np.float64(39.03)}","{'scaling_efficiency': np.float64(70.0), 'pressure_appetite': np.float64(75.82857142857142), 'creation_tools': np.float64(71.51666666666667), 'opportunity_response': np.float64(60.142857142857146), 'age_trajectory': np.float64(35.0)}",High
Stephen Curry,2024-25,69.07,74.96,Luxury Amplifier,High Scaling,Strong Creator,0.08099999999999997,9,0,Steps Up,False,"Positive career leverage (+0.081, 9+/0-), CII 69.1, TII 75.0: Can be #1 (Age 37 > 28, reclassified from Latent Engine)","{'self_created': np.float64(58.44), 'pressure_appetite': np.float64(88.67), 'difficulty_embrace': np.float64(63.03), 'defensive_survival': np.float64(79.24), 'force_multiplication': np.float64(48.77)}","{'scaling_efficiency': np.float64(73.77731891653863), 'pressure_appetite': np.float64(89.01258741258741), 'creation_tools': np.float64(78.38333333333333), 'opportunity_response': np.float64(86.0), 'age_trajectory': np.int64(20)}",High
Stephon Castle,2024-25,38.84,57.11,Role Player,Moderate Scaling,Developing Prospect,-0.003,0,1,Mixed,False,"Low CII 38.8, moderate TII 57.1","{'self_created': np.float64(29.63), 'pressure_appetite': np.float64(49.29), 'difficulty_embrace': np.float64(25.9), 'defensive_survival': np.float64(51.16), 'force_multiplication': np.float64(47.78)}","{'scaling_efficiency': np.float64(39.664880382775124), 'pressure_appetite': np.float64(60.78656126482213), 'creation_tools': np.float64(59.64726212281886), 'opportunity_response': np.float64(53.885714285714286), 'age_trajectory': np.int64(100)}",Medium
T.J. McConnell,2024-25,40.94,61.78,Fragile Star,Moderate Scaling,Luxury Amplifier,0.0007142857142857154,3,4,Mixed,True,"Mixed career leverage (+0.001), low CII but has tools","{'self_created': np.float64(40.91), 'pressure_appetite': np.float64(39.52), 'difficulty_embrace': np.float64(31.87), 'defensive_survival': np.float64(63.09), 'force_multiplication': np.float64(29.47)}","{'scaling_efficiency': np.float64(68.97333333333334), 'pressure_appetite': np.float64(59.80530973451327), 'creation_tools': np.float64(80.92630045327002), 'opportunity_response': np.float64(46.34285714285714), 'age_trajectory': np.float64(30.0)}",High
Tari Eason,2024-25,16.46,33.79,Role Player,Low Scaling,Role Player,-0.028333333333333304,1,2,Hides,False,"Low CII 16.5, low TII 33.8","{'self_created': np.float64(18.61), 'pressure_appetite': np.float64(13.5), 'difficulty_embrace': np.float64(7.67), 'defensive_survival': np.float64(28.36), 'force_multiplication': np.float64(17.19)}","{'scaling_efficiency': np.float64(16.398535093232763), 'pressure_appetite': np.float64(14.399999999999999), 'creation_tools': np.float64(30.08265216435948), 'opportunity_response': np.float64(68.34285714285714), 'age_trajectory': np.float64(90.0)}",Medium
Terance Mann,2024-25,17.53,48.31,Role Player,Limited Scaling,Role Player,-0.01419999999999998,1,4,Mixed,False,"Low CII 17.5, low TII 48.3, no creation tools","{'self_created': np.float64(20.72), 'pressure_appetite': np.float64(10.0), 'difficulty_embrace': np.float64(17.99), 'defensive_survival': np.float64(26.39), 'force_multiplication': np.float64(12.6)}","{'scaling_efficiency': np.float64(58.066737400530485), 'pressure_appetite': np.float64(16.400000000000002), 'creation_tools': np.float64(51.291267171292404), 'opportunity_response': np.float64(66.89428571428572), 'age_trajectory': np.float64(64.99000000000001)}",High
Terry Rozier,2024-25,24.42,38.18,Role Player,Limited Scaling,Role Player,-0.009111111111111144,5,4,Mixed,False,"Low CII 24.4, low TII 38.2, no creation tools","{'self_created': np.float64(25.59), 'pressure_appetite': np.float64(14.17), 'difficulty_embrace': np.float64(31.09), 'defensive_survival': np.float64(33.99), 'force_multiplication': np.float64(18.83)}","{'scaling_efficiency': np.float64(33.67429540156813), 'pressure_appetite': np.float64(11.999999999999996), 'creation_tools': np.float64(65.50540963101939), 'opportunity_response': np.float64(53.2), 'age_trajectory': np.float64(40.01)}",High
Tidjane Salaün,2024-25,12.12,34.57,Role Player,Low Scaling,Role Player,-0.0329999999999999,0,1,Hides,False,"Low CII 12.1, low TII 34.6","{'self_created': np.float64(7.0), 'pressure_appetite': np.float64(14.63), 'difficulty_embrace': np.float64(9.96), 'defensive_survival': np.float64(19.98), 'force_multiplication': np.float64(13.78)}","{'scaling_efficiency': np.float64(11.855519630484986), 'pressure_appetite': np.float64(26.80000000000004), 'creation_tools': np.float64(35.02804878048781), 'opportunity_response': np.float64(48.74285714285714), 'age_trajectory': np.int64(100)}",Medium
Tim Hardaway Jr.,2024-25,21.64,49.84,Role Player,Limited Scaling,Role Player,-0.02211111111111108,1,8,Hides,False,"Low CII 21.6, low TII 49.8, no creation tools","{'self_created': np.float64(8.86), 'pressure_appetite': np.float64(25.6), 'difficulty_embrace': np.float64(19.76), 'defensive_survival': np.float64(52.28), 'force_multiplication': np.float64(7.87)}","{'scaling_efficiency': np.float64(36.36632590150773), 'pressure_appetite': np.float64(59.66445916114794), 'creation_tools': np.float64(59.30141603402789), 'opportunity_response': np.float64(61.0), 'age_trajectory': np.float64(30.0)}",High
Tobias Harris,2024-25,24.96,47.51,Role Player,Limited Scaling,Luxury Amplifier,-0.04669999999999995,1,9,Hides,True,"Negative career leverage (-0.047, 1+/9-) BUT has creation tools: Thrives as #2","{'self_created': np.float64(26.63), 'pressure_appetite': np.float64(15.09), 'difficulty_embrace': np.float64(24.34), 'defensive_survival': np.float64(40.9), 'force_multiplication': np.float64(21.97)}","{'scaling_efficiency': np.float64(49.05403587507632), 'pressure_appetite': np.float64(22.80000000000004), 'creation_tools': np.float64(62.40688237229193), 'opportunity_response': np.float64(74.08571428571429), 'age_trajectory': np.float64(35.0)}",High
Toumani Camara,2024-25,10.28,34.39,Role Player,Low Scaling,Role Player,-0.047999999999999945,0,2,Hides,False,"Low CII 10.3, low TII 34.4","{'self_created': np.float64(3.9), 'pressure_appetite': np.float64(10.5), 'difficulty_embrace': np.float64(3.14), 'defensive_survival': np.float64(30.28), 'force_multiplication': np.float64(13.19)}","{'scaling_efficiency': np.float64(14.983171510116808), 'pressure_appetite': np.float64(24.00000000000004), 'creation_tools': np.float64(20.709520154642107), 'opportunity_response': np.float64(75.02857142857144), 'age_trajectory': np.float64(85.0)}",Medium
Trae Young,2024-25,80.06,81.88,Franchise Engine,Elite Scaling,Franchise Engine,0.08685714285714277,7,0,Steps Up,True,CII 80.1 >= 74: Already elite creator,"{'self_created': np.float64(81.37), 'pressure_appetite': np.float64(88.33), 'difficulty_embrace': np.float64(77.6), 'defensive_survival': np.float64(79.22), 'force_multiplication': np.float64(61.64)}","{'scaling_efficiency': np.float64(81.24744322980764), 'pressure_appetite': np.float64(88.86842105263159), 'creation_tools': np.float64(78.38333333333333), 'opportunity_response': np.float64(78.5), 'age_trajectory': np.float64(78.33)}",High
Tre Jones,2024-25,37.8,60.07,Role Player,Moderate Scaling,Developing Engine,0.027000000000000024,2,1,Steps Up,False,"Positive career leverage (+0.027), CII 37.8 still developing","{'self_created': np.float64(30.05), 'pressure_appetite': np.float64(60.33), 'difficulty_embrace': np.float64(6.89), 'defensive_survival': np.float64(61.17), 'force_multiplication': np.float64(31.52)}","{'scaling_efficiency': np.float64(34.19809523809524), 'pressure_appetite': np.float64(91.6), 'creation_tools': np.float64(31.619201339072212), 'opportunity_response': np.float64(80.57428571428571), 'age_trajectory': np.float64(85.0)}",High
Tre Mann,2024-25,54.97,64.61,Fragile Star,Moderate Scaling,Strong Creator,0.016,3,1,Steps Up,True,"Positive career leverage (+0.016), CII 55.0: Stepping up consistently","{'self_created': np.float64(50.69), 'pressure_appetite': np.float64(76.17), 'difficulty_embrace': np.float64(37.36), 'defensive_survival': np.float64(59.62), 'force_multiplication': np.float64(43.02)}","{'scaling_efficiency': np.float64(48.67364485981309), 'pressure_appetite': np.float64(75.06), 'creation_tools': np.float64(72.2239837398374), 'opportunity_response': np.float64(52.0), 'age_trajectory': np.float64(90.0)}",High
Trendon Watford,2024-25,31.02,45.78,Role Player,Limited Scaling,Role Player,-0.028499999999999998,0,2,Hides,False,"Low CII 31.0, low TII 45.8","{'self_created': np.float64(31.5), 'pressure_appetite': np.float64(36.92), 'difficulty_embrace': np.float64(7.24), 'defensive_survival': np.float64(52.69), 'force_multiplication': np.float64(29.89)}","{'scaling_efficiency': np.float64(24.27746358136639), 'pressure_appetite': np.float64(57.32743362831859), 'creation_tools': np.float64(29.50813367868192), 'opportunity_response': np.float64(61.74285714285714), 'age_trajectory': np.float64(90.0)}",Medium
Trevelin Queen,2024-25,10.7,26.22,Role Player,Low Scaling,Role Player,-0.07799999999999996,0,2,Hides,False,"Low CII 10.7, low TII 26.2","{'self_created': np.float64(11.31), 'pressure_appetite': np.float64(10.0), 'difficulty_embrace': np.float64(9.36), 'defensive_survival': np.float64(15.63), 'force_multiplication': np.float64(5.9)}","{'scaling_efficiency': np.float64(16.07908015061861), 'pressure_appetite': np.float64(8.80000000000004), 'creation_tools': np.float64(31.297819660014785), 'opportunity_response': np.float64(42.91428571428571), 'age_trajectory': np.float64(64.99000000000001)}",Medium
Trey Lyles,2024-25,7.42,25.79,Role Player,Low Scaling,Role Player,-0.048571428571428536,0,7,Hides,False,"Low CII 7.4, low TII 25.8, no creation tools","{'self_created': np.float64(0.87), 'pressure_appetite': np.float64(10.0), 'difficulty_embrace': np.float64(5.77), 'defensive_survival': np.float64(21.61), 'force_multiplication': np.float64(2.65)}","{'scaling_efficiency': np.float64(9.520339305026573), 'pressure_appetite': np.float64(21.200000000000003), 'creation_tools': np.float64(19.496475989939754), 'opportunity_response': np.float64(53.8), 'age_trajectory': np.float64(56.67)}",High
Trey Murphy III,2024-25,25.78,54.31,Role Player,Moderate Scaling,Fragile Star,-0.04099999999999996,0,3,Hides,False,"Fragile Star: high usage (22.9%), high minutes (35.0), low CII (25.8), no creation tools","{'self_created': np.float64(23.14), 'pressure_appetite': np.float64(23.35), 'difficulty_embrace': np.float64(28.8), 'defensive_survival': np.float64(30.77), 'force_multiplication': np.float64(26.28)}","{'scaling_efficiency': np.float64(56.09868711612879), 'pressure_appetite': np.float64(18.400000000000002), 'creation_tools': np.float64(55.13995278162389), 'opportunity_response': np.float64(89.0), 'age_trajectory': np.float64(85.0)}",Medium
Ty Jerome,2024-25,41.22,61.78,Fragile Star,Moderate Scaling,Role Player,-0.05,0,1,Hides,True,"Low CII 41.2, moderate TII 61.8 (Age 27 > 25, reclassified from Developing Prospect)","{'self_created': np.float64(60.04), 'pressure_appetite': np.float64(25.07), 'difficulty_embrace': np.float64(31.93), 'defensive_survival': np.float64(53.37), 'force_multiplication': np.float64(25.46)}","{'scaling_efficiency': np.float64(78.49602243919992), 'pressure_appetite': np.float64(20.0), 'creation_tools': np.float64(72.0110661412291), 'opportunity_response': np.float64(77.76285714285714), 'age_trajectory': np.float64(71.66)}",Medium
Tyler Herro,2024-25,59.04,74.07,Luxury Amplifier,High Scaling,Latent Engine,0.013799999999999979,2,2,Steps Up,True,"Positive career leverage (+0.014, 2+/2-), CII 59.0, TII 74.1: Can be #1","{'self_created': np.float64(62.43), 'pressure_appetite': np.float64(68.63), 'difficulty_embrace': np.float64(54.79), 'defensive_survival': np.float64(51.35), 'force_multiplication': np.float64(44.89)}","{'scaling_efficiency': np.float64(69.06996370616353), 'pressure_appetite': np.float64(68.6782287822878), 'creation_tools': np.float64(73.9), 'opportunity_response': np.float64(86.0), 'age_trajectory': np.float64(85.0)}",High
Tyrese Haliburton,2024-25,71.68,88.15,Strong Creator,Elite Scaling,Franchise Engine,0.02400000000000002,3,2,Steps Up,True,CII 71.7 near threshold with elite TII 88.2: Franchise Engine,"{'self_created': np.float64(76.75), 'pressure_appetite': np.float64(74.17), 'difficulty_embrace': np.float64(68.29), 'defensive_survival': np.float64(81.39), 'force_multiplication': np.float64(42.47)}","{'scaling_efficiency': np.float64(88.96600059648077), 'pressure_appetite': np.float64(88.5), 'creation_tools': np.float64(85.16666666666667), 'opportunity_response': np.float64(92.0), 'age_trajectory': np.float64(85.0)}",High
Tyrese Martin,2024-25,18.02,41.17,Role Player,Limited Scaling,Role Player,-0.0149999999999999,0,1,Mixed,False,"Low CII 18.0, low TII 41.2","{'self_created': np.float64(10.73), 'pressure_appetite': np.float64(30.64), 'difficulty_embrace': np.float64(12.49), 'defensive_survival': np.float64(23.88), 'force_multiplication': np.float64(10.62)}","{'scaling_efficiency': np.float64(19.542157989554713), 'pressure_appetite': np.float64(47.491620111731876), 'creation_tools': np.float64(40.66457964300314), 'opportunity_response': np.float64(49.77142857142857), 'age_trajectory': np.float64(78.33)}",Medium
Tyrese Maxey,2024-25,77.39,80.49,Strong Creator,Elite Scaling,Franchise Engine,0.022000000000000026,2,2,Steps Up,True,CII 77.4 >= 74: Already elite creator,"{'self_created': np.float64(76.73), 'pressure_appetite': np.float64(87.67), 'difficulty_embrace': np.float64(69.64), 'defensive_survival': np.float64(83.02), 'force_multiplication': np.float64(60.68)}","{'scaling_efficiency': np.float64(72.579940548277), 'pressure_appetite': np.float64(90.6481228668942), 'creation_tools': np.float64(76.38333333333333), 'opportunity_response': np.float64(78.5), 'age_trajectory': np.float64(90.0)}",High
Tyus Jones,2024-25,19.01,53.89,Role Player,Moderate Scaling,Role Player,-0.052833333333333315,0,6,Hides,False,"Low CII 19.0, low TII 53.9, no creation tools","{'self_created': np.float64(25.08), 'pressure_appetite': np.float64(10.67), 'difficulty_embrace': np.float64(22.19), 'defensive_survival': np.float64(26.49), 'force_multiplication': np.float64(4.08)}","{'scaling_efficiency': np.float64(63.3436440677966), 'pressure_appetite': np.float64(17.6), 'creation_tools': np.float64(69.88821138211381), 'opportunity_response': np.float64(72.26857142857142), 'age_trajectory': np.float64(56.67)}",High
Vasilije Micic,2024-25,49.2,63.5,Fragile Star,Moderate Scaling,Strong Creator,0.0729999999999999,2,0,Steps Up,True,"CII 49.2, TII 63.5","{'self_created': np.float64(32.41), 'pressure_appetite': np.float64(72.33), 'difficulty_embrace': np.float64(33.51), 'defensive_survival': np.float64(72.96), 'force_multiplication': np.float64(37.51)}","{'scaling_efficiency': np.float64(47.2), 'pressure_appetite': np.float64(92.5), 'creation_tools': np.float64(75.55973567022102), 'opportunity_response': np.float64(47.37142857142857), 'age_trajectory': np.float64(40.01)}",Medium
Victor Wembanyama,2024-25,40.35,62.96,Fragile Star,Moderate Scaling,Developing Prospect,-0.0025,1,1,Mixed,True,"Low CII 40.4, moderate TII 63.0","{'self_created': np.float64(24.23), 'pressure_appetite': np.float64(56.13), 'difficulty_embrace': np.float64(39.6), 'defensive_survival': np.float64(45.77), 'force_multiplication': np.float64(42.64)}","{'scaling_efficiency': np.float64(46.71932759968725), 'pressure_appetite': np.float64(51.64), 'creation_tools': np.float64(65.64674796747967), 'opportunity_response': np.float64(86.0), 'age_trajectory': np.int64(100)}",Medium
Vít Krejčí,2024-25,8.78,43.41,Role Player,Limited Scaling,Role Player,-0.0115,1,1,Mixed,False,"Low CII 8.8, low TII 43.4","{'self_created': np.float64(4.37), 'pressure_appetite': np.float64(10.0), 'difficulty_embrace': np.float64(7.79), 'defensive_survival': np.float64(20.53), 'force_multiplication': np.float64(3.27)}","{'scaling_efficiency': np.float64(37.410022279849514), 'pressure_appetite': np.float64(16.0), 'creation_tools': np.float64(37.62727300937131), 'opportunity_response': np.float64(81.04571428571428), 'age_trajectory': np.float64(85.0)}",Medium
Walker Kessler,2024-25,25.22,49.6,Role Player,Limited Scaling,Role Player,0.011999999999999933,2,1,Steps Up,False,"Low CII 25.2, low TII 49.6","{'self_created': np.float64(20.37), 'pressure_appetite': np.float64(42.24), 'difficulty_embrace': np.float64(0.0), 'defensive_survival': np.float64(47.18), 'force_multiplication': np.float64(14.75)}","{'scaling_efficiency': np.float64(18.63233750009699), 'pressure_appetite': np.float64(76.65714285714284), 'creation_tools': np.float64(9.0), 'opportunity_response': np.float64(90.28571428571429), 'age_trajectory': np.float64(95.0)}",Medium
Wendell Carter Jr.,2024-25,9.61,27.64,Role Player,Low Scaling,Role Player,-0.04671428571428567,0,7,Hides,False,"Low CII 9.6, low TII 27.6, no creation tools","{'self_created': np.float64(1.42), 'pressure_appetite': np.float64(10.0), 'difficulty_embrace': np.float64(9.5), 'defensive_survival': np.float64(25.19), 'force_multiplication': np.float64(10.02)}","{'scaling_efficiency': np.float64(9.72852844139086), 'pressure_appetite': np.float64(14.0), 'creation_tools': np.float64(27.05694124865777), 'opportunity_response': np.float64(53.2), 'age_trajectory': np.float64(78.33)}",High
Yves Missi,2024-25,17.65,40.22,Role Player,Limited Scaling,Role Player,-0.0069999999999999,0,1,Mixed,False,"Low CII 17.6, low TII 40.2","{'self_created': np.float64(11.27), 'pressure_appetite': np.float64(27.69), 'difficulty_embrace': np.float64(1.2), 'defensive_survival': np.float64(36.94), 'force_multiplication': np.float64(15.67)}","{'scaling_efficiency': np.float64(13.032261944196708), 'pressure_appetite': np.float64(54.7730496453901), 'creation_tools': np.float64(10.6), 'opportunity_response': np.float64(69.97142857142858), 'age_trajectory': np.int64(100)}",Medium
Zaccharie Risacher,2024-25,12.35,33.68,Role Player,Low Scaling,Role Player,-0.052,0,1,Hides,False,"Low CII 12.3, low TII 33.7","{'self_created': np.float64(3.23), 'pressure_appetite': np.float64(18.5), 'difficulty_embrace': np.float64(8.03), 'defensive_survival': np.float64(21.22), 'force_multiplication': np.float64(19.67)}","{'scaling_efficiency': np.float64(18.051312077085484), 'pressure_appetite': np.float64(19.200000000000003), 'creation_tools': np.float64(23.75445752733389), 'opportunity_response': np.float64(58.08571428571428), 'age_trajectory': np.int64(100)}",Medium
Zach Collins,2024-25,7.9,27.45,Role Player,Low Scaling,Role Player,-0.03166666666666667,1,2,Hides,False,"Low CII 7.9, low TII 27.4","{'self_created': np.float64(0.8), 'pressure_appetite': np.float64(10.0), 'difficulty_embrace': np.float64(1.9), 'defensive_survival': np.float64(27.78), 'force_multiplication': np.float64(6.08)}","{'scaling_efficiency': np.float64(18.915517209502973), 'pressure_appetite': np.float64(8.000000000000004), 'creation_tools': np.float64(11.371339014594966), 'opportunity_response': np.float64(68.92571428571429), 'age_trajectory': np.float64(71.66)}",Medium
Zach LaVine,2024-25,57.71,72.02,Luxury Amplifier,High Scaling,Strong Creator,0.03990000000000001,7,3,Steps Up,True,"Positive career leverage (+0.040, 7+/3-), CII 57.7, TII 72.0: Can be #1 (Age 30 > 28, reclassified from Latent Engine)","{'self_created': np.float64(65.23), 'pressure_appetite': np.float64(57.47), 'difficulty_embrace': np.float64(56.39), 'defensive_survival': np.float64(52.38), 'force_multiplication': np.float64(46.36)}","{'scaling_efficiency': np.float64(72.917585593029), 'pressure_appetite': np.float64(61.902788844621526), 'creation_tools': np.float64(82.45), 'opportunity_response': np.float64(89.0), 'age_trajectory': np.float64(48.34)}",High
Ziaire Williams,2024-25,11.55,32.91,Role Player,Low Scaling,Role Player,-0.04099999999999993,0,3,Hides,False,"Low CII 11.6, low TII 32.9","{'self_created': np.float64(3.41), 'pressure_appetite': np.float64(14.5), 'difficulty_embrace': np.float64(6.63), 'defensive_survival': np.float64(33.51), 'force_multiplication': np.float64(5.47)}","{'scaling_efficiency': np.float64(16.799202213752423), 'pressure_appetite': np.float64(19.20000000000004), 'creation_tools': np.float64(24.329034382522597), 'opportunity_response': np.float64(58.0), 'age_trajectory': np.float64(95.0)}",Medium
Zion Williamson,2024-25,40.33,43.84,Fragile Star,Limited Scaling,Role Player,-0.013399999999999962,1,4,Mixed,False,"Low CII 40.3, low TII 43.8, no creation tools","{'self_created': np.float64(43.4), 'pressure_appetite': np.float64(50.91), 'difficulty_embrace': np.float64(10.07), 'defensive_survival': np.float64(45.9), 'force_multiplication': np.float64(56.8)}","{'scaling_efficiency': np.float64(29.29001902982823), 'pressure_appetite': np.float64(26.799999999999997), 'creation_tools': np.float64(34.555253283302065), 'opportunity_response': np.float64(82.96571428571428), 'age_trajectory': np.float64(90.0)}",High
