{
  "Shai Gilgeous-Alexander_2018-19": {
    "Creation": {
      "CREATION_TAX": -0.0814399999999999,
      "CREATION_VOLUME_RATIO": 0.7429420505200593,
      "EFG_ISO_WEIGHTED": 0.50356
    },
    "Leverage": {
      "LEVERAGE_TS_DELTA": 0.0399999999999999,
      "LEVERAGE_USG_DELTA": -0.037,
      "CLUTCH_MIN_TOTAL": 70.0
    },
    "Pressure": {
      "RS_PRESSURE_APPETITE": 0.5022883295194509,
      "RS_PRESSURE_RESILIENCE": 0.509,
      "RS_LATE_CLOCK_PRESSURE_RESILIENCE": 0.45825,
      "RS_EARLY_CLOCK_PRESSURE_APPETITE": 0.8476190476190476
    },
    "Physicality": {
      "RS_FTr": 0.2758620689655172,
      "FTr_RESILIENCE": 1.2083333333333333,
      "RIM_PRESSURE_RESILIENCE": 0.8294736842105263,
      "RS_RIM_APPETITE": 0.3616751269035533
    },
    "Plasticity": {
      "SHOT_DISTANCE_DELTA": null,
      "SPATIAL_VARIANCE_DELTA": null
    },
    "Context": {
      "USG_PCT": 0.182,
      "AGE": 20.0
    }
  },
  "Victor Oladipo_2016-17": {
    "Creation": {
      "CREATION_TAX": -0.1425920177383591,
      "CREATION_VOLUME_RATIO": 0.4088848594741613,
      "EFG_ISO_WEIGHTED": 0.4254079822616408
    },
    "Leverage": {
      "LEVERAGE_TS_DELTA": 0.143,
      "LEVERAGE_USG_DELTA": -0.068,
      "CLUTCH_MIN_TOTAL": 125.8
    },
    "Pressure": {
      "RS_PRESSURE_APPETITE": 0.4622573687994248,
      "RS_PRESSURE_RESILIENCE": 0.461,
      "RS_LATE_CLOCK_PRESSURE_RESILIENCE": 0.4842499999999999,
      "RS_EARLY_CLOCK_PRESSURE_APPETITE": 0.7073170731707318
    },
    "Physicality": {
      "RS_FTr": 0.1654676258992805,
      "FTr_RESILIENCE": 0.594440484675695,
      "RIM_PRESSURE_RESILIENCE": 0.8488160291438979,
      "RS_RIM_APPETITE": 0.2896995708154506
    },
    "Plasticity": {
      "SHOT_DISTANCE_DELTA": null,
      "SPATIAL_VARIANCE_DELTA": null
    },
    "Context": {
      "USG_PCT": 0.21,
      "AGE": 25.0
    }
  },
  "Jalen Brunson_2020-21": {
    "Creation": {
      "CREATION_TAX": -0.0795761078998072,
      "CREATION_VOLUME_RATIO": 0.692,
      "EFG_ISO_WEIGHTED": 0.5764238921001927
    },
    "Leverage": {
      "LEVERAGE_TS_DELTA": -0.0599999999999999,
      "LEVERAGE_USG_DELTA": 0.0289999999999999,
      "CLUTCH_MIN_TOTAL": 45.6
    },
    "Pressure": {
      "RS_PRESSURE_APPETITE": 0.4913232104121476,
      "RS_PRESSURE_RESILIENCE": 0.661,
      "RS_LATE_CLOCK_PRESSURE_RESILIENCE": 0.3974857142857144,
      "RS_EARLY_CLOCK_PRESSURE_APPETITE": 0.6818181818181818
    },
    "Physicality": {
      "RS_FTr": 0.2391304347826087,
      "FTr_RESILIENCE": 1.2355371900826446,
      "RIM_PRESSURE_RESILIENCE": 1.0363636363636364,
      "RS_RIM_APPETITE": 0.2631578947368421
    },
    "Plasticity": {
      "SHOT_DISTANCE_DELTA": null,
      "SPATIAL_VARIANCE_DELTA": null
    },
    "Context": {
      "USG_PCT": 0.196,
      "AGE": 24.0
    }
  },
  "Jordan Poole_2021-22": {
    "Creation": {
      "CREATION_TAX": -0.0471913214990138,
      "CREATION_VOLUME_RATIO": 0.4805687203791469,
      "EFG_ISO_WEIGHTED": 0.5368086785009861
    },
    "Leverage": {
      "LEVERAGE_TS_DELTA": -0.0619999999999999,
      "LEVERAGE_USG_DELTA": -0.001,
      "CLUTCH_MIN_TOTAL": 75.89999999999999
    },
    "Pressure": {
      "RS_PRESSURE_APPETITE": 0.3890882986360373,
      "RS_PRESSURE_RESILIENCE": 0.423,
      "RS_LATE_CLOCK_PRESSURE_RESILIENCE": 0.3018421052631578,
      "RS_EARLY_CLOCK_PRESSURE_APPETITE": 0.7466666666666666
    },
    "Physicality": {
      "RS_FTr": 0.2517985611510791,
      "FTr_RESILIENCE": 1.1101237345331834,
      "RIM_PRESSURE_RESILIENCE": 0.8995600901999926,
      "RS_RIM_APPETITE": 0.2013232514177693
    },
    "Plasticity": {
      "SHOT_DISTANCE_DELTA": null,
      "SPATIAL_VARIANCE_DELTA": null
    },
    "Context": {
      "USG_PCT": 0.252,
      "AGE": 23.0
    }
  },
  "Talen Horton-Tucker_2020-21": {
    "Creation": {
      "CREATION_TAX": 0.0805357142857143,
      "CREATION_VOLUME_RATIO": 0.7205882352941178,
      "EFG_ISO_WEIGHTED": 0.5295357142857143
    },
    "Leverage": {
      "LEVERAGE_TS_DELTA": 0.2249999999999999,
      "LEVERAGE_USG_DELTA": 0.065,
      "CLUTCH_MIN_TOTAL": 23.1
    },
    "Pressure": {
      "RS_PRESSURE_APPETITE": NaN,
      "RS_PRESSURE_RESILIENCE": NaN,
      "RS_LATE_CLOCK_PRESSURE_RESILIENCE": NaN,
      "RS_EARLY_CLOCK_PRESSURE_APPETITE": NaN
    },
    "Physicality": {
      "RS_FTr": NaN,
      "FTr_RESILIENCE": NaN,
      "RIM_PRESSURE_RESILIENCE": NaN,
      "RS_RIM_APPETITE": NaN
    },
    "Plasticity": {
      "SHOT_DISTANCE_DELTA": null,
      "SPATIAL_VARIANCE_DELTA": null
    },
    "Context": {
      "USG_PCT": 0.21,
      "AGE": 20.0
    }
  },
  "Tyus Jones_2021-22": {
    "Creation": {
      "CREATION_TAX": -0.173757925072046,
      "CREATION_VOLUME_RATIO": 0.5921501706484642,
      "EFG_ISO_WEIGHTED": 0.4362420749279539
    },
    "Leverage": {
      "LEVERAGE_TS_DELTA": 0.1979999999999999,
      "LEVERAGE_USG_DELTA": -0.057,
      "CLUTCH_MIN_TOTAL": 39.0
    },
    "Pressure": {
      "RS_PRESSURE_APPETITE": 0.4663143989431968,
      "RS_PRESSURE_RESILIENCE": 0.385,
      "RS_LATE_CLOCK_PRESSURE_RESILIENCE": 0.4943235294117646,
      "RS_EARLY_CLOCK_PRESSURE_APPETITE": 0.5142857142857143
    },
    "Physicality": {
      "RS_FTr": 0.1184210526315789,
      "FTr_RESILIENCE": 1.2794612794612794,
      "RIM_PRESSURE_RESILIENCE": 0.8080808080808081,
      "RS_RIM_APPETITE": 0.125
    },
    "Plasticity": {
      "SHOT_DISTANCE_DELTA": null,
      "SPATIAL_VARIANCE_DELTA": null
    },
    "Context": {
      "USG_PCT": 0.164,
      "AGE": 26.0
    }
  },
  "Mikal Bridges_2021-22": {
    "Creation": {
      "CREATION_TAX": -0.0514087591240876,
      "CREATION_VOLUME_RATIO": 0.1991279069767442,
      "EFG_ISO_WEIGHTED": 0.5625912408759124
    },
    "Leverage": {
      "LEVERAGE_TS_DELTA": 0.0789999999999999,
      "LEVERAGE_USG_DELTA": -0.0179999999999999,
      "CLUTCH_MIN_TOTAL": 117.0
    },
    "Pressure": {
      "RS_PRESSURE_APPETITE": 0.4084372003835091,
      "RS_PRESSURE_RESILIENCE": 0.556,
      "RS_LATE_CLOCK_PRESSURE_RESILIENCE": 0.4340714285714285,
      "RS_EARLY_CLOCK_PRESSURE_APPETITE": 0.7281553398058253
    },
    "Physicality": {
      "RS_FTr": 0.1809523809523809,
      "FTr_RESILIENCE": 1.2013729977116705,
      "RIM_PRESSURE_RESILIENCE": 1.3131559220389806,
      "RS_RIM_APPETITE": 0.2703962703962704
    },
    "Plasticity": {
      "SHOT_DISTANCE_DELTA": null,
      "SPATIAL_VARIANCE_DELTA": null
    },
    "Context": {
      "USG_PCT": 0.149,
      "AGE": 25.0
    }
  },
  "Lauri Markkanen_2021-22": {
    "Creation": {
      "CREATION_TAX": -0.1318504672897196,
      "CREATION_VOLUME_RATIO": 0.1122770199370409,
      "EFG_ISO_WEIGHTED": 0.4461495327102803
    },
    "Leverage": {
      "LEVERAGE_TS_DELTA": 0.125,
      "LEVERAGE_USG_DELTA": -0.01,
      "CLUTCH_MIN_TOTAL": 93.0
    },
    "Pressure": {
      "RS_PRESSURE_APPETITE": NaN,
      "RS_PRESSURE_RESILIENCE": NaN,
      "RS_LATE_CLOCK_PRESSURE_RESILIENCE": NaN,
      "RS_EARLY_CLOCK_PRESSURE_APPETITE": NaN
    },
    "Physicality": {
      "RS_FTr": NaN,
      "FTr_RESILIENCE": NaN,
      "RIM_PRESSURE_RESILIENCE": NaN,
      "RS_RIM_APPETITE": NaN
    },
    "Plasticity": {
      "SHOT_DISTANCE_DELTA": null,
      "SPATIAL_VARIANCE_DELTA": null
    },
    "Context": {
      "USG_PCT": 0.192,
      "AGE": 25.0
    }
  },
  "Christian Wood_2020-21": {
    "Creation": {
      "CREATION_TAX": -0.1304884792626727,
      "CREATION_VOLUME_RATIO": 0.1888598781549173,
      "EFG_ISO_WEIGHTED": 0.4935115207373272
    },
    "Leverage": {
      "LEVERAGE_TS_DELTA": -0.0589999999999999,
      "LEVERAGE_USG_DELTA": -0.031,
      "CLUTCH_MIN_TOTAL": 59.5
    },
    "Pressure": {
      "RS_PRESSURE_APPETITE": NaN,
      "RS_PRESSURE_RESILIENCE": NaN,
      "RS_LATE_CLOCK_PRESSURE_RESILIENCE": NaN,
      "RS_EARLY_CLOCK_PRESSURE_APPETITE": NaN
    },
    "Physicality": {
      "RS_FTr": NaN,
      "FTr_RESILIENCE": NaN,
      "RIM_PRESSURE_RESILIENCE": NaN,
      "RS_RIM_APPETITE": NaN
    },