{
  "coefficients": {
    "ASSISTED_FGM_PCT": -0.015565485553719376,
    "OPEN_SHOT_FREQUENCY": -0.04595199633276135,
    "LOW_SELF_CREATION": 0.007708165491510116
  },
  "intercept": 0.0258838047504786,
  "r_squared": 0.013623498935843359,
  "p_values": {
    "ASSISTED_FGM_PCT": 0.8872132087347957,
    "OPEN_SHOT_FREQUENCY": 0.060129585770007266,
    "LOW_SELF_CREATION": 0.9813349673761791
  },
  "standard_errors": {
    "ASSISTED_FGM_PCT": 0.1096960987315603,
    "OPEN_SHOT_FREQUENCY": 0.024394771720268396,
    "LOW_SELF_CREATION": 0.3293270007194759
  },
  "n_samples": 560,
  "mean_efficiency_drop": 0.013369859643921834,
  "std_efficiency_drop": 0.05863707403515418
}