PLAYER_ID,PLAYER_NAME,SEASON,AGE,USG_PCT,STRESS_COMPOSITE,Z_SCORE,SIGNAL_CONFIDENCE,PREDICTED_ARCHETYPE,PREDICTED_KING_PROBABILITY,CREATION_VOLUME_RATIO,LEVERAGE_USG_DELTA,RS_PRESSURE_RESILIENCE,RS_LATE_CLOCK_PRESSURE_RESILIENCE,EFG_ISO_WEIGHTED,RS_FTr,CREATION_BOOST
1628983,Shai Gilgeous-Alexander,2018-19,20.0,0.182,0.0,0.0,0.8977272727272728,Bulldozer (Fragile Star),0.3645889,0.7429420505200593,-0.037,0.509,0.45825,0.50356,0.2758620689655172,1.0
1628389,Bam Adebayo,2019-20,22.0,0.212,0.0,0.0,0.965909090909091,King (Resilient Star),0.2760636,0.2366946778711484,-0.03,0.582,0.4628586956521738,0.5085147928994083,0.4818181818181818,1.0
1629014,Anfernee Simons,2021-22,23.0,0.244,0.0,0.0,0.5397727272727273,Bulldozer (Fragile Star),0.5011803,0.6223776223776223,0.018,,,0.5095393258426967,,1.0
1630169,Tyrese Haliburton,2022-23,23.0,0.238,0.0,0.0,0.5397727272727273,Bulldozer (Fragile Star),0.4966915,0.817948717948718,0.0439999999999999,,,0.5505005224660398,,1.0
1630249,Vít Krejčí,2023-24,24.0,0.098,0.0,0.0,0.5397727272727273,Bulldozer (Fragile Star),0.6127614,0.2198795180722891,0.037,,,0.5608219178082192,,1.0
