player_id,player_name,season,age,minutes,usg_pct,ts_pct,shot_quality_generation_delta,creation_volume_ratio,helio_potential_score,friction_coeff_iso,avg_opponent_dcs,avg_speed_offense,time_of_poss,weighted_touch_production,skill_index,subsidy_index,physicality_score,fragility_score,inefficient_volume_score,leverage_usg_delta,leverage_ts_delta,clutch_usg_absolute,relative_usage_drop,abdication_interaction,pct_uast_fgm,pct_pts_2pt_mr,pull_up_fga,pull_up_fg3a,pull_up_fg3m,contested_shot_rate,projected_playoff_pps,projected_playoff_output,helio_above_replacement_value,team_abbreviation,teammate_ts_pct
201166,Aaron Brooks,2015-16,31.0,16.1,0.225,0.494,0.0932692690931094,1.0,0.0099543372536263,1.0,,4.39,3.1,0.0,0.5888888888888889,0.4111111111111111,0.2622601279317697,0.1215458975304609,0.0,0.002,0.13,0.227,0.0088888888888888,0.00026,0.739,0.122,2.8,1.4,0.4,0.6076759061833689,0.3566196222712778,0.0802394150110375,-0.0,,
203932,Aaron Gordon,2015-16,20.0,23.9,0.169,0.541,0.0850346553128075,0.2184724689165186,0.0059078031026627,1.0,55.39019743354985,5.08,1.2,0.8999999999999999,0.2288888888888888,0.7711111111111111,0.8054054054054054,0.5,0.0345612788632326,-0.048,-0.009,0.121,-0.2840236686390533,0.000432,0.412,0.089,1.2,0.1,0.0,0.5803108808290155,0.3216240142095914,0.0543544584014209,-0.0,,
201143,Al Horford,2015-16,30.0,32.1,0.202,0.565,0.1029558830624387,0.0624426078971533,0.0093471286915084,1.518557628378114,54.68001248926674,4.42,1.7,3.4,0.3666666666666667,0.6333333333333333,0.2348282442748091,0.3918344538817792,0.0121129476584022,-0.013,0.031,0.189,-0.0643564356435644,-0.000403,0.187,0.237,0.4,0.0,0.0,0.3797250859106529,0.3530248086929906,0.0713110113559841,-0.0,ATL,0.5471425918274843
2744,Al Jefferson,2015-16,31.0,23.3,0.24,0.507,0.0928022388706081,0.1219879518072289,0.0109112703466017,1.138949046938876,,4.14,1.0,7.1000000000000005,0.7100000000000001,0.2899999999999999,0.1514851485148514,0.5,0.0055737951807228,-0.0569999999999999,-0.143,0.183,-0.2375,0.008151,0.445,0.292,0.9,0.0,0.0,0.7091836734693877,0.4266439248117469,0.1023945419548192,-0.0,,
202329,Al-Farouq Aminu,2015-16,25.0,28.5,0.166,0.533,0.0788609886454562,0.2127659574468085,0.0053336479856934,0.5540244130984121,53.97114145495135,4.75,1.3,0.6,0.1933333333333333,0.8066666666666666,0.5442091288405613,1.0,0.0421304964539007,-0.023,-0.171,0.143,-0.13855421686747,0.003933,0.264,0.083,1.3,0.3,0.1,0.3893491124260355,0.3072896110981218,0.0510100754422882,-0.0,POR,0.5526463576158941
202692,Alec Burks,2015-16,24.0,25.7,0.246,0.52,0.1210659481533107,0.7174211248285322,0.0147715023636244,1.0,,4.44,3.1,0.2,0.3444444444444444,0.6555555555555556,0.3323353293413174,0.1606219973707949,0.0633799725651577,0.03,0.0629999999999999,0.276,0.1219512195121952,0.00189,0.672,0.15,4.4,1.0,0.4,0.5718562874251497,0.3405612406645328,0.083778065203475,-0.0,,
203458,Alex Len,2015-16,23.0,23.3,0.202,0.482,-0.0101206313000662,0.0510204081632653,-0.000918828923488,1.0,53.95727480285105,4.33,1.0,3.6,0.36,0.64,0.4325,1.0,0.0239795918367346,-0.09,0.063,0.112,-0.4455445544554455,-0.00567,0.33,0.179,0.4,0.0,0.0,0.6634615384615384,0.3032938775510204,0.0612653632653061,-0.0,,
203459,Allen Crabbe,2015-16,24.0,26.0,0.159,0.572,0.1324122616018157,0.1034482758620689,0.0083950616516632,0.0,54.118132215424936,4.68,0.9,0.4,0.1599999999999999,0.8400000000000001,0.1722713864306784,0.5,0.024,-0.083,0.079,0.076,-0.5220125786163522,-0.006557,0.161,0.272,2.7,0.3,0.0,0.4125500667556742,0.3302,0.0525018,-0.0,,
202087,Alonzo Gee,2015-16,29.0,22.4,0.091,0.572,0.1046998207095251,0.2425531914893617,0.0028741407118959,1.0,54.29966500228138,4.81,0.7,0.3,0.1399999999999999,0.86,0.7085714285714286,0.3246198724422945,0.0214468085106383,-0.0209999999999999,0.145,0.07,-0.2307692307692306,-0.0030449999999999,0.265,0.043,0.3,0.1,0.0,0.5372549019607843,0.3081153191489362,0.0280384940425531,-0.0,,
101161,Amir Johnson,2015-16,29.0,22.8,0.136,0.602,0.0975932751527157,0.0900692840646651,0.0048947245321778,1.0,54.72306106007462,4.37,0.9,1.3,0.2444444444444444,0.7555555555555555,0.3666666666666666,0.2134772381103618,0.0544018475750577,-0.015,0.008,0.121,-0.1102941176470589,-0.00012,0.325,0.021,0.1,0.1,0.0,0.7592997811816192,0.3702811393379522,0.0503582349499615,-0.0,,
203083,Andre Drummond,2015-16,22.0,32.9,0.239,0.499,0.124588073221972,0.1516483516483516,0.0145570482286359,1.2593079281646955,54.7712843915385,4.11,1.2,4.9,0.49,0.51,1.0,0.0311374866562856,0.0309296703296703,-0.003,0.05,0.236,-0.0125523012552301,-0.00015,0.469,0.024,0.5,0.0,0.0,0.8868940754039497,0.4628791428571429,0.1106281151428571,-0.0,,
2738,Andre Iguodala,2015-16,32.0,26.6,0.117,0.565,0.1510143697033888,0.2249388753056234,0.0060436188483596,0.8391738823124263,53.78802137415682,4.59,2.0,0.4,0.3666666666666667,0.6333333333333333,0.6024885583524027,0.0725135580201033,0.0232665036674816,0.0039999999999999,0.1050000000000001,0.121,0.0341880341880341,0.0004199999999999,0.273,0.118,1.4,0.5,0.1,0.4210526315789473,0.3913182140110426,0.0457842310392919,-0.0,GSW,0.6245136376330406
203460,Andre Roberson,2015-16,24.0,22.2,0.092,0.566,0.1166510955914175,0.0223642172523961,0.0032551466800772,1.0,54.78157754837271,4.83,0.4,0.4,0.0866666666666666,0.9133333333333332,0.323076923076923,0.4739221554367094,0.0131725239616613,-0.033,0.2330000000000001,0.059,-0.3586956521739131,-0.007689,0.228,0.0,0.1,0.0,0.0,0.4777777777777778,0.3080856230031948,0.0283438773162939,-0.0,,
101106,Andrew Bogut,2015-16,31.0,20.7,0.115,0.623,0.198652294696316,0.0395136778115501,0.0077471211335789,1.0,54.047056337757056,4.2,1.0,0.4,0.3222222222222222,0.6777777777777778,0.305,0.0694853356689311,0.0269878419452887,-0.007,0.023,0.108,-0.0608695652173913,-0.000161,0.24,0.016,0.2,0.0,0.0,0.7191011235955056,0.3994075650118204,0.0459318699763593,-0.0,,
203094,Andrew Nicholson,2015-16,26.0,14.7,0.205,0.567,0.0970167007200984,0.2214111922141119,0.009004866795982,1.0,,4.31,0.7,2.4,0.24,0.76,0.2322580645161289,0.5,0.0158905109489051,0.005,-0.2449999999999999,0.21,0.024390243902439,-0.001225,0.466,0.094,0.4,0.1,0.0,0.5357142857142857,0.3317678832116788,0.0680124160583941,-0.0,,
203952,Andrew Wiggins,2015-16,21.0,35.1,0.267,0.543,0.0989219865000824,0.481981981981982,0.0136477079729732,1.0,54.190284191045485,4.34,2.1,4.6,0.4599999999999999,0.54,0.872758887171561,0.1546735289307891,0.0445855855855856,0.0389999999999999,-0.028,0.306,0.146067415730337,-0.001092,0.46,0.185,5.4,0.6,0.1,0.6736272235112142,0.3718725225225225,0.0992899635135135,-0.0,,
203076,Anthony Davis,2015-16,23.0,35.5,0.29,0.559,0.1065809984775175,0.1190681622088006,0.0166447310212011,1.0,54.20570708760864,4.31,2.1,7.4,0.74,0.26,0.3838170149931849,0.3647384392203755,0.0244857635893011,-0.0329999999999999,0.1399999999999999,0.257,-0.1137931034482757,-0.0046199999999999,0.259,0.258,3.4,0.1,0.0,0.5818661971830986,0.4832973856773079,0.1401562418464193,-0.0,,
201167,Arron Afflalo,2015-16,30.0,33.4,0.178,0.531,0.0798048012707815,0.3736842105263158,0.005993203492385,1.0,54.79514343764041,4.55,2.2,3.3,0.3299999999999999,0.67,0.323816274768239,0.6755612862687657,0.0382315789473684,0.061,-0.052,0.239,0.3426966292134831,-0.003172,0.401,0.288,4.1,0.5,0.2,0.6082603254067585,0.333676,0.059394328,-0.0,,
203085,Austin Rivers,2015-16,23.0,21.8,0.188,0.523,0.1014787001236879,0.6053459119496856,0.0082720217840721,1.0141217031886876,53.47140668672203,4.51,2.7,0.3,0.3,0.7,0.6002063827645221,0.5,0.0930959119496855,-0.076,-0.063,0.112,-0.4042553191489361,0.004788,0.527,0.118,2.4,0.9,0.2,0.5017361111111112,0.1748596954926624,0.0328736227526205,-0.0,,
203463,Ben McLemore,2015-16,23.0,21.2,0.172,0.531,0.0726760368395971,0.1934826883910387,0.005184225772465,1.0,53.76277919269318,5.07,0.8,0.4,0.1688888888888889,0.8311111111111111,0.5785468263080202,0.9697977510100336,0.0332729124236252,-0.0339999999999999,-0.07,0.138,-0.197674418604651,0.0023799999999999,0.231,0.109,1.1,0.3,0.1,0.3853006681514476,0.3002449422946368,0.0516421300746775,-0.0,,
2757,Beno Udrih,2015-16,33.0,16.1,0.167,0.496,0.144536857153384,1.0,0.0098640056828866,1.0,,5.08,3.2,0.0,0.5688888888888889,0.4311111111111111,0.2070707070707069,0.5,0.0,-0.103,-0.496,0.064,-0.6167664670658682,0.051088,0.547,0.361,2.3,0.2,0.0,0.4898989898989899,0.3923472785829308,0.0655219955233494,-0.0,,
202687,Bismack Biyombo,2015-16,23.0,22.0,0.114,0.586,0.1169993142646866,0.0276816608996539,0.0045034007244625,1.0,54.70969456172075,4.28,0.7,0.8,0.08,0.92,0.5,0.4357918930719918,0.0163875432525951,-0.057,0.016,0.057,-0.5,-0.000912,0.263,0.066,0.2,0.0,0.0,0.8016997167138811,0.3187065051903115,0.0363325415916955,-0.0,,
201933,Blake Griffin,2015-16,27.0,33.4,0.289,0.544,0.093646931020887,0.3094879518072289,0.0145492401853517,0.4432973805855161,,4.08,3.3,6.0,0.6,0.4,0.3399668325041459,0.2464440016102566,0.0005896084337349,-0.007,0.0369999999999999,0.282,-0.0242214532871972,-0.0002589999999999,0.359,0.32,3.3,0.2,0.1,0.4222560975609756,0.2853385542168675,0.0824628421686747,-0.0,,
202711,Bojan Bogdanovic,2015-16,27.0,26.8,0.19,0.55,0.0941914333868813,0.3057851239669421,0.0078008478501325,1.0,55.14429043320843,4.46,1.2,1.3,0.1622222222222222,0.8377777777777777,0.5004511278195488,0.5,0.0796528925619834,-0.062,-0.017,0.128,-0.3263157894736842,0.001054,0.284,0.099,1.7,0.6,0.2,0.4806408544726301,0.3041228191000918,0.0577833356290174,-0.0,BKN,0.533
203078,Bradley Beal,2015-16,23.0,31.1,0.245,0.547,0.1114390389573227,0.5363385464581416,0.0135140799732613,1.0,55.14115057190818,4.73,2.6,0.8999999999999999,0.3399999999999999,0.66,0.5051279616762332,0.2612419365372451,0.0418261269549218,-0.004,0.0439999999999999,0.241,-0.0163265306122449,-0.0001759999999999,0.462,0.169,5.5,1.6,0.6,0.4230287859824781,0.3458364949402023,0.0847299412603495,-0.0,WAS,0.5457226828250576
101138,Brandon Bass,2015-16,31.0,20.3,0.136,0.619,0.0511027777745086,0.10625,0.0025630251638128,1.0,54.46022090146827,4.46,0.8,2.4,0.24,0.76,0.475,0.1177925497322031,0.05960625,-0.006,0.021,0.13,-0.0441176470588235,-0.000126,0.236,0.106,0.3,0.0,0.0,0.7665615141955836,0.310864125,0.042277521,-0.0,,
201943,Brandon Jennings,2015-16,26.0,18.1,0.192,0.491,0.052547809840171,0.6746323529411765,0.004420856954412,1.0,,4.89,4.1,0.1,0.6622222222222222,0.3377777777777778,0.1725239616613418,1.0,0.1393658088235293,-0.007,-0.182,0.185,-0.0364583333333333,0.001274,0.589,0.139,3.3,1.8,0.5,0.3519736842105263,0.3678781944444445,0.0706326133333333,-0.0,,
202688,Brandon Knight,2015-16,24.0,36.0,0.258,0.522,0.0809534650924778,0.6883720930232559,0.0106087692141347,1.0,53.36650487073218,4.73,6.0,0.4,0.6666666666666666,0.3333333333333333,0.4788229180200077,1.0,0.083415503875969,0.018,-0.122,0.276,0.0697674418604651,-0.002196,0.633,0.169,8.4,3.7,1.2,0.435754189944134,0.3913204134366924,0.1009606666666666,-0.0,,
201572,Brook Lopez,2015-16,28.0,33.7,0.272,0.562,0.0757397426096523,0.1747146619841966,0.0107442766172603,1.0,55.26082868750896,4.12,1.7,9.6,0.96,0.04,0.7798649934903668,0.7475034653565767,0.0092212467076382,-0.034,0.0,0.238,-0.1250000000000001,-0.0,0.408,0.192,1.9,0.0,0.0,0.6447709593777009,0.5084031782265145,0.1382856644776119,-0.0,,
203468,CJ McCollum,2015-16,24.0,34.7,0.266,0.544,0.1414896469543369,0.6917188587334726,0.0194109646140984,0.9014564969580302,53.89247990578305,5.03,5.3,0.3,0.5888888888888889,0.4111111111111111,0.388967358841924,0.2588716191890825,0.0762338204592902,-0.005,0.014,0.261,-0.018796992481203,-7.000000000000013e-05,0.638,0.247,8.3,2.2,0.9,0.4941466420209489,0.3979399228937456,0.1058520194897363,-0.0,POR,0.5518032187271398
101139,CJ Miles,2015-16,29.0,22.9,0.221,0.547,0.0913642781328423,0.1693430656934306,0.0094921553591097,0.3242034656232532,53.736477011436584,4.33,1.0,0.5,0.1533333333333333,0.8466666666666667,0.4069591817225886,0.5,0.0210277372262773,-0.0829999999999999,-0.122,0.138,-0.3755656108597284,0.010126,0.278,0.096,2.3,1.0,0.3,0.4634873323397913,0.150669109489051,0.0332978731970802,-0.0,,
2546,Carmelo Anthony,2015-16,32.0,35.1,0.291,0.53,0.0665460626974273,0.4596375617792421,0.010446284472342,1.0,55.18741843727163,4.06,3.6,7.4,0.74,0.26,0.6010593843799659,0.3442085958742853,0.0235947281713344,0.063,-0.015,0.354,0.2164948453608247,-0.000945,0.64,0.342,7.7,1.7,0.5,0.612088752869166,0.417082586490939,0.1213710326688632,-0.0,,
202718,Chandler Parsons,2015-16,27.0,29.5,0.204,0.589,0.1548970152843599,0.2954856361149111,0.0142721138201007,1.0,53.785068265773354,4.66,2.1,0.8999999999999999,0.3511111111111111,0.6488888888888888,0.5693096171239072,0.5,0.0308563611491107,-0.061,0.068,0.143,-0.2990196078431372,-0.004148,0.394,0.093,2.1,0.9,0.3,0.5084485407066052,0.3952970360237118,0.0806405953488372,-0.0,,
2547,Chris Bosh,2015-16,32.0,33.5,0.247,0.571,0.0947242373055752,0.0972495088408644,0.0116280408024276,1.0,54.96560132875024,4.06,2.1,4.6,0.4599999999999999,0.54,0.3218558647664433,0.5,0.0070314341846758,0.002,-0.1369999999999999,0.249,0.0080971659919028,-0.000274,0.31,0.255,2.5,0.1,0.0,0.4302477183833116,0.3985570530451867,0.0984435921021611,-0.0,,
203187,Chris Johnson,2015-16,26.0,12.2,0.131,0.482,-0.0662320516207973,0.1709844559585492,-0.0031403290127398,1.0,,4.69,0.5,0.0,0.1822222222222222,0.8177777777777777,0.268041237113402,1.0,0.0777979274611398,-0.076,-0.482,0.0549999999999999,-0.5801526717557253,0.036632,0.333,0.107,0.6,0.2,0.0,0.4432989690721649,0.2229683362118595,0.0292088520437536,-0.0,,
101108,Chris Paul,2015-16,31.0,32.7,0.265,0.575,0.1519010763461328,0.8569182389937107,0.0207219042260283,0.8675382840488527,53.69584145888307,4.27,8.5,1.1,1.0,0.0,0.4906024468831369,0.0592555816323025,0.1333207547169812,0.0199999999999999,0.033,0.285,0.0754716981132074,0.0006599999999999,0.833,0.29,9.9,3.0,1.0,0.4016806722689076,0.3720156936038922,0.0985841588050314,-0.0,LAC,0.5793991548244117
203469,Cody Zeller,2015-16,23.0,24.3,0.152,0.592,0.1015348102181883,0.0594965675057208,0.0060170045973382,1.0,54.74145364409064,4.95,0.6,2.6,0.26,0.74,0.5,0.5,0.0352219679633867,-0.065,0.188,0.087,-0.4276315789473685,-0.01222,0.212,0.06,0.2,0.0,0.0,0.7305263157894737,0.3081089244851258,0.0468325565217391,-0.0,,
202709,Cory Joseph,2015-16,24.0,25.6,0.166,0.512,0.0783369251364501,1.0,0.0052982037143598,1.139681861880882,54.88087878732513,4.74,5.2,0.2,0.5777777777777778,0.4222222222222221,0.710361784334387,1.0,0.0,-0.066,0.046,0.1,-0.3975903614457831,-0.003036,0.72,0.183,2.1,0.2,0.0,0.5755894590846047,0.3901653198653199,0.0647674430976431,-0.0,TOR,0.5731021525642297
201584,Courtney Lee,2015-16,30.0,29.6,0.146,0.551,0.1020539634123684,0.2985611510791367,0.0056932356413792,0.5919050600179646,54.19093045129708,4.38,1.5,0.5,0.1955555555555555,0.8044444444444445,0.4334898278560251,0.5,0.038025179856115,-0.0349999999999999,-0.13,0.111,-0.2397260273972602,0.00455,0.283,0.258,2.4,0.1,0.0,0.3927536231884058,0.3012778497202238,0.0439865660591526,-0.0,,
1626156,D'Angelo Russell,2015-16,20.0,28.2,0.238,0.507,0.0908140277287867,0.5993975903614458,0.0105443150420692,1.0,54.49668425339183,4.69,5.1,0.7,0.5666666666666667,0.4333333333333333,0.4471129707112968,0.3090300401719397,0.0601305220883534,-0.0129999999999999,0.125,0.225,-0.0546218487394957,-0.0016249999999999,0.589,0.161,5.4,1.7,0.6,0.4937238493723849,0.3829477576974565,0.0911415663319946,-0.0,,
201571,D.J. Augustin,2015-16,28.0,19.0,0.18,0.575,0.1664807803285745,1.0,0.0127137263804168,1.0,,4.44,3.9,0.0,0.5711111111111111,0.4288888888888889,0.28,0.3690265598850362,0.0,-0.0399999999999999,0.241,0.14,-0.2222222222222221,-0.0096399999999999,0.608,0.077,2.2,1.4,0.5,0.4657142857142857,0.4101411820330969,0.0738254127659574,-0.0,,
203081,Damian Lillard,2015-16,25.0,35.7,0.304,0.56,0.1187199437296041,0.7369994022713687,0.0198991285453255,0.8766436873914699,54.13881624740355,4.65,8.7,0.4,0.9666666666666666,0.0333333333333334,0.6693881767902526,0.1535432573055584,0.0997997609085475,0.0579999999999999,-0.005,0.362,0.1907894736842105,-0.00029,0.697,0.131,8.9,4.7,1.7,0.5160349854227405,0.4469458598326359,0.1358715413891213,-7.2488662426778384e-06,POR,0.5402724550898204
201568,Danilo Gallinari,2015-16,27.0,34.7,0.226,0.582,0.0716754207851576,0.3690851735015773,0.0077007479686338,1.0,54.57186469355106,4.29,2.7,2.5,0.3,0.7,0.9314285714285714,0.6966722948041029,0.0828738170347003,-0.015,-0.1049999999999999,0.211,-0.0663716814159292,0.001575,0.411,0.143,3.6,1.1,0.3,0.4857142857142857,0.3211820189274448,0.0725871362776025,-0.0,,
201980,Danny Green,2015-16,29.0,26.1,0.143,0.492,0.0608113500596939,0.0909090909090909,0.0032884307558388,0.0,53.29526394716629,4.88,1.3,0.2,0.2044444444444444,0.7955555555555556,0.1407220506640556,0.8816258321397363,0.0112727272727272,-0.0159999999999999,-0.0299999999999999,0.127,-0.1118881118881118,0.0004799999999999,0.147,0.094,1.2,0.5,0.1,0.3178913738019169,0.4440020202020202,0.0634922888888888,-0.0,SAS,0.581486086839629
201967,Dante Cunningham,2015-16,29.0,24.6,0.11,0.54,0.0689899589786869,0.0395061728395061,0.0025169518905774,1.0,54.60849770810489,4.93,0.7,0.4,0.1244444444444444,0.8755555555555555,0.2743651979088872,1.0,0.0216493827160493,0.0079999999999999,-0.115,0.118,0.0727272727272726,-0.0009199999999999,0.102,0.14,0.5,0.0,0.0,0.3737864077669903,0.2959260137174211,0.0325518615089163,-0.0,,
201589,Darrell Arthur,2015-16,28.0,21.7,0.165,0.514,0.0365570699872809,0.0505902192242833,0.0024501760844354,1.0,54.352184658602376,4.35,0.8,1.2999999999999998,0.2266666666666666,0.7733333333333333,0.1800233713117148,1.0,0.026256323777403,-0.0289999999999999,-0.147,0.136,-0.1757575757575757,0.004263,0.172,0.38,0.7,0.0,0.0,0.3578732106339468,0.3022161214165261,0.0498656600337268,-0.0,,
201954,Darren Collison,2015-16,28.0,30.0,0.19,0.591,0.1448405476354382,0.6078914919852034,0.0119955608913293,1.0,53.95741489460755,4.48,4.5,0.7,0.5,0.5,0.6738733431516934,0.1871549135904178,0.111003699136868,0.008,0.013,0.198,0.0421052631578947,0.000104,0.557,0.203,3.9,1.0,0.3,0.453125,0.4064972256473489,0.0772344728729963,-0.0,,
2561,David West,2015-16,35.0,18.0,0.175,0.573,0.0868777877153089,0.080188679245283,0.0063601275653223,1.0,,4.03,0.8,2.5,0.3333333333333333,0.6666666666666667,0.1383928571428571,0.5,0.0470707547169811,-0.132,-0.573,0.0429999999999999,-0.7542857142857143,0.075636,0.213,0.383,0.4,0.0,0.0,0.4632206759443339,0.2900471698113207,0.0507582547169811,-0.0,,
201599,DeAndre Jordan,2015-16,27.0,33.7,0.155,0.628,0.2461504096534554,0.0168350168350168,0.0150209745444696,1.0,53.62493578437718,4.05,1.2,1.6,0.16,0.84,0.5,0.0065107233901856,0.012087542087542,0.004,0.033,0.159,0.0258064516129032,0.000132,0.218,0.002,0.0,0.0,0.0,0.8021978021978022,0.3871900336700338,0.0600144552188552,-0.0,,
201942,DeMar DeRozan,2015-16,26.0,35.9,0.291,0.55,0.0905145659727954,0.7515723270440251,0.0142088181736851,0.901094245550476,54.799224601021336,4.48,4.1,1.5,0.4622222222222222,0.5377777777777778,0.8425488965203156,0.1491856332894595,0.0375487421383647,0.062,-0.032,0.353,0.2130584192439862,-0.001984,0.704,0.231,7.3,0.6,0.1,0.6884965831435079,0.2951662509862265,0.0858933790369919,-0.0,TOR,0.5721385305074399
202326,DeMarcus Cousins,2015-16,25.0,34.6,0.351,0.538,0.0684631421343965,0.2222222222222222,0.0142369677748616,1.0,54.64209847083738,3.86,2.6,6.4,0.64,0.36,0.9970731707317072,0.5736493929496496,0.0195299760191846,0.03,-0.077,0.381,0.0854700854700855,-0.00231,0.398,0.108,2.1,0.2,0.1,0.6258555133079848,0.4153054196642686,0.1457722023021583,-0.0012606906034532,,
201960,DeMarre Carroll,2015-16,29.0,30.2,0.176,0.49,0.0911875916401802,0.1997264021887825,0.0067329400480705,1.4636393926118798,,4.09,1.6,0.7,0.1777777777777777,0.8222222222222222,0.2555555555555555,0.5,0.047422708618331,-0.0929999999999999,-0.0289999999999999,0.083,-0.5284090909090908,0.0026969999999999,0.276,0.049,1.7,0.4,0.2,0.5034965034965035,0.304332113835397,0.0535624520350298,-0.0,,
203471,Dennis Schröder,2015-16,22.0,20.3,0.286,0.51,0.0844879846834394,0.7070063694267517,0.0129224244142681,1.1245906378372124,54.64883131545641,4.87,4.6,0.1,0.8177777777777777,0.1822222222222222,0.674718440513209,0.3559721951132737,0.0638547770700637,-0.0219999999999999,-0.025,0.264,-0.0769230769230768,0.0005499999999999,0.653,0.168,3.4,1.3,0.3,0.497737556561086,0.4313318571393708,0.12336091114186,-0.0,ATL,0.5600850154051615
202324,Derrick Favors,2015-16,24.0,32.0,0.234,0.551,0.0753044548855273,0.1243184296619411,0.0085240199053466,1.0,54.552629008020126,4.26,1.9,6.9,0.6900000000000001,0.3099999999999999,0.3877862595419847,0.8820898709301968,0.0103184296619411,-0.043,0.0289999999999999,0.191,-0.1837606837606838,-0.0012469999999999,0.354,0.193,1.2,0.1,0.0,0.6078914919852034,0.4425109269356597,0.1035475569029443,-0.0,UTA,0.5583450875593117
201565,Derrick Rose,2015-16,27.0,31.8,0.266,0.479,0.0675949158943511,0.7848101265822784,0.0092733464869105,1.0,55.01256484993675,4.65,6.0,0.4,0.6666666666666666,0.3333333333333333,0.5482392337606221,0.560403111828412,0.0089890295358649,0.0359999999999999,-0.0489999999999999,0.302,0.1353383458646615,-0.0017639999999999,0.709,0.274,6.5,0.7,0.1,0.6164122137404581,0.3716758087201124,0.0988657651195499,-0.0,,
202682,Derrick Williams,2015-16,25.0,17.9,0.23,0.55,0.0756969935225818,0.2837573385518591,0.0083496906383787,1.0,,4.36,1.3,1.9,0.2133333333333333,0.7866666666666666,0.4,1.0,0.0268140900195694,-0.053,0.0649999999999999,0.177,-0.2304347826086957,-0.0034449999999999,0.358,0.131,1.5,0.3,0.1,0.5185840707964602,0.3076927853881278,0.0707693406392694,-0.0,,
1626164,Devin Booker,2015-16,19.0,27.7,0.228,0.535,0.0942077966927504,0.4735576923076923,0.0102562622531331,1.0,54.77219759470763,4.51,2.5,1.0,0.36,0.64,0.5966490621016207,0.4522943771651978,0.0714074519230768,-0.038,-0.024,0.19,-0.1666666666666666,0.000912,0.455,0.197,3.9,1.3,0.3,0.5594002306805075,0.3438029326923076,0.0783870686538461,-0.0,,
2734,Devin Harris,2015-16,33.0,20.0,0.168,0.559,0.121232600202305,0.3771929824561403,0.0083480173425753,1.4144872101362658,53.04044642783491,4.44,1.4,0.4,0.3311111111111111,0.6688888888888889,0.8054397934722478,0.5,0.0341754385964912,-0.065,0.0559999999999999,0.103,-0.386904761904762,-0.0036399999999999,0.389,0.09,1.1,0.3,0.1,0.4438902743142144,0.3625643079922027,0.06091080374269,-0.0,,
203473,Dewayne Dedmon,2015-16,26.0,12.2,0.151,0.606,0.0910915001693084,0.0290456431535269,0.0053449454277333,1.0,,4.5,0.4,1.0,0.1,0.9,0.2,0.5,0.0164398340248962,-0.09,0.394,0.061,-0.5960264900662252,-0.03546,0.222,0.071,0.1,0.0,0.0,0.7288135593220338,0.3022580912863071,0.0456409717842323,-0.0,,
203079,Dion Waiters,2015-16,24.0,27.6,0.173,0.492,0.0624989146800465,0.5500747384155455,0.0044971940810245,1.095021680749508,53.75705785018269,4.2,1.7,0.3,0.2288888888888888,0.7711111111111111,0.5781838558042522,1.0,0.0962212257100149,-0.0889999999999999,-0.129,0.084,-0.514450867052023,0.0114809999999999,0.521,0.184,3.0,0.7,0.2,0.4785202863961814,0.2955856807272109,0.0511363227658074,-0.0,,
1717,Dirk Nowitzki,2015-16,38.0,31.5,0.249,0.555,0.0756946952205014,0.091491308325709,0.0094051226900729,0.9380863039399624,54.17823855062026,3.91,1.5,5.9,0.5900000000000001,0.4099999999999999,0.1904676258992805,0.4160540374423977,0.0,0.03,0.002,0.279,0.1204819277108434,6.000000000000011e-05,0.279,0.382,3.9,0.1,0.0,0.5238493723849372,0.4133898170173833,0.1029340644373284,-0.0,,
202388,Donald Sloan,2015-16,28.0,21.6,0.163,0.536,0.1014403218184438,0.610655737704918,0.006675626422305,1.0,55.35430725900664,4.84,4.5,0.3,0.6511111111111111,0.3488888888888889,0.7578947368421052,0.5,0.0616967213114754,-0.022,-0.292,0.141,-0.1349693251533743,0.006424,0.552,0.113,1.4,0.4,0.1,0.58,0.4113770400728597,0.0670544575318761,-0.0,,
203926,Doug McDermott,2015-16,24.0,23.0,0.166,0.561,0.1194508067839324,0.099437148217636,0.0080788811544944,1.0,54.75054156416319,4.89,0.6,0.7,0.1088888888888889,0.8911111111111111,0.2124223602484471,0.5,0.0155365853658536,-0.075,-0.01,0.091,-0.4518072289156627,0.00075,0.158,0.154,1.7,0.2,0.1,0.4658385093167702,0.31629027100271,0.0525041849864498,-0.0,,
203110,Draymond Green,2015-16,26.0,34.7,0.184,0.587,0.1344923074878226,0.2021276595744681,0.0106151021888916,0.9829523998151448,53.94695132006929,4.41,2.9,2.2,0.6155555555555556,0.3844444444444443,0.887128712871287,0.3523345597567546,0.0333723404255319,0.019,-0.0929999999999999,0.203,0.1032608695652174,-0.001767,0.297,0.019,0.5,0.1,0.0,0.554337899543379,0.4094448913842921,0.0753378600147097,-0.0,GSW,0.626925949620152
2730,Dwight Howard,2015-16,30.0,32.1,0.184,0.604,0.1983036579541616,0.1064139941690962,0.0156515538541491,0.0,54.34875206479451,4.13,1.5,3.5,0.35,0.65,0.5,0.4977978405080994,0.0224227405247813,-0.066,-0.008,0.118,-0.3586956521739131,0.000528,0.29,0.016,0.0,0.0,0.0,0.8595679012345679,0.3793942784256561,0.0698085472303207,-0.0,,
2548,Dwyane Wade,2015-16,34.0,30.5,0.31,0.517,0.0918177597285601,0.7795414462081128,0.0158478091652385,1.0856395865320063,54.69634881328038,4.34,4.0,3.3,0.5933333333333334,0.4066666666666666,0.7345625528317836,0.0950491927530959,0.0942081128747795,0.1039999999999999,0.027,0.414,0.3354838709677419,0.002808,0.717,0.247,6.5,0.4,0.0,0.7014613778705637,0.2994542839501245,0.0928308280245386,-6.005457160498766e-05,MIA,
202734,E'Twaun Moore,2015-16,27.0,21.4,0.157,0.548,0.1244890120853568,0.5412262156448202,0.0077442702334721,1.0,54.92747161772966,4.77,2.1,0.5,0.2622222222222222,0.7377777777777779,0.3198878242580041,0.5,0.1232938689217759,-0.039,0.0809999999999999,0.118,-0.2484076433121019,-0.0031589999999999,0.444,0.185,2.0,0.3,0.1,0.5295629820051414,0.3336723138360347,0.0523865532722574,-0.0,,
202334,Ed Davis,2015-16,27.0,20.8,0.125,0.616,0.1626592552600007,0.0367892976588628,0.0071885914010687,1.0,53.82197520841634,4.44,0.9,1.5,0.1733333333333333,0.8266666666666667,0.5,0.2775,0.0236923076923076,-0.037,0.1049999999999999,0.088,-0.296,-0.003885,0.417,0.011,0.0,0.0,0.0,0.9301075268817204,0.3141864882943144,0.0392733110367893,-0.0,,
203901,Elfrid Payton,2015-16,22.0,29.4,0.198,0.478,0.079648324752916,0.6781914893617021,0.0070173708921234,1.0,55.252138104607326,4.88,6.0,0.3,0.7044444444444444,0.2955555555555555,0.712,0.5710053666488055,0.0396422872340425,0.061,-0.059,0.259,0.308080808080808,-0.0035989999999999,0.654,0.121,2.2,0.2,0.0,0.6523545706371191,0.3999970729905437,0.0791994204521276,-0.0,,
1626144,Emmanuel Mudiay,2015-16,20.0,30.4,0.25,0.437,0.0165953894074062,0.7010506208213946,0.0020744236759257,1.0,54.607428898941144,4.98,6.0,0.6,0.6666666666666666,0.3333333333333333,0.5957213475678145,0.3532338675840979,0.080116523400191,0.013,0.0379999999999999,0.263,0.052,0.000494,0.614,0.179,5.5,1.3,0.4,0.5093922651933702,0.3365695638331741,0.0841423909582935,-0.0,,
202683,Enes Freedom,2015-16,24.0,21.0,0.229,0.626,0.1354385284854083,0.0792507204610951,0.0148421033063024,0.0,53.79091149935322,4.75,1.1,3.6,0.36,0.64,0.4113636363636363,0.5,0.0104106628242074,-0.111,0.126,0.118,-0.4847161572052402,-0.013986,0.396,0.112,0.3,0.0,0.0,0.7359617682198327,0.3431080115273776,0.0785717346397694,-0.0,,
202339,Eric Bledsoe,2015-16,26.0,34.2,0.27,0.557,0.1305012880075066,0.7378486055776893,0.0183088237638566,1.0,,4.67,6.5,0.4,0.7222222222222222,0.2777777777777778,0.3048780487804878,0.3165681822482203,0.0,0.0429999999999999,-0.057,0.313,0.1592592592592591,-0.002451,0.785,0.18,6.8,2.2,0.9,0.4552845528455284,0.4425177954847277,0.1194798047808764,-0.0,,
201569,Eric Gordon,2015-16,27.0,32.9,0.203,0.565,0.112808346325657,0.3165548098434004,0.0103177568678866,1.0,,4.67,1.8,0.7,0.2866666666666667,0.7133333333333334,0.2518115942028985,0.5,0.0041767337807606,-0.042,0.075,0.161,-0.2068965517241379,-0.00315,0.359,0.087,2.8,1.2,0.5,0.3460144927536231,0.3479296346010439,0.0706297158240119,-0.0,,
101141,Ersan Ilyasova,2015-16,29.0,25.4,0.18,0.526,0.0390430242870943,0.0422535211267605,0.002981619420995,1.0,54.6836082036375,4.55,1.0,0.8,0.1222222222222222,0.8777777777777778,0.2958846827245066,1.0,0.0218873239436619,-0.0429999999999999,-0.189,0.137,-0.2388888888888888,0.0081269999999999,0.261,0.128,1.4,0.6,0.2,0.4508320726172466,0.2783743348982785,0.0501073802816901,-0.0,,
203095,Evan Fournier,2015-16,23.0,32.5,0.2,0.587,0.139987431737022,0.3856132075471697,0.0125208565343837,1.0,54.85133337977578,4.97,2.0,0.6,0.2844444444444444,0.7155555555555555,0.6333947565269744,0.3601597526805412,0.0403124999999999,-0.018,-0.0439999999999999,0.182,-0.09,0.0007919999999999,0.385,0.069,2.5,1.1,0.4,0.4281045751633986,0.3600859722222222,0.0720171944444444,-0.0,,
202323,Evan Turner,2015-16,27.0,28.0,0.184,0.513,0.0902412485453947,0.7211267605633803,0.0071224897011248,0.9173948898088904,54.480487548463586,4.44,3.6,1.2,0.5488888888888889,0.4511111111111111,0.5627554298933298,0.2698454487195318,0.0215971830985915,-0.0149999999999999,-0.016,0.169,-0.0815217391304347,0.0002399999999999,0.659,0.274,4.1,0.1,0.0,0.6213942307692307,0.297817126885759,0.0547983513469796,-0.0,BOS,0.5196077236561225
203105,Festus Ezeli,2015-16,26.0,16.7,0.177,0.559,0.1304063311140089,0.0182767624020887,0.0097108797453246,1.0,,4.83,0.6,1.4,0.1399999999999999,0.86,0.2,0.5,0.0109843342036553,-0.0769999999999999,-0.059,0.1,-0.4350282485875705,0.004543,0.184,0.006,0.1,0.0,0.0,0.8181818181818182,0.3497389033942559,0.0619037859007832,-0.0,,
1626163,Frank Kaminsky,2015-16,23.0,21.1,0.166,0.513,0.0742684336331334,0.1441241685144124,0.0050230372234978,1.19259434571195,54.52204000346933,5.02,1.0,0.8,0.2111111111111111,0.7888888888888889,0.3423443223443223,1.0,0.0274523281596452,-0.0289999999999999,-0.3,0.137,-0.1746987951807228,0.0087,0.293,0.05,0.5,0.0,0.0,0.5236427320490368,0.2372686166543484,0.0393865903646218,-0.0,,
202066,Garrett Temple,2015-16,30.0,24.4,0.14,0.52,0.0833875853943187,0.2272727272727273,0.0043681088479825,1.0,54.2780509285919,4.77,1.2,0.2,0.2266666666666666,0.7733333333333333,0.58991041961339,0.4977401558518071,0.0141404958677686,-0.004,-0.101,0.136,-0.0285714285714285,0.000404,0.264,0.089,1.1,0.3,0.1,0.3584158415841584,0.3194604958677686,0.0447244694214876,-0.0,,
203914,Gary Harris,2015-16,21.0,32.1,0.16,0.566,0.1128950793398672,0.2849462365591398,0.0072252850777515,1.0,54.510617019525625,4.53,1.3,0.4,0.2066666666666666,0.7933333333333333,0.5929463534588753,0.5,0.0237419354838709,-0.043,-0.1599999999999999,0.117,-0.26875,0.0068799999999999,0.281,0.124,1.9,0.4,0.1,0.4718954248366013,0.3283690322580644,0.0525390451612903,-0.0,,
202390,Gary Neal,2015-16,31.0,20.2,0.204,0.558,0.1579807656675626,0.4439655172413793,0.0145562486459465,1.0,,4.6,1.2,0.1,0.22,0.78,0.0984615384615384,0.1365208240884459,0.0,0.01,-0.03,0.214,0.0490196078431373,-0.0003,0.477,0.313,4.0,0.7,0.3,0.4707692307692308,0.349225,0.0712419,-0.0,,
201588,George Hill,2015-16,30.0,34.1,0.157,0.555,0.1167336755459953,0.5029103608847497,0.0072618226591339,1.96220162528332,55.09653266488514,4.54,5.5,0.5,0.6111111111111112,0.3888888888888888,0.4754533152909337,0.5,0.1299906868451688,-0.0579999999999999,-0.086,0.099,-0.3694267515923566,0.004988,0.472,0.136,3.3,1.1,0.3,0.3982412060301507,0.5887047020510179,0.0924266382220098,-0.0,,
101123,Gerald Green,2015-16,30.0,22.6,0.192,0.491,0.0573585092019624,0.2053571428571428,0.0048255819808945,0.6517835761888624,55.15036604633402,4.41,0.8,0.6,0.1266666666666666,0.8733333333333333,0.3402585429401743,1.0,0.0,-0.0549999999999999,0.121,0.137,-0.2864583333333333,-0.0066549999999999,0.326,0.231,2.7,0.7,0.2,0.4652996845425867,0.1094257563492063,0.0210097452190476,-0.0,,
201945,Gerald Henderson,2015-16,28.0,19.9,0.201,0.526,0.0687848594926179,0.4265873015873015,0.0061985047823082,1.006662901446555,,4.66,1.1,0.9,0.1866666666666666,0.8133333333333334,0.1720226843100189,1.0,0.0678551587301587,-0.083,-0.082,0.118,-0.4129353233830846,0.006806,0.405,0.327,3.2,0.2,0.1,0.4590163934426229,0.2755884071161594,0.055393269830348,-0.0,,
203507,Giannis Antetokounmpo,2015-16,21.0,35.3,0.221,0.566,0.1253874360690786,0.4768883878241262,0.013026940589599,1.0,55.33989359818733,4.48,3.9,2.0,0.4333333333333333,0.5666666666666667,0.8818897637795275,0.4045606638540717,0.0415806087936865,-0.043,0.011,0.178,-0.1945701357466064,-0.000473,0.497,0.099,2.1,0.3,0.1,0.6446199407699901,0.3844338970311912,0.0849598912438932,-0.0,MIL,0.5620000000000002
201609,Goran Dragic,2015-16,30.0,32.8,0.211,0.537,0.1225400196995474,0.682,0.0118768597691651,0.9488063889055612,54.694128483083915,4.88,6.7,0.6,0.7444444444444445,0.2555555555555555,0.5816580796252927,0.5,0.0,-0.0999999999999999,0.0979999999999999,0.111,-0.4739336492890995,-0.0097999999999999,0.671,0.185,4.1,0.9,0.2,0.5383903792784459,0.4064076314928425,0.0857520102449897,-0.0,,
202330,Gordon Hayward,2015-16,26.0,36.2,0.25,0.559,0.0816632104111338,0.5156993339676499,0.0102079013013917,1.0,53.75147842002338,4.64,3.7,1.3,0.4111111111111111,0.5888888888888888,0.7237603993344426,0.3512596848527791,0.0614157944814462,0.006,-0.005,0.256,0.024,-3.0000000000000055e-05,0.547,0.138,5.1,1.4,0.4,0.4500831946755407,0.344723300560313,0.0861808251400782,-0.0,UTA,0.5551289425203626
203476,Gorgui Dieng,2015-16,26.0,27.1,0.165,0.601,0.0664378810580469,0.0622489959839357,0.0044528871522152,1.0,53.78719856020121,4.19,1.1,3.4,0.3399999999999999,0.66,0.4535211267605634,0.2671630627056119,0.0346104417670682,-0.004,0.13,0.161,-0.0242424242424242,-0.00052,0.282,0.213,0.8,0.0,0.0,0.5768566493955095,0.3493310040160643,0.0576396156626506,-0.0,,
202328,Greg Monroe,2015-16,26.0,29.3,0.231,0.562,0.0987512166981971,0.1641586867305061,0.0109637828444374,1.0,55.35648371014954,3.99,1.5,6.2,0.62,0.38,0.7932773109243698,0.3248715504646017,0.0280916552667578,-0.035,0.1049999999999999,0.196,-0.1515151515151515,-0.003675,0.43,0.091,0.2,0.0,0.0,0.8331562167906482,0.4397557592339261,0.1015835803830369,-0.0,MIL,0.566
203084,Harrison Barnes,2015-16,24.0,30.9,0.156,0.559,0.0984054269793418,0.1963015647226173,0.0060632565920621,0.9669325949766112,53.883708226179024,4.91,1.4,2.1,0.21,0.79,0.50434439178515,0.5,0.0268421052631578,-0.0409999999999999,0.118,0.115,-0.2628205128205128,-0.0048379999999999,0.268,0.212,2.0,0.1,0.0,0.4113475177304964,0.2778259425349087,0.0433408470354457,-0.0,,
202355,Hassan Whiteside,2015-16,27.0,29.1,0.201,0.629,0.1674041166576749,0.0457063711911357,0.0150855177336234,1.0,54.28143021557909,4.05,1.0,3.8,0.38,0.62,0.4903225806451612,0.1500000000000001,0.0298919667590027,-0.02,0.1059999999999999,0.181,-0.0995024875621891,-0.00212,0.339,0.094,0.3,0.0,0.0,0.7869507323568575,0.4470961080332409,0.0898663177146814,-0.0,,
203138,Hollis Thompson,2015-16,25.0,28.0,0.157,0.525,0.0812060499936182,0.1197183098591549,0.0050517036420228,1.0,55.042919522809335,4.59,0.9,0.4,0.1599999999999999,0.8400000000000001,0.1678475935828876,1.0,0.0289295774647887,-0.064,0.3149999999999999,0.093,-0.4076433121019108,-0.0201599999999999,0.174,0.106,1.2,0.2,0.1,0.375,0.3074408450704226,0.0482682126760563,-0.0,,
101133,Ian Mahinmi,2015-16,29.0,25.6,0.157,0.603,0.1168778061288067,0.0319148936170212,0.0072707888013138,1.0,54.910914166407885,4.32,1.0,3.2,0.32,0.6799999999999999,0.5,0.2169426917528342,0.0189574468085106,-0.0199999999999999,-0.0779999999999999,0.137,-0.127388535031847,0.0015599999999999,0.242,0.042,0.0,0.0,0.0,0.8122448979591836,0.3833617021276596,0.0601877872340425,-0.0,,
202697,Iman Shumpert,2015-16,26.0,24.4,0.13,0.475,0.0322762685383253,0.328395061728395,0.0015128586355425,1.574894810659187,54.28460359880646,4.34,1.2,0.3,0.2222222222222222,0.7777777777777778,0.3994145199063231,1.0,0.0409629629629629,-0.022,-0.2249999999999999,0.108,-0.1692307692307692,0.00495,0.316,0.193,1.7,0.4,0.1,0.3508287292817679,0.3517268861454046,0.0457244951989026,-0.0,CLE,0.5677192115465769
203477,Isaiah Canaan,2015-16,25.0,25.5,0.191,0.528,0.0607033052572699,0.4217506631299734,0.0050671340038047,1.0,55.09165767940887,4.37,2.5,0.2,0.2777777777777778,0.7222222222222222,0.4459715919137147,1.0,0.0744244031830239,-0.0219999999999999,-0.202,0.169,-0.1151832460732983,0.0044439999999999,0.358,0.047,3.2,2.3,0.8,0.3836565096952908,0.3051177424108458,0.0582774888004715,-0.0,,
202738,Isaiah Thomas,2015-16,27.0,32.2,0.289,0.562,0.1053229369996557,0.7051792828685258,0.0163632560162903,0.8275515672403615,54.66382859435433,4.85,6.5,0.4,0.7222222222222222,0.2777777777777778,0.83477508798671,0.0998089036689126,0.074826294820717,0.031,0.0679999999999999,0.32,0.1072664359861592,0.002108,0.575,0.083,5.6,2.8,0.9,0.5962314939434724,0.3379798354009435,0.0976761724308726,-0.0,,
202397,Ish Smith,2015-16,27.0,29.1,0.235,0.465,0.0551956186817107,1.0,0.0062879111891725,1.0,55.23716400036918,5.19,6.2,0.2,0.8222222222222222,0.1777777777777778,0.5954695425222829,0.5921806233622655,0.0,0.1,-0.048,0.335,0.4255319148936172,-0.0048,0.756,0.191,5.0,1.1,0.4,0.5807453416149069,0.3743010101010101,0.0879607373737373,-0.0,,
200826,J.J. Barea,2015-16,32.0,22.5,0.229,0.536,0.1236780070324921,0.765625,0.0135533202968283,0.583684233779563,53.79125569154083,4.73,4.7,0.1,0.6688888888888889,0.3311111111111111,0.4015998593530238,0.3379615518615879,0.137873798076923,0.003,-0.039,0.232,0.0131004366812227,-0.000117,0.688,0.139,3.8,2.0,0.7,0.4690026954177897,0.1722495926816239,0.0394451567240918,-0.0,,
200755,JJ Redick,2015-16,32.0,28.0,0.22,0.632,0.2129072473760318,0.1196105702364394,0.0219697171864096,0.0,53.41773842176207,4.88,1.1,0.3,0.1777777777777777,0.8222222222222222,0.183347902097902,0.3482918994290085,0.0262169680111265,-0.034,0.1139999999999999,0.186,-0.1545454545454545,-0.003876,0.114,0.253,4.2,1.2,0.5,0.3566214807090719,0.3478809921186834,0.0765338182661103,-0.0,LAC,0.5554076557179389
2747,JR Smith,2015-16,30.0,30.7,0.177,0.542,0.129903437084439,0.2966903073286052,0.0096734310769657,1.0815797481727307,54.67037358031368,4.22,1.4,0.3,0.1822222222222222,0.8177777777777777,0.189946524064171,0.5,0.0689775413711583,-0.0779999999999999,-0.133,0.099,-0.4406779661016948,0.010374,0.28,0.136,3.6,1.3,0.4,0.4040501446480231,0.3674727764644077,0.0650426814342001,-0.0,,
203960,JaKarr Sampson,2015-16,23.0,15.9,0.165,0.504,0.0082559860413816,0.2911877394636015,0.0005533435682636,1.0,,4.68,0.7,0.3,0.1377777777777777,0.8622222222222222,0.4,0.4558149235558399,0.0050421455938697,-0.011,0.014,0.154,-0.0666666666666667,-0.000154,0.407,0.043,0.4,0.1,0.0,0.6435331230283912,0.2497182460621541,0.0412035106002554,-0.0,,
203953,Jabari Parker,2015-16,21.0,31.7,0.206,0.535,0.0933195615978511,0.2887139107611549,0.0087251624254825,1.0,55.51282811857966,4.77,1.6,2.3,0.2299999999999999,0.77,0.7050847457627119,0.5,0.0427165354330708,-0.0779999999999999,0.0549999999999999,0.128,-0.378640776699029,-0.0042899999999999,0.28,0.191,2.3,0.1,0.0,0.6195773081201335,0.3224343307086614,0.0664214721259842,-0.0,,
203109,Jae Crowder,2015-16,25.0,31.6,0.181,0.565,0.0899206380798053,0.0979591836734693,0.0069243217887104,0.5068637803590285,54.68116595305777,4.52,1.4,1.1,0.1933333333333333,0.8066666666666666,0.322904823642831,0.3779096634666991,0.0159102040816326,-0.0259999999999999,0.13,0.155,-0.1436464088397789,-0.0033799999999999,0.175,0.131,2.1,0.7,0.2,0.3722794959908362,0.2259004353741497,0.040887978802721,-0.0,BOS,0.4894519838987922
1626143,Jahlil Okafor,2015-16,20.0,30.0,0.272,0.536,0.08347035902125,0.4054982817869416,0.0118409251968074,1.0,55.50641435823332,4.21,2.3,8.7,0.8699999999999999,0.1300000000000001,0.7020408163265306,0.5,0.0379358533791523,-0.085,-0.095,0.187,-0.3125,0.008075,0.587,0.14,2.8,0.0,0.0,0.7720870678617158,0.4694299770904925,0.1276849537686139,-0.0,,
2037,Jamal Crawford,2015-16,36.0,26.9,0.239,0.529,0.0923153646229794,0.65375854214123,0.0107862589115297,0.8633090929903033,54.10650908320851,4.21,2.4,0.5,0.3222222222222222,0.6777777777777778,0.4749125209189105,0.5,0.090387243735763,-0.0489999999999999,0.0539999999999999,0.19,-0.205020920502092,-0.0026459999999999,0.594,0.23,6.4,1.8,0.5,0.6099903938520653,0.3085438359028534,0.0737419767807819,-0.0,LAC,0.5986835182624533
2749,Jameer Nelson,2015-16,34.0,26.6,0.163,0.464,0.0442286012450495,0.6586102719033233,0.0029106139826871,1.0,,4.45,5.3,0.1,0.6377777777777777,0.3622222222222223,0.1758957654723127,1.0,0.0,0.04,-0.144,0.203,0.245398773006135,-0.00576,0.681,0.214,3.9,1.7,0.5,0.3713355048859935,0.3570454514937898,0.0581984085934877,-0.0,,
201935,James Harden,2015-16,26.0,38.1,0.319,0.598,0.1267261782892075,0.7153797064454371,0.0228324419698318,1.024143680042839,54.310596079250594,4.14,6.6,1.6,0.7866666666666666,0.2133333333333333,0.882003710575139,0.2070786038800009,0.0615035098915124,0.077,-0.0519999999999999,0.396,0.2413793103448276,-0.0040039999999999,0.706,0.108,8.9,4.6,1.5,0.5765870704717531,0.4676485845969955,0.1491798984864415,-0.0001560788609604,HOU,0.5518872791198133
201162,Jared Dudley,2015-16,30.0,25.9,0.127,0.602,0.1203228007316905,0.0248565965583174,0.005445697506255,1.0,54.81913487091075,4.89,1.1,0.5,0.2488888888888888,0.7511111111111111,0.1857084188911703,0.5,0.0147648183556405,-0.002,-0.1379999999999999,0.125,-0.015748031496063,0.000276,0.073,0.251,0.6,0.0,0.0,0.2114989733059548,0.3617001912045889,0.0459359242829827,-0.0,,
203096,Jared Sullinger,2015-16,24.0,23.6,0.216,0.476,0.0190085870387334,0.1580310880829015,0.0019082288716517,0.0,54.67211933460083,4.18,1.3,2.5,0.3288888888888888,0.6711111111111112,0.5700248138957815,1.0,0.0161852331606217,-0.0459999999999999,-0.002,0.17,-0.2129629629629629,9.200000000000004e-05,0.359,0.281,0.8,0.1,0.0,0.4738717339667458,0.2422381980426021,0.052323450777202,-0.0,,
101127,Jarrett Jack,2015-16,32.0,32.1,0.209,0.505,0.0505474900667324,0.7198228128460687,0.0048296874296864,1.0,,4.52,6.7,0.0,0.7555555555555555,0.2444444444444444,0.1229050279329608,0.6987479322804175,0.0,0.013,-0.087,0.222,0.0622009569377991,-0.001131,0.743,0.263,5.4,1.3,0.4,0.5502793296089385,0.382576965669989,0.0799585858250277,-0.0,,
201160,Jason Smith,2015-16,30.0,15.5,0.218,0.513,0.0269500987620652,0.0141843971631205,0.0027431218625223,1.0,,4.59,0.7,0.7,0.1933333333333333,0.8066666666666666,0.0755467196819085,1.0,0.0070070921985815,-0.13,-0.158,0.088,-0.5963302752293578,0.02054,0.111,0.663,0.4,0.0,0.0,0.2643442622950819,0.2905724349881796,0.0633447908274231,-0.0,,
1891,Jason Terry,2015-16,38.0,17.5,0.146,0.54,0.0970242247625857,0.2241758241758241,0.0054126440172004,0.6526900488376192,,4.68,1.3,0.1,0.2777777777777778,0.7222222222222222,0.0957446808510638,0.2063265388121105,0.0121758241758241,0.036,0.0569999999999999,0.182,0.2465753424657534,0.0020519999999999,0.291,0.081,0.9,0.4,0.2,0.359903381642512,0.3404818419675562,0.0497103489272632,-0.0,,
201145,Jeff Green,2015-16,29.0,28.2,0.204,0.51,0.0736535702730789,0.4035812672176309,0.0067863937614575,1.486246416159035,54.164335588516295,4.19,1.9,1.4,0.2266666666666666,0.7733333333333333,0.6830097087378639,0.3362257346035047,0.0295495867768595,0.01,0.0739999999999999,0.214,0.0490196078431373,0.00074,0.506,0.138,2.2,0.5,0.1,0.5885057471264368,0.4211648484848483,0.085917629090909,-0.0,,
201952,Jeff Teague,2015-16,28.0,28.5,0.259,0.551,0.1195850486041215,0.8118811881188118,0.0157625519346189,0.9179042144038724,54.72387602402048,4.43,5.7,0.2,0.7577777777777778,0.2422222222222222,0.7744,0.1958807946483862,0.1918663366336633,0.0479999999999999,-0.009,0.307,0.1853281853281852,-0.000432,0.714,0.079,4.3,2.0,0.7,0.5148782687105501,0.3571822648356789,0.0925102065924408,-0.0,ATL,0.5507758877524694
203924,Jerami Grant,2015-16,22.0,26.8,0.179,0.506,0.0052061982448484,0.2416502946954813,0.0003942759146459,1.0,54.95557693715333,4.71,1.4,1.2999999999999998,0.2355555555555555,0.7644444444444445,1.0,0.9401287068712963,0.029844793713163,-0.0259999999999999,-0.157,0.153,-0.1452513966480446,0.004082,0.271,0.027,0.4,0.1,0.0,0.6527545909849749,0.2725358829949792,0.0487839230561012,-0.0,,
202391,Jeremy Lin,2015-16,27.0,26.3,0.217,0.534,0.0611829360863522,0.6215469613259669,0.0061847181838944,1.0047933206904311,54.51286823391628,4.67,3.4,0.5,0.4266666666666666,0.5733333333333334,0.8084633108826655,0.8146178723316614,0.0691077348066298,-0.038,0.1909999999999999,0.179,-0.1751152073732719,-0.0072579999999999,0.533,0.125,3.1,0.9,0.3,0.5094816687737042,0.1847974240331492,0.0401010410151933,-0.0,,
1626170,Jerian Grant,2015-16,23.0,16.6,0.185,0.479,0.0350062247423168,1.0,0.0027854981173425,1.0,,4.63,2.7,0.2,0.5244444444444444,0.4755555555555556,0.4,0.2926444536857709,0.0,0.1029999999999999,0.2219999999999999,0.288,0.5567567567567566,0.0228659999999999,0.61,0.164,1.7,0.6,0.1,0.5805626598465473,0.2977459427609428,0.0550829994107744,-0.0,,
201573,Jerryd Bayless,2015-16,27.0,28.9,0.164,0.568,0.1551018705802457,0.3498498498498498,0.0103010811304804,1.0,54.354500276653305,4.33,3.3,0.0,0.3733333333333333,0.6266666666666667,0.4030402092186987,0.1591346933118163,0.0694099099099099,-0.004,-0.0379999999999999,0.16,-0.024390243902439,0.0001519999999999,0.33,0.126,2.2,0.8,0.3,0.4220183486238532,0.3979851951951952,0.065269572012012,-0.0,,
202710,Jimmy Butler III,2015-16,26.0,36.9,0.242,0.562,0.0829914777953271,0.5220919747520288,0.0098799909535031,1.0,54.77741995844274,4.63,4.4,2.0,0.4888888888888889,0.5111111111111111,0.8943095551791203,0.0805408085803616,0.0627646528403967,0.038,0.0449999999999999,0.28,0.1570247933884299,0.0017099999999999,0.521,0.197,5.6,1.0,0.3,0.6289855072463768,0.3642085362188157,0.0881384657649534,-0.0,CHI,0.5414737272471742
201149,Joakim Noah,2015-16,31.0,21.9,0.137,0.406,-0.0631083135306341,0.0626865671641791,-0.0032001285562015,1.0,,4.76,1.7,1.2,0.5688888888888889,0.4311111111111111,0.2,1.0,0.0262029850746268,-0.082,0.0939999999999999,0.0549999999999999,-0.5985401459854015,-0.007708,0.412,0.048,0.0,0.0,0.0,0.8787878787878788,0.307342991708126,0.0421059898640132,-0.0,,
204060,Joe Ingles,2015-16,28.0,15.3,0.128,0.572,0.0812469373373258,0.1401515151515151,0.0037206768609264,1.0,,4.37,1.0,0.1,0.2777777777777778,0.7222222222222222,0.063573883161512,1.0,0.0860530303030303,-0.052,0.078,0.076,-0.40625,-0.004056,0.29,0.082,0.8,0.5,0.1,0.2233676975945017,0.3372994528619528,0.0431743299663299,-0.0,,
2207,Joe Johnson,2015-16,35.0,33.4,0.178,0.538,0.1213269371456357,0.5649038461538461,0.0091114445727945,1.0361895637743703,54.93423442344477,4.53,2.6,1.8,0.3822222222222222,0.6177777777777778,0.2957409888637512,0.3631469467139931,0.0829639423076923,0.055,-0.05,0.233,0.3089887640449439,-0.00275,0.576,0.188,3.8,0.8,0.2,0.514763779527559,0.3174455171354549,0.0565053020501109,-0.0,,
203530,Joffrey Lauvergne,2015-16,24.0,17.6,0.196,0.567,0.0825871910339114,0.1200787401574803,0.007166329985868,1.0,,4.45,0.9,2.2,0.22,0.78,0.2,0.5,0.0085866141732283,-0.044,-0.2599999999999999,0.152,-0.2244897959183674,0.01144,0.272,0.159,0.2,0.0,0.0,0.5763157894736842,0.3241621653543307,0.0635357844094488,-0.0,,
203089,John Henson,2015-16,25.0,16.8,0.188,0.58,0.1349761031733677,0.015015015015015,0.0110025578216747,1.0,,4.25,0.6,1.7999999999999998,0.2133333333333333,0.7866666666666666,0.2,0.4824999999999999,0.009069069069069,-0.0509999999999999,-0.0529999999999999,0.137,-0.2712765957446807,0.0027029999999999,0.244,0.04,0.2,0.0,0.0,0.9072164948453608,0.3609247647647647,0.0678538557757757,-0.0,,
202322,John Wall,2015-16,25.0,36.2,0.28,0.51,0.0933188301926378,0.7701641684511064,0.0138263113704343,1.0,54.79483446627997,4.43,8.2,0.4,0.9977777777777778,0.0022222222222222,0.6147241342793603,0.1831900853347162,0.0707137758743754,0.0759999999999999,0.023,0.356,0.2714285714285712,0.001748,0.713,0.247,8.8,1.7,0.5,0.4366197183098591,0.4727603505432628,0.1323728981521136,-0.0,,
202720,Jon Leuer,2015-16,27.0,18.7,0.195,0.555,0.0793281955262569,0.1044176706827309,0.0068309246152406,1.0,,4.83,1.0,1.6,0.1999999999999999,0.8,0.167381974248927,1.0,0.0251867469879518,-0.023,-0.216,0.172,-0.117948717948718,0.004968,0.321,0.155,0.8,0.0,0.0,0.5214592274678111,0.3178879518072289,0.0619881506024096,-0.0,,
201973,Jonas Jerebko,2015-16,29.0,15.1,0.133,0.531,0.0458437779415757,0.0577617328519855,0.0022236061251396,1.0,,4.78,0.7,0.4,0.1733333333333333,0.8266666666666667,0.1818181818181818,1.0,0.0307292418772563,0.0149999999999999,-0.277,0.148,0.1127819548872179,-0.0041549999999999,0.195,0.071,0.3,0.0,0.0,0.425531914893617,0.2929732851985559,0.0389654469314079,-0.0,,
202685,Jonas Valančiūnas,2015-16,24.0,25.9,0.204,0.61,0.1115091100336553,0.0621301775147929,0.0102743794478986,1.0,54.880497044588,4.19,1.3,3.9,0.39,0.61,0.4426966292134831,0.4970429707759895,0.0375266272189349,-0.061,0.255,0.143,-0.2990196078431372,-0.015555,0.389,0.104,0.2,0.0,0.0,0.8201550387596899,0.3558934615384616,0.0726022661538461,-0.0,TOR,0.5542919999172476
203903,Jordan Clarkson,2015-16,24.0,32.3,0.225,0.516,0.0901869532744372,0.6253345227475468,0.009625371330771,1.0,54.26113512096243,4.59,4.0,0.5,0.4444444444444444,0.5555555555555556,0.5204531456801771,0.1911086982388292,0.0435049063336306,0.003,0.0639999999999999,0.228,0.0133333333333333,0.000192,0.589,0.171,4.6,1.3,0.5,0.5418943533697632,0.3506353454257112,0.078892952720785,-0.0,,
101181,Jose Calderon,2015-16,34.0,28.1,0.124,0.571,0.1456130034690234,0.4626865671641791,0.0063581780821929,1.0,54.72626920179013,4.67,4.6,0.1,0.5111111111111111,0.4888888888888889,0.2322344322344322,0.5,0.0648507462686567,-0.049,-0.1859999999999999,0.075,-0.3951612903225807,0.0091139999999999,0.469,0.316,2.9,0.5,0.2,0.3274725274725275,0.4217127694859038,0.052292383416252,-0.0,,
1626196,Josh Richardson,2015-16,22.0,21.3,0.134,0.569,0.1610748488418549,0.3700234192037471,0.0079010521807744,0.7162984438742255,54.36555642314455,4.53,2.5,0.2,0.2777777777777778,0.7222222222222222,0.5254779902178744,0.5,0.0705737704918033,-0.083,0.046,0.0509999999999999,-0.619402985074627,-0.003818,0.35,0.135,1.0,0.1,0.0,0.4709141274238227,0.3102799008270894,0.0415775067108299,-0.0,,
201950,Jrue Holiday,2015-16,26.0,28.2,0.283,0.529,0.098591940566369,0.8540734109221129,0.014842978832992,1.0,53.98046361204429,5.08,4.9,0.8999999999999999,0.8111111111111111,0.1888888888888888,0.5926470588235293,0.1704825603871258,0.1153285586392121,0.037,0.0709999999999999,0.32,0.1307420494699648,0.002627,0.727,0.156,6.6,2.8,0.9,0.5593582887700534,0.4253135830100468,0.1203637439918432,-0.0,,
203944,Julius Randle,2015-16,21.0,28.2,0.209,0.482,0.0222984616394295,0.4919708029197081,0.0021305627586873,1.0,54.48551865002098,4.32,2.3,2.4,0.2555555555555555,0.7444444444444445,0.7844660194174757,0.9433961193078332,0.0402671532846715,-0.0489999999999999,0.0899999999999999,0.16,-0.2344497607655501,-0.0044099999999999,0.542,0.085,1.5,0.1,0.0,0.7113772455089821,0.2710322871046229,0.0566457480048661,-0.0,,
203200,Justin Holiday,2015-16,27.0,14.6,0.16,0.489,0.0841740594006122,0.2449664429530201,0.0053871398016391,1.0,,4.7,0.7,0.1,0.2466666666666666,0.7533333333333333,0.2982456140350877,0.5,0.060228187919463,-0.085,0.309,0.075,-0.53125,-0.026265,0.193,0.151,1.1,0.4,0.1,0.3903508771929824,0.3239910961968679,0.0518385753914988,-0.0,,
1626159,Justise Winslow,2015-16,20.0,28.6,0.122,0.489,0.0412056550747445,0.246013667425968,0.0017558870216214,0.908252924135828,54.89384719050626,4.4,1.5,0.6,0.1711111111111111,0.8288888888888889,0.7050847457627119,0.4166392867440137,0.0213075170842824,-0.003,0.044,0.119,-0.0245901639344262,-0.000132,0.354,0.112,0.6,0.1,0.0,0.542910447761194,0.2639797519615287,0.0322055297393064,-0.0,,
1626157,Karl-Anthony Towns,2015-16,20.0,32.0,0.243,0.59,0.1320336124841204,0.0883280757097791,0.0158159002151402,1.0,54.168607568591426,4.28,1.7,6.199999999999999,0.6199999999999999,0.3800000000000001,0.3354874425642634,0.5,0.0067770767613038,-0.0579999999999999,0.028,0.185,-0.2386831275720164,-0.001624,0.322,0.259,1.4,0.1,0.0,0.5437987857762359,0.4732205678233438,0.1149925979810725,-0.0,,
202695,Kawhi Leonard,2015-16,25.0,33.0,0.252,0.616,0.176947559246468,0.5040286481647269,0.0223843963816806,0.903871283170151,53.76541071382462,4.77,2.7,3.0,0.3,0.7,0.5903335561091195,0.2250994588394183,0.0478952551477171,0.001,-0.0709999999999999,0.253,0.0039682539682539,-7.100000000000002e-05,0.454,0.219,5.8,0.8,0.3,0.4892430278884462,0.4010939545749991,0.1010756765528997,-0.0,SAS,0.5414252786809104
202689,Kemba Walker,2015-16,26.0,35.6,0.261,0.554,0.127852571887935,0.747134670487106,0.0170478741128815,0.8349416818279536,54.35684308307325,4.65,8.1,0.3,0.8999999999999999,0.1,0.6625900203404739,0.1572614088445246,0.138740687679083,0.118,-0.003,0.379,0.4521072796934866,-0.000354,0.678,0.147,7.9,3.2,1.0,0.5,0.2745640827301198,0.0716612255925612,-0.0,,
202702,Kenneth Faried,2015-16,26.0,25.3,0.203,0.577,0.1113767456206445,0.0412213740458015,0.0101868187902769,1.0,53.267777574354206,4.39,1.1,3.0,0.3,0.7,0.4129032258064515,0.0772273191745221,0.0244442748091603,0.0069999999999999,-0.012,0.21,0.0344827586206895,-8.399999999999982e-05,0.315,0.048,0.4,0.0,0.0,0.7811501597444089,0.3695612213740458,0.0750209279389313,-0.0,,
203145,Kent Bazemore,2015-16,26.0,27.8,0.195,0.551,0.0988262169191407,0.3448735019973368,0.0085098927727485,0.7019514538163375,54.84943278386524,4.73,1.8,0.5,0.2822222222222222,0.7177777777777778,0.6474226804123712,0.3856244962952689,0.0561584553928095,-0.019,0.0959999999999999,0.176,-0.0974358974358975,-0.001824,0.331,0.062,1.7,0.9,0.3,0.4385342789598109,0.2655090767354893,0.0517742699634204,-0.0,,
203484,Kentavious Caldwell-Pope,2015-16,23.0,36.7,0.177,0.521,0.0732716831220592,0.4044032444959444,0.0054562726936454,0.9076460729353292,54.816111734415585,4.43,1.6,0.7999999999999999,0.1777777777777777,0.8222222222222222,0.5294642857142857,1.0,0.028018539976825,-0.0519999999999999,-0.016,0.125,-0.2937853107344632,0.000832,0.417,0.179,4.4,1.2,0.3,0.502970297029703,0.345748558587029,0.0611974948699041,-0.0,,
201142,Kevin Durant,2015-16,27.0,35.8,0.298,0.634,0.171642210783653,0.4506405425772419,0.0279221268530342,0.8663443491440815,54.00257669018612,4.19,3.6,3.6,0.5111111111111111,0.4888888888888889,0.656449131064446,0.2449615834591268,0.0445455915599096,0.091,-0.0879999999999999,0.389,0.3053691275167786,-0.008008,0.45,0.193,8.2,2.8,1.1,0.6621923937360179,0.3891169317527897,0.1159568456623313,-0.0,OKC,0.5588244090193375
708,Kevin Garnett,2015-16,40.0,14.6,0.114,0.491,0.0384547413793103,0.0,0.0014801549160777,1.0,,4.71,0.7,0.8,0.3644444444444444,0.6355555555555555,0.0826086956521739,1.0,0.0,-0.01,-0.317,0.104,-0.0877192982456141,0.00317,0.056,0.525,0.7,0.0,0.0,0.4956521739130435,0.3411111111111111,0.0388866666666666,-0.0,,
201567,Kevin Love,2015-16,27.0,31.5,0.233,0.553,0.0591083418630341,0.0882028665931642,0.0066478721405677,0.7725966850828728,54.95786617067195,4.15,1.8,4.6,0.4599999999999999,0.54,0.2909372254773168,1.0,0.005689084895259,-0.076,0.0229999999999999,0.157,-0.3261802575107296,-0.0017479999999999,0.249,0.125,1.5,0.3,0.1,0.3996710526315789,0.3912590738699008,0.0911633642116868,-0.0,CLE,0.5606077438439462
202338,Kevin Seraphin,2015-16,26.0,11.0,0.219,0.435,-0.0574805184936264,0.1811023622047244,-0.0058909705173868,1.0,,4.61,0.7,2.3,0.3488888888888888,0.6511111111111112,0.2536585365853658,1.0,0.0851181102362204,-0.098,0.232,0.121,-0.4474885844748859,-0.022736,0.393,0.353,0.7,0.0,0.0,0.624390243902439,0.2595814523184602,0.0568483380577427,-0.0,,
203114,Khris Middleton,2015-16,24.0,36.1,0.224,0.56,0.1174583441828513,0.4422880490296221,0.0124524814019472,1.0,55.08905128967439,4.42,2.9,1.7999999999999998,0.4066666666666666,0.5933333333333334,0.4856307748052418,0.2982840664057953,0.0558447395301327,0.091,-0.051,0.315,0.40625,-0.004641,0.45,0.264,5.8,1.0,0.3,0.5884413309982487,0.37428253319714,0.0838392874361593,-0.0,,
202691,Klay Thompson,2015-16,26.0,33.3,0.26,0.597,0.1536761046320872,0.1963608794541319,0.0203735338635904,0.8925404850542719,53.87898096711366,4.9,1.7,2.3,0.2299999999999999,0.77,0.3947968537563912,0.5,0.0295777103866565,-0.065,0.028,0.195,-0.25,-0.00182,0.19,0.143,4.0,1.2,0.4,0.4551386623164764,0.3698057670733904,0.0961494994390815,-0.0,GSW,0.6271324978503444
977,Kobe Bryant,2015-16,37.0,28.2,0.314,0.469,0.0082135639460371,0.5109243697478991,0.0014451938832708,1.0,54.97025208325447,4.2,2.8,2.0,0.4066666666666666,0.5933333333333334,0.4140406279738645,0.3454699669958915,0.0483596638655462,0.141,0.065,0.455,0.4490445859872612,0.009165,0.55,0.231,8.4,2.8,0.7,0.6307277628032345,0.2923337030812325,0.091792782767507,-0.000119102594196,,
201585,Kosta Koufos,2015-16,27.0,19.0,0.152,0.54,0.1176495877449249,0.0666666666666666,0.0069719745259281,1.0,,4.65,0.5,1.8,0.18,0.8200000000000001,0.2,0.247062383339933,0.0408666666666666,-0.007,-0.056,0.145,-0.0460526315789474,0.000392,0.254,0.03,0.2,0.0,0.0,0.7853881278538812,0.3375586666666667,0.0513089173333333,-0.0,,
204001,Kristaps Porziņģis,2015-16,20.0,28.4,0.243,0.518,0.0592969357655274,0.0890336590662323,0.0071029974980345,1.0,54.87311455589135,4.35,1.5,3.6,0.36,0.64,0.2794857677696415,0.9274172087130564,0.0035884907709012,-0.036,0.016,0.207,-0.1481481481481481,-0.000576,0.327,0.237,1.9,0.2,0.0,0.5169300225733634,0.3477598262757871,0.0845056377850162,-0.0,,
2594,Kyle Korver,2015-16,35.0,30.0,0.132,0.577,0.102728458764361,0.0372340425531914,0.0049266495361323,1.0,54.543964451524445,4.75,0.8,0.2,0.2111111111111111,0.7888888888888889,0.0869603654044496,0.5,0.0216702127659574,-0.046,-0.0199999999999999,0.086,-0.3484848484848485,0.0009199999999999,0.071,0.225,2.1,0.7,0.3,0.3468208092485549,0.4028587174940898,0.0531773507092198,-0.0,ATL,0.5470535584848892
200768,Kyle Lowry,2015-16,30.0,37.0,0.256,0.578,0.1242265711229956,0.6496062992125985,0.0160906817806977,1.0598046780385328,54.662965363998715,4.31,6.8,0.4,0.7555555555555555,0.2444444444444444,0.7527417490689612,0.2868502955624231,0.1280362204724409,0.0349999999999999,-0.0639999999999999,0.291,0.1367187499999999,-0.0022399999999999,0.617,0.095,5.9,3.2,1.0,0.5251989389920424,0.4001581296684648,0.102440481195127,-0.0,TOR,0.5577843053838569
202681,Kyrie Irving,2015-16,24.0,31.5,0.285,0.54,0.113396127907122,0.7768953068592058,0.0172530354687691,1.044929589760081,54.88987388547544,4.37,6.2,0.7,0.6888888888888889,0.3111111111111111,0.5196266293844318,0.1848466040228185,0.0253494584837545,0.044,0.0489999999999999,0.329,0.1543859649122808,0.0021559999999999,0.711,0.238,7.1,2.5,0.8,0.5645161290322581,0.475538604725285,0.1355285023467062,-0.0,CLE,0.5658740790873844
200746,LaMarcus Aldridge,2015-16,30.0,30.6,0.258,0.565,0.1078879255852782,0.1471502590673575,0.0141384695790163,1.2059981421683548,53.36257231786667,4.25,1.7,6.0,0.6,0.4,0.3299704774508805,0.5,0.0131533678756476,-0.049,-0.0739999999999999,0.209,-0.1899224806201551,0.0036259999999999,0.34,0.343,3.0,0.0,0.0,0.5658978583196046,0.4178163730569948,0.1077966242487046,-0.0,SAS,0.5686846597332127
202362,Lance Stephenson,2015-16,25.0,19.9,0.194,0.548,0.1253347667558959,0.6947791164658634,0.0107096222349815,1.0618437826765788,,4.19,1.8,0.5,0.3377777777777778,0.6622222222222223,0.4,0.2536053393471332,0.0967128514056225,0.0,-0.04,0.194,0.0,-0.0,0.684,0.171,2.4,0.3,0.1,0.5,0.2323262881154245,0.0450712998943923,-0.0,,
202498,Lance Thomas,2015-16,28.0,22.3,0.166,0.557,0.0603286738295912,0.1170212765957446,0.0040802418937122,1.0,54.92704690533167,4.63,1.1,1.4,0.1466666666666666,0.8533333333333333,0.3102698348771647,0.6594214786900271,0.0675212765957446,-0.017,0.0159999999999999,0.149,-0.1024096385542169,-0.0002719999999999,0.325,0.211,1.5,0.1,0.0,0.4712041884816754,0.2921011347517731,0.0484887883687943,-0.0,,
204038,Langston Galloway,2015-16,24.0,24.8,0.151,0.49,0.0628591544738274,0.380952380952381,0.0036883655409296,1.0,54.8154786871549,4.66,2.4,0.4,0.3577777777777778,0.6422222222222222,0.5037414965986393,0.434333828280933,0.0299470899470899,0.019,0.051,0.17,0.1258278145695365,0.000969,0.407,0.147,1.9,0.4,0.1,0.4302721088435374,0.3286181422692533,0.0496213394826572,-0.0,,
1626204,Larry Nance Jr.,2015-16,23.0,20.1,0.124,0.544,0.0674235762005065,0.0516304347826086,0.0029440441046346,1.0,54.41771695288417,4.8,0.9,1.0,0.1222222222222222,0.8777777777777778,0.2875,1.0,0.0285,-0.073,-0.094,0.0509999999999999,-0.5887096774193549,0.006862,0.259,0.229,0.4,0.0,0.0,0.5166666666666667,0.2937416666666667,0.0364239666666666,-0.0,,
2544,LeBron James,2015-16,31.0,35.6,0.305,0.588,0.1431218952868393,0.6161971830985916,0.0241077032943349,1.014314119073702,54.54605185875277,4.07,5.3,3.6,0.7533333333333334,0.2466666666666666,0.8193548387096774,0.2745042843296936,0.0946021126760563,0.125,-0.0689999999999999,0.43,0.4098360655737705,-0.0086249999999999,0.596,0.123,5.7,2.1,0.6,0.5852459016393443,0.4839896828812381,0.1476168532787776,-1.0400257927969066e-05,CLE,0.5450089769857113
101150,Lou Williams,2015-16,29.0,28.5,0.221,0.584,0.0923134213282552,0.5876712328767123,0.0095907651752547,1.0,54.27340335964745,4.19,2.6,0.3,0.3311111111111111,0.6688888888888889,0.7847041847041847,0.2447392210773236,0.0453890410958904,-0.002,-0.0379999999999999,0.219,-0.0090497737556561,7.599999999999991e-05,0.565,0.14,4.9,2.3,0.8,0.5021645021645021,0.327194404870624,0.0723099634764079,-0.0,LAL,
2449,Luis Scola,2015-16,36.0,21.5,0.19,0.523,0.0778132296859569,0.1847649918962723,0.0064444200887605,0.0,54.80337712037448,4.5,1.1,2.0,0.2,0.8,0.4981922865247025,1.0,0.0202123176661264,-0.045,0.0809999999999999,0.145,-0.2368421052631579,-0.0036449999999999,0.305,0.117,0.5,0.0,0.0,0.5120772946859904,0.142829173419773,0.0271375429497568,-0.0,,
2736,Luol Deng,2015-16,31.0,32.4,0.168,0.549,0.0820477878926729,0.1336146272855133,0.005649770400907,1.072554591630007,54.23962155544509,4.6,1.6,1.2,0.1933333333333333,0.8066666666666666,0.3222406804438832,0.8375026099523034,0.0255597749648382,-0.03,0.1949999999999999,0.138,-0.1785714285714285,-0.0058499999999999,0.28,0.114,1.4,0.2,0.1,0.4767836919592298,0.3350622420007031,0.0562904566561181,-0.0,,
1938,Manu Ginobili,2015-16,38.0,19.6,0.227,0.573,0.1548923881215024,0.3685258964143426,0.0167520847525854,0.9232865722005263,,4.52,2.0,0.5,0.52,0.48,0.3057471264367816,0.1298676287722853,0.069597609561753,-0.006,-0.006,0.221,-0.026431718061674,3.600000000000006e-05,0.325,0.119,1.9,0.8,0.2,0.4428274428274428,0.4635364143426295,0.1052227660557769,-0.0,,
201188,Marc Gasol,2015-16,31.0,34.4,0.237,0.528,0.0408182366502495,0.174653887113951,0.0047095212220736,1.0,54.53788799281958,3.76,2.3,9.8,0.98,0.0199999999999999,0.601410267077128,0.3460596459742932,0.0201363152289669,0.004,0.018,0.241,0.0168776371308017,7.200000000000012e-05,0.308,0.33,1.8,0.0,0.0,0.5021216407355021,0.4790250479233227,0.1135289363578274,-0.0,MEM,
101162,Marcin Gortat,2015-16,32.0,30.1,0.186,0.592,0.0989438095203634,0.0511627906976744,0.0079370304018256,1.0,54.773775288938744,4.6,1.1,5.0,0.5,0.5,0.3647058823529411,0.4246293275515387,0.0299302325581395,-0.044,0.014,0.142,-0.2365591397849463,-0.000616,0.206,0.134,0.5,0.0,0.0,0.743455497382199,0.4163023255813953,0.0774322325581395,-0.0,WAS,0.5322855441553683
201158,Marco Belinelli,2015-16,30.0,24.6,0.193,0.5,0.0428955725185697,0.148993288590604,0.003637042970652,1.0,54.64743500871369,4.86,1.2,1.1,0.26,0.74,0.1660401320802641,0.8794876263737823,0.0133409395973154,-0.016,-0.077,0.177,-0.0829015544041451,0.001232,0.155,0.31,2.4,0.8,0.2,0.3492822966507177,0.3078552080536912,0.0594160551543624,-0.0,,
202694,Marcus Morris Sr.,2015-16,26.0,35.7,0.182,0.531,0.0756551626381286,0.4176100628930818,0.0058741583710537,0.524587363611129,54.8996199839588,4.45,2.0,2.5,0.25,0.75,0.5129584790601739,1.0,0.0500339622641509,-0.0699999999999999,-0.099,0.112,-0.3846153846153846,0.00693,0.5,0.288,4.9,0.7,0.2,0.5262096774193549,0.2686957547169811,0.0489026273584905,-0.0,,
203935,Marcus Smart,2015-16,22.0,27.3,0.168,0.463,-0.0272260332461894,0.3196969696969697,-0.0018747712853592,1.0234220172672466,54.0603980248506,4.5,2.4,0.6000000000000001,0.36,0.64,0.6862134150316146,0.7813660441248762,0.0,-0.03,-0.0579999999999999,0.138,-0.1785714285714285,0.0017399999999999,0.495,0.039,1.8,0.9,0.3,0.5110356536502547,0.3639621314285713,0.0611456380799999,-0.0,BOS,0.5403574450862797
201977,Marcus Thornton,2015-16,29.0,18.2,0.235,0.511,0.0791146991766316,0.3645680819912152,0.0090127842401665,1.0,,4.46,1.2,0.6,0.2777777777777778,0.7222222222222222,0.2232472324723247,0.6919620053054321,0.0239560761346998,-0.0259999999999999,0.006,0.209,-0.1106382978723404,-0.000156,0.394,0.122,2.6,1.0,0.3,0.496309963099631,0.3207502846917195,0.075376316902554,-0.0,,
201596,Mario Chalmers,2015-16,30.0,22.5,0.214,0.561,0.0908285005341509,0.645320197044335,0.0089917206210961,1.0,53.47239447210306,4.51,4.8,0.3,0.6,0.4,0.9558558558558558,0.0993667541271404,0.0119802955665024,0.009,0.0599999999999999,0.223,0.0420560747663551,0.00054,0.654,0.08,1.8,0.8,0.2,0.5495495495495496,0.3872157635467981,0.0828641733990147,-0.0,,
1626209,Mario Hezonja,2015-16,21.0,17.9,0.166,0.541,0.1093090121600009,0.272264631043257,0.0073929556621012,1.0,,4.99,1.0,0.5,0.2511111111111111,0.7488888888888889,0.2177033492822966,0.181322033293334,0.0,0.097,0.2249999999999999,0.263,0.5843373493975903,0.0218249999999999,0.359,0.184,1.4,0.4,0.1,0.3719806763285024,0.3390606615776081,0.0562840698218829,-0.0,,
203900,Markel Brown,2015-16,24.0,15.8,0.183,0.5,0.0377893483619316,0.3242506811989101,0.0029583260488728,1.0,,4.52,1.1,0.4,0.3155555555555555,0.6844444444444444,0.2763975155279503,0.539050144914868,0.0480108991825613,-0.0119999999999999,0.235,0.171,-0.0655737704918031,-0.0028199999999999,0.378,0.171,1.4,0.3,0.1,0.4720496894409938,0.3058594974265819,0.0559722880290644,-0.0,,
202693,Markieff Morris,2015-16,26.0,25.5,0.24,0.489,0.0509786979927277,0.1792717086834734,0.0059938462960141,1.0,55.02310262303364,4.17,1.3,3.8,0.38,0.62,0.5263728611221646,1.0,0.0144649859943977,-0.06,-0.0989999999999999,0.18,-0.25,0.0059399999999999,0.338,0.277,2.7,0.2,0.0,0.5194986072423399,0.3405391596638655,0.0817293983193277,-0.0,WAS,0.5655097361913528
101107,Marvin Williams,2015-16,30.0,28.9,0.166,0.585,0.1051262384325113,0.054054054054054,0.0071100598596337,1.0,54.56163725740689,4.63,1.2,1.1,0.1644444444444444,0.8355555555555556,0.2311797916302892,0.5,0.032054054054054,-0.043,-0.004,0.123,-0.2590361445783133,0.000172,0.228,0.101,0.7,0.1,0.0,0.4072681704260651,0.2175465465465465,0.0361127267267267,-0.0,,
203486,Mason Plumlee,2015-16,26.0,25.4,0.171,0.564,0.1015495162180763,0.1621004566210045,0.0071807866642048,0.0,54.1860123480049,4.51,1.4,3.1,0.3577777777777778,0.6422222222222222,1.0,0.4165164246100731,0.0290753424657534,-0.054,0.098,0.117,-0.3157894736842105,-0.005292,0.311,0.032,0.4,0.0,0.0,0.8040885860306644,0.193405834601725,0.0330723977168949,-0.0,,
2440,Matt Barnes,2015-16,36.0,28.8,0.175,0.503,0.034377351866573,0.1040221914008321,0.002516688660925,0.7420971472629144,53.8638272941915,4.67,1.6,0.7999999999999999,0.26,0.74,0.2687534687534687,0.8120342660318244,0.0040957004160887,-0.0219999999999999,0.146,0.153,-0.1257142857142856,-0.0032119999999999,0.227,0.04,1.0,0.5,0.1,0.4046008119079837,0.2713604854368932,0.0474880849514563,-0.0,,
203521,Matthew Dellavedova,2015-16,25.0,24.6,0.155,0.527,0.1168896265335897,0.5297397769516728,0.0071330212577973,0.8073295571483539,54.684232740833075,4.6,4.0,0.1,0.5888888888888889,0.4111111111111111,0.2688261237842099,0.5,0.1466765799256505,-0.089,-0.216,0.066,-0.5741935483870968,0.019224,0.449,0.12,2.6,1.0,0.3,0.4075342465753425,0.2778082145807518,0.0430602732600165,-0.0,,
203090,Maurice Harkless,2015-16,23.0,18.7,0.153,0.541,0.0892977709861721,0.1641791044776119,0.0053441392343412,0.4542622584810707,,4.69,0.7,0.5,0.1511111111111111,0.8488888888888889,0.4,0.5,0.008547263681592,-0.03,-0.199,0.123,-0.196078431372549,0.00597,0.364,0.02,0.3,0.1,0.0,0.5585412667946257,0.2957167568660761,0.0452446638005096,-0.0,,
203086,Meyers Leonard,2015-16,24.0,21.8,0.174,0.561,0.0811881892749233,0.0505709624796084,0.0058927325157407,1.0,53.37812228815616,4.16,1.0,0.8999999999999999,0.2288888888888888,0.7711111111111111,0.1250768981706329,1.0,0.0286231647634583,0.028,-0.064,0.202,0.1609195402298852,-0.001792,0.138,0.223,0.8,0.1,0.0,0.2505747126436781,0.3301882109842304,0.057452748711256,-0.0,,
201563,Michael Beasley,2015-16,27.0,18.1,0.284,0.563,0.1186468894900548,0.4183673469387754,0.0179570034908862,1.3486842105263157,,4.72,1.2,2.4000000000000004,0.24,0.76,0.4,0.5,0.0521224489795917,-0.0619999999999999,-0.0629999999999999,0.222,-0.2183098591549295,0.0039059999999999,0.421,0.259,3.2,0.2,0.0,0.6733067729083665,0.351799387755102,0.0999110261224489,-0.0,,
203487,Michael Carter-Williams,2015-16,24.0,30.5,0.206,0.497,0.0927318354546192,0.652605459057072,0.0086702113951347,1.0,55.75495697469853,4.86,6.0,0.8,0.6666666666666666,0.3333333333333333,0.7423073558995888,0.3430466197071262,0.044848635235732,-0.0279999999999999,0.019,0.178,-0.1359223300970873,-0.000532,0.618,0.167,2.6,0.2,0.1,0.6666666666666666,0.4042928039702234,0.083284317617866,-0.0,,
201144,Mike Conley,2015-16,28.0,31.4,0.225,0.538,0.0838831206629217,0.6810256410256411,0.0089525830006428,1.0,53.53648191767067,4.6,7.0,0.4,0.7777777777777778,0.2222222222222222,0.675509825732295,0.5,0.0987076923076923,0.033,-0.161,0.258,0.1466666666666666,-0.005313,0.592,0.145,5.2,1.6,0.6,0.4353448275862069,0.4207042735042734,0.0946584615384615,-0.0,,
2399,Mike Dunleavy,2015-16,35.0,22.7,0.141,0.543,0.1185534604550605,0.0685579196217494,0.0062768666759277,1.0,,4.9,0.9,0.3,0.1688888888888889,0.8311111111111111,0.1436170212765957,0.2115684439763075,0.0421631205673758,0.002,0.137,0.143,0.0141843971631205,0.000274,0.117,0.054,1.0,0.4,0.1,0.4095744680851064,0.3347913317572891,0.0472055777777777,-0.0,,
203101,Miles Plumlee,2015-16,27.0,14.3,0.151,0.606,0.1490365264315716,0.0352112676056338,0.008744966314476,1.0,,4.59,0.5,1.0,0.1,0.9,0.2,0.4612498531203973,0.0221478873239436,-0.048,-0.0849999999999999,0.103,-0.3178807947019867,0.0040799999999999,0.25,0.07,0.1,0.0,0.0,0.8454935622317596,0.3337686619718309,0.0503990679577464,-0.0,,
203141,Mirza Teletovic,2015-16,30.0,21.3,0.229,0.571,0.1278050617503571,0.1094147582697201,0.0140055857869979,1.0,54.09642820959959,4.67,1.1,1.7999999999999998,0.1955555555555555,0.8044444444444445,0.19580805295091,0.5,0.0122391857506361,-0.041,-0.0439999999999999,0.188,-0.1790393013100437,0.0018039999999999,0.235,0.091,1.2,0.4,0.1,0.4110824742268041,0.3453725756290641,0.0790903198190556,-0.0,,
101145,Monta Ellis,2015-16,30.0,33.8,0.208,0.504,0.0840300456191651,0.6428571428571428,0.0079713082163463,1.0540701030166184,54.86500183809903,4.4,4.4,0.5,0.4933333333333333,0.5066666666666666,0.4976446994076768,0.1964190923932249,0.0265178571428571,0.0799999999999999,0.014,0.288,0.3846153846153846,0.00112,0.679,0.271,5.6,1.2,0.3,0.5323609845031905,0.3341300512820513,0.0694990506666666,-0.0,,
1626167,Myles Turner,2015-16,20.0,22.8,0.207,0.531,0.0467331578322994,0.0212164073550212,0.0044012966996731,1.0,54.59276043523062,4.62,0.9,3.5,0.35,0.65,0.2967409948542023,1.0,0.0109688826025459,-0.0399999999999999,-0.029,0.167,-0.1932367149758453,0.00116,0.201,0.381,1.0,0.0,0.0,0.5274542429284526,0.3356248939179632,0.0694743530410183,-0.0,IND,0.5570000000000002
202357,Nemanja Bjelica,2015-16,28.0,17.9,0.123,0.594,0.0915150969186398,0.1319018404907975,0.0039477569896501,1.0,,4.7,1.1,0.4,0.2555555555555555,0.7444444444444445,0.1595744680851064,0.5,0.0819110429447852,-0.0549999999999999,-0.1599999999999999,0.068,-0.4471544715447154,0.0087999999999999,0.227,0.026,0.3,0.2,0.1,0.3957446808510638,0.3384280674846625,0.0416266523006134,-0.0,,
2403,Nene,2015-16,33.0,19.2,0.218,0.564,0.0784019349646177,0.1551020408163265,0.0079801585799094,1.0,,4.24,1.0,4.300000000000001,0.43,0.57,0.4,1.0,0.0104816326530612,-0.097,0.221,0.121,-0.4449541284403669,-0.021437,0.359,0.19,0.4,0.0,0.0,0.6328125,0.3743156326530613,0.0816008079183673,-0.0,,
203457,Nerlens Noel,2015-16,22.0,29.3,0.187,0.544,0.1208754502156206,0.1455696202531645,0.0097746342199098,1.0,54.72782984857675,4.43,1.6,2.5,0.25,0.75,0.4318181818181817,0.1025716313785478,0.0389984177215189,-0.005,0.1709999999999999,0.182,-0.0267379679144385,-0.000855,0.33,0.075,0.7,0.0,0.0,0.7035775127768313,0.3543759889240506,0.0662683099287974,-0.0,,
201156,Nick Young,2015-16,31.0,19.1,0.182,0.483,0.0336877179445964,0.3110151187904967,0.0026156442398052,1.0,,4.13,0.9,0.1,0.1288888888888889,0.8711111111111112,0.043010752688172,1.0,0.0177105831533477,-0.0819999999999999,-0.3399999999999999,0.1,-0.4505494505494505,0.0278799999999999,0.317,0.199,3.4,1.6,0.5,0.4838709677419355,0.2609366930645548,0.0474904781377489,-0.0,,
201587,Nicolas Batum,2015-16,27.0,35.0,0.209,0.546,0.0923433752122242,0.3714285714285714,0.008823180693809,0.5978793418647166,54.47189386135126,4.73,3.0,1.4,0.5822222222222222,0.4177777777777778,0.4172756013745704,0.5,0.015454081632653,-0.0119999999999999,-0.139,0.197,-0.0574162679425836,0.0016679999999999,0.438,0.207,4.7,1.5,0.5,0.4607843137254901,0.3180266666666667,0.0664675733333333,-0.0,,
203917,Nik Stauskas,2015-16,22.0,24.8,0.163,0.517,0.0822875350496636,0.2944444444444444,0.0054152119527681,1.0,55.09221038298305,4.76,1.4,0.2,0.2644444444444444,0.7355555555555555,0.5257247706422017,0.5,0.0393555555555555,-0.036,-0.24,0.127,-0.2208588957055215,0.00864,0.262,0.058,1.8,1.1,0.2,0.3871559633027523,0.3241052098765432,0.0528291492098765,-0.0,,
203999,Nikola Jokić,2015-16,21.0,21.7,0.194,0.582,0.1392719809363371,0.1313320825515947,0.0119005312121471,1.0,54.78764383559633,4.57,1.4,3.6,0.3911111111111111,0.6088888888888889,0.392,0.4162572997421103,0.0060938086303939,-0.04,-0.0299999999999999,0.154,-0.2061855670103093,0.0011999999999999,0.371,0.083,0.5,0.1,0.0,0.6566666666666666,0.4082258619970814,0.0791958172274338,-0.0,,
202703,Nikola Mirotic,2015-16,25.0,24.9,0.209,0.564,0.1062091797908472,0.0824324324324324,0.0101480239647103,1.0,54.90957529461337,4.5,1.4,1.3,0.2111111111111111,0.7888888888888889,0.2910294852573712,0.4838011512392068,0.027977027027027,-0.035,-0.0659999999999999,0.174,-0.1674641148325359,0.0023099999999999,0.165,0.067,1.3,0.5,0.1,0.3371710526315789,0.338519466966967,0.0707505685960961,-0.0,CHI,0.5457454545454546
202696,Nikola Vučević,2015-16,25.0,31.3,0.265,0.531,0.0768718223025179,0.1436314363143631,0.0104866310216478,1.0,55.235724929882124,4.21,1.8,7.2,0.72,0.28,0.2181234635345533,0.8626071077321023,0.0087967479674796,-0.029,-0.055,0.236,-0.109433962264151,0.001595,0.39,0.383,1.6,0.0,0.0,0.5986328125,0.4499547967479675,0.1192380211382114,-0.0,,
202708,Norris Cole,2015-16,27.0,26.6,0.212,0.465,0.0839068720198818,0.71625,0.0081903285325336,1.0,,4.98,4.0,0.0,0.4866666666666666,0.5133333333333334,0.2376033057851239,0.5,0.055415,-0.12,-0.122,0.092,-0.5660377358490566,0.0146399999999999,0.638,0.356,5.3,0.7,0.1,0.4297520661157025,0.3490581833333332,0.0740003348666666,-0.0,,
201564,O.J. Mayo,2015-16,28.0,26.6,0.165,0.474,0.0251397111017898,0.2803889789303079,0.0016849468223972,1.0,,4.24,2.0,0.2,0.3466666666666667,0.6533333333333333,0.1682242990654205,0.6704488557345847,0.0270145867098865,-0.0249999999999999,0.235,0.14,-0.1515151515151514,-0.0058749999999999,0.286,0.218,2.0,0.6,0.1,0.4392523364485981,0.307703511615343,0.0507710794165316,-0.0,,
201956,Omri Casspi,2015-16,28.0,27.3,0.174,0.587,0.1627313646384625,0.1354838709677419,0.0118112303316526,1.0,54.08377870144489,4.79,1.2,1.0,0.1644444444444444,0.8355555555555556,0.3237513397642014,0.5,0.0130741935483871,-0.088,-0.1219999999999999,0.086,-0.5057471264367817,0.0107359999999999,0.268,0.007,0.9,0.7,0.3,0.4340836012861736,0.355112358422939,0.0617895503655913,-0.0,,
203490,Otto Porter Jr.,2015-16,23.0,30.3,0.159,0.564,0.1180218009701838,0.1197368421052631,0.0074826929424747,1.0,55.11054390555923,4.89,1.1,0.8999999999999999,0.1688888888888889,0.8311111111111111,0.2331677126917712,0.5,0.0111157894736842,-0.085,-0.2289999999999999,0.074,-0.5345911949685535,0.0194649999999999,0.236,0.232,1.7,0.2,0.0,0.3124128312412831,0.3313123274853801,0.0526786600701754,-0.0,WAS,0.541672537632963
200782,P.J. Tucker,2015-16,31.0,31.0,0.125,0.506,0.0410157480295146,0.2307692307692307,0.0018126570979442,1.0,54.18644531205388,4.2,1.4,0.5,0.2311111111111111,0.768888888888889,0.6873239436619718,0.4890675890991759,0.0328826923076923,-0.006,0.055,0.119,-0.048,-0.00033,0.469,0.061,0.7,0.3,0.0,0.5662650602409639,0.2943077649572649,0.0367884706196581,-0.0,PHX,
201976,Patrick Beverley,2015-16,27.0,28.7,0.153,0.553,0.1231289692421,0.3849693251533742,0.0073688105329369,0.2926924073594194,54.6222531996714,4.96,3.4,0.2,0.3888888888888888,0.6111111111111112,0.4003848003848003,0.5,0.0891027607361962,-0.0549999999999999,0.1929999999999999,0.098,-0.3594771241830065,-0.0106149999999999,0.415,0.074,1.8,0.9,0.3,0.3486529318541997,0.2022621446329043,0.0309461081288343,-0.0,HOU,0.5833448844043554
202335,Patrick Patterson,2015-16,27.0,25.6,0.127,0.534,0.0363065789479932,0.0991735537190082,0.0016432018307039,1.0,55.00012126565908,4.16,1.0,0.1,0.1555555555555555,0.8444444444444444,0.1086893934436955,1.0,0.0536528925619834,-0.05,0.0899999999999999,0.077,-0.3937007874015748,-0.0044999999999999,0.245,0.074,0.7,0.1,0.0,0.3456591639871382,0.2550339761248852,0.0323893149678604,-0.0,,
201988,Patty Mills,2015-16,27.0,20.5,0.189,0.541,0.1353539628924165,0.3900481540930979,0.0111215080829624,1.6384550147174337,53.030815100608635,5.31,3.0,0.0,0.4377777777777777,0.5622222222222222,0.2608531131750945,0.315737317524032,0.0504157303370786,0.033,0.0869999999999999,0.222,0.1746031746031746,0.0028709999999999,0.369,0.214,3.0,1.0,0.3,0.2661654135338346,0.4145939247815231,0.0783582517837078,-0.0,SAS,0.5726045399160612
2200,Pau Gasol,2015-16,35.0,31.8,0.244,0.529,0.055045170653788,0.1627469426152398,0.0066344352824226,1.0,55.27631310727094,4.19,2.2,5.4,0.54,0.4599999999999999,0.6201878960017478,0.7279624697019561,0.0156481655691439,-0.0229999999999999,-0.05,0.221,-0.0942622950819671,0.00115,0.317,0.371,1.2,0.0,0.0,0.5175879396984925,0.3845009125117591,0.0938182226528692,-0.0,,
202331,Paul George,2015-16,26.0,34.8,0.296,0.557,0.0898759869714944,0.5042613636363636,0.0144737557410374,1.0152827476540016,54.887887548084535,4.62,3.3,1.8,0.4511111111111111,0.5488888888888889,0.6241599870455832,0.2398955684714502,0.0489914772727272,0.013,-0.038,0.309,0.0439189189189189,-0.000494,0.545,0.189,7.6,2.3,0.8,0.5209923664122137,0.4095282681288724,0.1212203673661462,-0.0,IND,0.5310000000000002
200794,Paul Millsap,2015-16,31.0,32.7,0.238,0.556,0.0889547859595199,0.2280501710376282,0.0103284405627093,1.0322095971452718,54.74362435451851,4.53,2.2,4.1,0.41,0.5900000000000001,0.8532321337199386,0.3680039304488444,0.0296556442417331,0.003,-0.095,0.241,0.0126050420168067,-0.000285,0.307,0.117,1.6,0.2,0.0,0.5868661679135495,0.3199445952109464,0.0761468136602052,-0.0,ATL,0.5491254258087721
203112,Quincy Acy,2015-16,25.0,14.8,0.128,0.629,0.1282689953646204,0.0284810126582278,0.0058740365934775,1.0,,4.55,0.4,0.5,0.0999999999999999,0.9,0.2,0.5,0.0172025316455696,-0.053,0.3329999999999999,0.075,-0.4140625,-0.017649,0.252,0.124,0.2,0.0,0.0,0.4809523809523809,0.3227386075949367,0.0413105417721519,-0.0,,
200765,Rajon Rondo,2015-16,30.0,35.2,0.186,0.506,0.1071581569580701,0.6828478964401294,0.0085959652625338,1.0,54.48538173735395,4.4,8.1,0.4,1.0,0.0,0.6311926605504588,0.5,0.0296256742179072,-0.0459999999999999,0.045,0.14,-0.2473118279569891,-0.00207,0.718,0.144,2.6,0.7,0.2,0.4780927835051546,0.4963743257820927,0.0923256245954692,-0.0,,
201196,Ramon Sessions,2015-16,30.0,20.3,0.214,0.565,0.1107268939890873,0.6523297491039427,0.0109615956460412,1.0,55.0083311454232,4.64,3.1,0.2,0.5066666666666667,0.4933333333333333,0.9833333333333332,0.5,0.0628243727598566,-0.0999999999999999,-0.2709999999999999,0.114,-0.4672897196261682,0.0270999999999999,0.514,0.101,1.5,0.2,0.0,0.625,0.379058972520908,0.0811186201194743,-0.0,,
200751,Randy Foye,2015-16,32.0,20.3,0.157,0.461,0.0255438845298448,0.4899193548387097,0.001589045822583,0.4296173504627711,54.48778822220475,4.42,2.3,0.0,0.3199999999999999,0.68,0.4019917012448132,1.0,0.0,-0.07,-0.0549999999999999,0.087,-0.445859872611465,0.0038499999999999,0.55,0.135,1.9,0.9,0.3,0.4282982791586998,0.0620745967741935,0.0097457116935483,-0.0,,
203526,Raul Neto,2015-16,24.0,18.5,0.172,0.53,0.125396558857204,0.5251256281407035,0.0089449576569612,1.0,,4.74,2.9,0.2,0.4222222222222222,0.5777777777777777,0.277511961722488,0.3241512554081714,0.073680904522613,-0.0169999999999999,0.0349999999999999,0.155,-0.0988372093023255,-0.0005949999999999,0.567,0.139,1.5,0.4,0.2,0.3636363636363636,0.3778269123394752,0.0649862289223897,-0.0,,
101109,Raymond Felton,2015-16,32.0,27.4,0.179,0.502,0.0664911305183779,0.6740412979351033,0.0050355076906487,1.1515920395046977,53.89530356279083,4.4,3.8,0.2,0.4555555555555555,0.5444444444444445,0.571585302742798,0.378018142195124,0.0463598820058997,0.012,0.0929999999999999,0.191,0.0670391061452514,0.001116,0.675,0.16,3.1,0.9,0.2,0.4527296937416777,0.3738746577128213,0.066923563730595,-0.0,,
202704,Reggie Jackson,2015-16,26.0,30.7,0.283,0.535,0.107779376795829,0.8529204785362421,0.016226143833092,1.1512501324854263,54.86508863416442,4.48,7.9,0.2,0.8777777777777778,0.1222222222222222,0.6244823560734838,0.1472179423781736,0.0690190007037297,0.156,0.0409999999999999,0.439,0.5512367491166079,0.0063959999999999,0.859,0.136,6.7,2.6,0.9,0.596612779060816,0.465131700289311,0.131632271181875,-0.0,,
2210,Richard Jefferson,2015-16,36.0,17.9,0.133,0.585,0.0803506390643471,0.0784313725490196,0.0038973265556355,1.0,,4.02,0.7,0.3,0.1555555555555555,0.8444444444444444,0.1233974358974359,1.0,0.0454117647058823,-0.083,-0.2519999999999999,0.05,-0.6240601503759399,0.0209159999999999,0.175,0.068,0.6,0.2,0.1,0.4823232323232323,0.3349185185185185,0.0445441629629629,-0.0,,
201937,Ricky Rubio,2015-16,25.0,30.6,0.173,0.529,0.0258358298378556,0.5858895705521472,0.0018590521390646,1.0,53.77300618889276,4.64,7.2,0.1,0.8933333333333333,0.1066666666666666,0.8150170648464163,0.7780135923167694,0.0456779141104294,-0.0269999999999999,0.0439999999999999,0.146,-0.1560693641618497,-0.0011879999999999,0.553,0.222,3.1,0.3,0.1,0.3344709897610921,0.4026382413087934,0.0696564157464212,-0.0,,
203496,Robert Covington,2015-16,25.0,28.4,0.209,0.543,0.0887056472723336,0.1005988023952095,0.0084756048026873,1.0,54.763258306295256,4.53,1.5,0.3,0.1844444444444444,0.8155555555555556,0.2595293618825524,0.5,0.0224047904191616,0.002,-0.26,0.211,0.0095693779904306,-0.00052,0.201,0.028,1.1,0.8,0.2,0.430379746835443,0.3195602741184298,0.0667880972907518,-0.0,,
201577,Robin Lopez,2015-16,28.0,27.1,0.174,0.574,0.0693880057013417,0.0619469026548672,0.0050362615677277,1.0,55.06833841072072,4.39,1.3,3.6,0.36,0.64,0.3481481481481481,0.7285399222265321,0.0346283185840708,-0.033,0.2330000000000001,0.141,-0.1896551724137931,-0.007689,0.476,0.076,0.4,0.0,0.0,0.7990936555891238,0.3565727433628319,0.0620436573451327,-0.0,,
203918,Rodney Hood,2015-16,23.0,32.2,0.215,0.542,0.100459045592268,0.5118110236220472,0.0100149027798762,1.0,53.59675189678187,4.49,3.1,0.6000000000000001,0.3444444444444444,0.6555555555555556,0.3838201344976412,0.3563157418750062,0.0682080989876265,0.031,-0.058,0.246,0.1441860465116279,-0.001798,0.578,0.138,4.8,1.9,0.6,0.5205761316872428,0.3413490001249843,0.0733900350268716,-0.0,UTA,0.5611051250290684
201155,Rodney Stuckey,2015-16,30.0,22.0,0.202,0.504,0.0184052677917882,0.5873983739837398,0.0016709720856571,0.174924898853675,54.64627712140935,4.19,2.1,0.3,0.3977777777777777,0.6022222222222222,0.7355708684804563,0.9365576097993678,0.0102682926829268,-0.045,0.255,0.157,-0.2227722772277228,-0.011475,0.546,0.248,2.7,0.3,0.1,0.5987654320987654,0.245751905171635,0.0496418848446702,-0.0,,
101179,Ronnie Price,2015-16,33.0,19.5,0.135,0.517,0.0656393057775191,0.3358395989974937,0.0032558518260651,1.0,,4.74,2.8,0.2,0.4155555555555555,0.5844444444444444,0.1556291390728476,0.8028272298736547,0.0353884711779448,-0.021,-0.081,0.114,-0.1555555555555555,0.001701,0.457,0.079,1.5,0.8,0.2,0.3178807947019867,0.3479517153996101,0.0469734815789473,-0.0,,
201579,Roy Hibbert,2015-16,29.0,23.2,0.13,0.507,-0.0207015088042785,0.0974358974358974,-0.0009703245691528,1.0,54.365014471725864,4.19,0.9,2.0,0.2,0.8,0.3820810075855159,1.0,0.046476923076923,-0.05,0.151,0.08,-0.3846153846153846,-0.00755,0.39,0.262,0.3,0.0,0.0,0.6131386861313869,0.2583138461538461,0.0335807999999999,-0.0,,
200752,Rudy Gay,2015-16,29.0,34.0,0.222,0.538,0.0916257160861476,0.3538622129436325,0.0095840008485648,1.0,54.20303058700268,4.49,2.1,3.4,0.3399999999999999,0.66,0.6118172790466733,0.3424709095850722,0.0273110647181628,0.002,-0.07,0.224,0.009009009009009,-0.00014,0.425,0.176,3.5,0.5,0.2,0.6096579476861167,0.3455115866388308,0.0767035722338204,-0.0,,
203497,Rudy Gobert,2015-16,24.0,31.7,0.143,0.582,0.1143713977153412,0.0270833333333333,0.0061847405371894,1.0,53.790933937741315,4.45,1.6,1.7,0.1777777777777777,0.8222222222222222,0.5,0.2399999999999999,0.0159520833333333,-0.0319999999999999,-0.0839999999999999,0.111,-0.2237762237762237,0.0026879999999999,0.374,0.007,0.0,0.0,0.0,0.847457627118644,0.3374615509259259,0.0482570017824074,-0.0,UTA,0.5514302033161418
201566,Russell Westbrook,2015-16,27.0,34.4,0.311,0.554,0.1142246991697185,0.8082099596231495,0.0198107358138594,0.8277000262474835,53.82470821578744,4.63,8.5,1.4,1.0,0.0,0.8769325538329684,0.1978389283548455,0.0358378196500672,0.0489999999999999,-0.039,0.36,0.1575562700964629,-0.001911,0.785,0.153,8.0,2.9,0.8,0.5786608600979859,0.4368980228017551,0.1358752850913458,-5.603533924098773e-05,OKC,0.6028166544697432
201583,Ryan Anderson,2015-16,28.0,30.4,0.238,0.546,0.0740726559118282,0.2373626373626373,0.0086004931118095,1.0,53.97287873520296,4.48,1.4,3.8,0.38,0.62,0.544373955064929,1.0,0.0185241758241758,-0.127,-0.067,0.1109999999999999,-0.5336134453781513,0.008509,0.395,0.219,4.2,0.6,0.2,0.4385775862068966,0.3522283186813187,0.0838303398461538,-0.0,,
2756,Sasha Vujacic,2015-16,32.0,14.9,0.159,0.503,-0.0071900566098024,0.1225071225071225,-0.0004558563367775,1.0,,4.79,1.2,0.0,0.3244444444444444,0.6755555555555556,0.0595667870036101,1.0,0.0616210826210826,-0.035,-0.298,0.124,-0.220125786163522,0.01043,0.179,0.25,1.0,0.3,0.1,0.358695652173913,0.2922909275087053,0.0464742574738841,-0.0,,
201586,Serge Ibaka,2015-16,26.0,32.1,0.174,0.533,0.0550249782058913,0.0154162384378211,0.00399377644886,1.0,54.05304678819788,4.27,0.8,2.2,0.22,0.78,0.1946567971884427,1.0,0.0080626927029804,-0.0639999999999999,0.0569999999999999,0.11,-0.3678160919540229,-0.0036479999999999,0.142,0.338,0.6,0.0,0.0,0.3381782945736434,0.3753725590955806,0.065314825282631,-0.0,OKC,0.5974201037655812
203552,Seth Curry,2015-16,25.0,15.7,0.172,0.603,0.1588209957987491,0.4609929078014185,0.011329234991799,1.0,,4.64,1.7,0.2,0.3288888888888888,0.6711111111111112,0.1160714285714284,0.5,0.1374633569739952,-0.0959999999999999,0.132,0.076,-0.5581395348837209,-0.012672,0.402,0.154,1.7,0.7,0.3,0.3818181818181818,0.3797543472550564,0.0653177477278697,-0.0,,
203498,Shabazz Muhammad,2015-16,23.0,20.5,0.222,0.548,0.0767814760373533,0.2133580705009276,0.0080313012866843,1.0,53.95363831740975,4.49,0.7,1.9,0.19,0.81,0.833734939759036,1.0,0.0272727272727272,-0.049,-0.351,0.173,-0.2207207207207208,0.017199,0.331,0.104,0.8,0.0,0.0,0.6524300441826215,0.3068577272727272,0.0681224154545454,-0.0,,
203894,Shabazz Napier,2015-16,24.0,10.9,0.196,0.46,-0.0331957338681783,1.0,-0.002880490062009,1.0,,4.84,2.0,0.0,0.5622222222222222,0.4377777777777778,0.1492537313432835,0.3328064003785408,0.0,0.0,0.29,0.196,0.0,0.0,0.574,0.187,1.8,0.8,0.1,0.3532338308457711,0.2518511788617886,0.0493628310569105,-0.0,,
203499,Shane Larkin,2015-16,23.0,22.4,0.172,0.515,0.0892804839549416,1.0,0.0063686767471775,1.0,54.969560803845496,4.65,4.7,0.4,0.6666666666666666,0.3333333333333333,0.6190737051792827,0.202050739128102,0.0,0.011,-0.003,0.183,0.063953488372093,-3.300000000000006e-05,0.617,0.18,2.8,0.7,0.2,0.5,0.3707525392428439,0.0637694367497691,-0.0,,
2733,Shaun Livingston,2015-16,30.0,19.5,0.14,0.581,0.1528774368635289,1.0,0.0080082098727608,0.8985680924287122,,4.98,2.5,1.3,0.4933333333333333,0.5066666666666666,0.2744063324538258,0.4678517458092132,0.0,-0.061,0.145,0.079,-0.4357142857142858,-0.008845,0.522,0.34,2.3,0.0,0.0,0.7861060329067642,0.3411683333333334,0.0477635666666666,-0.0,,
202714,Shelvin Mack,2015-16,26.0,20.3,0.229,0.507,0.0817176219078222,0.7449664429530202,0.0089550691362681,1.0,53.48797007523881,5.06,3.9,0.2,0.6488888888888888,0.3511111111111111,0.4378313253012048,1.0,0.0736459731543624,-0.071,-0.07,0.158,-0.3100436681222707,0.00497,0.626,0.125,3.1,1.2,0.3,0.4963855421686747,0.3828340976882924,0.0876690083706189,-0.0,,
203524,Solomon Hill,2015-16,25.0,14.7,0.128,0.543,0.0736221567915933,0.2777777777777777,0.0033715025353963,0.6783418998224683,,4.43,0.7,0.4,0.2066666666666666,0.7933333333333333,0.3846153846153846,0.6938207207580814,0.0552555555555555,-0.022,0.0209999999999999,0.106,-0.171875,-0.0004619999999999,0.376,0.073,0.4,0.1,0.0,0.4895397489539749,0.3875769818063677,0.049609853671215,-0.0,,
201939,Stephen Curry,2015-16,28.0,34.2,0.314,0.669,0.2353767519910103,0.5928398058252426,0.0414150354799013,0.8793756371007153,53.7832491816264,5.07,5.8,1.0,0.7,0.3,0.5526574059158106,0.138565815349443,0.0358731796116505,0.0989999999999999,-0.032,0.413,0.3152866242038216,-0.003168,0.534,0.072,8.7,6.4,2.8,0.4204545454545454,0.4773883109830097,0.149899929648665,-8.283189104733025e-05,GSW,0.5879976094739741
203500,Steven Adams,2015-16,22.0,25.2,0.125,0.621,0.1490907512069451,0.0332594235033259,0.0065889425744142,1.0,54.24199778638367,4.78,1.0,2.0,0.2,0.8,0.4830188679245283,0.2649999999999999,0.0208869179600886,-0.0289999999999999,-0.1059999999999999,0.096,-0.2319999999999999,0.0030739999999999,0.238,0.019,0.0,0.0,0.0,0.8305400372439479,0.3654279379157428,0.0456784922394678,-0.0,OKC,0.5813142303782252
204456,T.J. McConnell,2015-16,24.0,19.8,0.167,0.511,0.160959255045347,1.0,0.0109847622104832,1.0,,5.27,4.4,0.1,0.7999999999999999,0.2,0.2176724137931034,0.5,0.0,-0.018,-0.194,0.149,-0.1077844311377246,0.003492,0.743,0.312,2.5,0.3,0.2,0.5172413793103449,0.4649236363636362,0.0776422472727272,-0.0,,
203933,T.J. Warren,2015-16,22.0,22.8,0.195,0.549,0.1280033569237222,0.2684684684684685,0.0110223266247658,1.0,,4.58,1.0,1.3,0.1511111111111111,0.8488888888888889,0.3015873015873015,0.5,0.0748882882882883,-0.0559999999999999,-0.139,0.139,-0.2871794871794871,0.007784,0.312,0.264,3.2,0.2,0.1,0.562358276643991,0.322950962962963,0.0629754377777777,-0.0,,
201959,Taj Gibson,2015-16,31.0,26.5,0.144,0.556,0.0458553319573563,0.0979591836734693,0.0025057260031395,1.0,55.04205079295013,4.39,1.0,2.9,0.29,0.71,0.3764705882352941,1.0,0.0539755102040816,-0.0749999999999999,-0.08,0.069,-0.5208333333333333,0.006,0.357,0.156,0.3,0.0,0.0,0.734,0.3205807959183673,0.0461636346122448,-0.0,CHI,0.5490602049352976
2419,Tayshaun Prince,2015-16,36.0,19.0,0.081,0.466,-0.0470877597719133,0.1594827586206896,-0.0010855143210889,1.0,,4.19,0.6,0.3,0.1622222222222222,0.8377777777777777,0.148471615720524,0.791924862174439,0.0754353448275862,-0.018,-0.083,0.063,-0.2222222222222222,0.001494,0.245,0.57,0.5,0.0,0.0,0.4122807017543859,0.2310292385057471,0.0187133683189655,-0.0,,
203093,Terrence Jones,2015-16,24.0,20.9,0.19,0.519,0.0959651921185612,0.1838565022421524,0.0079477489163032,1.0,53.699953983201304,4.43,1.1,1.7999999999999998,0.18,0.8200000000000001,0.7780821917808218,0.3768385991567178,0.0249641255605381,-0.034,0.0959999999999999,0.156,-0.1789473684210526,-0.0032639999999999,0.253,0.046,0.5,0.3,0.0,0.6784741144414169,0.3174411659192825,0.0603138215246636,-0.0,,
203082,Terrence Ross,2015-16,25.0,23.9,0.178,0.551,0.1098115631008387,0.2274881516587678,0.0082466597623264,1.0140382543887745,54.9916027953755,4.55,0.9,0.4,0.1177777777777777,0.8822222222222222,0.2026822200757856,0.5,0.0407393364928909,-0.033,0.1949999999999999,0.145,-0.1853932584269663,-0.0064349999999999,0.259,0.186,2.7,0.6,0.2,0.4073071718538565,0.2685939023546227,0.0478097146191228,-0.0,,
200757,Thabo Sefolosha,2015-16,32.0,23.4,0.121,0.579,0.1075043181009015,0.1836734693877551,0.0045248476816131,0.0,54.38808387120997,4.55,1.2,0.6,0.2066666666666666,0.7933333333333333,0.7183673469387755,0.5,0.0154056122448979,-0.0289999999999999,-0.2009999999999999,0.092,-0.2396694214876032,0.0058289999999999,0.239,0.121,0.6,0.1,0.0,0.4316546762589928,0.2999428571428571,0.0362930857142857,-0.0,,
201152,Thaddeus Young,2015-16,28.0,33.0,0.217,0.533,0.0887398317699968,0.3245508982035928,0.008970325490902,1.0,55.18888330822854,4.55,2.1,4.5,0.45,0.55,0.6,0.281322377213386,0.0260922155688623,-0.0179999999999999,0.0449999999999999,0.199,-0.0829493087557603,-0.0008099999999999,0.438,0.136,1.3,0.1,0.0,0.7279335410176532,0.3740331437125748,0.0811651921856287,-0.0,BKN,0.5500000000000002
1495,Tim Duncan,2015-16,40.0,25.2,0.171,0.523,0.0541102498937367,0.1276595744680851,0.0038262531945432,0.0,53.74126183787369,3.96,1.2,3.4,0.3399999999999999,0.66,0.3677437641723356,0.9530909516195404,0.0108665377176015,-0.045,0.031,0.126,-0.2631578947368421,-0.001395,0.316,0.134,0.6,0.0,0.0,0.718052738336714,0.331393404255319,0.0566682721276595,-0.0,,
204025,Tim Frazier,2015-16,25.0,14.5,0.192,0.499,0.0406239157367683,1.0,0.0034176975395661,1.0,,4.73,3.1,0.1,0.7533333333333334,0.2466666666666666,0.3181818181818182,1.0,0.0,-0.065,0.376,0.127,-0.3385416666666667,-0.02444,0.667,0.222,2.1,0.6,0.2,0.5895196506550219,0.3473760798122066,0.0666962073239436,-0.0,,
202699,Tobias Harris,2015-16,23.0,33.1,0.192,0.56,0.0908744690194789,0.2894736842105263,0.0076452858751907,0.5648209004272101,54.56675222994089,4.72,2.0,2.0,0.2355555555555555,0.7644444444444445,0.7282051282051282,0.5,0.0322421052631579,-0.064,-0.061,0.128,-0.3333333333333333,0.003904,0.367,0.108,1.6,0.2,0.0,0.5802603036876356,0.2277486549707602,0.0437277417543859,-0.0,,
201962,Toney Douglas,2015-16,30.0,20.7,0.189,0.543,0.1145705878930464,0.6494464944649446,0.0094138190865903,1.0,54.61683885135801,5.2,3.1,0.3,0.4177777777777777,0.5822222222222222,0.4697552716638448,0.287744088641275,0.1646752767527675,0.005,-0.013,0.194,0.0264550264550264,-6.500000000000012e-05,0.481,0.128,3.5,1.8,0.6,0.3550561797752809,0.3596368593685937,0.0679713664206642,-0.0,,
2754,Tony Allen,2015-16,34.0,25.3,0.167,0.505,0.0609547760097654,0.3015564202334631,0.0041598957442484,0.0,54.04411608759374,4.22,1.2,0.8999999999999999,0.1511111111111111,0.8488888888888889,0.7616438356164383,1.0,0.0024416342412451,-0.09,-0.032,0.077,-0.5389221556886228,0.00288,0.395,0.097,0.5,0.0,0.0,0.6752988047808764,0.1632091915261565,0.0272559349848681,-0.0,,
2225,Tony Parker,2015-16,34.0,27.5,0.211,0.546,0.1330232032328387,0.8006952491309385,0.0128929139616208,0.9821214589449736,53.53612194487629,5.08,6.2,0.3,0.6888888888888889,0.3111111111111111,0.6303457106274006,0.172239633132224,0.0872433371958285,0.043,0.0239999999999999,0.254,0.2037914691943128,0.0010319999999999,0.68,0.278,3.9,0.1,0.1,0.4962871287128713,0.3983064521306334,0.0840426613995636,-0.0,,
203503,Tony Snell,2015-16,24.0,20.3,0.134,0.478,0.0298857345980894,0.3046683046683046,0.0014659566668419,1.0,54.890413436791455,4.57,0.9,0.2,0.1555555555555555,0.8444444444444444,0.355095452774531,1.0,0.0348402948402948,-0.039,-0.2179999999999999,0.095,-0.291044776119403,0.008502,0.325,0.13,1.0,0.2,0.1,0.4188790560471976,0.265292274092274,0.0355491647283647,-0.0,CHI,0.5613042969598716
2772,Trevor Ariza,2015-16,31.0,35.3,0.156,0.551,0.1187101118596353,0.164257555847569,0.0073143310320524,0.6589351607801793,54.36124114387967,4.21,1.7,0.6,0.2222222222222222,0.7777777777777778,0.4988248731521953,0.3980537747509803,0.021143232588699,-0.0169999999999999,-0.026,0.139,-0.1089743589743588,0.000442,0.238,0.051,1.9,0.9,0.2,0.3318681318681318,0.1792474813841437,0.0279626070959264,-0.0,HOU,0.5860568449682683
202344,Trevor Booker,2015-16,28.0,20.7,0.141,0.533,0.0151085419263365,0.1195652173913043,0.0007999285974046,1.0,53.28443690505302,4.59,1.1,1.3,0.1844444444444444,0.8155555555555556,0.3591836734693877,0.2706307078631709,0.0630108695652173,-0.0029999999999999,0.0569999999999999,0.138,-0.0212765957446806,-0.0001709999999999,0.379,0.039,0.2,0.0,0.0,0.6907216494845361,0.2747846739130435,0.0387446390217391,-0.0,,
203504,Trey Burke,2015-16,23.0,21.3,0.242,0.507,0.1071732870593954,0.575796178343949,0.0127587932488129,1.0,53.803224530770926,4.67,3.9,0.1,0.4466666666666666,0.5533333333333333,0.3484274925915304,0.5,0.0952713375796178,-0.0419999999999999,-0.086,0.2,-0.1735537190082643,0.0036119999999999,0.599,0.244,3.9,1.0,0.2,0.4558359621451104,0.3672570658174098,0.0888762099278131,-0.0,,
1626168,Trey Lyles,2015-16,20.0,17.3,0.178,0.517,0.0193254648374166,0.12,0.0014513092133715,1.0,,4.46,1.0,0.7,0.1599999999999999,0.8400000000000001,0.1364678899082568,1.0,0.06384,-0.0449999999999999,-0.154,0.133,-0.2528089887640449,0.0069299999999999,0.319,0.189,1.0,0.1,0.0,0.4678899082568807,0.2715328,0.0483328384,-0.0,,
202684,Tristan Thompson,2015-16,25.0,27.7,0.114,0.611,0.1395882882032698,0.0422885572139303,0.0053728690819414,1.0,54.623097133937215,4.47,0.9,1.3,0.13,0.87,0.5,0.2036537330324797,0.0263457711442786,-0.027,0.151,0.087,-0.2368421052631579,-0.004077,0.3,0.016,0.1,0.0,0.0,0.8401559454191033,0.2748823383084577,0.0313365865671641,-0.0,CLE,0.5535241539526149
203898,Tyler Ennis,2015-16,21.0,14.2,0.168,0.51,0.1043040423681161,1.0,0.0071823251595422,1.0,,4.85,2.6,0.0,0.5,0.5,0.4,0.4943190218577275,0.0,-0.013,-0.14,0.155,-0.0773809523809524,0.00182,0.56,0.136,1.3,0.1,0.0,0.6096256684491979,0.3449449541284404,0.0579507522935779,-0.0,,
201936,Tyreke Evans,2015-16,26.0,30.6,0.254,0.534,0.0889475274292731,0.7295081967213115,0.0113863480518977,1.0,,4.57,6.4,0.6000000000000001,0.8133333333333332,0.1866666666666667,0.4,0.1596526695508574,0.0567786885245901,-0.001,0.0579999999999999,0.253,-0.0039370078740157,-5.7999999999999994e-05,0.713,0.084,3.2,1.7,0.7,0.6019108280254777,0.4290539890710383,0.1089797132240437,-0.0,,
2199,Tyson Chandler,2015-16,33.0,24.5,0.126,0.606,0.1275522441326092,0.0140845070422535,0.0057048459511824,1.0,54.91844527827879,4.06,1.0,1.1,0.1422222222222222,0.8577777777777778,0.5,0.0745322454125256,0.008394366197183,0.007,-0.018,0.133,0.0555555555555556,-0.000126,0.333,0.017,0.0,0.0,0.0,0.7356687898089171,0.3355881064162754,0.0422841014084507,-0.0,,
203506,Victor Oladipo,2015-16,24.0,33.0,0.224,0.534,0.1023037559998871,0.5513307984790875,0.010845850312301,1.0,55.153615731033874,4.87,3.6,0.5,0.4044444444444444,0.5955555555555556,0.6135624284077892,0.3862673167218701,0.0575494296577946,0.004,-0.078,0.228,0.0178571428571428,-0.000312,0.515,0.205,4.8,0.8,0.2,0.4663157894736842,0.3549386227291931,0.0795062514913392,-0.0,ORL,
1713,Vince Carter,2015-16,39.0,16.8,0.177,0.52,0.0483600443510964,0.2625820568927789,0.0036011945981479,0.8288354727938974,,4.32,0.9,0.8,0.1977777777777777,0.8022222222222222,0.2332361516034985,0.7416954102706128,0.0429080962800875,-0.0279999999999999,0.2149999999999999,0.149,-0.1581920903954802,-0.0060199999999999,0.331,0.116,1.2,0.4,0.1,0.4388297872340425,0.3589218429370289,0.0635291661998541,-0.0,,
201961,Wayne Ellington,2015-16,28.0,21.2,0.172,0.498,0.0770210221083628,0.2494845360824742,0.0054941681632565,1.0,55.19840937557452,4.66,1.0,0.5,0.1822222222222222,0.8177777777777777,0.266984631690514,1.0,0.032859793814433,-0.0829999999999999,-0.187,0.089,-0.4825581395348837,0.0155209999999999,0.298,0.232,2.8,0.8,0.2,0.3725490196078431,0.3027317663230241,0.0520698638075601,-0.0,,
202083,Wesley Matthews,2015-16,29.0,33.9,0.171,0.532,0.0995096942020826,0.2645241038318912,0.0070365464228398,1.03035880629847,54.03018530555736,4.53,1.7,1.3,0.1955555555555555,0.8044444444444445,0.3250993704746147,0.3855033557265805,0.0419641532756489,-0.012,0.0419999999999999,0.159,-0.0701754385964912,-0.0005039999999999,0.317,0.127,3.3,1.6,0.4,0.3238512035010941,0.264800038456256,0.0452808065760197,-0.0,,
203115,Will Barton,2015-16,25.0,28.7,0.226,0.535,0.1014399067903064,0.5635359116022098,0.0108986197443519,1.0,54.15239599300853,4.63,2.5,0.6,0.3266666666666666,0.6733333333333333,0.6646897253306204,0.1936658862398337,0.0617060773480662,0.0189999999999999,-0.016,0.245,0.0840707964601769,-0.000304,0.508,0.1,3.4,1.2,0.4,0.5523906408952187,0.333851635359116,0.0754504695911602,-0.0,,
1626161,Willie Cauley-Stein,2015-16,22.0,21.4,0.131,0.588,0.1285298061746041,0.0240384615384615,0.0060941171148198,1.0,53.32200440635119,4.88,0.5,1.0,0.1,0.9,0.4235294117647058,0.5,0.0144711538461538,-0.062,0.185,0.069,-0.4732824427480915,-0.01147,0.241,0.052,0.2,0.0,0.0,0.712166172106825,0.3231408653846154,0.0423314533653846,-0.0,,
203897,Zach LaVine,2015-16,21.0,28.0,0.228,0.548,0.1431349264322582,0.5679676985195155,0.0155828858609229,1.0,54.37032125660989,4.62,3.7,0.4,0.4155555555555555,0.5844444444444444,0.5640223523435202,0.4382370503023575,0.1134804845222073,-0.009,-0.1,0.219,-0.0394736842105263,0.0009,0.492,0.17,4.9,1.8,0.6,0.5167014613778705,0.3853988126215044,0.087870929277703,-0.0,,
2216,Zach Randolph,2015-16,34.0,29.7,0.247,0.519,0.0442040177444266,0.3012895662368112,0.005426342154704,1.5354761463631348,53.34973308095435,3.93,1.8,6.6,0.6599999999999999,0.3400000000000001,0.661378915867397,0.5572409264767044,0.0171641266119578,-0.0169999999999999,0.029,0.23,-0.068825910931174,-0.000493,0.517,0.263,1.5,0.1,0.0,0.630546955624355,0.3812319630063826,0.0941642948625765,-0.0,,
203932,Aaron Gordon,2016-17,21.0,28.7,0.197,0.53,0.1041418386785934,0.340506329113924,0.0091059357221973,1.0,50.02090689478297,4.85,1.6,1.8,0.2155555555555555,0.7844444444444445,0.6745664739884393,0.5,0.0559734177215189,-0.071,0.0359999999999999,0.126,-0.3604060913705584,-0.0025559999999999,0.43,0.135,3.0,0.8,0.2,0.4820809248554913,0.3245694894514768,0.0639401894219409,-0.0,,
201143,Al Horford,2016-17,31.0,32.3,0.196,0.553,0.0859421640841921,0.1889250814332247,0.007457450723491,1.256869328809936,49.73669622600445,4.2,2.1,4.7,0.5311111111111111,0.4688888888888889,0.441841765589623,0.5,0.0135396308360477,-0.049,0.006,0.147,-0.25,-0.000294,0.322,0.193,1.2,0.0,0.0,0.4339051463168517,0.506484965735747,0.0992710532842064,-0.0,BOS,0.5489960865311448
202329,Al-Farouq Aminu,2016-17,26.0,29.1,0.155,0.506,0.0327561086630952,0.2438625204582651,0.0019988943958977,0.946221179701356,49.53008184120283,4.53,1.3,0.4,0.1822222222222222,0.8177777777777777,0.6971538287779535,1.0,0.03830441898527,-0.0399999999999999,-0.0499999999999999,0.115,-0.2580645161290322,0.0019999999999999,0.333,0.045,0.6,0.1,0.0,0.4592445328031809,0.3564051718494271,0.0552428016366612,-0.0,POR,0.5855384964572601
1626210,Alan Williams,2016-17,24.0,15.1,0.203,0.547,0.0749497612398894,0.0359712230215827,0.0068551081455171,1.0,,4.55,0.5,2.0,0.2,0.8,0.2,0.5600000000000003,0.0197841726618705,-0.024,-0.02,0.179,-0.1182266009852217,0.00048,0.275,0.04,0.1,0.0,0.0,0.8129770992366412,0.3181294964028777,0.0645802877697841,-0.0,,
202692,Alec Burks,2016-17,25.0,15.5,0.212,0.501,0.0460084278165791,0.5991471215351813,0.0044909806552418,1.0,,4.33,1.3,0.5,0.1644444444444444,0.8355555555555556,0.3094339622641509,0.3300087226752558,0.0896631130063966,0.038,0.0619999999999999,0.25,0.1792452830188679,0.0023559999999999,0.556,0.177,1.9,0.5,0.1,0.5846774193548387,0.2645250319829424,0.0560793067803837,-0.0,,
203458,Alex Len,2016-17,24.0,20.3,0.174,0.553,0.0361182176084059,0.0455531453362255,0.0026215019353485,1.0,49.41199325818375,4.54,0.7,2.5,0.25,0.75,0.47,1.0,0.0234143167028199,-0.126,0.0149999999999999,0.0479999999999999,-0.7241379310344828,-0.0018899999999999,0.365,0.091,0.2,0.0,0.0,0.6914660831509847,0.3066160520607375,0.0533511930585683,-0.0,,
203083,Andre Drummond,2016-17,23.0,29.7,0.222,0.518,0.1428635764995756,0.1262376237623762,0.0149434536163799,1.0,49.42811683320185,4.15,1.2,4.1,0.41,0.5900000000000001,0.4357142857142857,0.5,0.0193935643564356,-0.067,0.0669999999999999,0.155,-0.3018018018018018,-0.0044889999999999,0.398,0.072,0.8,0.0,0.0,0.8572996706915478,0.4163775371287129,0.0924358132425742,-0.0,,
2738,Andre Iguodala,2016-17,33.0,26.3,0.111,0.624,0.1504404798337256,0.1894977168949772,0.0055635139088355,0.6678376713023266,48.734265336993374,4.63,1.9,0.6,0.3755555555555556,0.6244444444444444,0.6643592552026285,0.5,0.0140890410958904,-0.082,-0.124,0.0289999999999999,-0.7387387387387387,0.010168,0.233,0.111,0.8,0.3,0.1,0.4166666666666667,0.3479403450900121,0.0386213783049913,-0.0,GSW,0.6066876438468133
203460,Andre Roberson,2016-17,25.0,30.1,0.099,0.51,0.0590449858474141,0.037037037037037,0.0018392290368264,1.0,49.58915914228604,4.73,0.8,0.5,0.0999999999999999,0.9,0.3423728813559322,0.9778052355270118,0.0197777777777777,-0.036,0.0999999999999999,0.063,-0.3636363636363636,-0.0035999999999999,0.191,0.008,0.1,0.1,0.0,0.4931237721021611,0.334725925925926,0.0331378666666666,-0.0,,
101106,Andrew Bogut,2016-17,32.0,21.6,0.104,0.46,0.0224844587011995,0.0663716814159292,0.0007541060857409,1.0,,3.92,1.0,1.0,0.2955555555555555,0.7044444444444444,0.0,1.0,0.0337831858407079,-0.0289999999999999,-0.46,0.075,-0.2788461538461538,0.01334,0.474,0.051,0.2,0.0,0.0,0.7777777777777778,0.3078348918387414,0.0320148287512291,-0.0,,
203952,Andrew Wiggins,2016-17,22.0,37.2,0.286,0.534,0.101349310633845,0.5805047867711053,0.0155013616552835,1.0,49.57817371870361,4.23,2.9,3.4000000000000004,0.34,0.6599999999999999,0.7344049087938105,0.2537099209816127,0.1217684943429068,0.057,-0.052,0.343,0.1993006993006995,-0.002964,0.536,0.231,8.1,1.3,0.4,0.654140127388535,0.3425251087902524,0.0979621811140121,-0.0,,
203076,Anthony Davis,2016-17,24.0,36.1,0.321,0.58,0.1093639856551394,0.1753191489361702,0.0198898669439288,1.0,48.9766626009044,4.33,2.3,8.7,0.8699999999999999,0.1300000000000001,0.8248881457043431,0.2677905672664609,0.011983829787234,0.0329999999999999,-0.0669999999999999,0.354,0.1028037383177569,-0.0022109999999999,0.338,0.233,4.5,0.1,0.0,0.6245085190039319,0.5170701191489361,0.1659795082468085,-0.0001688720774553,NOP,0.5319999999999999
201229,Anthony Tolliver,2016-17,32.0,22.7,0.133,0.595,0.1075504179259313,0.0126582278481012,0.0052166243446646,1.0,49.86661445783939,4.62,0.9,0.4,0.1711111111111111,0.8288888888888889,0.2284900284900284,0.5,0.0072405063291139,-0.079,0.04,0.0539999999999999,-0.5939849624060152,-0.00316,0.148,0.043,0.2,0.0,0.0,0.2934472934472934,0.33069805907173,0.04398284185654,-0.0,,
203382,Aron Baynes,2016-17,30.0,15.5,0.139,0.57,0.0341832628448742,0.0181268882175226,0.0017714778026712,1.0,,4.13,0.4,1.2,0.12,0.88,0.2,1.0,0.0090634441087613,-0.03,-0.1699999999999999,0.109,-0.2158273381294964,0.0051,0.266,0.137,0.1,0.0,0.0,0.7168458781362007,0.2749244712990936,0.038214501510574,-0.0,,
201167,Arron Afflalo,2016-17,31.0,25.9,0.143,0.559,0.102989717125719,0.3537284894837476,0.0055692654907168,1.0,50.14951737260785,4.29,1.3,1.4,0.1711111111111111,0.8288888888888889,0.384679089026915,0.4949100095570732,0.063227533460803,-0.0389999999999999,-0.031,0.104,-0.2727272727272727,0.001209,0.341,0.233,2.2,0.2,0.1,0.5011933174224343,0.3113823220735076,0.0445276720565115,-0.0,,
202340,Avery Bradley,2016-17,26.0,33.4,0.215,0.548,0.1002055999083098,0.3361344537815126,0.0099896364251159,0.8731077101127882,50.38429469638263,4.47,2.0,0.8,0.2377777777777777,0.7622222222222222,0.4298421413864103,0.5,0.0435452847805788,-0.0479999999999999,0.0659999999999999,0.167,-0.2232558139534883,-0.0031679999999999,0.326,0.204,4.1,1.4,0.6,0.4760994263862332,0.2993040586038337,0.0643503725998242,-0.0,,
203463,Ben McLemore,2016-17,24.0,19.3,0.197,0.538,0.0825319116712741,0.2,0.0072164107360164,1.0,,4.75,0.9,0.4,0.1511111111111111,0.8488888888888889,0.233890214797136,0.5,0.0358729166666666,-0.083,0.0249999999999999,0.114,-0.4213197969543147,-0.0020749999999999,0.228,0.174,1.7,0.5,0.2,0.4138755980861244,0.3016642546296297,0.059427858162037,-0.0,,
202687,Bismack Biyombo,2016-17,24.0,22.1,0.134,0.546,0.092876747036654,0.0144508670520231,0.0045557952094536,1.0,49.79594804840685,4.34,1.0,1.9,0.19,0.81,0.5,0.3813497845930971,0.0080635838150289,-0.043,-0.147,0.091,-0.3208955223880597,0.006321,0.184,0.041,0.1,0.0,0.0,0.8023598820058997,0.3272121676300578,0.0438464304624277,-0.0,,
201933,Blake Griffin,2016-17,28.0,34.0,0.276,0.569,0.0888934524672563,0.3476733977172958,0.0128894206387388,0.6869672393706682,49.77456662436114,4.0,3.3,5.7,0.5700000000000001,0.4299999999999999,0.920754716981132,0.5,0.0338191395961369,-0.01,-0.1669999999999999,0.266,-0.036231884057971,0.00167,0.463,0.21,2.7,0.2,0.0,0.5239960822722821,0.4375651784999513,0.1207679892659865,-0.0,,
1626171,Bobby Portis,2016-17,22.0,15.6,0.19,0.545,0.069679281551614,0.0864197530864197,0.005770773988098,1.0,,4.74,0.8,1.0,0.1311111111111111,0.8688888888888889,0.1516290726817042,1.0,0.0492592592592592,-0.077,-0.145,0.113,-0.4052631578947368,0.011165,0.295,0.238,1.1,0.0,0.0,0.4485294117647059,0.3368756104252401,0.0640063659807956,-0.0,,
202711,Bojan Bogdanovic,2016-17,28.0,25.7,0.219,0.585,0.1096695920931527,0.3358974358974359,0.0112396399789998,0.94592320693481,49.73189715133815,4.72,1.5,1.0,0.1911111111111111,0.8088888888888889,0.6680473372781064,0.4576025138747421,0.0540615384615384,-0.037,0.04,0.182,-0.1689497716894977,-0.00148,0.332,0.072,2.0,1.0,0.3,0.4783549783549783,0.3022447857885035,0.0661916080876822,-0.0,WAS,0.5775718029965184
2564,Boris Diaw,2016-17,35.0,17.6,0.154,0.494,0.0405681039545151,0.3549488054607509,0.00245169133234,0.7488822947576657,,4.38,1.2,1.0,0.4599999999999999,0.54,0.4,0.8968834146619722,0.0,-0.033,0.1939999999999999,0.121,-0.2142857142857143,-0.0064019999999999,0.548,0.118,0.9,0.1,0.0,0.4986666666666666,0.4083988737201365,0.062893426552901,-0.0,,
203078,Bradley Beal,2016-17,24.0,34.9,0.258,0.604,0.1476059355191745,0.4487881157154027,0.0193434252971202,1.057939290941088,49.719003668862925,4.54,2.7,1.2,0.3422222222222222,0.6577777777777778,0.5664321148365761,0.2507840893588706,0.0555340109460516,0.0269999999999999,-0.016,0.285,0.1046511627906975,-0.0004319999999999,0.402,0.152,5.6,2.1,0.8,0.4158227848101266,0.3391840426680145,0.0875094830083477,-0.0,WAS,0.5611733503874803
1627742,Brandon Ingram,2016-17,19.0,28.9,0.166,0.474,0.0294448758944519,0.5007751937984496,0.0019914612497377,1.0,49.97414071700406,4.73,2.6,1.2,0.2888888888888889,0.711111111111111,0.6814516939780838,1.0,0.0680279069767442,-0.066,0.1049999999999999,0.1,-0.3975903614457831,-0.0069299999999999,0.514,0.184,2.6,0.2,0.0,0.5722627737226277,0.2874042377260981,0.0477091034625322,-0.0,,
201943,Brandon Jennings,2016-17,27.0,22.2,0.172,0.479,0.0331979247411847,1.0,0.0023681194589003,1.079225396440722,49.43298528305765,4.81,4.3,0.1,0.6844444444444444,0.3155555555555556,0.5847068819031436,1.0,0.0,-0.0629999999999999,0.058,0.109,-0.3662790697674418,-0.003654,0.688,0.128,3.4,1.9,0.6,0.4,0.3709574323546344,0.0638046783649971,-0.0,,
202688,Brandon Knight,2016-17,25.0,21.1,0.248,0.502,0.0735454954924356,0.7463479415670651,0.0090830896248703,1.0,49.318510410550424,4.75,3.1,0.1,0.4311111111111111,0.5688888888888889,0.6349533627884143,1.0,0.0,-0.0809999999999999,-0.09,0.167,-0.3266129032258064,0.00729,0.756,0.192,4.5,1.1,0.4,0.4961240310077519,0.3360288800354139,0.0833351622487826,-0.0,,
201575,Brandon Rush,2016-17,31.0,21.9,0.097,0.505,0.0816151087771915,0.0442176870748299,0.0024656314738612,1.0,,4.42,0.6,0.1,0.1288888888888889,0.8711111111111112,0.0909090909090909,1.0,0.0248061224489795,-0.026,-0.376,0.071,-0.2680412371134021,0.009776,0.086,0.102,0.6,0.1,0.0,0.2620320855614973,0.3026516553287982,0.0293572105668934,-0.0,,
201572,Brook Lopez,2016-17,29.0,29.6,0.286,0.578,0.1124180121939138,0.2166377816291161,0.0171943178763367,1.0,49.73280382835171,4.35,1.7,7.2,0.72,0.28,0.6491073772643738,0.5,0.0183734835355285,-0.0679999999999999,-0.0759999999999999,0.218,-0.2377622377622377,0.0051679999999999,0.38,0.071,1.8,0.3,0.1,0.5614334470989761,0.4752588041594453,0.1359240179896013,-0.0,,
1627741,Buddy Hield,2016-17,24.0,23.0,0.209,0.541,0.1240990337807967,0.4345794392523364,0.0118573551861047,1.0,48.8950928483368,5.12,1.5,0.2,0.2244444444444444,0.7755555555555556,0.3456628477905072,0.5,0.0658566978193146,-0.0429999999999999,-0.055,0.166,-0.2057416267942583,0.002365,0.404,0.113,3.6,1.6,0.5,0.3350717079530639,0.3343610661128418,0.0698814628175839,-0.0,,
201228,C.J. Watson,2016-17,33.0,16.3,0.139,0.507,0.0286917639935186,0.4233333333333333,0.0014868920870618,1.0,,4.74,1.5,0.2,0.3866666666666666,0.6133333333333334,0.2016129032258064,0.3742405781188261,0.0,0.0359999999999999,0.146,0.175,0.2589928057553955,0.0052559999999999,0.458,0.228,1.7,0.6,0.2,0.3790322580645161,0.3131601777777777,0.0435292647111111,-0.0,,
203468,CJ McCollum,2016-17,25.0,34.9,0.268,0.585,0.1299788262814077,0.6765119549929677,0.0180332831563816,0.8387180877808472,49.21579237860561,5.02,4.7,0.7,0.5222222222222223,0.4777777777777777,0.4541614619477213,0.344161205390021,0.08614064697609,-0.021,0.085,0.247,-0.0783582089552239,-0.001785,0.611,0.25,8.1,1.9,0.8,0.5796052631578947,0.4088671047559514,0.109576384074595,-0.0,POR,0.5626054421327662
1627747,Caris LeVert,2016-17,22.0,21.7,0.161,0.556,0.1095062516127634,0.4382716049382716,0.0070742064096055,1.0,50.049711086307525,4.75,1.5,0.4,0.2933333333333333,0.7066666666666667,0.5944619010212098,0.4851591006243423,0.0,-0.0229999999999999,-0.095,0.138,-0.1428571428571428,0.002185,0.515,0.081,2.0,1.1,0.3,0.3770053475935829,0.3435370096021948,0.0553094585459533,-0.0,,
2546,Carmelo Anthony,2016-17,33.0,34.3,0.286,0.535,0.0899569452226261,0.4134920634920635,0.0137589010973971,1.0,49.45692737294454,4.09,3.1,6.2,0.62,0.38,0.4509948991314736,0.2115903173672579,0.0592412698412698,0.052,-0.017,0.338,0.181818181818182,-0.000884,0.575,0.364,9.0,2.0,0.5,0.5946724262059035,0.4161445714285714,0.1190173474285714,-0.0,NYK,
101112,Channing Frye,2016-17,34.0,18.9,0.193,0.612,0.1347198708551406,0.0396039603960396,0.0114226697659468,1.0,,4.22,0.8,0.9,0.1111111111111111,0.8888888888888888,0.0663461538461538,0.5,0.0243168316831683,-0.096,-0.1119999999999999,0.097,-0.4974093264248704,0.010752,0.071,0.127,0.6,0.1,0.1,0.2517241379310345,0.3926952695269528,0.0757901870187018,-0.0,,
101108,Chris Paul,2016-17,32.0,31.5,0.239,0.614,0.1695709509485537,0.831012070566388,0.0198129118405727,1.003280070929112,49.02156607103072,4.3,7.6,1.3,0.9866666666666668,0.0133333333333333,0.4853503184713374,0.3759247556508947,0.1264252553389043,0.061,-0.128,0.3,0.2552301255230125,-0.007808,0.786,0.297,9.3,3.5,1.3,0.3815217391304348,0.4413086842404609,0.1054727755334701,-0.0,LAC,0.599
203991,Clint Capela,2016-17,23.0,23.9,0.199,0.638,0.2035655457797717,0.0239099859353023,0.0180710708475569,1.0,49.84444613926607,4.62,1.0,2.6,0.26,0.74,0.3862068965517241,0.5,0.0161631504922644,-0.117,0.362,0.082,-0.5879396984924623,-0.042354,0.174,0.005,0.0,0.0,0.0,0.8538102643856921,0.3763412658227848,0.0748919118987341,-0.0,HOU,0.5930133699769738
203469,Cody Zeller,2016-17,24.0,27.8,0.153,0.604,0.1333803557384187,0.0528375733855186,0.0079823178598987,1.0,49.15338830376179,4.7,0.8,3.1999999999999997,0.3199999999999999,0.68,0.4704225352112676,0.3181092729762428,0.0327592954990215,-0.0379999999999999,-0.0549999999999999,0.115,-0.2483660130718953,0.0020899999999999,0.202,0.053,0.3,0.0,0.0,0.7494356659142212,0.3875788649706457,0.0592995663405088,-0.0,,
202709,Cory Joseph,2016-17,25.0,25.0,0.179,0.518,0.0871486296222027,0.7115384615384616,0.00659994184594,0.8669034556174257,49.59352883364582,4.89,4.4,0.3,0.4888888888888889,0.5111111111111111,0.5073364562637842,0.5,0.0738901098901099,-0.0949999999999999,-0.02,0.084,-0.5307262569832402,0.0019,0.699,0.219,2.8,0.2,0.0,0.5208333333333334,0.3544178145497914,0.0634407888044126,-0.0,,
201584,Courtney Lee,2016-17,31.0,31.9,0.144,0.559,0.1334799393123955,0.32398753894081,0.0072938988893068,1.0,49.96727144421449,4.42,1.8,0.4,0.2311111111111111,0.768888888888889,0.3532467532467531,0.5,0.0352585669781931,-0.0349999999999999,0.119,0.109,-0.2430555555555555,-0.0041649999999999,0.355,0.249,3.2,0.5,0.2,0.4289772727272727,0.3476297265489788,0.0500586806230529,-0.0,,
1626156,D'Angelo Russell,2016-17,21.0,28.7,0.264,0.518,0.0622646135243988,0.6142728093947606,0.0084459243490153,1.0,48.48062380865384,4.83,5.1,0.9,0.5977777777777779,0.4022222222222221,0.4338799458402285,0.7324009803865272,0.0736675700090334,0.0449999999999999,-0.06,0.309,0.1704545454545454,-0.0026999999999999,0.595,0.165,6.4,2.9,1.0,0.4901960784313725,0.3749444635150056,0.0989853383679614,-0.0,,
201571,D.J. Augustin,2016-17,29.0,19.7,0.194,0.524,0.0746221840347059,0.596958174904943,0.0063763265536485,1.0,,4.43,3.7,0.1,0.5266666666666666,0.4733333333333334,0.1837524177949709,1.0,0.0868669201520912,-0.087,-0.017,0.107,-0.4484536082474227,0.001479,0.538,0.123,2.9,1.6,0.5,0.413926499032882,0.3687915842839037,0.0715455673510773,-0.0,,
203081,Damian Lillard,2016-17,26.0,35.9,0.304,0.586,0.12789675442862,0.7259675405742823,0.021437290795063,0.8255764293352865,49.20464539356703,4.66,8.1,0.7999999999999999,0.8999999999999999,0.1,0.7347629521016618,0.2105684302218368,0.0793445692883895,0.064,-0.0359999999999999,0.368,0.2105263157894737,-0.0023039999999999,0.681,0.124,8.9,4.7,1.7,0.534559289790742,0.4413040214882911,0.1341564225324405,-7.339135656187356e-06,POR,0.5592976622402389
201568,Danilo Gallinari,2016-17,28.0,33.9,0.198,0.622,0.0974062348593001,0.2566782810685249,0.008581921582575,1.0,48.88014188482651,4.42,2.2,2.4,0.2444444444444444,0.7555555555555555,0.8333333333333333,0.4886027565812275,0.0447224157955865,-0.015,-0.144,0.183,-0.0757575757575758,0.00216,0.328,0.138,3.2,0.8,0.2,0.4073071718538565,0.3324393857271906,0.0658229983739837,-0.0,,
201980,Danny Green,2016-17,30.0,26.6,0.135,0.537,0.1061251315102757,0.116370808678501,0.0052640365269902,1.1486372100897242,48.215067280819056,4.76,1.3,0.2,0.2155555555555555,0.7844444444444445,0.1067017614901801,0.4414357134054735,0.02030966469428,0.033,-0.047,0.168,0.2444444444444444,-0.001551,0.188,0.06,1.4,0.7,0.3,0.3236889692585895,0.3327457462195924,0.0449206757396449,-0.0,SAS,0.5473638352894371
201967,Dante Cunningham,2016-17,30.0,25.0,0.107,0.586,0.1465345600695122,0.0246913580246913,0.0051287996157299,1.0,49.826557813509446,4.9,0.6,0.4,0.0688888888888888,0.9311111111111112,0.1948622717424945,0.5,0.0152592592592592,-0.07,-0.176,0.0369999999999999,-0.6542056074766356,0.01232,0.132,0.101,0.2,0.1,0.0,0.3454038997214484,0.3221314403292181,0.0344680641152263,-0.0,,
203967,Dario Šarić,2016-17,23.0,26.3,0.24,0.508,0.0395175436740516,0.2351515151515151,0.0046462952586996,1.0,49.80285099924481,4.84,1.9,2.0,0.3222222222222222,0.6777777777777778,0.60136262987566,0.8159081575011258,0.0188169696969696,-0.0259999999999999,0.1019999999999999,0.214,-0.1083333333333333,-0.0026519999999999,0.373,0.1,1.8,0.4,0.1,0.4347357065803667,0.3161321144781144,0.0758717074747474,-0.0,,
201954,Darren Collison,2016-17,29.0,30.3,0.195,0.57,0.1361914566392099,0.634020618556701,0.011727401176475,1.0,49.768626231347,4.38,5.9,0.5,0.6555555555555556,0.3444444444444444,0.5812324929971987,0.3995379126069396,0.1293865979381443,-0.0259999999999999,0.007,0.169,-0.1333333333333333,-0.000182,0.556,0.258,4.6,0.9,0.3,0.4397759103641456,0.4483355383734249,0.0874254299828178,-0.0,SAC,
101135,David Lee,2016-17,34.0,18.7,0.161,0.613,0.1335739577691884,0.0994623655913978,0.0086290027673364,1.0,,4.42,0.9,2.3,0.2799999999999999,0.72,0.2,0.5,0.0644516129032258,-0.066,-0.1049999999999999,0.095,-0.4099378881987577,0.0069299999999999,0.302,0.101,0.3,0.0,0.0,0.7987152034261242,0.3561806451612903,0.0573450838709677,-0.0,,
1628021,David Nwaba,2016-17,24.0,19.9,0.118,0.611,0.2486084058689873,0.2608695652173913,0.010077175444715,1.0,,4.69,0.8,0.8999999999999999,0.1066666666666666,0.8933333333333333,0.4,0.2677673230949594,0.0358695652173912,-0.03,0.142,0.088,-0.2542372881355932,-0.00426,0.383,0.017,0.2,0.0,0.0,0.691358024691358,0.3791055072463768,0.0447344498550724,-0.0,,
201599,DeAndre Jordan,2016-17,28.0,31.7,0.152,0.673,0.278228481736045,0.0113636363636363,0.0164879616174859,1.0,49.20202580076522,4.01,1.1,2.0,0.2,0.8,0.5,0.0084851184655114,0.0084545454545454,0.031,0.0149999999999999,0.183,0.2039473684210526,0.0004649999999999,0.277,0.0,0.0,0.0,0.0,0.8166144200626959,0.4282772727272727,0.0650981454545454,-0.0,,
201942,DeMar DeRozan,2016-17,27.0,35.4,0.337,0.552,0.1028166800321545,0.8047708725674828,0.0201144623057699,0.9933520835396276,49.49418450176213,4.42,5.2,1.6,0.5777777777777778,0.4222222222222221,0.6917545408092162,0.1215862160667289,0.0,0.0809999999999999,-0.008,0.418,0.2403560830860532,-0.000648,0.782,0.305,10.3,0.5,0.1,0.7449941107184923,0.3603326395299699,0.1214320995215998,-0.0007388046164834,TOR,0.5889251598856987
202326,DeMarcus Cousins,2016-17,26.0,34.2,0.359,0.562,0.0621391605274709,0.2747524752475248,0.0133661722844331,1.0,49.816063655901544,3.67,3.2,6.6,0.6599999999999999,0.3400000000000001,0.9608040201005026,0.2936854326807132,0.0124958745874587,0.092,-0.023,0.451,0.2562674094707521,-0.002116,0.501,0.095,2.8,0.6,0.2,0.5865921787709497,0.4129284240924092,0.1482413042491749,-0.0016954961557343,,
201960,DeMarre Carroll,2016-17,30.0,26.1,0.154,0.53,0.0650395658838704,0.1266666666666666,0.0039305987806436,0.0,49.714770438873884,4.26,0.9,0.3,0.1244444444444444,0.8755555555555555,0.228133971291866,1.0,0.0142533333333333,-0.06,-0.224,0.094,-0.3896103896103896,0.01344,0.232,0.066,1.0,0.3,0.1,0.3854166666666667,0.236174562962963,0.0363708826962963,-0.0,,
203471,Dennis Schröder,2016-17,23.0,31.5,0.272,0.533,0.0925466969307485,0.7617942768754834,0.013128474927125,1.0531003734553186,49.05090194657704,4.76,7.2,0.2,0.8,0.1999999999999999,0.6493506493506493,0.1733989422379408,0.0806805877803557,0.0169999999999999,0.009,0.289,0.0624999999999998,0.0001529999999999,0.706,0.192,4.9,1.6,0.5,0.5661375661375662,0.4264685610082989,0.1159994485942573,-0.0,,
101114,Deron Williams,2016-17,33.0,25.9,0.219,0.541,0.1074687567004256,0.6489493201483313,0.0110140843168042,0.9861950132108784,50.019917376318595,4.37,5.8,0.3,0.7777777777777777,0.2222222222222223,0.3770212765957446,0.3317171392493102,0.041353522867738,0.009,-0.042,0.228,0.0410958904109589,-0.000378,0.635,0.24,4.0,1.4,0.4,0.4221879815100154,0.2783396929470988,0.0609563927554146,-0.0,,
202324,Derrick Favors,2016-17,25.0,23.7,0.204,0.512,0.0330424889195034,0.0678466076696165,0.0030445142012119,1.0,48.0474544931972,4.33,1.1,3.0,0.3,0.7,0.3590361445783132,0.7362854325887787,0.0353480825958702,-0.0249999999999999,-0.088,0.179,-0.1225490196078431,0.0022,0.202,0.227,0.4,0.0,0.0,0.6096033402922756,0.3611162241887906,0.0736677097345132,-0.0,UTA,0.5993851657905781
201565,Derrick Rose,2016-17,28.0,32.5,0.254,0.53,0.0739422707766683,0.8117647058823529,0.0094654956145945,1.0,49.87869329001411,4.5,6.0,0.7,0.6666666666666666,0.3333333333333333,0.7137254901960783,0.5395737999689157,0.0,0.026,-0.061,0.28,0.1023622047244095,-0.001586,0.77,0.217,5.3,0.3,0.1,0.6475409836065574,0.3871251885369532,0.0983297978883861,-0.0,,
1626164,Devin Booker,2016-17,20.0,35.0,0.28,0.531,0.0541507325117256,0.5528141865844256,0.0080230848061283,1.0,49.59512760732255,4.51,3.3,2.4,0.3666666666666666,0.6333333333333333,0.6001985716381032,0.3257282595362515,0.0356592135697764,0.0149999999999999,-0.005,0.295,0.0535714285714284,-7.499999999999986e-05,0.563,0.229,7.2,1.7,0.6,0.5773938084953204,0.3186662040606528,0.0892265371369828,-0.0,,
2734,Devin Harris,2016-17,34.0,16.7,0.191,0.549,0.0763014402016246,0.4134615384615384,0.006369169200035,1.0,,4.43,1.6,0.1,0.4377777777777777,0.5622222222222222,0.3079178885630498,0.8574095330335858,0.0608942307692307,-0.033,0.2009999999999999,0.158,-0.1727748691099476,-0.0066329999999999,0.375,0.069,1.4,0.8,0.2,0.4437869822485207,0.3595204807692307,0.068668411826923,-0.0,,
203079,Dion Waiters,2016-17,25.0,30.1,0.26,0.507,0.1065670840709086,0.6451905626134301,0.0141280786707903,1.0,,4.39,4.4,0.4,0.52,0.48,0.3695324283559578,0.2331770879830489,0.1059419237749546,0.008,-0.0419999999999999,0.268,0.0307692307692307,-0.000336,0.623,0.17,4.6,1.4,0.4,0.5671191553544495,0.3884041379310344,0.1009850758620689,-0.0,,
1717,Dirk Nowitzki,2016-17,39.0,26.4,0.246,0.529,0.0494562981786211,0.0635897435897435,0.0060342634455437,1.0,49.444474514578374,3.72,1.1,3.1,0.31,0.69,0.1346607669616518,0.9518123915447708,0.0155794871794871,-0.03,-0.011,0.216,-0.1219512195121951,0.00033,0.169,0.416,2.5,0.2,0.0,0.4328808446455505,0.3290854358974359,0.0809550172307692,-0.0,,
1627827,Dorian Finney-Smith,2016-17,24.0,20.3,0.115,0.486,-0.0081906355240648,0.0869565217391304,-0.0003194216591503,1.0,49.307314430285565,4.47,0.7,0.1,0.1355555555555555,0.8644444444444445,0.2612173148758514,1.0,0.0421739130434782,-0.019,-0.1639999999999999,0.096,-0.1652173913043478,0.003116,0.21,0.046,0.4,0.1,0.0,0.3444108761329305,0.2514268115942029,0.0289140833333333,-0.0,,
203110,Draymond Green,2016-17,27.0,32.5,0.159,0.522,0.0574501097714341,0.1422222222222222,0.0036423908752223,0.6228517552130155,48.76903171248253,4.36,2.9,1.3,0.6044444444444445,0.3955555555555555,0.3953488372093023,0.3965238174583408,0.0301392592592592,0.0199999999999999,-0.009,0.179,0.1257861635220125,-0.00018,0.21,0.018,0.4,0.1,0.0,0.4858199753390875,0.4515923721280602,0.0718031871683615,-0.0,GSW,0.6228012516875667
2730,Dwight Howard,2016-17,31.0,29.7,0.19,0.627,0.1858954130513803,0.0553191489361702,0.0153956870716156,1.0,49.41234226268904,4.24,1.4,2.5,0.25,0.75,0.5,0.4180937098421741,0.0374510638297872,-0.0539999999999999,0.1089999999999999,0.136,-0.2842105263157894,-0.0058859999999999,0.343,0.028,0.0,0.0,0.0,0.8083462132921174,0.2857659574468085,0.0542955319148936,-0.0,,
203939,Dwight Powell,2016-17,25.0,17.3,0.162,0.588,0.0795640067557141,0.0364077669902912,0.0051878709867997,1.0,,4.52,0.7,1.5,0.15,0.85,0.2,1.0,0.0202063106796116,-0.106,0.252,0.0559999999999999,-0.654320987654321,-0.026712,0.144,0.105,0.2,0.1,0.0,0.5243243243243243,0.3075063713592233,0.0498160321601941,-0.0,,
2548,Dwyane Wade,2016-17,35.0,29.9,0.289,0.508,0.0558258879938656,0.7440585009140768,0.0086732607692411,0.9493288893105856,49.17403765714287,4.37,3.3,2.8,0.4911111111111111,0.508888888888889,0.6374394942210806,0.3769168762775391,0.0959232175502743,-0.006,-0.025,0.283,-0.0207612456747405,0.00015,0.638,0.272,8.0,1.4,0.5,0.6868395773294909,0.3296571769758565,0.0952709241460225,-0.0,,
202734,E'Twaun Moore,2016-17,28.0,24.9,0.171,0.537,0.0925402634635582,0.4202127659574468,0.0065437228509694,1.0,49.17338061280243,4.7,1.5,0.6000000000000001,0.3066666666666667,0.6933333333333334,0.3560391523329848,0.5,0.0282180851063829,-0.061,-0.267,0.11,-0.3567251461988304,0.016287,0.452,0.163,2.5,0.4,0.2,0.4555735056542811,0.3369775177304964,0.0576231555319148,-0.0,,
202334,Ed Davis,2016-17,28.0,17.2,0.118,0.563,0.0520698965509336,0.056701030927835,0.0021106184285998,1.0,,4.48,0.6,1.2,0.12,0.88,0.2,1.0,0.0303917525773195,-0.0029999999999999,-0.2399999999999999,0.115,-0.0254237288135592,0.0007199999999999,0.333,0.0,0.0,0.0,0.0,0.9154929577464788,0.2831406185567011,0.0334105929896907,-0.0,,
203901,Elfrid Payton,2016-17,23.0,29.4,0.211,0.52,0.1007178962351246,0.7489583333333333,0.0097618095113976,1.0,49.97161957845057,4.71,6.1,0.7,0.7311111111111112,0.2688888888888888,0.681081081081081,0.3727866579600507,0.0,-0.03,-0.022,0.181,-0.1421800947867298,0.00066,0.795,0.113,2.2,0.2,0.1,0.6538461538461539,0.4298006273148148,0.0906879323634259,-0.0,,
1626144,Emmanuel Mudiay,2016-17,21.0,25.6,0.222,0.483,0.0381879775768787,0.5670498084291187,0.0039944420096828,1.0,50.00026657637462,4.92,4.5,0.5,0.5,0.5,0.7447549909255897,0.2932194264783421,0.0778084291187739,0.0599999999999999,0.135,0.282,0.2702702702702701,0.0080999999999999,0.486,0.09,2.7,0.8,0.1,0.5138121546961326,0.3368936781609195,0.0747903965517241,-0.0,,
202339,Eric Bledsoe,2016-17,27.0,33.0,0.275,0.563,0.1008031000205698,0.7605633802816901,0.0145369376933762,1.0,49.58358159447809,4.63,7.1,0.8,0.7888888888888889,0.2111111111111111,0.8388005272949033,0.1105281755216903,0.0553215962441315,0.0549999999999999,0.04,0.33,0.1999999999999999,0.0022,0.793,0.131,6.8,2.6,0.8,0.489634748272458,0.4433567944705268,0.1219231184793949,-0.0,PHX,
201569,Eric Gordon,2016-17,28.0,31.0,0.217,0.557,0.0902622253542144,0.2884615384615384,0.0091242176687809,0.9908954633864508,49.80612050964039,4.34,1.6,0.4,0.2777777777777778,0.7222222222222222,0.4229483814523184,0.5,0.0315153846153846,-0.038,0.0569999999999999,0.179,-0.1751152073732719,-0.0021659999999999,0.318,0.025,2.8,2.0,0.8,0.3333333333333333,0.4084366130462827,0.0886307450310433,-0.0,HOU,0.620045113851149
203095,Evan Fournier,2016-17,24.0,32.8,0.229,0.555,0.0901486866532941,0.411062906724512,0.0098789918585081,1.0,49.77471259040307,4.67,2.2,0.6,0.3199999999999999,0.68,0.6720273133976924,0.1695096406605241,0.0368470715835141,0.039,0.0659999999999999,0.268,0.1703056768558952,0.0025739999999999,0.412,0.089,3.5,1.4,0.5,0.5151187904967602,0.3393409327548807,0.0777090736008676,-0.0,,
202323,Evan Turner,2016-17,28.0,25.5,0.182,0.491,0.0541430453970139,0.6560121765601218,0.004203874689616,0.8881012178406654,49.19415813055905,4.57,2.8,1.3,0.4355555555555556,0.5644444444444444,0.4414620630861039,1.0,0.0,-0.076,-0.017,0.106,-0.4175824175824176,0.001292,0.728,0.287,3.6,0.2,0.1,0.4982876712328767,0.3079773193118398,0.0560518721147548,-0.0,,
1626163,Frank Kaminsky,2016-17,24.0,26.1,0.216,0.502,0.054774817164688,0.1128818061088977,0.0054987194650565,1.0,49.32889077469768,4.87,1.3,2.0999999999999996,0.2911111111111111,0.7088888888888889,0.2387046402684876,1.0,0.0143691899070385,-0.037,0.1869999999999999,0.179,-0.1712962962962963,-0.0069189999999999,0.238,0.064,1.2,0.1,0.0,0.4094881398252185,0.3251216674044562,0.0702262801593625,-0.0,,
202066,Garrett Temple,2016-17,31.0,26.6,0.139,0.545,0.1265854055015996,0.2846299810246679,0.0065600301821932,1.0,49.73201073240925,4.52,1.9,0.3,0.3244444444444444,0.6755555555555556,0.4222222222222221,0.5,0.0428728652751423,-0.043,-0.158,0.096,-0.3093525179856116,0.006794,0.306,0.126,1.8,0.5,0.1,0.3125,0.3715908581066836,0.051651129276829,-0.0,,
203914,Gary Harris,2016-17,22.0,31.3,0.183,0.611,0.1977193450515619,0.2487373737373737,0.0154783904509279,1.0,49.14387200457915,4.46,1.5,0.7,0.2866666666666667,0.7133333333333334,0.6571428571428573,0.3849970924757189,0.0507474747474747,-0.0239999999999999,-0.128,0.159,-0.1311475409836065,0.0030719999999999,0.234,0.059,1.8,0.7,0.2,0.4744408945686901,0.4086791245791246,0.0747882797979797,-0.0,,
201588,George Hill,2016-17,31.0,31.5,0.229,0.599,0.1470022282787736,0.6178217821782178,0.0161093175093471,0.919130380301986,,4.3,6.5,0.5,0.7222222222222222,0.2777777777777778,0.2491749174917491,0.3570046023756043,0.0682257425742574,-0.023,-0.0539999999999999,0.206,-0.1004366812227075,0.0012419999999999,0.609,0.152,5.1,1.8,0.8,0.46875,0.4532060176017601,0.103784178030803,-0.0,,
201945,Gerald Henderson,2016-17,29.0,23.2,0.175,0.529,0.0812576283693877,0.3532710280373832,0.0059486883319174,1.0,49.611675706805144,5.01,1.2,0.6,0.24,0.76,0.586289659707381,0.98851476115799,0.0439214953271028,-0.0429999999999999,0.1009999999999999,0.132,-0.2457142857142856,-0.0043429999999999,0.368,0.224,2.5,0.3,0.1,0.5551537070524413,0.3162486728971962,0.0553435177570093,-0.0,,
203507,Giannis Antetokounmpo,2016-17,22.0,35.6,0.28,0.599,0.1382961464932344,0.5551724137931034,0.0204902438103807,1.1060124279349577,49.7966272362692,4.46,5.3,3.1,0.5977777777777779,0.4022222222222221,0.988535031847134,0.2507309624084065,0.0767103448275862,0.0139999999999999,-0.0739999999999999,0.294,0.0499999999999998,-0.0010359999999999,0.558,0.093,3.9,0.7,0.2,0.633308984660336,0.4061007979362592,0.1137082234221525,-0.0,MIL,
201609,Goran Dragic,2016-17,31.0,33.7,0.262,0.575,0.1308975205816825,0.7032106499608458,0.0175542935828986,1.0,49.0618955787234,4.82,7.5,0.7,0.8333333333333334,0.1666666666666666,0.7005684706752321,0.2710732578158514,0.0664471417384495,0.002,-0.0549999999999999,0.264,0.0076335877862595,-0.0001099999999999,0.697,0.148,5.4,1.4,0.6,0.5338078291814946,0.486340120073088,0.127421111459149,-0.0,MIA,0.5257997143877188
202330,Gordon Hayward,2016-17,27.0,34.5,0.269,0.595,0.1265767718773483,0.4516129032258065,0.0176596639713254,0.9634728172822298,48.0127721644481,4.6,3.5,2.0,0.3977777777777777,0.6022222222222222,0.6972362139196705,0.2807410196692864,0.0507986050566695,0.001,-0.0509999999999999,0.27,0.0037174721189591,-5.099999999999998e-05,0.484,0.155,5.9,1.6,0.7,0.4791666666666667,0.3963818018714834,0.106626704703429,-0.0,,
203476,Gorgui Dieng,2016-17,27.0,32.4,0.14,0.555,0.0495982095072796,0.018808777429467,0.0025981130976314,1.0,49.56214413082361,4.29,1.2,2.5,0.25,0.75,0.3319605535944416,0.9406994191266312,0.009705329153605,-0.037,-0.078,0.103,-0.2642857142857144,0.002886,0.211,0.292,0.7,0.1,0.0,0.464447806354009,0.3164341692789968,0.0443007836990595,-0.0,,
202328,Greg Monroe,2016-17,27.0,22.5,0.238,0.572,0.110368950192214,0.1381957773512476,0.0128148151865337,1.0351966873706004,49.731493524680936,3.98,1.2,4.8,0.48,0.52,0.4,0.5,0.0118848368522072,-0.0689999999999999,0.075,0.169,-0.2899159663865545,-0.005175,0.419,0.086,0.1,0.0,0.0,0.8172458172458172,0.4152791938579654,0.0988364481381957,-0.0,,
203084,Harrison Barnes,2016-17,25.0,35.5,0.252,0.541,0.0735829348292405,0.4712134632418069,0.0093084617112511,1.0,49.67731101755621,4.52,2.2,4.3,0.43,0.5700000000000001,0.4674479166666667,0.3969218152641218,0.0554260407440212,0.0319999999999999,0.0559999999999999,0.284,0.1269841269841268,0.0017919999999999,0.499,0.281,5.5,0.3,0.1,0.5253565768621236,0.3521903808680248,0.0887519759787422,-0.0,,
202355,Hassan Whiteside,2016-17,28.0,32.6,0.223,0.579,0.1368538700684504,0.0648351648351648,0.0144116722828574,1.0,49.781125043061486,3.91,1.1,5.5,0.55,0.4499999999999999,0.419047619047619,0.5,0.0102857142857142,-0.061,0.013,0.162,-0.273542600896861,-0.000793,0.415,0.087,0.6,0.0,0.0,0.7800616649537513,0.4570285714285714,0.1019173714285714,-0.0,,
202697,Iman Shumpert,2016-17,27.0,25.5,0.14,0.536,0.0839772660967105,0.3333333333333333,0.0043989982121657,0.8663374020243678,49.85280754971715,4.34,1.3,0.1,0.1777777777777777,0.8222222222222222,0.3824642126789365,0.5,0.0,-0.079,-0.092,0.061,-0.5642857142857144,0.007268,0.403,0.194,2.1,0.6,0.2,0.2841530054644808,0.0924064814814814,0.0129369074074074,-0.0,,
202738,Isaiah Thomas,2016-17,28.0,33.8,0.332,0.625,0.1587327258263153,0.6792452830188679,0.0303650219755121,0.875754841334554,49.67389900628122,4.6,6.9,0.6,0.7666666666666667,0.2333333333333332,0.8855831076210272,0.0247356400779522,0.0546145552560645,0.118,0.031,0.45,0.3554216867469879,0.003658,0.565,0.067,6.7,4.6,1.6,0.6101499423298731,0.4404212874164487,0.1462198674222609,-0.0004706086016855,,
1627785,Isaiah Whitehead,2016-17,22.0,22.5,0.18,0.487,0.0393842233828562,0.6890909090909091,0.0030076759539846,1.0,49.962579384375296,4.83,2.5,0.3,0.3844444444444444,0.6155555555555556,0.657142857142857,1.0,0.1077836363636364,-0.075,-0.006,0.105,-0.4166666666666667,0.00045,0.574,0.074,1.8,0.8,0.2,0.5748031496062992,0.3047275494949494,0.0548509589090909,-0.0,,
202397,Ish Smith,2016-17,28.0,24.1,0.201,0.477,0.088957969766389,1.0,0.0080163920532624,1.0,49.35883763405805,5.21,5.5,0.1,0.7088888888888889,0.2911111111111111,0.4846519997678062,0.4089518046223778,0.0,-0.026,-0.0329999999999999,0.175,-0.1293532338308458,0.000858,0.83,0.306,4.1,0.4,0.1,0.4793057409879839,0.396357596371882,0.0796678768707483,-0.0,,
200826,J.J. Barea,2016-17,33.0,22.0,0.254,0.521,0.1048786597614785,0.8004667444574095,0.0134257236572463,1.0,,4.52,5.6,0.1,0.9355555555555556,0.0644444444444445,0.1720116618075801,0.3400043960581143,0.1845717619603267,-0.0229999999999999,0.1859999999999999,0.231,-0.0905511811023621,-0.0042779999999999,0.739,0.173,5.0,2.6,0.9,0.4119402985074626,0.4804322170361726,0.1220297831271878,-0.0,,
200755,JJ Redick,2016-17,33.0,28.2,0.211,0.599,0.1434284360594672,0.1400560224089636,0.0139014129927976,0.9765023818248444,49.20418146639767,4.92,1.0,0.4,0.1644444444444444,0.8355555555555556,0.1795387344766409,0.5,0.0249803921568627,-0.086,0.05,0.125,-0.4075829383886256,-0.0043,0.114,0.223,4.1,1.6,0.6,0.3382978723404255,0.2480576532835356,0.052340164842826,-0.0,LAC,0.6139999999999999
2747,JR Smith,2016-17,31.0,29.0,0.143,0.484,0.0437675843499029,0.2021709633649932,0.0023667731491524,1.5241719347777165,,4.1,1.2,0.1,0.1577777777777777,0.8422222222222222,0.0758426966292134,0.9294480512239254,0.0398181818181818,-0.0349999999999999,0.422,0.108,-0.2447552447552447,-0.0147699999999999,0.187,0.068,2.3,1.1,0.4,0.3362637362637363,0.446936782752902,0.0639119599336649,-0.0,,
203210,JaMychal Green,2016-17,27.0,27.3,0.144,0.601,0.0918553409878658,0.0525328330206379,0.0050193577631187,1.0,49.6709968732351,4.41,1.1,1.2999999999999998,0.1422222222222222,0.8577777777777778,0.4030769230769231,0.2980972920897053,0.0302589118198874,0.009,-0.0609999999999999,0.153,0.0625,-0.000549,0.316,0.136,0.4,0.1,0.0,0.4990654205607476,0.2905755472170106,0.0418428787992495,-0.0,,
203953,Jabari Parker,2016-17,22.0,33.9,0.257,0.563,0.1330838514988327,0.343778801843318,0.0173390399017344,1.0,50.45064260108819,4.7,2.3,2.5,0.3044444444444444,0.6955555555555555,0.7224999999999999,0.4169229630651933,0.0383041474654377,-0.035,-0.1009999999999999,0.222,-0.1361867704280155,0.0035349999999999,0.338,0.129,2.7,0.2,0.1,0.5707257072570726,0.3670027393753201,0.0943197040194572,-0.0,,
203109,Jae Crowder,2016-17,26.0,32.4,0.169,0.613,0.1428340256307942,0.0899328859060402,0.0099234282385609,0.8956808320183677,49.60578458086643,4.43,1.4,0.6,0.2155555555555555,0.7844444444444445,0.2897222222222222,0.5,0.0113973154362416,-0.046,0.024,0.123,-0.2721893491124261,-0.001104,0.156,0.108,2.2,1.0,0.4,0.3532608695652174,0.3458828225651223,0.0584541970135056,-0.0,BOS,0.5216619808306711
1626143,Jahlil Okafor,2016-17,21.0,22.7,0.244,0.546,0.100735798846977,0.3883928571428571,0.0121413946062027,1.0,49.92199545928464,4.33,1.6,5.8,0.58,0.42,0.8085106382978724,0.5,0.0203705357142857,-0.0749999999999999,-0.086,0.169,-0.3073770491803278,0.00645,0.574,0.081,1.6,0.0,0.0,0.8131634819532909,0.4160372767857143,0.1015130955357142,-0.0,,
2037,Jamal Crawford,2016-17,37.0,26.3,0.22,0.525,0.0731810823141676,0.7282479141835518,0.0075514934397607,0.8954486624765485,49.23735215685966,4.19,2.7,0.1,0.3533333333333333,0.6466666666666667,0.41060507482108,0.3602656455237457,0.0532502979737782,0.0219999999999999,-0.001,0.242,0.0999999999999999,-2.2000000000000013e-05,0.66,0.28,6.2,2.0,0.7,0.6107030430220357,0.2908976818950116,0.0639974900169025,-0.0,,
1627750,Jamal Murray,2016-17,20.0,21.5,0.212,0.518,0.0875743842897823,0.5045731707317073,0.0085483222184437,1.0,49.86087209468564,5.06,2.3,0.3,0.3155555555555555,0.6844444444444444,0.4474526704632907,0.5,0.0532149390243902,0.063,-0.179,0.275,0.2971698113207549,-0.011277,0.427,0.116,3.4,1.6,0.5,0.399171270718232,0.3313786178861789,0.0702522669918699,-0.0,,
2749,Jameer Nelson,2016-17,35.0,27.3,0.156,0.544,0.1381483444313332,0.593167701863354,0.0085120189583812,1.0,48.8367353119551,4.37,4.6,0.2,0.5733333333333334,0.4266666666666666,0.3469953397105714,0.5,0.0970248447204968,0.011,-0.152,0.167,0.0705128205128205,-0.001672,0.515,0.18,3.4,1.5,0.5,0.3735343383584589,0.4302871221532091,0.0671247910559006,-0.0,,
203516,James Ennis III,2016-17,26.0,23.4,0.127,0.581,0.1046067042134788,0.160427807486631,0.0047344016662576,1.4906537199530832,49.657399070773984,4.44,0.8,0.4,0.1488888888888889,0.8511111111111112,0.8079999999999998,0.5,0.0225,-0.002,-0.1939999999999999,0.125,-0.015748031496063,0.000388,0.267,0.037,0.6,0.3,0.1,0.4345403899721448,0.2903269632981397,0.0368715243388637,-0.0,,
201935,James Harden,2016-17,27.0,36.4,0.333,0.613,0.1350765115974322,0.8127272727272727,0.0259565032970912,0.9734205869166552,49.612836651420174,4.07,9.3,1.0,1.0,0.0,0.873972602739726,0.2180904352641347,0.0523957575757575,0.1439999999999999,-0.0569999999999999,0.477,0.4324324324324323,-0.0082079999999999,0.819,0.055,9.1,6.6,2.2,0.6179326099371788,0.4999037697437697,0.1664679553246753,-0.000435704794749,HOU,0.5905487890900539
201949,James Johnson,2016-17,30.0,27.4,0.215,0.564,0.124653682609188,0.5044359949302915,0.0124268999881943,1.0,49.24694926418841,4.65,2.6,1.0,0.4666666666666666,0.5333333333333334,0.7110867913839498,0.5,0.040124207858048,0.0,-0.1979999999999999,0.215,0.0,-0.0,0.546,0.084,1.9,0.6,0.1,0.5370611183355006,0.3966422475707647,0.0852780832277144,-0.0,,
201162,Jared Dudley,2016-17,31.0,21.3,0.136,0.579,0.0927864237273924,0.0309734513274336,0.0046536401587182,1.0,49.82764377246455,4.65,1.1,0.7,0.2799999999999999,0.72,0.1848105330764289,0.5,0.0175309734513274,-0.056,0.221,0.08,-0.411764705882353,-0.012376,0.197,0.166,0.5,0.1,0.1,0.2782608695652174,0.3510201769911504,0.0477387440707964,-0.0,,
201160,Jason Smith,2016-17,31.0,14.4,0.166,0.598,0.1447688435238857,0.0075757575757575,0.0097912296550549,1.0,,4.68,0.5,0.5,0.1155555555555555,0.8844444444444445,0.094224924012158,0.5,0.0045984848484848,-0.081,-0.0659999999999999,0.085,-0.4879518072289157,0.0053459999999999,0.115,0.405,0.1,0.0,0.0,0.2907608695652174,0.3177389562289561,0.0527446667340067,-0.0,,
1627759,Jaylen Brown,2016-17,20.0,17.2,0.176,0.54,0.0769556399366132,0.2807486631016043,0.0056821076281809,1.4949133808535595,,4.74,0.8,0.6000000000000001,0.1711111111111111,0.8288888888888889,0.4,0.3373642055080236,0.0761791443850267,0.005,0.0279999999999999,0.181,0.0284090909090909,0.0001399999999999,0.297,0.066,0.9,0.2,0.0,0.5323886639676113,0.2884007891414142,0.0507585388888889,-0.0,,
201145,Jeff Green,2016-17,30.0,22.2,0.2,0.505,0.036275709796689,0.3228200371057514,0.003244598121498,1.0,50.04271654403745,4.15,1.3,1.1,0.1977777777777777,0.8022222222222222,0.6136200716845877,1.0,0.0,-0.068,0.1989999999999999,0.132,-0.34,-0.0135319999999999,0.441,0.154,2.1,0.5,0.1,0.5027027027027027,0.2800611111111111,0.0560122222222222,-0.0,ORL,
201952,Jeff Teague,2016-17,29.0,32.4,0.219,0.574,0.1128027012703364,0.804953560371517,0.0115607410106927,1.2450119712689545,49.450127464549006,4.2,7.0,0.2,0.7977777777777777,0.2022222222222223,0.8582820444206583,0.5,0.0910216718266253,-0.0569999999999999,-0.0769999999999999,0.162,-0.2602739726027397,0.0043889999999999,0.791,0.102,3.5,1.5,0.5,0.5634249471458774,0.4341382868937047,0.0950762848297213,-0.0,,
203924,Jerami Grant,2016-17,23.0,19.1,0.122,0.556,0.0713709787371456,0.1208791208791208,0.0030413149616879,1.0,,4.64,0.6,0.4,0.0977777777777777,0.9022222222222224,0.2,1.0,0.0714395604395604,-0.065,0.1099999999999999,0.0569999999999999,-0.5327868852459017,-0.0071499999999999,0.257,0.055,0.3,0.0,0.0,0.5014084507042254,0.3068952380952381,0.037441219047619,-0.0,,
203087,Jeremy Lamb,2016-17,25.0,18.4,0.228,0.55,0.1067978996387862,0.5513428120063191,0.01162692797446,1.0,,4.69,1.6,0.6,0.2511111111111111,0.7488888888888889,0.2505091649694501,0.139259906382717,0.0458894154818324,0.0069999999999999,0.125,0.235,0.0307017543859648,0.0008749999999999,0.571,0.206,3.0,0.8,0.2,0.5539714867617108,0.3247325100930314,0.0740390123012111,-0.0,,
202391,Jeremy Lin,2016-17,28.0,24.5,0.255,0.566,0.1169725628413009,0.6901565995525727,0.0150624034448744,1.0,,4.97,4.8,0.6,0.7511111111111112,0.2488888888888888,0.2675,0.1663881616520534,0.0492841163310961,0.019,0.062,0.274,0.0745098039215687,0.001178,0.634,0.13,4.4,2.0,0.7,0.4489795918367347,0.4532890181456624,0.1155886996271439,-0.0,,
202710,Jimmy Butler III,2016-17,27.0,37.0,0.261,0.586,0.0897026147213177,0.6189236111111112,0.0119609551906843,0.98621783536422,49.41999918106678,4.47,5.3,2.5,0.5888888888888889,0.4111111111111111,0.9019169329073482,0.0783474575009421,0.1126171875,0.138,0.044,0.399,0.5287356321839081,0.006072,0.591,0.2,7.3,1.5,0.5,0.6477941176470589,0.3950875520325698,0.1031178510805007,-0.0,CHI,
201149,Joakim Noah,2016-17,32.0,22.1,0.124,0.491,0.0416658688620183,0.0371428571428571,0.0018193362396399,1.0,,4.71,1.2,0.8999999999999999,0.3066666666666667,0.6933333333333334,0.2,0.2750000000000001,0.0191657142857142,-0.005,0.035,0.119,-0.0403225806451613,-0.000175,0.505,0.009,0.0,0.0,0.0,0.8960396039603961,0.3245984,0.0402502016,-0.0,,
203925,Joe Harris,2016-17,25.0,21.9,0.159,0.558,0.0944331733696661,0.1188299817184643,0.0059871518151735,1.0,49.27671230799873,5.19,0.9,0.5,0.1688888888888889,0.8311111111111111,0.2180268350434096,0.5,0.0322065813528336,-0.016,-0.12,0.143,-0.1006289308176101,0.00192,0.169,0.037,1.0,0.7,0.3,0.3595505617977528,0.3172325980093438,0.0504399830834856,-0.0,,
204060,Joe Ingles,2016-17,29.0,24.1,0.135,0.604,0.1815752163942469,0.3128078817733989,0.0090065242595522,0.6632139755929006,48.87457519685866,4.33,1.7,0.1,0.3733333333333333,0.6266666666666667,0.3874057649667404,0.5,0.067231527093596,-0.053,0.297,0.082,-0.3925925925925926,-0.015741,0.358,0.048,1.5,0.9,0.4,0.3177387914230019,0.4056699792811148,0.0547654472029505,-0.0,UTA,0.5730155142485172
2207,Joe Johnson,2016-17,36.0,23.6,0.181,0.542,0.1044393737711065,0.5562130177514792,0.0080423342943888,1.0519611022983242,49.15705803100469,4.38,1.7,0.8,0.2777777777777778,0.7222222222222222,0.2506389776357827,0.260550173103878,0.0966538461538461,0.022,0.2039999999999999,0.203,0.1215469613259669,0.004488,0.575,0.159,3.1,0.7,0.2,0.4808959156785243,0.3394157482341005,0.0614342504303721,-0.0,,
203954,Joel Embiid,2016-17,23.0,25.4,0.356,0.584,0.0915613734559833,0.1331802525832376,0.0194485530384708,1.0,,4.46,2.2,6.9,0.6900000000000001,0.3099999999999999,0.1876456876456876,0.156396356721278,0.0272743972445464,0.1169999999999999,0.028,0.473,0.3286516853932584,0.003276,0.39,0.137,2.0,0.2,0.1,0.578088578088578,0.4552231343283581,0.1620594358208955,-0.0013948202507462,,
202322,John Wall,2016-17,26.0,36.4,0.299,0.541,0.0906665060604467,0.8488228004956628,0.014823599147619,0.9774187471952868,49.61342149000185,4.07,9.5,0.3,1.0,0.0,0.8420845326465687,0.1183858599699804,0.029814126394052,0.06,0.001,0.359,0.2006688963210702,6.000000000000005e-05,0.793,0.189,8.1,1.7,0.5,0.4956217162872154,0.4881703600885963,0.1459629376664903,-0.0,,
202720,Jon Leuer,2016-17,28.0,25.9,0.169,0.551,0.0633188332228646,0.0445151033386327,0.0043990911469559,1.0,49.57918995873036,4.81,1.2,1.6,0.1955555555555555,0.8044444444444445,0.2401000791993664,1.0,0.0241271860095389,-0.087,-0.209,0.082,-0.514792899408284,0.018183,0.223,0.214,1.3,0.0,0.0,0.4860681114551083,0.3095728599187422,0.0523178133262674,-0.0,,
201973,Jonas Jerebko,2016-17,30.0,15.8,0.113,0.537,0.0662486923183295,0.0646387832699619,0.0025164886466881,1.0,,4.68,0.7,0.2,0.18,0.8200000000000001,0.1412213740458015,1.0,0.0358745247148289,-0.049,-0.392,0.064,-0.4336283185840708,0.019208,0.254,0.087,0.2,0.0,0.0,0.3890784982935154,0.3416032699619771,0.0386011695057034,-0.0,,
202685,Jonas Valančiūnas,2016-17,25.0,25.8,0.193,0.601,0.1025147458977219,0.0782865583456425,0.0086920517448294,1.2370460274484176,49.4807498620545,4.25,1.3,4.5,0.45,0.55,0.3840909090909091,0.5,0.0127459379615952,-0.069,-0.0419999999999999,0.124,-0.3575129533678756,0.0028979999999999,0.384,0.144,0.2,0.0,0.0,0.7070967741935484,0.3925709010339734,0.0757661838995568,-0.0,TOR,0.5724932189370865
203613,Jonathon Simmons,2016-17,27.0,17.9,0.176,0.504,0.0658170677108881,0.5234159779614325,0.0048596784174958,1.158176284181975,,4.64,1.3,0.3,0.3044444444444444,0.6955555555555555,0.3895486935866983,0.6670340841009206,0.0535426997245179,-0.0239999999999999,0.0929999999999999,0.152,-0.1363636363636363,-0.0022319999999999,0.407,0.133,1.6,0.2,0.0,0.5280289330922242,0.3407173879715541,0.0599662602829935,-0.0,,
203903,Jordan Clarkson,2016-17,25.0,29.2,0.228,0.526,0.0921416887483222,0.6256358087487284,0.0100313281641803,1.0,49.70446510283727,4.68,3.0,0.5,0.3333333333333333,0.6666666666666667,0.4549147903436182,0.4208697016298999,0.0237375381485249,-0.0289999999999999,0.0989999999999999,0.199,-0.1271929824561403,-0.0028709999999999,0.618,0.149,4.6,1.8,0.5,0.5434173669467787,0.33217497456765,0.0757358942014242,-0.0,LAL,
202348,Jordan Crawford,2016-17,28.0,23.3,0.254,0.582,0.1735392267860144,0.5611111111111111,0.0222150979791314,1.0,,4.31,2.0,0.3,0.4266666666666666,0.5733333333333334,0.2067796610169491,0.5,0.0419622222222222,-0.078,0.196,0.176,-0.3070866141732284,-0.015288,0.562,0.195,5.1,1.6,0.5,0.3532110091743119,0.4173269481481482,0.1060010448296296,-0.0,,
1626196,Josh Richardson,2016-17,23.0,30.5,0.165,0.493,0.0277210697423002,0.3753246753246753,0.0018579580404333,1.0,48.85782949428208,4.53,3.2,0.1,0.3555555555555555,0.6444444444444444,0.368802877755672,1.0,0.0022961038961038,-0.055,-0.0419999999999999,0.11,-0.3333333333333333,0.0023099999999999,0.431,0.204,2.6,0.5,0.2,0.4346978557504873,0.3081881962481963,0.0508510523809523,-0.0,MIA,0.57177090842165
201950,Jrue Holiday,2016-17,27.0,32.7,0.232,0.532,0.1109262780965585,0.7986512524084778,0.0123955676160706,1.0,49.16011520112841,4.95,5.8,0.3,0.7888888888888889,0.2111111111111111,0.5603903375459925,0.3985622680289493,0.0653728323699421,0.0559999999999999,-0.079,0.288,0.2413793103448274,-0.0044239999999999,0.709,0.144,6.0,2.9,1.1,0.4916013437849944,0.4495720777135517,0.1043007220295439,-0.0,NOP,0.5799999999999998
203944,Julius Randle,2016-17,22.0,28.8,0.212,0.543,0.0994038520972989,0.4619883040935673,0.0097030217725592,1.0,49.416881222933746,4.49,2.4,2.8,0.4333333333333333,0.5666666666666667,0.8384615384615384,0.0993285234996455,0.0658362573099415,-0.001,0.0609999999999999,0.211,-0.0047169811320754,-6.1e-05,0.491,0.076,1.3,0.1,0.0,0.6998706338939198,0.3720673489278753,0.0788782779727095,-0.0,,
1626147,Justin Anderson,2016-17,23.0,16.4,0.202,0.537,0.0557440687329038,0.1670588235294117,0.0050608762582197,1.0,,4.68,1.0,0.4,0.1977777777777777,0.8022222222222222,0.3485193621867881,1.0,0.020915294117647,-0.102,-0.15,0.1,-0.504950495049505,0.0153,0.333,0.019,0.7,0.3,0.1,0.4337899543378995,0.2994951738562091,0.0604980251189542,-0.0,,
203200,Justin Holiday,2016-17,28.0,20.0,0.166,0.549,0.1044040088106718,0.1265306122448979,0.0070612129121899,1.0,49.81232294375235,4.78,0.9,0.4,0.2111111111111111,0.7888888888888889,0.1959276782696857,0.5,0.0088775510204081,-0.033,0.1609999999999999,0.133,-0.1987951807228915,-0.0053129999999999,0.159,0.175,1.4,0.3,0.1,0.3531598513011152,0.3343408163265307,0.0555005755102041,-0.0,,
1626159,Justise Winslow,2016-17,21.0,34.7,0.198,0.399,-0.0502886767971672,0.5513264129181085,-0.0044306556083205,1.0,,4.52,3.3,0.7,0.3666666666666666,0.6333333333333333,0.3688888888888889,0.4589652099023343,0.0019746251441753,0.0139999999999999,-0.025,0.212,0.0707070707070706,-0.0003499999999999,0.55,0.153,2.7,0.2,0.0,0.6,0.2473840061514802,0.048982033217993,-0.0,,
1626157,Karl-Anthony Towns,2016-17,21.0,37.0,0.271,0.618,0.1629550208328573,0.1356655290102389,0.022989084809014,1.0,49.62077560944237,4.28,2.3,9.1,0.91,0.09,0.3733333333333333,0.3374422978141786,0.0190878839590443,-0.037,-0.052,0.234,-0.1365313653136531,0.001924,0.358,0.12,1.3,0.3,0.1,0.6310810810810811,0.5824660708191126,0.1578483051919795,-0.0,,
202695,Kawhi Leonard,2016-17,26.0,33.4,0.306,0.61,0.1387161447220481,0.5681989449886963,0.0234805978165208,1.056262114318966,49.045927390762074,4.86,3.5,3.3,0.4044444444444444,0.5955555555555556,0.6741112029764365,0.2467132013694669,0.0853760361718161,0.092,-0.045,0.398,0.3006535947712419,-0.00414,0.524,0.235,7.8,1.9,0.6,0.5207496653279786,0.4462649092594816,0.1365570622334013,-1.633446326665869e-05,,
203482,Kelly Olynyk,2016-17,26.0,20.5,0.185,0.603,0.1396391382194069,0.1117647058823529,0.0111112969044989,0.0,49.96065240279123,4.55,1.2,1.5,0.3533333333333333,0.6466666666666667,0.3399953682260305,0.5,0.0214117647058823,-0.06,-0.3259999999999999,0.125,-0.3243243243243243,0.0195599999999999,0.219,0.074,0.8,0.2,0.1,0.4265402843601896,0.3455975490196077,0.0639355465686274,-0.0,,
1626162,Kelly Oubre Jr.,2016-17,21.0,20.3,0.143,0.516,0.0329559283258905,0.2010050251256281,0.0017821227153762,0.0,49.89546723030601,4.37,0.7,0.3,0.0933333333333333,0.9066666666666666,0.6337750484809308,1.0,0.0195326633165829,-0.0649999999999999,-0.034,0.078,-0.4545454545454545,0.00221,0.328,0.104,0.8,0.2,0.1,0.4760956175298805,0.2393575879396984,0.0342281350753768,-0.0,,
202689,Kemba Walker,2016-17,27.0,34.7,0.286,0.569,0.1319594119300381,0.7756653992395437,0.0201831719954783,1.0,49.42742209646515,4.59,8.2,0.2,0.911111111111111,0.088888888888889,0.6159929402980009,0.167752976254335,0.1354239543726236,0.05,0.037,0.336,0.1748251748251749,0.00185,0.683,0.133,8.4,4.6,1.7,0.5341614906832298,0.5022171102661597,0.1436340935361216,-0.0,,
202702,Kenneth Faried,2016-17,27.0,21.2,0.179,0.588,0.0857844603694042,0.0816326530612244,0.0064966305514822,1.0,49.336023754203374,4.55,0.9,2.0999999999999996,0.2099999999999999,0.79,0.4735294117647059,0.5,0.0477551020408163,-0.0239999999999999,-0.1989999999999999,0.155,-0.1340782122905027,0.0047759999999999,0.373,0.024,0.3,0.0,0.0,0.8406862745098039,0.325033163265306,0.0581809362244897,-0.0,,
203145,Kent Bazemore,2016-17,27.0,26.9,0.202,0.504,0.0403666110045543,0.3856115107913669,0.0036647921097505,1.033115748941086,49.110406305287675,4.62,1.7,0.2,0.3111111111111111,0.6888888888888889,0.572823939814231,0.8187360371646086,0.0495079136690647,-0.023,-0.065,0.179,-0.1138613861386139,0.001495,0.376,0.18,2.9,0.9,0.3,0.4018087855297158,0.2450165431814548,0.0494933417226538,-0.0,,
203484,Kentavious Caldwell-Pope,2016-17,24.0,33.3,0.187,0.519,0.0791582916209556,0.3733170134638923,0.0064011620613414,1.0,49.418689056188974,4.62,1.5,0.5,0.2466666666666666,0.7533333333333333,0.3966259185980779,0.4475390260786479,0.0436915544675642,0.081,0.016,0.268,0.4331550802139038,0.001296,0.368,0.195,5.2,1.9,0.6,0.4622844827586206,0.3155989310485516,0.0590170001060791,-0.0,,
201142,Kevin Durant,2016-17,28.0,33.4,0.271,0.651,0.1949963527497562,0.3654822335025381,0.0275093560658713,1.0744345230990415,48.50528883516624,4.55,2.7,3.9,0.4844444444444444,0.5155555555555555,0.7325855041644516,0.2900333217271749,0.0372005076142132,-0.012,-0.1049999999999999,0.259,-0.044280442804428,0.00126,0.383,0.158,5.0,1.5,0.4,0.6530139103554868,0.4768236563467021,0.1292192108699562,-0.0,GSW,0.5934149073120494
201567,Kevin Love,2016-17,28.0,31.4,0.253,0.573,0.0975824432419834,0.101555352241537,0.012418023272564,0.7428318577642617,49.92733461700005,4.27,1.7,4.2,0.42,0.58,0.3157920693632422,0.5,0.0146175663311985,-0.061,0.023,0.192,-0.2411067193675889,-0.001403,0.278,0.114,1.6,0.4,0.1,0.4294930875576037,0.4115084078456367,0.1041116271849461,-0.0,,
203114,Khris Middleton,2016-17,25.0,30.7,0.227,0.57,0.105721835771811,0.4568210262828536,0.0114341393694506,1.3084712996571166,,4.24,2.9,1.3,0.3888888888888888,0.6111111111111112,0.1501501501501501,0.3777613623580319,0.1210876095118898,0.0199999999999999,-0.0949999999999999,0.247,0.0881057268722466,-0.0018999999999999,0.38,0.244,4.3,0.6,0.1,0.5717761557177615,0.384863675079961,0.0873640542431511,-0.0,,
202691,Klay Thompson,2016-17,27.0,34.0,0.258,0.592,0.1572791029242044,0.1676384839650145,0.020611072092133,1.034704769408654,48.233634923926054,4.95,1.7,1.9,0.1999999999999999,0.8,0.360240486257928,0.5,0.0294285714285714,-0.065,-0.0759999999999999,0.193,-0.251937984496124,0.0049399999999999,0.165,0.192,4.1,1.1,0.3,0.4655920644761314,0.3125910189859916,0.0806484828983858,-0.0,GSW,0.613408360996006
201585,Kosta Koufos,2016-17,28.0,20.0,0.151,0.56,0.0902246196433248,0.0362811791383219,0.0052940797696298,1.0,49.53415020337655,4.42,0.8,2.0999999999999996,0.2099999999999999,0.79,0.2981818181818181,0.5,0.0205351473922902,-0.079,0.0399999999999999,0.072,-0.5231788079470199,-0.0031599999999999,0.273,0.021,0.2,0.0,0.0,0.7723785166240409,0.3300062358276643,0.0498309416099773,-0.0,,
1627739,Kris Dunn,2016-17,23.0,17.1,0.139,0.432,0.0313243211850053,1.0,0.0016233189884417,1.0,,4.67,2.7,0.1,0.4444444444444445,0.5555555555555556,0.268370607028754,1.0,0.0,-0.08,-0.0529999999999999,0.059,-0.5755395683453238,0.00424,0.644,0.259,1.6,0.2,0.1,0.4856230031948881,0.2933983739837398,0.0407823739837398,-0.0,,
204001,Kristaps Porziņģis,2016-17,21.0,32.8,0.24,0.546,0.0837528017932357,0.1078341013824885,0.0098472781882504,1.0,49.6492185298126,4.43,1.6,4.300000000000001,0.43,0.57,0.265710489558137,0.5,0.0189705069124424,-0.0409999999999999,-0.007,0.199,-0.1708333333333332,0.000287,0.253,0.197,3.1,0.2,0.1,0.5289340101522843,0.3811160875576037,0.0914678610138249,-0.0,,
203937,Kyle Anderson,2016-17,23.0,14.2,0.118,0.525,0.0884443278128431,0.2824074074074074,0.0035850316699653,1.202098473774274,,4.75,0.9,0.2,0.2799999999999999,0.72,0.3636363636363636,0.392684711861523,0.0318287037037037,0.0,-0.089,0.118,0.0,-0.0,0.355,0.138,0.4,0.0,0.0,0.5793357933579336,0.3496077535479405,0.0412537149186569,-0.0,,
2594,Kyle Korver,2016-17,36.0,26.2,0.147,0.635,0.1784367181302762,0.0404040404040404,0.010056809625975,1.0,49.49612614272173,4.59,0.7,0.2,0.2066666666666666,0.7933333333333333,0.066170722481402,0.3451446665357399,0.0266666666666666,-0.0329999999999999,-0.004,0.114,-0.2244897959183672,0.000132,0.046,0.168,1.8,0.9,0.4,0.3417508417508417,0.3404262626262626,0.0500426606060605,-0.0,,
200768,Kyle Lowry,2016-17,31.0,37.4,0.243,0.623,0.1598960912487028,0.6954510408635313,0.0191534608225961,1.0190474257312785,49.517311481083645,4.33,6.9,0.3,0.7666666666666667,0.2333333333333332,0.7191721132897603,0.2142368962172213,0.0,0.088,-0.0649999999999999,0.331,0.3621399176954734,-0.0057199999999999,0.683,0.064,6.2,4.3,1.8,0.4994984954864593,0.5277819451007703,0.1282510126594871,-0.0,TOR,0.5604640721743354
203124,Kyle O'Quinn,2016-17,27.0,15.6,0.182,0.552,0.0735326850745077,0.0410628019323671,0.00570936103386,1.0,,4.3,0.9,1.3,0.3311111111111111,0.6688888888888889,0.2,0.9281332120637902,0.0226256038647343,-0.0139999999999999,-0.124,0.168,-0.0769230769230768,0.0017359999999999,0.335,0.23,0.3,0.1,0.0,0.5520581113801453,0.3516625147611379,0.0640025776865271,-0.0,,
202681,Kyrie Irving,2016-17,25.0,35.1,0.295,0.58,0.1608774617217112,0.7639902676399027,0.0257767541518001,0.8796971405387942,49.6522896415296,4.34,6.7,1.6,0.7444444444444445,0.2555555555555555,0.5625974118824622,0.1243453907654938,0.1075328467153284,0.0549999999999999,-0.0359999999999999,0.35,0.1864406779661016,-0.0019799999999999,0.696,0.216,8.9,3.3,1.2,0.5927374301675977,0.4586806893792643,0.1353108033668829,-0.0,,
200746,LaMarcus Aldridge,2016-17,31.0,32.4,0.248,0.532,0.0701019719703841,0.2569382273948075,0.0086578041255108,1.0526315789473684,48.641941903670535,4.16,1.8,5.7,0.5700000000000001,0.4299999999999999,0.5563707118325345,1.0,0.0110483437779767,-0.0569999999999999,0.0609999999999999,0.191,-0.2298387096774193,-0.0034769999999999,0.406,0.378,3.0,0.1,0.0,0.5168627450980392,0.3820005371530886,0.0947361332139659,-0.0,SAS,0.5586798677269507
202362,Lance Stephenson,2016-17,26.0,20.1,0.181,0.485,0.0383486479126475,1.0,0.0029530304052498,1.05848325404077,,4.24,2.9,0.1,0.5644444444444444,0.4355555555555556,0.3,0.9273889140940914,0.0,-0.0409999999999999,-0.075,0.14,-0.2265193370165744,0.0030749999999999,0.556,0.295,3.1,0.3,0.1,0.4393063583815029,0.3421733333333333,0.0619333733333333,-0.0,,
202498,Lance Thomas,2016-17,29.0,21.0,0.131,0.516,0.0179436693961923,0.1164772727272727,0.0008507818227116,1.0,,4.71,0.8,0.4,0.1177777777777777,0.8822222222222222,0.125,0.7922764451965179,0.0615,-0.025,0.0739999999999999,0.106,-0.1908396946564886,-0.0018499999999999,0.351,0.16,1.0,0.0,0.0,0.4098360655737705,0.2607216666666666,0.0341545383333333,-0.0,,
204038,Langston Galloway,2016-17,25.0,20.2,0.18,0.51,0.0870209376145727,0.3021001615508885,0.0066455742699873,1.0,48.90614105778969,4.54,1.6,0.1,0.2177777777777778,0.7822222222222222,0.2486982395239275,0.5,0.0708933764135702,-0.032,0.127,0.148,-0.1777777777777777,-0.004064,0.275,0.185,2.2,0.6,0.1,0.2536764705882353,0.3166871441392928,0.0570036859450727,-0.0,,
1626204,Larry Nance Jr.,2016-17,24.0,22.9,0.133,0.567,0.0850292258096529,0.0548780487804878,0.0041242566781293,1.0,49.684744744314486,4.76,0.9,1.5,0.2133333333333333,0.7866666666666666,0.3368421052631578,0.214630148626657,0.031280487804878,0.0149999999999999,0.0,0.148,0.1127819548872179,0.0,0.232,0.178,0.2,0.0,0.0,0.4958448753462603,0.3268231707317073,0.043467481707317,-0.0,,
202730,Lavoy Allen,2016-17,28.0,14.3,0.103,0.485,0.0068799728329075,0.0201612903225806,0.0002274272816248,1.0,,4.45,0.6,0.6000000000000001,0.2066666666666666,0.7933333333333333,0.2,1.0,0.0095362903225806,-0.064,0.015,0.0389999999999999,-0.6213592233009709,-0.00096,0.26,0.237,0.1,0.0,0.0,0.5357142857142857,0.2796231048387096,0.028801179798387,-0.0,,
2544,LeBron James,2016-17,32.0,37.8,0.292,0.619,0.1936212551953492,0.645293315143247,0.0305511321233205,1.008361576878522,49.67240311451691,3.99,6.4,3.3,0.8622222222222222,0.1377777777777777,0.8747252747252747,0.043435533496296,0.0718963165075034,0.016,0.054,0.308,0.0547945205479452,0.000864,0.622,0.098,5.9,2.6,0.9,0.5381944444444444,0.5791932997518391,0.169124443527537,-0.0,CLE,0.5940000000000002
2571,Leandro Barbosa,2016-17,34.0,14.4,0.201,0.509,0.0824035457289306,0.6069868995633189,0.0074257442124272,1.0,,4.85,1.0,0.1,0.2844444444444444,0.7155555555555555,0.336734693877551,0.5,0.0569213973799127,-0.062,-0.126,0.139,-0.308457711442786,0.007812,0.57,0.224,1.8,0.3,0.1,0.55,0.3147393692382338,0.063262613216885,-0.0,,
101150,Lou Williams,2016-17,30.0,24.6,0.277,0.593,0.1253134272905883,0.6445396145610278,0.0182691045675249,0.9277023142880158,50.06123963969355,4.46,2.8,0.1,0.4288888888888889,0.5711111111111111,0.7848184173224497,0.2993301589440467,0.0611413276231263,-0.026,-0.013,0.251,-0.0938628158844766,0.000338,0.619,0.075,5.0,2.7,1.0,0.5636200716845878,0.3569578750410787,0.0988773313863788,-0.0,,
201601,Luc Mbah a Moute,2016-17,30.0,22.3,0.114,0.581,0.0480255162758492,0.1449704142011834,0.0018485419863236,1.0,49.16553613683733,4.41,0.6,0.2,0.0666666666666666,0.9333333333333332,0.3404255319148935,1.0,0.083792899408284,-0.085,-0.407,0.0289999999999999,-0.7456140350877193,0.034595,0.152,0.157,0.4,0.1,0.0,0.4109263657957244,0.2494406311637081,0.0284362319526627,-0.0,,
2736,Luol Deng,2016-17,32.0,26.5,0.141,0.47,0.0141275842420211,0.208,0.0007479913483733,1.0,50.26818214124409,4.67,1.2,0.9,0.1622222222222222,0.8377777777777777,0.4708540218470704,1.0,0.028944,-0.0929999999999999,-0.0339999999999999,0.048,-0.6595744680851063,0.0031619999999999,0.335,0.108,2.0,0.6,0.1,0.4787735849056603,0.2644380977777777,0.0372857717866666,-0.0,,
1627763,Malcolm Brogdon,2016-17,24.0,26.4,0.182,0.555,0.1003993362390272,0.5222381635581061,0.0077953913632787,0.8762299475110779,49.97597508822965,4.69,4.2,0.6000000000000001,0.5311111111111111,0.4688888888888889,0.6399999999999999,0.2155925379130644,0.0828622668579626,0.0229999999999999,0.0219999999999999,0.205,0.1263736263736263,0.0005059999999999,0.455,0.091,1.9,0.5,0.1,0.5239477503628447,0.4424856901827083,0.0805323956132529,-0.0,,
1938,Manu Ginobili,2016-17,39.0,18.7,0.188,0.532,0.0974142068001954,0.3246187363834423,0.0079407051898295,0.9821324741514996,,4.45,1.5,0.1,0.4422222222222222,0.5577777777777777,0.2277904328018223,0.5,0.0183769063180828,-0.075,-0.133,0.113,-0.3989361702127659,0.009975,0.374,0.054,1.6,0.7,0.3,0.4177693761814744,0.2953766247838898,0.0555308054593712,-0.0,,
201188,Marc Gasol,2016-17,32.0,34.2,0.262,0.554,0.078384093667086,0.1871083258728737,0.010511867500216,0.9269150916729212,50.28942774402445,3.82,2.5,8.3,0.8300000000000001,0.1699999999999999,0.4956731825170216,0.8514589110504137,0.0069462846911369,-0.026,0.0479999999999999,0.236,-0.0992366412213741,-0.0012479999999999,0.35,0.223,2.5,0.1,0.0,0.4448913917940467,0.6178936839749329,0.1618881452014324,-0.0,,
101162,Marcin Gortat,2016-17,33.0,31.2,0.146,0.593,0.1384011495794319,0.0800561797752809,0.0077209187301195,0.0,49.78844474908205,4.44,1.1,4.0,0.4,0.6,0.3390243902439024,0.4926925173410106,0.0110070224719101,-0.0529999999999999,0.146,0.093,-0.3630136986301369,-0.007738,0.29,0.102,0.4,0.0,0.0,0.8054830287206266,0.3297078651685393,0.0481373483146067,-0.0,,
201158,Marco Belinelli,2016-17,31.0,24.0,0.187,0.566,0.1095857371249256,0.2316666666666667,0.0088616877472189,1.0,49.345515839539615,4.95,1.2,0.6,0.2911111111111111,0.7088888888888889,0.4739935351160739,0.5,0.0234583333333333,-0.042,0.075,0.145,-0.2245989304812835,-0.00315,0.254,0.233,3.0,1.2,0.3,0.4234527687296417,0.3541141203703704,0.0662193405092592,-0.0,CHA,
202694,Marcus Morris Sr.,2016-17,27.0,32.5,0.201,0.508,0.063264563036762,0.3828306264501159,0.0057010467045599,1.0,49.21031960169709,4.57,1.7,2.1,0.2111111111111111,0.7888888888888889,0.338474771090555,0.6094035074578903,0.0373781902552204,0.0109999999999999,-0.03,0.212,0.0547263681592038,-0.0003299999999999,0.47,0.338,5.6,0.9,0.2,0.4875868917576961,0.2964932070121165,0.0595951346094354,-0.0,DET,
203935,Marcus Smart,2016-17,23.0,30.4,0.183,0.486,0.0128004176965267,0.3588709677419355,0.0010020762661849,1.0431109595320245,49.66230906697671,4.25,3.5,1.1,0.5022222222222222,0.4977777777777777,0.6538767479446279,1.0,0.0518454301075268,-0.0489999999999999,0.12,0.134,-0.26775956284153,-0.0058799999999999,0.413,0.079,2.1,0.9,0.2,0.5056689342403629,0.3936749195017333,0.0720425102688172,-0.0,BOS,0.5808269413199622
202693,Markieff Morris,2016-17,27.0,31.2,0.203,0.54,0.0810896681625157,0.1917808219178082,0.0074166806610492,0.9170305676855895,49.63969266567637,3.95,1.1,3.9,0.39,0.61,0.5976406795304432,0.8898782251080195,0.0116301369863013,-0.034,0.022,0.169,-0.167487684729064,-0.000748,0.337,0.192,2.1,0.1,0.1,0.5754352030947776,0.3534408219178082,0.071748486849315,-0.0,WAS,0.5966917683239364
1627737,Marquese Chriss,2016-17,19.0,21.3,0.194,0.529,0.0540658642866217,0.0687499999999999,0.0046198273416442,1.0,49.80479404387257,4.83,0.8,1.2,0.12,0.88,0.3714285714285714,1.0,0.0373999999999999,0.003,-0.149,0.197,0.0154639175257732,-0.000447,0.261,0.061,0.2,0.0,0.0,0.4660194174757281,0.283696,0.055037024,-0.0,,
101107,Marvin Williams,2016-17,31.0,30.2,0.16,0.551,0.0505260321218828,0.047486033519553,0.0032336660558004,1.0,49.79103758153457,4.8,1.2,1.4,0.1599999999999999,0.8400000000000001,0.251191348973607,1.0,0.0251675977653631,-0.038,0.0309999999999999,0.122,-0.2375,-0.0011779999999999,0.175,0.073,0.8,0.1,0.0,0.4275568181818182,0.2928027932960894,0.0468484469273743,-0.0,,
203486,Mason Plumlee,2016-17,27.0,26.5,0.18,0.558,0.1271678233231889,0.1356238698010849,0.0097114928638204,1.0,48.89556066210539,4.58,1.7,2.4,0.4155555555555555,0.5844444444444444,0.4883116883116883,0.2119558193358706,0.0308716094032549,-0.0229999999999999,-0.005,0.157,-0.1277777777777777,0.000115,0.281,0.057,0.9,0.0,0.0,0.7041800643086816,0.4063553164556962,0.0731439569620253,-0.0,,
203521,Matthew Dellavedova,2016-17,26.0,26.1,0.158,0.501,0.0566396560323605,0.4956369982547992,0.0035571832421269,1.3061762464764757,50.08828273084164,4.74,4.0,0.3,0.5755555555555556,0.4244444444444444,0.3876511503477795,1.0,0.0604048865619546,0.0169999999999999,-0.2219999999999999,0.175,0.1075949367088606,-0.0037739999999999,0.481,0.114,2.1,0.5,0.2,0.4163763066202091,0.408847170153477,0.0645978528842493,-0.0,,
203090,Maurice Harkless,2016-17,24.0,28.9,0.149,0.57,0.1322965905131335,0.1617161716171617,0.0076090082417966,1.4720745878749666,49.56445893281115,4.62,1.0,1.6,0.16,0.84,0.637037037037037,0.5,0.0239174917491749,-0.0539999999999999,-0.0739999999999999,0.095,-0.3624161073825503,0.0039959999999999,0.293,0.034,0.4,0.1,0.0,0.5914634146341463,0.2375951815181518,0.0354016820462046,-0.0,,
203077,Michael Kidd-Gilchrist,2016-17,23.0,29.0,0.144,0.528,0.0599135916893549,0.3764988009592326,0.0032739277686859,1.0,49.59427017692089,4.67,1.1,1.0,0.1644444444444444,0.8355555555555556,0.7789473684210526,0.6949645732264532,0.0322014388489208,-0.0329999999999999,-0.035,0.111,-0.2291666666666666,0.001155,0.292,0.221,2.2,0.0,0.0,0.6747572815533981,0.2834249400479616,0.0408131913669064,-0.0,,
201144,Mike Conley,2016-17,29.0,33.2,0.256,0.604,0.1360985823274779,0.7231441048034934,0.0176284265052065,1.228745166303882,49.94294146035319,4.57,7.5,0.6,0.8333333333333334,0.1666666666666666,0.6596005810717243,0.2077419818761048,0.1099074235807859,0.0909999999999999,-0.017,0.347,0.3554687499999999,-0.001547,0.625,0.13,7.1,3.6,1.4,0.4243243243243243,0.5355118918422319,0.1370910443116113,-0.0,,
1627851,Mindaugas Kuzminskas,2016-17,27.0,14.9,0.186,0.533,0.0773970766632073,0.2032710280373832,0.0062086041912695,1.0,,4.9,0.8,0.4,0.2266666666666666,0.7733333333333333,0.4,1.0,0.0392803738317757,-0.059,-0.22,0.127,-0.3172043010752688,0.01298,0.278,0.019,0.4,0.2,0.1,0.4769647696476964,0.3181480373831776,0.059175534953271,-0.0,,
1626167,Myles Turner,2016-17,21.0,31.4,0.195,0.585,0.0826496810977398,0.0152505446623093,0.0071169366365515,1.0,49.45853904000436,4.5,1.1,3.9,0.39,0.61,0.3777873374702902,0.4700598094376415,0.0083572984749455,-0.036,0.059,0.159,-0.1846153846153846,-0.002124,0.173,0.247,0.7,0.0,0.0,0.4533333333333333,0.2956611764705882,0.0576539294117647,-0.0,IND,0.5789173907617942
202357,Nemanja Bjelica,2016-17,29.0,18.3,0.159,0.526,0.0561312512600197,0.1934731934731934,0.0035587740078778,1.0,,4.53,1.0,0.4,0.2266666666666666,0.7733333333333333,0.2921348314606741,0.5355846092667613,0.0147296037296037,0.004,-0.014,0.163,0.0251572327044025,-5.60000000000001e-05,0.311,0.025,0.4,0.2,0.0,0.4297752808988764,0.305605843045843,0.048591329044289,-0.0,,
2403,Nene,2016-17,34.0,17.9,0.191,0.63,0.1298104174338672,0.0647181628392484,0.0108357654898612,1.0,,4.56,0.8,3.0999999999999996,0.3099999999999999,0.6900000000000001,0.2,0.5,0.0403194154488517,-0.081,0.03,0.11,-0.4240837696335078,-0.00243,0.159,0.105,0.3,0.0,0.0,0.6540178571428571,0.4827363674321503,0.0922026461795407,-0.0,,
203457,Nerlens Noel,2016-17,23.0,20.5,0.171,0.622,0.1284151022013256,0.0424628450106157,0.0090805105500408,1.0,49.83291597728246,4.35,0.8,1.5,0.1733333333333333,0.8266666666666667,0.4163934426229508,0.0681451134634262,0.0258598726114649,0.0029999999999999,0.151,0.174,0.0175438596491226,0.0004529999999999,0.255,0.085,0.3,0.0,0.0,0.6461038961038961,0.3421088747346072,0.0585006175796178,-0.0,,
201156,Nick Young,2016-17,32.0,25.9,0.192,0.588,0.1641744803327259,0.2377622377622377,0.01381202937522,1.0,49.63271536730437,4.31,1.1,0.5,0.1266666666666666,0.8733333333333333,0.2614384929506094,0.5,0.0443776223776223,0.01,-0.1989999999999999,0.202,0.0520833333333333,-0.00199,0.228,0.134,4.3,2.1,0.7,0.4533965244865718,0.3394772727272727,0.0651796363636363,-0.0,,
201587,Nicolas Batum,2016-17,28.0,34.0,0.215,0.529,0.0401896656677521,0.4052356020942408,0.0040065639887907,1.0,49.277931678886176,4.68,2.7,1.7,0.6066666666666667,0.3933333333333333,0.4737088633151625,0.432869204751888,0.0423204188481675,-0.004,-0.012,0.211,-0.0186046511627907,4.800000000000008e-05,0.402,0.23,5.0,1.2,0.4,0.5384615384615384,0.3732925968586388,0.0802579083246073,-0.0,,
203917,Nik Stauskas,2016-17,23.0,27.3,0.161,0.54,0.1022997772308762,0.4106844741235392,0.006608661415487,1.0,50.02306592059213,5.07,1.8,0.2,0.2866666666666667,0.7133333333333334,0.5472826738010621,0.5,0.0926644407345575,-0.005,-0.168,0.156,-0.031055900621118,0.00084,0.339,0.061,2.4,1.6,0.4,0.379746835443038,0.3386092097941012,0.0545160827768503,-0.0,,
203999,Nikola Jokić,2016-17,22.0,27.9,0.231,0.64,0.1747561747815646,0.1765350877192982,0.0194021786778108,1.0,49.6343128838268,4.57,2.5,4.9,0.5911111111111111,0.4088888888888888,0.7179487179487178,0.220153183048747,0.0206929824561403,-0.002,-0.072,0.229,-0.0086580086580086,0.000144,0.401,0.138,0.5,0.2,0.0,0.641755634638197,0.491897582846004,0.1136283416374269,-0.0,,
202703,Nikola Mirotic,2016-17,26.0,24.0,0.194,0.546,0.0725587209427334,0.0874471086036671,0.0062000074780812,1.07519422863485,49.21990456816203,4.6,1.3,1.1,0.1533333333333333,0.8466666666666667,0.2349483146067415,1.0,0.0,-0.043,-0.047,0.151,-0.2216494845360825,0.002021,0.171,0.073,1.2,0.5,0.2,0.3392592592592592,0.2793758862247296,0.0541989219275975,-0.0,,
202696,Nikola Vučević,2016-17,26.0,28.8,0.241,0.498,0.0511043696874078,0.1172962226640159,0.0060462151896328,1.0,49.72463350958733,4.26,1.8,4.8,0.48,0.52,0.2103025196995334,1.0,0.0074075546719681,0.0559999999999999,-0.1109999999999999,0.297,0.2323651452282157,-0.0062159999999999,0.364,0.356,1.5,0.0,0.0,0.5233463035019456,0.3696984095427436,0.0890973166998012,-0.0,,
1626181,Norman Powell,2016-17,24.0,18.0,0.208,0.552,0.0904308384258275,0.5657894736842105,0.0085785040344007,0.6076457423967391,,4.71,1.1,0.2,0.2088888888888888,0.7911111111111111,0.4,0.5,0.0104605263157894,-0.0799999999999999,0.0149999999999999,0.128,-0.3846153846153846,-0.0011999999999999,0.568,0.066,1.1,0.3,0.1,0.5339130434782609,0.2870622012116118,0.0597089378520152,-0.0,,
201956,Omri Casspi,2016-17,29.0,17.8,0.138,0.526,0.1111113218098766,0.1092715231788079,0.0056960913251896,1.0,,4.61,0.8,1.0,0.1933333333333333,0.8066666666666666,0.2,0.5,0.0687317880794702,-0.112,-0.526,0.0259999999999999,-0.8115942028985508,0.058912,0.221,0.0,0.3,0.2,0.0,0.5914634146341463,0.3342933664459161,0.0461324845695364,-0.0,,
203490,Otto Porter Jr.,2016-17,24.0,32.6,0.147,0.628,0.1838981555651015,0.1234413965087281,0.0103646197961111,1.053169081508904,49.7355022841656,4.72,1.2,1.2000000000000002,0.1466666666666666,0.8533333333333333,0.1983437110834371,0.4952377573333036,0.0221259351620947,-0.0539999999999999,0.0709999999999999,0.093,-0.3673469387755101,-0.0038339999999999,0.227,0.188,1.8,0.2,0.0,0.3611416026344676,0.2831487448046551,0.0416228654862842,-0.0,,
200782,P.J. Tucker,2016-17,32.0,27.6,0.111,0.516,0.0839502268598034,0.1593886462882096,0.0031046049261517,0.0,49.89693156804657,4.23,1.1,0.5,0.1399999999999999,0.86,0.566473029045643,0.4973075095570614,0.0250698689956331,-0.0139999999999999,-0.102,0.097,-0.1261261261261261,0.001428,0.357,0.081,0.5,0.1,0.0,0.471042471042471,0.2462823144104804,0.0273373368995633,-0.0,TOR,0.5822211407219838
201976,Patrick Beverley,2016-17,28.0,30.7,0.14,0.546,0.0955958568097245,0.4407514450867051,0.0050076172128792,1.0990747678084385,49.099746605690214,4.75,3.1,0.2,0.4088888888888888,0.5911111111111111,0.450501330059341,0.5,0.0848742774566473,-0.084,0.0249999999999999,0.0559999999999999,-0.6000000000000001,-0.0020999999999999,0.443,0.034,1.5,1.0,0.3,0.3769230769230769,0.3965789712592734,0.0555210559762982,-0.0,,
202335,Patrick Patterson,2016-17,28.0,24.6,0.123,0.542,0.0405117012736192,0.0719844357976653,0.0017475843576687,1.0,49.66717125797293,4.36,0.8,0.1,0.1466666666666666,0.8533333333333333,0.1696504237288135,1.0,0.0382237354085603,-0.034,-0.039,0.089,-0.2764227642276423,0.001326,0.201,0.067,0.3,0.1,0.0,0.2642857142857143,0.2330432684824902,0.0286643220233463,-0.0,,
201988,Patty Mills,2016-17,28.0,21.9,0.184,0.578,0.1354054432556865,0.4033057851239669,0.010687173444633,1.0107073569733416,48.94079986995742,5.32,3.4,0.1,0.5244444444444444,0.4755555555555556,0.3148767496593583,0.4121259730175977,0.0579438016528925,-0.0149999999999999,0.17,0.169,-0.0815217391304347,-0.0025499999999999,0.308,0.161,3.1,1.4,0.6,0.3232588699080158,0.4138945114661768,0.0761565901097765,-0.0,SAS,0.5335443567115653
2200,Pau Gasol,2016-17,36.0,25.4,0.213,0.578,0.1333606181891917,0.1343873517786561,0.0131098283419165,0.2002316405253136,49.15183192148377,4.37,1.5,3.4000000000000004,0.34,0.6599999999999999,0.313417641256869,0.5,0.0125757575757575,-0.1149999999999999,0.046,0.098,-0.539906103286385,-0.00529,0.271,0.242,0.7,0.1,0.0,0.5385694249649369,0.3239224901185771,0.0689954903952569,-0.0,,
202331,Paul George,2016-17,27.0,35.9,0.287,0.587,0.1275784211979521,0.4559585492227979,0.0196155309704367,0.9998583160374348,49.49894637041909,4.47,3.2,2.1,0.3555555555555555,0.6444444444444444,0.4854104846686448,0.1809491951976516,0.0511591413767579,0.118,0.007,0.405,0.4111498257839723,0.000826,0.487,0.267,7.1,1.7,0.6,0.4884047786366831,0.3347878635111795,0.0960841168277085,-0.0,IND,0.5747497827189109
200794,Paul Millsap,2016-17,32.0,34.0,0.241,0.542,0.0468177070543637,0.2508710801393728,0.0055390553345504,0.9615170602506176,49.521693649045766,4.42,2.3,5.0,0.5,0.5,0.7819630505209701,0.2512728933867506,0.0228269454123112,0.0,0.006,0.241,0.0,0.0,0.374,0.157,2.9,0.3,0.1,0.5481758652946679,0.3471951219512195,0.0836740243902439,-0.0,,
1627835,Paul Zipser,2016-17,23.0,19.2,0.143,0.503,0.0632283395193305,0.1781609195402299,0.0034191317264274,1.9980702431493629,,4.78,0.8,0.5,0.1377777777777777,0.8622222222222222,0.2796934865900383,1.0,0.0373563218390804,-0.0429999999999999,-0.135,0.1,-0.3006993006993006,0.0058049999999999,0.114,0.142,1.2,0.2,0.0,0.4606299212598425,0.3346668710089399,0.0478573625542784,-0.0,,
200751,Randy Foye,2016-17,33.0,18.6,0.143,0.506,0.0479359508431334,0.4615384615384615,0.0025921814744813,1.0,,4.43,1.9,0.0,0.3399999999999999,0.66,0.2215384615384614,0.6894745036652272,0.0392666666666666,0.048,-0.0549999999999999,0.191,0.3356643356643358,-0.00264,0.458,0.045,1.3,0.9,0.3,0.3487654320987654,0.3133813333333333,0.0448135306666666,-0.0,,
101109,Raymond Felton,2016-17,33.0,21.2,0.163,0.496,0.1065478100503287,1.0,0.007011742108663,0.8307935432893102,48.942832910444864,4.33,3.0,0.1,0.3822222222222222,0.6177777777777778,0.4924124513618677,0.5,0.0,-0.038,-0.192,0.125,-0.2331288343558282,0.007296,0.652,0.19,2.5,0.7,0.2,0.4963369963369963,0.2764444444444444,0.0450604444444444,-0.0,,
203493,Reggie Bullock Jr.,2016-17,26.0,15.1,0.128,0.538,0.0922230336329445,0.0459770114942528,0.0042233235925916,1.0,,4.75,0.4,0.3,0.1911111111111111,0.8088888888888889,0.125,0.5,0.0263448275862068,-0.072,0.4619999999999999,0.0559999999999999,-0.5625,-0.033264,0.111,0.085,0.4,0.0,0.0,0.3203125,0.3255635249042146,0.0416721311877394,-0.0,,
202704,Reggie Jackson,2016-17,27.0,27.4,0.261,0.51,0.0868347358491069,0.8372294372294372,0.011578551948712,1.0,49.78091584144583,4.57,6.4,0.1,0.7111111111111111,0.2888888888888888,0.4955391432791728,0.5,0.0446796536796537,0.118,-0.134,0.379,0.4521072796934866,-0.015812,0.838,0.205,6.3,2.0,0.7,0.5096011816838996,0.4066629629629629,0.1061390333333333,-0.0,,
2210,Richard Jefferson,2016-17,37.0,20.4,0.121,0.574,0.0747742347598036,0.0945558739255014,0.0031472412343449,1.0,49.92115659838541,3.95,0.7,0.3,0.1511111111111111,0.8488888888888889,0.3498677876466201,1.0,0.0548424068767908,-0.0509999999999999,0.051,0.07,-0.421487603305785,-0.002601,0.157,0.027,0.4,0.2,0.0,0.4120734908136483,0.0,0.0,-0.0,,
1626158,Richaun Holmes,2016-17,23.0,20.9,0.184,0.611,0.1485831878810104,0.0226876090750436,0.0117272560220666,1.0,50.55054010951151,4.5,0.8,1.9,0.19,0.81,0.35,0.5,0.014043630017452,-0.075,-0.047,0.109,-0.4076086956521739,0.003525,0.178,0.082,0.2,0.0,0.0,0.5752427184466019,0.359949040139616,0.0662306233856893,-0.0,,
201937,Ricky Rubio,2016-17,26.0,32.9,0.171,0.539,0.0397238549778811,0.598079561042524,0.002808959990153,1.0,49.89441351782696,4.54,7.9,0.2,0.8777777777777778,0.1222222222222222,0.7302917771883289,0.8186159812255194,0.0248587105624142,-0.021,-0.08,0.15,-0.1228070175438597,0.00168,0.575,0.287,3.7,0.4,0.1,0.3415384615384615,0.4207548773052889,0.0719490840192044,-0.0,MIN,
203496,Robert Covington,2016-17,26.0,31.6,0.188,0.534,0.0387492017177565,0.0869047619047619,0.0031586356578671,1.0,49.619035516745015,4.61,1.3,0.6,0.1666666666666666,0.8333333333333334,0.3084198125031332,0.6246848246918829,0.0,-0.0179999999999999,0.0409999999999999,0.17,-0.0957446808510637,-0.0007379999999999,0.212,0.03,0.8,0.5,0.2,0.4631147540983606,0.2856993055555555,0.0537114694444444,-0.0,PHI,
201577,Robin Lopez,2016-17,29.0,28.0,0.172,0.511,0.0194150997364691,0.0535714285714285,0.0013849442650667,1.0,49.13201236243951,4.3,0.9,3.0,0.3,0.7,0.2567338709677418,1.0,0.0267857142857142,-0.0989999999999999,-0.08,0.073,-0.5755813953488372,0.00792,0.319,0.296,0.4,0.0,0.0,0.6154776299879081,0.40048125,0.068882775,-0.0,,
203918,Rodney Hood,2016-17,24.0,27.0,0.227,0.522,0.0785216594545944,0.5023474178403756,0.008492357242663,0.8529323106809124,48.47926022307303,4.53,2.2,0.6000000000000001,0.2444444444444444,0.7555555555555555,0.3459140556485688,0.8879425320084293,0.0770821596244131,-0.03,0.0979999999999999,0.197,-0.13215859030837,-0.0029399999999999,0.518,0.174,4.3,1.7,0.5,0.5473411154345007,0.2527887323943662,0.0573830422535211,-0.0,UTA,0.6031621426540387
203585,Rodney McGruder,2016-17,25.0,25.2,0.123,0.506,0.064311418004191,0.1727078891257995,0.0027742510087278,1.0,49.64431297165137,4.87,0.9,0.3,0.1955555555555555,0.8044444444444445,0.4134856300663226,0.7541039076812587,0.039818763326226,-0.016,-0.006,0.107,-0.1300813008130081,9.600000000000008e-05,0.332,0.056,0.7,0.2,0.0,0.4282608695652174,0.3037794503672116,0.037364872395167,-0.0,,
1627758,Ron Baker,2016-17,24.0,16.5,0.149,0.456,-0.0008275462084307,0.4564564564564564,-4.759613151021954e-05,1.0,,4.91,2.3,0.4,0.4177777777777777,0.5822222222222222,0.3735408560311284,0.8295000875103418,0.0276066066066066,0.02,-0.093,0.169,0.1342281879194632,-0.00186,0.488,0.149,1.0,0.3,0.1,0.488479262672811,0.2973033166499833,0.0442981941808475,-0.0,,
1626178,Rondae Hollis-Jefferson,2016-17,22.0,22.6,0.185,0.517,0.0212321174338218,0.4158215010141988,0.0016894716175324,1.0,49.91797342715786,4.97,1.6,1.5,0.3,0.7,0.9565217391304348,1.0,0.0371602434077078,-0.1009999999999999,0.2039999999999999,0.084,-0.5459459459459459,-0.0206039999999999,0.455,0.107,0.9,0.1,0.0,0.6489563567362429,0.2891458417849898,0.0534919807302231,-0.0,,
200752,Rudy Gay,2016-17,30.0,33.8,0.246,0.559,0.0878108869178402,0.4111111111111111,0.0107139847615637,1.0,,4.42,2.6,4.6,0.4599999999999999,0.54,0.2895927601809955,0.4820302767580241,0.0741888888888889,0.01,-0.131,0.256,0.040650406504065,-0.00131,0.502,0.149,4.1,0.7,0.2,0.6131221719457014,0.3736221111111111,0.0919110393333333,-0.0,,
203497,Rudy Gobert,2016-17,25.0,33.9,0.166,0.681,0.2226541650769722,0.0165912518853695,0.0150588898195035,1.0,48.69255386658446,4.53,1.5,2.5,0.25,0.75,0.5,0.0011450629324597,0.0114645550527903,0.0239999999999999,0.0429999999999999,0.19,0.144578313253012,0.0010319999999999,0.259,0.004,0.0,0.0,0.0,0.8556851311953353,0.4136463046757164,0.0686652865761689,-0.0,UTA,0.5373643096790529
201566,Russell Westbrook,2016-17,28.0,34.6,0.402,0.554,0.0834961184839958,0.7872122762148338,0.0212816534252501,0.970646887360346,49.32877160621985,4.72,9.2,2.5,1.0,0.0,0.8270582174137041,0.0941645547146276,0.0148496163682864,0.1959999999999999,0.0149999999999999,0.598,0.4875621890547262,0.0029399999999999,0.812,0.169,12.4,5.0,1.7,0.5530592734225621,0.4235342710997443,0.1702607769820972,-0.0049571494434782,OKC,
201583,Ryan Anderson,2016-17,29.0,29.4,0.178,0.583,0.1250453759488289,0.1047835990888382,0.0093906929396428,0.7502866076081293,49.26011031690109,4.38,1.1,0.8,0.1222222222222222,0.8777777777777778,0.2011981477675278,0.5,0.0184236902050113,-0.0639999999999999,-0.0289999999999999,0.114,-0.3595505617977527,0.0018559999999999,0.245,0.065,1.8,0.5,0.2,0.2485549132947976,0.2539890534042014,0.0452100515059478,-0.0,,
1626257,Salah Mejri,2016-17,31.0,12.4,0.105,0.65,0.1640901156250678,0.0246913580246913,0.0055829838253235,1.0,,4.22,0.4,0.8999999999999999,0.09,0.91,0.2,0.4705932638121535,0.0157037037037037,-0.059,-0.025,0.046,-0.5619047619047619,0.001475,0.295,0.038,0.0,0.0,0.0,0.7407407407407407,0.3380614814814814,0.0354964555555555,-0.0,,
203930,Sean Kilpatrick,2016-17,27.0,25.1,0.232,0.546,0.076280311467924,0.4696969696969696,0.008524019509178,1.0,49.870465667394846,4.69,2.5,0.7999999999999999,0.3266666666666666,0.6733333333333333,0.7047619047619047,0.520064376323256,0.0116022727272727,0.0789999999999999,-0.033,0.311,0.3405172413793103,-0.002607,0.456,0.085,2.7,1.2,0.5,0.4703448275862069,0.3286138257575757,0.0762384075757575,-0.0,,
201586,Serge Ibaka,2016-17,27.0,30.7,0.208,0.566,0.0906645132478939,0.0333670374115267,0.0086006710344941,1.0,49.5805173439297,4.35,1.3,3.3000000000000003,0.33,0.6699999999999999,0.1604132448590762,0.5,0.0188523761375126,-0.059,-0.0299999999999999,0.149,-0.2836538461538461,0.0017699999999999,0.251,0.247,1.5,0.0,0.0,0.463063063063063,0.3278335692618807,0.0681893824064711,-0.0,TOR,0.578804418292557
200771,Sergio Rodriguez,2016-17,31.0,22.3,0.189,0.484,0.0899098819419104,0.7278797996661102,0.0073875449036533,1.0,49.606156461107226,5.59,4.9,0.1,0.7755555555555554,0.2244444444444445,0.226804269790289,0.5,0.07549081803005,0.001,-0.075,0.19,0.0052910052910052,-7.500000000000007e-05,0.643,0.174,4.4,2.3,0.8,0.2705223880597014,0.4327998182155443,0.0817991656427378,-0.0,,
203552,Seth Curry,2016-17,26.0,29.0,0.193,0.601,0.1763681936899295,0.5802781289506953,0.0149539605475337,1.0,49.66014566694281,4.47,4.1,0.1,0.4555555555555555,0.5444444444444445,0.318782361308677,0.1855827676024403,0.0037307206068268,-0.015,0.064,0.178,-0.077720207253886,-0.00096,0.562,0.183,4.1,1.5,0.7,0.4154727793696275,0.4266737533361426,0.0823480343938755,-0.0,,
203498,Shabazz Muhammad,2016-17,24.0,19.4,0.209,0.566,0.083778002192316,0.2183235867446394,0.0080047805249734,1.0,,4.38,0.7,1.7999999999999998,0.18,0.8200000000000001,0.3879598662207358,0.1822728241689059,0.0291539961013645,0.036,-0.0079999999999998,0.245,0.1722488038277512,-0.0002879999999999,0.274,0.08,0.8,0.1,0.0,0.6605351170568562,0.3090691423001949,0.0645954507407407,-0.0,,
2733,Shaun Livingston,2016-17,31.0,17.7,0.132,0.568,0.1218661330316952,1.0,0.0058444537666823,1.0911196034658897,,4.82,2.1,1.0,0.3244444444444444,0.6755555555555556,0.2246835443037974,0.5,0.0,-0.056,0.182,0.076,-0.4242424242424243,-0.010192,0.486,0.35,2.3,0.0,0.0,0.7973333333333333,0.358959298245614,0.047382627368421,-0.0,,
202714,Shelvin Mack,2016-17,27.0,21.9,0.191,0.518,0.0855926450554187,0.6953125,0.0071447411372045,1.0582053763436094,48.63230601705818,4.75,3.9,0.1,0.4666666666666666,0.5333333333333334,0.5243181558826884,0.2233320290075408,0.03109375,-0.001,0.123,0.19,-0.0052356020942408,-0.000123,0.612,0.14,2.6,1.0,0.3,0.5116279069767442,0.2548307356366459,0.0486726705065993,-0.0,,
203524,Solomon Hill,2016-17,26.0,29.7,0.114,0.527,0.0680859861673931,0.2876447876447877,0.0026206861241795,1.0,48.93219754871561,4.46,1.3,0.1,0.1777777777777777,0.8222222222222222,0.629623430962343,1.0,0.0466235521235521,-0.036,0.1129999999999999,0.078,-0.3157894736842105,-0.004068,0.317,0.032,0.8,0.3,0.1,0.3326359832635983,0.2958439081939082,0.0337262055341055,-0.0,,
203915,Spencer Dinwiddie,2016-17,24.0,22.6,0.14,0.581,0.0894206965237586,1.0,0.0046841425355002,1.0,50.63057935195254,4.56,3.2,0.2,0.4666666666666666,0.5333333333333334,0.951543942992874,0.1057743248914556,0.0,0.093,0.218,0.233,0.6642857142857143,0.020274,0.679,0.134,2.1,0.9,0.3,0.5324232081911263,0.3405162037037036,0.0476722685185185,-0.0,,
1626169,Stanley Johnson,2016-17,21.0,17.8,0.144,0.436,-0.0119292416069396,0.3930635838150289,-0.0006518633628045,1.0,,4.64,1.0,0.0,0.2355555555555555,0.7644444444444445,0.1614583333333333,0.4255977707195796,0.0214248554913294,0.002,0.199,0.146,0.0138888888888889,0.000398,0.45,0.224,1.7,0.3,0.1,0.3561643835616438,0.2554975337186898,0.0367916448554913,-0.0,,
201939,Stephen Curry,2016-17,29.0,33.4,0.286,0.624,0.1641439474520333,0.5566101694915253,0.0251057918111789,1.1099285357763782,48.418503317719065,5.13,5.3,0.9,0.6377777777777777,0.3622222222222223,0.5379525805755313,0.089265187123104,0.0779823728813558,0.064,-0.006,0.35,0.2237762237762238,-0.000384,0.477,0.1,7.7,5.2,1.9,0.4056980056980057,0.5148717800875151,0.1472533291050293,-0.0,GSW,0.6022556213383147
204456,T.J. McConnell,2016-17,25.0,26.3,0.142,0.504,0.0895991219878761,1.0,0.0047944221427826,1.0,49.829875350656046,5.35,5.7,0.1,0.8311111111111111,0.1688888888888888,0.5825706845238094,0.1773844461554722,0.0,0.015,0.0669999999999999,0.157,0.1056338028169015,0.001005,0.725,0.176,2.0,0.2,0.0,0.62890625,0.4252926794125796,0.0603915604765863,-0.0,,
203933,T.J. Warren,2016-17,23.0,31.0,0.188,0.539,0.1324034681646434,0.3164893617021276,0.0107928498454324,1.0,49.63658850498614,4.63,1.4,2.0,0.2,0.8,0.5438005633127583,0.4839303596666277,0.0037101063829786,-0.041,-0.058,0.147,-0.2180851063829787,0.002378,0.439,0.223,3.6,0.2,0.0,0.5989911727616646,0.3385739361702127,0.0636518999999999,-0.0,,
201959,Taj Gibson,2016-17,32.0,25.5,0.188,0.543,0.065353959740508,0.127062706270627,0.005327318718016,0.7984865470852018,48.99498615517943,4.42,1.3,4.4,0.44,0.5599999999999999,0.3318681318681318,1.0,0.0139719471947194,-0.116,0.0199999999999999,0.072,-0.6170212765957447,-0.0023199999999999,0.342,0.139,0.3,0.0,0.0,0.7442799461641992,0.49368,0.09281184,-0.0,,
203093,Terrence Jones,2016-17,25.0,23.5,0.209,0.515,0.073382316127918,0.2577696526508227,0.0070114984798728,1.0,49.20468462886587,4.36,1.3,2.1,0.21,0.79,0.8087912087912088,0.7795756931260256,0.0218372943327239,-0.037,-0.097,0.172,-0.1770334928229665,0.003589,0.329,0.082,0.8,0.3,0.0,0.6707317073170732,0.308648436928702,0.0645075233180987,-0.0,,
203082,Terrence Ross,2016-17,26.0,25.1,0.185,0.55,0.1198723744892465,0.2954230235783633,0.0095384256919754,1.0,49.47845481564335,4.72,1.0,0.4,0.1466666666666666,0.8533333333333333,0.2335790884718497,0.3520248486861586,0.0044854368932038,-0.007,-0.037,0.178,-0.0378378378378378,0.000259,0.337,0.198,3.1,1.1,0.4,0.4186991869918699,0.3173483495145631,0.0587094446601941,-0.0,,
1626179,Terry Rozier,2016-17,23.0,17.1,0.167,0.466,0.0358163309301852,0.53862660944206,0.0024443072776972,0.9640965403857304,,4.87,2.6,0.2,0.3644444444444444,0.6355555555555555,0.2895377128953771,1.0,0.0568111587982832,-0.111,0.434,0.0559999999999999,-0.6646706586826348,-0.048174,0.49,0.137,1.8,0.7,0.2,0.4117647058823529,0.3253988502298707,0.0543416079883884,-0.0,,
201152,Thaddeus Young,2016-17,29.0,30.2,0.163,0.562,0.1268874353080925,0.1540656205420827,0.0083502605336491,0.0,49.43033062217566,4.57,1.4,2.3,0.2299999999999999,0.77,0.5548387096774193,0.5,0.0306890156918687,-0.063,-0.212,0.1,-0.3865030674846625,0.013356,0.24,0.066,0.4,0.0,0.0,0.6532593619972261,0.288218302425107,0.0469795832952924,-0.0,IND,0.5862544882292422
204025,Tim Frazier,2016-17,26.0,23.5,0.161,0.504,0.0627911157850037,0.6953907815631262,0.0040563648852061,1.0,48.933709272987485,4.73,4.4,0.2,0.6933333333333334,0.3066666666666666,0.7212551900351325,0.7195928235571267,0.0169018036072144,-0.0239999999999999,0.0729999999999999,0.137,-0.1490683229813664,-0.0017519999999999,0.644,0.129,2.3,1.0,0.3,0.4851485148514851,0.3920898062792251,0.0631264588109552,-0.0,,
203501,Tim Hardaway Jr.,2016-17,25.0,27.3,0.218,0.568,0.1078876909134608,0.359903381642512,0.0109813728793583,0.8032320379385653,49.371688918267274,4.49,1.7,0.4,0.3044444444444444,0.6955555555555555,0.5920461479786421,0.3421971380037463,0.0428442028985507,-0.0199999999999999,0.133,0.198,-0.091743119266055,-0.0026599999999999,0.289,0.089,3.0,1.3,0.5,0.4612286002014099,0.2516306462316178,0.0548554808784926,-0.0,,
1627789,Timothe Luwawu-Cabarrot,2016-17,22.0,17.2,0.175,0.536,0.0483003198203104,0.2481389578163772,0.0035359578504657,1.0,,5.33,0.8,0.3,0.2066666666666666,0.7933333333333333,0.4,0.3864597605390557,0.0311166253101736,0.007,0.118,0.182,0.04,0.000826,0.234,0.004,0.4,0.1,0.0,0.5069252077562327,0.2931496360628619,0.0513011863110008,-0.0,,
202699,Tobias Harris,2016-17,24.0,31.3,0.214,0.568,0.1205124659149666,0.314070351758794,0.0119303348452759,1.0,49.60139877171265,4.7,2.0,2.3,0.2299999999999999,0.77,0.4889413126854329,0.5,0.0073994974874371,-0.0739999999999999,-0.0929999999999999,0.14,-0.3457943925233644,0.0068819999999999,0.393,0.195,3.1,0.2,0.0,0.5145813734713076,0.3398493090452262,0.0727277521356784,-0.0,,
2754,Tony Allen,2016-17,35.0,27.0,0.178,0.493,0.0445021463536178,0.290529695024077,0.0033420347485131,1.0,50.24176853652334,4.13,1.7,0.8,0.1888888888888888,0.8111111111111111,0.657142857142857,0.9676974202969488,0.0104478330658106,-0.0489999999999999,0.0789999999999999,0.129,-0.2752808988764044,-0.0038709999999999,0.423,0.037,0.3,0.0,0.0,0.7546218487394958,0.2844726770108792,0.0506361365079365,-0.0,,
2225,Tony Parker,2016-17,35.0,25.2,0.204,0.514,0.0964174180437438,0.7902187902187903,0.0088838404150934,1.1107221083081071,48.676821273383325,4.94,5.4,0.2,0.6133333333333334,0.3866666666666666,0.5696777973052138,0.1737790312648918,0.0,0.005,0.026,0.209,0.0245098039215686,0.00013,0.687,0.285,2.9,0.0,0.0,0.5480916030534351,0.4838099184899185,0.0986972233719433,-0.0,,
203503,Tony Snell,2016-17,25.0,29.2,0.121,0.603,0.1039544724471044,0.0872600349040139,0.00437543497745,1.0,49.885388777257546,4.02,0.8,0.1,0.1288888888888889,0.8711111111111112,0.1532619332390996,0.5,0.0530541012216404,-0.033,-0.2599999999999999,0.088,-0.2727272727272727,0.0085799999999999,0.146,0.082,0.7,0.1,0.0,0.281303602058319,0.3822717238704674,0.0462548785883265,-0.0,,
2772,Trevor Ariza,2016-17,32.0,34.7,0.14,0.548,0.0872831023616354,0.133248730964467,0.0045721685056874,0.7665315709926163,49.694325371498536,4.21,1.3,0.7,0.1955555555555555,0.8044444444444445,0.2125413533834586,0.5,0.0235583756345177,-0.04,-0.217,0.1,-0.2857142857142857,0.00868,0.184,0.021,1.5,1.1,0.3,0.3045912653975364,0.313424593417056,0.0438794430783878,-0.0,,
202344,Trevor Booker,2016-17,29.0,24.7,0.185,0.554,0.1107710921016302,0.3673835125448028,0.0088142229211047,1.0,49.702380615844355,4.75,1.9,2.4,0.2911111111111111,0.7088888888888889,0.616867469879518,0.4800025936440903,0.022584229390681,-0.043,0.002,0.142,-0.2324324324324325,-8.60000000000001e-05,0.518,0.082,1.0,0.3,0.1,0.6871794871794872,0.3475772919155714,0.0643017990043807,-0.0,,
202684,Tristan Thompson,2016-17,26.0,30.0,0.112,0.594,0.1578231771511274,0.061503416856492,0.0059155865925163,1.0,49.64207973720268,4.48,1.0,2.0,0.2,0.8,0.4892857142857143,0.4774999999999998,0.0400387243735763,-0.038,-0.1909999999999999,0.074,-0.3392857142857143,0.0072579999999999,0.29,0.022,0.1,0.0,0.0,0.8393194706994329,0.3344801822323462,0.0374617804100227,-0.0,CLE,0.6190000000000001
201951,Ty Lawson,2016-17,29.0,25.1,0.19,0.551,0.0764792816788901,0.675531914893617,0.0063339437421444,1.0,49.49256260563032,4.35,5.1,0.1,0.6666666666666666,0.3333333333333333,0.8055656382335148,1.0,0.0255585106382978,-0.0569999999999999,0.0129999999999999,0.133,-0.3,-0.0007409999999999,0.73,0.226,3.1,0.6,0.2,0.4080459770114942,0.3987012411347517,0.0757532358156028,-0.0,,
204020,Tyler Johnson,2016-17,25.0,29.8,0.203,0.535,0.0592656074786884,0.4274725274725275,0.0054205929659447,1.0,49.41392334521792,4.62,3.2,0.5,0.3777777777777777,0.6222222222222222,0.6532348139874559,0.405191280702832,0.0640978021978022,-0.004,0.0449999999999999,0.199,-0.0197044334975369,-0.0001799999999999,0.417,0.156,2.6,0.2,0.1,0.470873786407767,0.3319770695970696,0.0673913451282051,-0.0,,
1627755,Tyler Ulis,2016-17,21.0,18.4,0.199,0.474,0.0447900961653358,1.0,0.0039761394688486,1.0,,4.72,3.6,0.0,0.6599999999999999,0.3400000000000001,0.1169977924944812,1.0,0.0,-0.093,0.2199999999999999,0.106,-0.4673366834170854,-0.02046,0.842,0.396,4.6,0.7,0.2,0.348235294117647,0.3483590322580646,0.0693234474193548,-0.0,,
201936,Tyreke Evans,2016-17,27.0,19.7,0.262,0.501,0.0648480352817504,0.7321428571428571,0.0086965852718322,1.0,,4.38,3.4,0.4,0.6244444444444445,0.3755555555555555,0.4,1.0,0.088907967032967,0.015,-0.184,0.277,0.0572519083969466,-0.00276,0.7,0.068,2.6,1.6,0.6,0.5378378378378378,0.3753214178876679,0.0983342114865689,-0.0,,
2199,Tyson Chandler,2016-17,34.0,27.6,0.112,0.703,0.2129498198303178,0.0047169811320754,0.0079818637655527,1.0,,4.18,0.9,1.0,0.1,0.9,0.2,0.4658072582759857,0.0031792452830188,-0.062,0.221,0.05,-0.5535714285714286,-0.013702,0.379,0.0,0.0,0.0,0.0,0.8450704225352113,0.3689514150943396,0.041322558490566,-0.0,,
1626145,Tyus Jones,2016-17,21.0,12.9,0.132,0.523,0.0247444187459809,1.0,0.0011866923791427,1.0,,4.62,2.0,0.0,0.6133333333333334,0.3866666666666666,0.2375690607734806,1.0,0.0,-0.04,-0.153,0.092,-0.3030303030303031,0.00612,0.467,0.105,0.9,0.3,0.1,0.5414364640883977,0.3223956266666666,0.04255622272,-0.0,,
203506,Victor Oladipo,2016-17,25.0,33.2,0.21,0.534,0.0855105128687798,0.4088848594741613,0.0082290263566492,1.0632930085809544,49.28308461712154,4.53,2.4,0.6,0.2711111111111111,0.7288888888888889,0.4882607218945872,0.5,0.058303717135086,-0.068,0.143,0.142,-0.3238095238095238,-0.009724,0.432,0.161,4.0,0.7,0.3,0.4672708962739174,0.2452808448339545,0.0515089774151304,-0.0,,
1713,Vince Carter,2016-17,40.0,24.7,0.147,0.542,0.0941922749447978,0.2214022140221402,0.0053087379508164,1.753806294612186,50.27906546708967,4.17,1.3,0.8,0.2488888888888888,0.7511111111111111,0.4804447151995125,0.5,0.0359963099630996,-0.0479999999999999,-0.13,0.099,-0.3265306122448979,0.00624,0.295,0.061,1.3,0.7,0.2,0.3860640301318267,0.4026555912995028,0.0591903719210269,-0.0,,
201961,Wayne Ellington,2016-17,29.0,24.2,0.174,0.565,0.0993960653974737,0.090497737556561,0.0072142811871442,1.0,49.108593315485145,4.64,0.8,0.1,0.1555555555555555,0.8444444444444444,0.0709909909909909,0.4222124624386441,0.0158823529411764,-0.0169999999999999,-0.0559999999999999,0.157,-0.0977011494252872,0.0009519999999999,0.13,0.173,2.5,1.3,0.5,0.3135135135135135,0.3178457516339869,0.0553051607843137,-0.0,MIA,0.5452302714635079
202083,Wesley Matthews,2016-17,30.0,34.2,0.193,0.533,0.0777109917603863,0.3747126436781609,0.0065889834248548,1.0,49.54259915624202,4.31,2.1,1.1,0.3066666666666667,0.6933333333333334,0.3873101819810283,0.8041910996348574,0.065255172413793,-0.013,-0.054,0.18,-0.0673575129533679,0.000702,0.42,0.124,4.2,1.6,0.5,0.3145258103241296,0.3297666206896552,0.0636449577931034,-0.0,,
203115,Will Barton,2016-17,26.0,28.4,0.207,0.547,0.1031232675801167,0.5972060535506403,0.0097120784965698,1.0,49.54766453012088,4.6,2.7,0.6,0.4111111111111111,0.5888888888888889,0.6942942942942942,0.2450975952897188,0.0493864959254947,0.035,-0.043,0.242,0.1690821256038647,-0.001505,0.539,0.085,3.1,1.3,0.6,0.5428134556574924,0.360971750097012,0.0747211522700814,-0.0,,
1626161,Willie Cauley-Stein,2016-17,23.0,18.9,0.195,0.558,0.0907375027922074,0.0717592592592592,0.0078133762811181,1.0,,4.47,0.9,2.7,0.27,0.73,0.2,0.119324680144364,0.0419791666666666,0.035,0.0509999999999999,0.23,0.1794871794871795,0.0017849999999999,0.275,0.098,0.7,0.0,0.0,0.7270833333333333,0.3448182291666667,0.0672395546875,-0.0,,
1626195,Willy Hernangomez,2016-17,23.0,18.4,0.199,0.564,0.0830304229324028,0.0551020408163265,0.0073708379753877,1.0,,4.69,1.0,2.5,0.2577777777777778,0.7422222222222222,0.2,0.1612741705077127,0.0312979591836734,-0.004,0.036,0.195,-0.0201005025125628,-0.000144,0.386,0.072,0.2,0.0,0.0,0.7247311827956989,0.3375259501133785,0.0671676640725623,-0.0,,
201163,Wilson Chandler,2016-17,30.0,30.9,0.217,0.545,0.0991852177765284,0.4139676113360324,0.0100262043503476,1.0,48.95429609092361,4.31,2.0,1.3,0.2222222222222222,0.7777777777777778,0.5479039597250459,0.4509227137816262,0.0470526315789473,-0.033,-0.115,0.184,-0.152073732718894,0.003795,0.397,0.113,2.9,0.7,0.2,0.6179653679653679,0.3195789473684211,0.0693486315789473,-0.0,,
1627812,Yogi Ferrell,2016-17,24.0,26.0,0.192,0.533,0.0861658529927546,0.6789772727272727,0.0072491491385557,1.0,,4.69,5.0,0.3,0.5555555555555556,0.4444444444444444,0.2161339421613394,0.1938258088328848,0.0751590909090908,0.033,0.146,0.225,0.171875,0.004818,0.644,0.147,4.2,1.9,0.8,0.365482233502538,0.3794318181818182,0.072850909090909,-0.0,,
203897,Zach LaVine,2016-17,22.0,37.2,0.215,0.576,0.1110351818893527,0.4638429752066116,0.0110692526015131,1.0,,4.66,3.0,0.8,0.3333333333333333,0.6666666666666667,0.2943661971830986,0.5,0.0943595041322314,-0.0519999999999999,-0.1209999999999999,0.163,-0.241860465116279,0.0062919999999999,0.405,0.146,5.8,2.5,0.9,0.452112676056338,0.3537603305785123,0.0760584710743801,-0.0,,
2216,Zach Randolph,2016-17,35.0,24.5,0.28,0.49,0.0533981693330662,0.2046979865771812,0.0079115834851989,0.8010770547366761,50.05138666899637,3.99,1.6,5.699999999999999,0.57,0.43,0.5900980761976613,1.0,0.0023982102908277,-0.046,0.047,0.234,-0.1642857142857143,-0.002162,0.497,0.222,1.5,0.1,0.0,0.5988538681948424,0.3165624454697985,0.0886374847315436,-0.0,,
2585,Zaza Pachulia,2016-17,33.0,18.1,0.15,0.588,0.0545904612202328,0.0716417910447761,0.0031714192075161,1.0,,4.55,0.8,1.5,0.2911111111111111,0.7088888888888889,0.2,1.0,0.0391164179104477,-0.045,-0.1889999999999999,0.105,-0.3,0.0085049999999999,0.195,0.085,0.1,0.0,0.0,0.6648501362397821,0.3068450812603648,0.0460267621890547,-0.0,,
203932,Aaron Gordon,2017-18,22.0,32.9,0.238,0.53,0.0982217861512398,0.3770491803278688,0.0114044215753369,1.0,50.41603234211029,5.05,2.4,2.2,0.2666666666666666,0.7333333333333334,0.6227644799627574,0.5,0.0886721311475409,-0.0399999999999999,-0.003,0.198,-0.1680672268907562,0.00012,0.405,0.102,4.4,1.8,0.4,0.4265734265734265,0.3314409836065573,0.0788829540983606,-0.0,ORL,0.5683330384133304
1626151,Aaron Harrison,2017-18,23.0,25.9,0.147,0.392,-0.1067858028703777,0.268630849220104,-0.0060185173851954,1.0,,4.52,1.1,0.0,0.1599999999999999,0.8400000000000001,0.2589147286821705,0.5,0.0149220103986135,0.131,0.3019999999999999,0.278,0.8911564625850343,0.039562,0.368,0.1,2.3,0.7,0.1,0.3043478260869565,0.1897052339688041,0.0278866693934142,-0.0,,
201143,Al Horford,2017-18,32.0,31.6,0.183,0.575,0.1233134075577468,0.2743823146944083,0.0096535474033431,1.1111378136776926,50.08184761198415,4.3,2.3,3.8,0.5,0.5,0.4399696452286094,0.5,0.0512873862158647,-0.042,0.068,0.141,-0.2295081967213115,-0.002856,0.329,0.14,1.5,0.1,0.1,0.4707158351409978,0.4391375544242221,0.0803621724596326,-0.0,BOS,0.579167810809448
202329,Al-Farouq Aminu,2017-18,27.0,30.0,0.145,0.522,0.0813385642407826,0.1599402092675635,0.0044910563626053,2.038366911680695,50.72064968367729,4.46,1.2,0.2,0.1333333333333333,0.8666666666666667,0.4102601865488462,1.0,0.0330179372197309,-0.043,-0.093,0.102,-0.296551724137931,0.003999,0.257,0.019,1.0,0.4,0.1,0.3496835443037974,0.3603806391914015,0.0522551926827532,-0.0,,
202692,Alec Burks,2017-18,26.0,16.5,0.221,0.527,0.0314511776912346,0.6295454545454545,0.0032675731803856,1.4814495570630537,,4.43,1.3,0.3,0.2311111111111111,0.768888888888889,0.2850241545893719,0.7692884678532379,0.1268386363636363,-0.0209999999999999,-0.091,0.2,-0.0950226244343891,0.0019109999999999,0.506,0.113,2.3,1.1,0.4,0.5073375262054507,0.2075475963006268,0.0458680187824385,-0.0,,
203458,Alex Len,2017-18,25.0,20.2,0.164,0.612,0.1269860882771221,0.0242130750605326,0.0084337731897837,1.0,50.31342082665655,4.52,0.8,2.2,0.22,0.78,0.5,0.4690936429757127,0.0144067796610169,-0.061,-0.047,0.103,-0.3719512195121952,0.002867,0.322,0.031,0.0,0.0,0.0,0.8143236074270557,0.3541618644067796,0.0580825457627118,-0.0,,
203459,Allen Crabbe,2017-18,26.0,29.3,0.183,0.558,0.1351711377062677,0.106578947368421,0.0105818257013148,1.0,50.84969555212407,4.57,1.2,0.4,0.1822222222222222,0.8177777777777777,0.1489677915796416,0.5,0.0098749999999999,-0.0489999999999999,-0.022,0.134,-0.26775956284153,0.001078,0.139,0.087,2.7,1.0,0.2,0.415211970074813,0.3441005555555556,0.0629704016666666,-0.0,,
203083,Andre Drummond,2017-18,24.0,33.7,0.207,0.555,0.1152072772937877,0.1333333333333333,0.0108501422298713,1.0,50.28202924076883,4.12,1.8,3.1,0.3111111111111111,0.6888888888888889,0.4707964601769911,0.0593024447546527,0.0259999999999999,-0.0069999999999999,-0.017,0.2,-0.0338164251207728,0.0001189999999999,0.455,0.014,0.4,0.1,0.0,0.8577929465301479,0.3671111111111111,0.0759919999999999,-0.0,,
2738,Andre Iguodala,2017-18,34.0,25.4,0.112,0.536,0.0842897165780312,0.2944606413994169,0.0031593782755908,0.0,50.43466398382509,4.64,2.3,0.6,0.3755555555555556,0.6244444444444444,0.6797499999999999,0.3757561807331563,0.0,-0.025,-0.036,0.087,-0.2232142857142857,0.0009,0.351,0.115,1.1,0.5,0.2,0.4493827160493827,0.3066807126660188,0.0343482398185941,-0.0,,
203460,Andre Roberson,2017-18,26.0,26.6,0.085,0.543,0.1198044397987618,0.0151975683890577,0.0029689391823357,1.0,,4.61,0.5,0.5,0.1311111111111111,0.8688888888888889,0.2,0.4097548889353105,0.0088601823708206,-0.031,0.1659999999999999,0.054,-0.3647058823529412,-0.0051459999999999,0.218,0.0,0.0,0.0,0.0,0.5838926174496645,0.3247079635258358,0.027600176899696,-0.0,,
1626150,Andrew Harrison,2017-18,23.0,23.7,0.195,0.534,0.0939572519584448,0.7046548956661316,0.0080906278143044,1.0,50.60946320550814,4.45,4.3,0.3,0.4933333333333333,0.5066666666666666,0.7557109557109556,0.5,0.0073996789727126,-0.019,-0.244,0.176,-0.0974358974358975,0.004636,0.707,0.135,2.8,0.9,0.3,0.4965034965034965,0.3678082397003746,0.071722606741573,-0.0,,
203952,Andrew Wiggins,2017-18,23.0,36.3,0.228,0.505,0.0917602399382747,0.5184466019417475,0.0099898004014119,1.0118826170622195,50.63724350716996,4.09,2.1,2.0,0.2333333333333333,0.7666666666666666,0.5475616835994193,0.4652470429152375,0.0915553398058252,-0.038,0.013,0.19,-0.1666666666666666,-0.000494,0.455,0.167,5.7,0.9,0.2,0.5727871250914411,0.301112705501618,0.0686536968543689,-0.0,,
203076,Anthony Davis,2017-18,25.0,36.4,0.291,0.612,0.1621172451638742,0.160699417152373,0.0254488814545556,0.1513865127474055,50.46121363628532,4.31,2.3,6.9,0.6900000000000001,0.3099999999999999,0.8923076923076922,0.0850441279508363,0.0313005828476269,-0.006,-0.008,0.285,-0.0206185567010309,4.800000000000008e-05,0.285,0.139,4.7,0.2,0.1,0.620048019207683,0.4416876703148982,0.1285311120616353,-0.0,,
201229,Anthony Tolliver,2017-18,33.0,22.2,0.144,0.663,0.1798195707259753,0.0170454545454545,0.0098260890284359,1.0,50.02704721022596,5.18,1.0,0.2,0.1688888888888889,0.8311111111111111,0.2452118644067796,0.4780107378889907,0.0109943181818181,0.023,-0.14,0.167,0.1597222222222223,-0.00322,0.073,0.014,0.2,0.1,0.0,0.2462845010615711,0.3705410984848485,0.0533579181818181,-0.0,,
203382,Aron Baynes,2017-18,31.0,18.3,0.166,0.502,0.0122109247494426,0.0183299389002036,0.0008258680915874,1.0,,4.22,0.7,1.8,0.2111111111111111,0.7888888888888889,0.2,1.0,0.0087067209775967,-0.14,-0.502,0.0259999999999999,-0.8433734939759037,0.07028,0.252,0.257,0.2,0.0,0.0,0.5717017208413002,0.3548900882552614,0.0589117546503734,-0.0,,
203085,Austin Rivers,2017-18,25.0,33.7,0.206,0.526,0.1116218448724016,0.6930409914204003,0.0104363834341688,1.0,50.673514978151765,4.6,5.2,0.4,0.5777777777777778,0.4222222222222221,0.5730095990965556,0.2218081848149457,0.0847969494756911,-0.0029999999999999,0.035,0.203,-0.0145631067961163,-0.0001049999999999,0.666,0.02,4.3,3.1,1.2,0.4779319041614123,0.4032824065247326,0.0830761757440949,-0.0,LAC,0.5699761342867788
202340,Avery Bradley,2017-18,27.0,31.2,0.229,0.496,0.0786146265533874,0.2430011198208286,0.0086150257370631,1.0,,4.69,1.4,0.6,0.2333333333333333,0.7666666666666667,0.2608,1.0,0.0174512877939529,-0.05,0.04,0.179,-0.2183406113537118,-0.002,0.247,0.201,3.4,0.7,0.2,0.4735152487961476,0.317305039193729,0.0726628539753639,-0.0,,
203463,Ben McLemore,2017-18,25.0,19.5,0.182,0.526,0.0801010089404427,0.1624713958810068,0.0062193510104255,1.0,,4.97,0.9,0.4,0.1733333333333333,0.8266666666666667,0.2887139107611549,1.0,0.0264599542334096,-0.122,-0.193,0.06,-0.6703296703296703,0.023546,0.204,0.123,1.5,0.6,0.1,0.4650537634408602,0.306556826849733,0.0557933424866514,-0.0,,
1627732,Ben Simmons,2017-18,21.0,33.7,0.219,0.557,0.152929306335242,0.7688937568455642,0.0156731716845112,0.9616433647583484,50.37778064056739,5.12,7.0,1.4,0.8044444444444444,0.1955555555555556,0.8097560975609757,0.2619516621794596,0.2046166484118291,-0.034,0.0929999999999999,0.185,-0.1552511415525114,-0.0031619999999999,0.656,0.047,2.4,0.0,0.0,0.7344734473447345,0.4625424544237556,0.1012967975188024,-0.0,PHI,0.573
202687,Bismack Biyombo,2017-18,25.0,18.2,0.146,0.556,0.1006486480600042,0.0201729106628242,0.0056148379860219,1.0,,4.41,0.8,1.2,0.1555555555555555,0.8444444444444444,0.2,0.3887813322068617,0.0114178674351585,-0.0369999999999999,0.2949999999999999,0.109,-0.2534246575342465,-0.0109149999999999,0.197,0.056,0.1,0.0,0.0,0.7579250720461095,0.320425232148575,0.0467820838936919,-0.0,,
201933,Blake Griffin,2017-18,29.0,34.0,0.285,0.544,0.0774640958807006,0.5605095541401275,0.0117860355415356,1.0,50.27384127401363,4.08,4.0,4.3,0.6355555555555555,0.3644444444444444,0.7390398804520407,0.367593315143903,0.0642492038216561,-0.001,-0.01,0.284,-0.0035087719298245,1.0000000000000018e-05,0.541,0.079,4.3,2.3,0.7,0.5015075376884423,0.3988717622080679,0.1136784522292993,-0.0,,
1626171,Bobby Portis,2017-18,23.0,22.5,0.25,0.548,0.0875139973181278,0.1735218508997429,0.0109392496647659,1.0,50.728382373550865,4.82,1.3,2.4000000000000004,0.2799999999999999,0.72,0.5747458926250542,0.4734833267334398,0.000939588688946,-0.036,-0.096,0.214,-0.144,0.003456,0.364,0.168,1.2,0.1,0.0,0.5120405576679341,0.3385986632390745,0.0846496658097686,-0.0,,
203992,Bogdan Bogdanović,2017-18,25.0,27.9,0.192,0.556,0.1146832919045186,0.5130208333333334,0.0096483265451603,1.0,50.76786577670336,4.79,2.5,0.6000000000000001,0.4066666666666666,0.5933333333333334,0.3566886481394253,0.3549531726369271,0.0581940104166666,0.0119999999999999,-0.049,0.204,0.0624999999999999,-0.0005879999999999,0.491,0.192,3.8,1.4,0.5,0.41222366710013,0.3719268793402778,0.0714099608333333,-0.0,,
202711,Bojan Bogdanovic,2017-18,29.0,30.8,0.185,0.605,0.1346945889542582,0.2678571428571428,0.01071785165953,1.046158556235901,50.3049132950358,4.5,1.3,1.0,0.1577777777777777,0.8422222222222222,0.5779737615725506,0.5,0.0333791208791209,-0.0689999999999999,0.082,0.116,-0.3729729729729729,-0.005658,0.312,0.096,2.0,0.6,0.3,0.4418103448275862,0.3096983194444445,0.0572941890972222,-0.0,IND,0.5669999999999998
203078,Bradley Beal,2017-18,25.0,36.3,0.268,0.564,0.1298916729542461,0.5908419497784343,0.0180211914898257,0.987019475463243,50.620823638357095,4.43,4.6,0.6000000000000001,0.5111111111111111,0.4888888888888889,0.5328438891453587,0.5,0.0922717872968981,0.0869999999999999,-0.1489999999999999,0.355,0.3246268656716417,-0.0129629999999999,0.52,0.2,7.7,2.4,0.7,0.4458438287153652,0.4134303744493346,0.1107993403524216,-0.0,,
1627742,Brandon Ingram,2017-18,20.0,33.5,0.218,0.536,0.1070727260251933,0.6122881355932203,0.0108984214949522,1.0,49.6549445862351,4.91,3.7,1.0,0.4111111111111111,0.5888888888888888,0.8465116279069766,0.2939283403673906,0.0908230932203389,-0.0259999999999999,-0.038,0.192,-0.1192660550458715,0.000988,0.57,0.192,3.9,0.2,0.1,0.6294349540078844,0.3620748175612053,0.0789323102283427,-0.0,,
201572,Brook Lopez,2017-18,30.0,23.4,0.23,0.557,0.0881908524477989,0.0916552667578659,0.0097278148154504,1.0,49.56781331238015,4.35,1.1,3.9,0.39,0.61,0.2217923182991361,0.5,0.0016497948016415,-0.069,0.1039999999999999,0.161,-0.3,-0.0071759999999999,0.322,0.06,1.3,0.1,0.0,0.472258064516129,0.3727633926128591,0.0857355803009576,-0.0,LAL,
1627741,Buddy Hield,2017-18,25.0,25.3,0.236,0.557,0.1487744581345397,0.4993678887484197,0.017056753830886,1.0,50.886048442601506,4.99,1.8,0.3,0.2822222222222222,0.7177777777777778,0.2999056158565359,0.3533203504700403,0.127,-0.0099999999999999,0.0979999999999999,0.226,-0.0423728813559321,-0.0009799999999999,0.418,0.187,5.2,2.1,0.8,0.3620689655172414,0.3615866666666666,0.0853344533333333,-0.0,,
203468,CJ McCollum,2017-18,26.0,36.1,0.259,0.536,0.1199671923337111,0.7354196301564723,0.0158129224487798,1.1377799287957255,50.144973827266554,4.95,4.5,0.3,0.5,0.5,0.4059800664451826,0.3068444167060313,0.0888748221906117,0.012,-0.04,0.271,0.0463320463320463,-0.00048,0.667,0.218,9.1,3.0,1.1,0.5050761421319797,0.4526598252387726,0.1172388947368421,-0.0,POR,0.5939999999999999
101139,CJ Miles,2017-18,31.0,19.1,0.214,0.545,0.0718509196271539,0.1024096385542168,0.007113002987573,1.6546354124422096,,4.54,0.6,0.1,0.1355555555555555,0.8644444444444445,0.0542570951585976,1.0,0.0178584337349397,-0.0579999999999999,0.0989999999999999,0.156,-0.2710280373831775,-0.0057419999999999,0.15,0.034,1.3,0.8,0.3,0.4339339339339339,0.3467822489959839,0.0742114012851405,-0.0,,
1627747,Caris LeVert,2017-18,23.0,26.2,0.216,0.525,0.0655729025781979,0.6281208935611038,0.006582714730072,1.0,50.66371170927625,4.61,3.4,0.2,0.5888888888888889,0.4111111111111111,0.6564625850340136,0.8144214722964662,0.1086018396846254,-0.005,-0.084,0.211,-0.0231481481481481,0.00042,0.584,0.061,2.8,1.3,0.4,0.4775910364145658,0.3737052051394365,0.0807203243101182,-0.0,,
2546,Carmelo Anthony,2017-18,34.0,32.1,0.223,0.503,0.0703881459001519,0.3228492136910268,0.0074123653997038,1.1119668982516493,50.48093595314287,4.11,1.8,2.9,0.29,0.71,0.3275684931506848,1.0,0.0351276595744681,-0.039,-0.15,0.184,-0.1748878923766816,0.00585,0.445,0.287,5.4,1.0,0.3,0.4463840399002494,0.2624727440748721,0.0585314219286964,-0.0,,
202718,Chandler Parsons,2017-18,29.0,19.2,0.18,0.578,0.15617349227428,0.3270588235294117,0.0119265842263026,1.0,,4.53,1.3,0.3,0.3511111111111111,0.6488888888888888,0.1709401709401709,0.5,0.0266823529411764,0.0259999999999999,-0.1779999999999999,0.206,0.1444444444444444,-0.0046279999999999,0.417,0.12,2.4,1.0,0.4,0.3547008547008547,0.3954145882352941,0.0711746258823529,-0.0,,
101112,Channing Frye,2017-18,35.0,13.1,0.151,0.599,0.0768212930091246,0.0730994152046783,0.0045076172646021,1.0,,4.36,0.6,0.8,0.1711111111111111,0.8288888888888889,0.1014150943396226,1.0,0.0415204678362573,0.093,-0.1489999999999999,0.244,0.6158940397350994,-0.0138569999999999,0.154,0.159,0.4,0.1,0.0,0.330188679245283,0.3082830149447693,0.0465507352566601,-0.0,,
101108,Chris Paul,2017-18,33.0,31.8,0.241,0.604,0.1601654180933187,0.8683989941324392,0.0189493499216043,1.0194906754461963,50.77795909514511,4.21,6.8,0.8999999999999999,0.8644444444444445,0.1355555555555555,0.4394573389996729,0.0535574822123365,0.0424182732606872,0.083,0.193,0.324,0.3443983402489627,0.016019,0.856,0.178,9.7,5.3,2.0,0.3687203791469194,0.5129392746160231,0.1236183651824615,-0.0,HOU,0.615462219329013
203991,Clint Capela,2017-18,24.0,27.5,0.19,0.65,0.224829252070478,0.0347826086956521,0.0186201517972138,1.0,50.190638071399874,4.53,1.3,3.1,0.31,0.69,0.4307692307692307,0.4314492984076663,0.0244173913043478,-0.0569999999999999,-0.1019999999999999,0.133,-0.3,0.0058139999999999,0.181,0.006,0.0,0.0,0.0,0.8412698412698413,0.4406555217391304,0.0837245491304347,-0.0,HOU,0.6038086816021961
202709,Cory Joseph,2017-18,26.0,27.0,0.143,0.503,0.076550690701422,0.6170940170940171,0.0041395503542703,0.8038285066780598,50.37361889117947,4.86,3.8,0.3,0.4222222222222222,0.5777777777777777,0.3687757293717557,1.0,0.0747333333333333,-0.0519999999999999,0.03,0.091,-0.3636363636363636,-0.00156,0.563,0.274,3.2,0.4,0.1,0.3643533123028391,0.2899009715830228,0.0414558389363722,-0.0,,
201584,Courtney Lee,2017-18,32.0,30.4,0.165,0.564,0.1180140401828814,0.4218289085545723,0.0079096924065388,1.0,50.614115424533104,4.48,1.8,0.5,0.2511111111111111,0.7488888888888889,0.3780453542042945,0.5,0.0694970501474926,-0.058,-0.1099999999999999,0.107,-0.3515151515151515,0.0063799999999999,0.408,0.206,3.8,0.8,0.3,0.4258760107816711,0.3374890675188462,0.0556856961406096,-0.0,,
1626156,D'Angelo Russell,2017-18,22.0,25.7,0.295,0.509,0.1029087957406918,0.6675191815856777,0.0164886659664871,1.0,,4.52,5.2,0.2,0.7733333333333332,0.2266666666666668,0.1949404761904762,0.3175761277118969,0.0274484228473998,0.042,-0.068,0.337,0.1423728813559323,-0.002856,0.694,0.151,5.7,2.5,0.7,0.4932935916542474,0.4473690650753054,0.1319738741972151,-0.0,,
201571,D.J. Augustin,2017-18,30.0,23.5,0.182,0.615,0.1502191925552596,0.6138279932546374,0.0116635969928732,1.0,50.172313116313994,4.74,4.4,0.3,0.5577777777777778,0.4422222222222222,0.7129629629629629,0.2590678038214535,0.0858010118043844,-0.0259999999999999,0.137,0.156,-0.1428571428571428,-0.0035619999999999,0.561,0.057,2.2,1.5,0.6,0.4485981308411215,0.4332172119168073,0.0788455325688589,-0.0,ORL,0.5461627228122478
203081,Damian Lillard,2017-18,27.0,36.6,0.295,0.594,0.1263878144816148,0.7357920193470375,0.0202506155107756,0.6278305217367967,50.13988911785928,4.52,7.9,0.3,0.8777777777777778,0.1222222222222222,0.7559651743105897,0.1267570787891563,0.0444842805320434,0.028,0.017,0.323,0.0949152542372882,0.000476,0.726,0.116,8.8,5.4,2.0,0.4962862930452397,0.3499311883191041,0.1032297005541357,-0.0,POR,0.5359999999999999
1627814,Damion Lee,2017-18,25.0,27.0,0.182,0.489,-0.0035641886527753,0.4016064257028112,-0.0002767373419162,1.0,,4.99,1.9,0.4,0.2422222222222222,0.7577777777777778,0.2891156462585034,1.0,0.1024417670682731,-0.0689999999999999,-0.182,0.113,-0.3791208791208791,0.0125579999999999,0.258,0.124,2.1,0.7,0.1,0.4868421052631579,0.2605922802320393,0.0474277950022311,-0.0,,
1628464,Daniel Theis,2017-18,26.0,14.9,0.15,0.616,0.1182500021541674,0.0182926829268292,0.0068697043354812,1.0,,4.45,0.6,0.8,0.22,0.78,0.2,0.5,0.0106646341463414,-0.107,0.182,0.043,-0.7133333333333334,-0.019474,0.206,0.109,0.2,0.0,0.0,0.5,0.3491245731707316,0.0523686859756097,-0.0,,
201568,Danilo Gallinari,2017-18,29.0,32.0,0.205,0.545,0.0657548010624825,0.265661252900232,0.0061032092450994,1.0,,4.58,2.2,1.8,0.2444444444444444,0.7555555555555555,0.22265625,0.6163658319035276,0.0111415313225058,-0.0209999999999999,0.0349999999999999,0.184,-0.1024390243902438,-0.0007349999999999,0.314,0.168,3.1,1.0,0.4,0.3515625,0.3110230471771075,0.063759724671307,-0.0,,
201980,Danny Green,2017-18,31.0,25.6,0.163,0.509,0.0845757615612104,0.1785714285714285,0.0055657965042253,0.624687656171914,50.213817352415155,4.93,1.3,0.2,0.1977777777777777,0.8022222222222222,0.3328609625668449,0.5,0.0272857142857142,0.0099999999999999,-0.095,0.173,0.0613496932515336,-0.0009499999999999,0.18,0.1,1.8,0.7,0.2,0.3671742808798646,0.2181025,0.0355507075,-0.0,SAS,
201967,Dante Cunningham,2017-18,31.0,21.4,0.114,0.539,0.0931923069360229,0.0089887640449438,0.0035870492507381,1.0,49.8354527024193,5.04,0.6,0.5,0.0933333333333333,0.9066666666666666,0.2735604395604395,0.5,0.0049707865168539,-0.077,-0.206,0.0369999999999999,-0.6754385964912282,0.015862,0.104,0.062,0.1,0.0,0.0,0.4175824175824176,0.2995893033707865,0.0341531805842696,-0.0,,
203967,Dario Šarić,2017-18,24.0,29.6,0.204,0.582,0.1211287789653889,0.1066666666666666,0.0111607297087693,0.5443548387096774,50.202228181711035,4.88,1.6,1.9,0.2866666666666667,0.7133333333333334,0.2876108811354228,0.5,0.0129244444444444,-0.0429999999999999,0.165,0.161,-0.2107843137254901,-0.0070949999999999,0.206,0.074,0.8,0.1,0.0,0.4165029469548134,0.3326934,0.0678694536,-0.0,,
203121,Darius Miller,2017-18,28.0,23.7,0.124,0.617,0.0757262992039423,0.1065217391304347,0.0033065817226036,1.0,50.48564894456795,4.41,0.7,0.1,0.1688888888888889,0.8311111111111111,0.0967563428810078,1.0,0.0623152173913043,-0.0269999999999999,-0.0569999999999999,0.097,-0.2177419354838709,0.0015389999999999,0.157,0.135,1.4,0.4,0.2,0.2271844660194174,0.2610942028985507,0.0323756811594202,-0.0,,
201954,Darren Collison,2017-18,30.0,29.3,0.17,0.61,0.1551382271048233,0.6206415620641562,0.0108740720477122,1.043821748084763,50.62569044101346,4.53,4.8,0.2,0.5711111111111111,0.4288888888888889,0.530966335014311,0.1002180973086616,0.1334323570432356,0.0279999999999999,0.002,0.198,0.1647058823529411,5.6000000000000047e-05,0.551,0.25,4.1,1.0,0.5,0.3452211126961483,0.458935360297536,0.0780190112505811,-0.0,,
1628021,David Nwaba,2017-18,25.0,23.5,0.153,0.542,0.1001404835788374,0.5403422982885085,0.0059930352273007,1.0,50.71167616616823,4.95,1.0,0.7,0.2088888888888888,0.7911111111111111,0.98,0.5,0.1229437652811735,-0.072,0.1979999999999999,0.081,-0.4705882352941176,-0.0142559999999999,0.441,0.011,0.3,0.1,0.0,0.7451456310679612,0.3095095463189351,0.047354960586797,-0.0,,
1628368,De'Aaron Fox,2017-18,20.0,27.7,0.227,0.478,0.0601278889712013,0.7997685185185185,0.006503014797922,1.0,51.08911502479116,4.84,5.3,0.2,0.5888888888888889,0.4111111111111111,0.575759110983843,0.4136943833398825,0.084912037037037,0.03,-0.009,0.257,0.13215859030837,-0.00027,0.726,0.201,4.7,0.9,0.3,0.5056461731493099,0.3583643261316872,0.081348702031893,-0.0,,
201599,DeAndre Jordan,2017-18,29.0,31.5,0.151,0.648,0.210068926838141,0.0336538461538461,0.0123261440192054,1.0,50.46210115913144,4.07,1.4,1.0,0.1644444444444444,0.8355555555555556,0.5,0.1367512829915216,0.0230865384615384,-0.0159999999999999,-0.052,0.135,-0.1059602649006621,0.000832,0.335,0.0,0.0,0.0,0.0,0.8046181172291297,0.3859629487179487,0.0582804052564102,-0.0,,
201942,DeMar DeRozan,2017-18,28.0,33.9,0.286,0.555,0.0913218227660297,0.7420977011494253,0.0139676589101849,0.9547854023994502,50.450471686062095,4.71,4.9,1.4,0.5444444444444445,0.4555555555555555,0.7031679201602552,0.1013575771503279,0.0580596264367816,0.121,0.0119999999999999,0.407,0.4230769230769231,0.0014519999999999,0.681,0.233,8.1,1.5,0.4,0.6222084367245657,0.3515841559240634,0.1005530685942821,-0.0,TOR,0.5748282056020486
202326,DeMarcus Cousins,2017-18,27.0,36.2,0.318,0.583,0.1043181317001988,0.3104806934594168,0.0187068420954908,1.0,,3.77,3.9,4.3,0.5355555555555556,0.4644444444444444,0.4,0.241499971183528,0.0261985815602837,0.014,-0.0289999999999999,0.332,0.0440251572327044,-0.0004059999999999,0.453,0.05,2.1,0.6,0.2,0.5578703703703703,0.4106086446020489,0.1305735489834515,-0.0001585627991489,,
201960,DeMarre Carroll,2017-18,31.0,29.9,0.194,0.55,0.1008957080760636,0.2719072164948453,0.008621350217455,1.0,50.577418455198746,4.26,2.1,0.2,0.2355555555555555,0.7644444444444445,0.624911535739561,0.5,0.0405051546391752,-0.0559999999999999,0.0759999999999999,0.138,-0.2886597938144329,-0.0042559999999999,0.329,0.035,1.7,0.8,0.3,0.4732026143790849,0.3301990378006872,0.0640586133333333,-0.0,,
1627749,Dejounte Murray,2017-18,21.0,21.5,0.201,0.485,0.0599264854546691,0.69,0.0054002379217995,1.0698578931200302,50.383229687548095,5.27,4.3,0.4,0.4777777777777777,0.5222222222222223,0.688,0.2653554829113289,0.1132466666666666,0.0139999999999999,0.118,0.215,0.0696517412935322,0.0016519999999999,0.652,0.147,2.3,0.0,0.0,0.6453125,0.3629731631944444,0.0729576058020833,-0.0,,
1626153,Delon Wright,2017-18,26.0,20.8,0.169,0.574,0.1439184197723372,0.5762376237623762,0.0099987667820095,0.8158904085801175,50.98662272897494,4.97,2.9,0.1,0.4488888888888889,0.5511111111111111,0.7238095238095238,0.5,0.0720653465346534,-0.073,0.034,0.096,-0.4319526627218935,-0.002482,0.602,0.022,0.9,0.7,0.2,0.5470941883767535,0.4091165417173297,0.0691406955502287,-0.0,,
203471,Dennis Schröder,2017-18,24.0,31.0,0.299,0.515,0.0788327775992654,0.7957540263543192,0.0128888334358646,1.0,50.578261855577104,4.87,7.1,0.2,0.7888888888888889,0.2111111111111111,0.6105446863231376,0.3425037483535239,0.0,0.075,0.005,0.374,0.2508361204013378,0.000375,0.75,0.238,6.7,1.8,0.5,0.5577264653641207,0.4204936554416788,0.1257276029770619,-0.0,ATL,
1628372,Dennis Smith Jr.,2017-18,20.0,29.7,0.28,0.473,0.0481781989388299,0.7848509266720387,0.0071381818483998,1.0,50.63020912828375,4.72,6.5,0.3,0.7222222222222222,0.2777777777777778,0.5844310489648696,0.3853231906595032,0.0896567284448026,0.0369999999999999,0.011,0.317,0.132142857142857,0.000407,0.705,0.122,6.0,2.7,0.7,0.484375,0.3791844838391978,0.1061716554749754,-0.0,,
1627756,Denzel Valentine,2017-18,24.0,27.2,0.17,0.527,0.119641399940318,0.4032520325203251,0.0083860001955618,1.0,50.71555730825446,5.08,1.9,0.2,0.3955555555555555,0.6044444444444445,0.2327579285427538,0.4622660019355354,0.0323691056910569,-0.011,-0.058,0.159,-0.0647058823529412,0.000638,0.369,0.12,4.0,1.8,0.7,0.3221288515406162,0.3786357795844624,0.0643680825293586,-0.0,,
202324,Derrick Favors,2017-18,26.0,28.0,0.181,0.593,0.1138010988598648,0.0213049267643142,0.008763232170519,1.0,50.027250998910134,4.58,1.2,3.3,0.3299999999999999,0.67,0.3846153846153846,0.2402488493577235,0.0123568575233022,-0.0159999999999999,0.1159999999999999,0.165,-0.0883977900552485,-0.0018559999999999,0.208,0.106,0.3,0.0,0.0,0.59375,0.4191359520639147,0.0758636073235685,-0.0,,
1626164,Devin Booker,2017-18,21.0,34.5,0.301,0.561,0.0878939658306063,0.6488706365503081,0.0145147247313292,1.0,51.306489151461605,4.73,4.8,1.7,0.5333333333333333,0.4666666666666667,0.5774719019121296,0.376598994608657,0.1059568788501026,0.0439999999999999,-0.09,0.345,0.1461794019933554,-0.00396,0.574,0.189,8.7,3.7,1.3,0.5578747628083491,0.3764663928815879,0.1133163842573579,-5.235336071184131e-07,,
2734,Devin Harris,2017-18,35.0,18.9,0.194,0.563,0.0839040320003959,0.4547368421052631,0.0071694431638918,1.0,,4.58,2.1,0.3,0.3666666666666667,0.6333333333333333,0.3237885462555066,0.5,0.0962652631578947,-0.047,0.188,0.147,-0.2422680412371134,-0.008836,0.364,0.03,1.6,1.1,0.3,0.4404494382022472,0.3435354035087719,0.0666458682807017,-0.0,,
203473,Dewayne Dedmon,2017-18,28.0,24.9,0.166,0.599,0.108943641371604,0.0349013657056145,0.007368244341548,1.0,51.22003247384558,4.65,1.0,1.7,0.1999999999999999,0.8,0.2642271774347245,0.2212798625258342,0.0203125948406676,0.003,0.061,0.169,0.0180722891566265,0.000183,0.16,0.136,0.4,0.0,0.0,0.4553191489361702,0.3370124430955993,0.0559440655538694,-0.0,,
1628415,Dillon Brooks,2017-18,22.0,28.7,0.184,0.531,0.0974046075510269,0.3982905982905983,0.0076878736199589,1.0,50.95401857003224,4.49,1.5,0.4,0.2044444444444444,0.7955555555555556,0.5601384260446038,0.5,0.0762051282051282,-0.0669999999999999,0.007,0.117,-0.3641304347826086,-0.000469,0.365,0.109,2.6,0.7,0.2,0.4705882352941176,0.313634245014245,0.057708701082621,-0.0,,
203079,Dion Waiters,2017-18,26.0,30.6,0.25,0.487,0.0786394353125093,0.59375,0.0098299294140636,1.0,,4.55,4.4,0.3,0.4888888888888889,0.5111111111111111,0.2951219512195122,0.3042499739717577,0.0057589285714285,0.0969999999999999,0.129,0.347,0.3879999999999999,0.0125129999999999,0.638,0.131,4.1,1.8,0.5,0.4325,0.3619794642857143,0.0904948660714285,-0.0,,
1717,Dirk Nowitzki,2017-18,40.0,24.7,0.199,0.575,0.1058947400242685,0.0447957839262187,0.0094005660045853,1.0,50.56548884263655,3.8,1.0,2.6,0.26,0.74,0.1101206181681115,0.5,0.0261607378129117,-0.087,-0.1869999999999999,0.112,-0.4371859296482412,0.0162689999999999,0.136,0.332,2.3,0.2,0.1,0.4076517150395778,0.3514387351778655,0.0699363083003952,-0.0,,
1627734,Domantas Sabonis,2017-18,22.0,24.5,0.214,0.567,0.0934388744331669,0.1134185303514377,0.0092501389884424,0.0,50.12261063983993,4.71,1.4,4.2,0.42,0.58,0.4022471910112359,0.4704884487484363,0.0051597444089456,-0.0459999999999999,0.032,0.168,-0.2149532710280373,-0.001472,0.253,0.116,0.1,0.0,0.0,0.6551246537396122,0.3506163738019169,0.0750319039936102,-0.0,,
1628378,Donovan Mitchell,2017-18,21.0,33.4,0.283,0.541,0.1087406678109979,0.7069510268562401,0.0163708658266802,0.94903231904664,50.01843922966562,4.56,4.4,0.5,0.4888888888888889,0.5111111111111111,0.5541734022631604,0.3057608904655784,0.1258017377567141,0.141,-0.042,0.424,0.4982332155477033,-0.005922,0.624,0.088,7.0,3.8,1.1,0.4990630855715178,0.3437771485232085,0.097288933032068,-0.0,UTA,0.6056800041122651
1627827,Dorian Finney-Smith,2017-18,25.0,21.3,0.144,0.482,0.0280325454912272,0.0765765765765765,0.0015318148440596,1.0,,4.62,0.8,0.1,0.1911111111111111,0.8088888888888889,0.1149425287356321,1.0,0.03959009009009,-0.0299999999999999,-0.482,0.114,-0.2083333333333332,0.0144599999999999,0.239,0.065,0.9,0.4,0.0,0.2727272727272727,0.2843241241241241,0.0409426738738738,-0.0,,
203926,Doug McDermott,2017-18,26.0,21.8,0.144,0.579,0.1499423632897908,0.0583153347732181,0.008193474185659,1.0,50.64223735837124,5.1,0.7,0.4,0.1444444444444444,0.8555555555555555,0.2625609298837645,0.5,0.0372051835853131,-0.0539999999999999,0.01,0.09,-0.375,-0.00054,0.097,0.083,0.9,0.2,0.0,0.4629258517034068,0.3437881449484041,0.0495054928725701,-0.0,,
1627733,Dragan Bender,2017-18,20.0,25.2,0.125,0.524,0.0549494498438395,0.0802348336594911,0.0024284455379405,1.0,50.9923734728503,4.86,1.1,0.4,0.1977777777777777,0.8022222222222222,0.163744221879815,0.7920009907974861,0.0439686888454011,0.009,-0.024,0.134,0.072,-0.000216,0.187,0.008,0.2,0.1,0.0,0.2939958592132505,0.3018587519025875,0.0377323439878234,-0.0,,
203110,Draymond Green,2017-18,28.0,32.7,0.168,0.556,0.0953938697786683,0.1614285714285714,0.0065687750486156,0.8056088590757139,50.46822086756788,4.44,2.9,1.6,0.6355555555555555,0.3644444444444444,0.7254002056102216,0.4700661185672091,0.0060828571428571,-0.009,-0.104,0.159,-0.0535714285714286,0.000936,0.231,0.041,0.7,0.3,0.1,0.4195544554455445,0.3837002880534669,0.0644616483929824,-0.0,,
1628407,Dwayne Bacon,2017-18,22.0,13.5,0.13,0.431,0.0042965973296452,1.0,0.0002013908257667,1.0,,4.52,0.6,0.0,0.1711111111111111,0.8288888888888889,0.2176308539944903,1.0,0.0,-0.089,0.069,0.041,-0.6846153846153845,-0.006141,0.403,0.32,2.0,0.2,0.0,0.4479166666666667,0.2219739041794088,0.0288566075433231,-0.0,,
2730,Dwight Howard,2017-18,32.0,30.4,0.238,0.577,0.1426149286304152,0.2481389578163772,0.0165588596254347,1.0,50.40507292278422,4.38,1.6,5.699999999999999,0.57,0.43,1.0,0.5,0.0398660049627791,-0.0709999999999999,-0.01,0.167,-0.2983193277310924,0.00071,0.431,0.062,0.1,0.0,0.0,0.7672886937431395,0.4538351861042183,0.1080127742928039,-0.0,,
203939,Dwight Powell,2017-18,26.0,21.2,0.151,0.656,0.1756300812434527,0.0330396475770925,0.0103053874178144,1.0,50.6045287766825,4.77,0.9,1.1,0.1888888888888888,0.8111111111111111,0.4555555555555555,0.5,0.0214757709251101,-0.0849999999999999,0.1979999999999999,0.066,-0.5629139072847682,-0.0168299999999999,0.153,0.045,0.2,0.1,0.0,0.6023255813953489,0.3736227361722956,0.0564170331620166,-0.0,,
2548,Dwyane Wade,2017-18,36.0,22.9,0.251,0.5,0.0597429036083736,0.6864064602960969,0.0075127149061039,1.0288339440166574,50.65081820351455,4.54,3.2,1.5,0.5444444444444444,0.4555555555555556,0.6593237881662928,0.9572540988948726,0.1461399730820995,-0.045,0.03,0.206,-0.1792828685258964,-0.00135,0.585,0.186,4.5,1.0,0.3,0.5723771580345286,0.3596690700506312,0.0902769365827084,-0.0,,
202734,E'Twaun Moore,2017-18,29.0,31.5,0.158,0.593,0.1905447290917427,0.2962962962962963,0.0119669250253481,1.0204930107270385,50.28156906781135,4.88,1.5,0.9,0.22,0.78,0.3462514280274181,0.4176901809468181,0.0368262108262108,-0.047,-0.0669999999999999,0.111,-0.2974683544303797,0.0031489999999999,0.255,0.096,1.8,0.4,0.1,0.4989082969432314,0.3467365411942554,0.0547843735086923,-0.0,,
203901,Elfrid Payton,2017-18,24.0,28.7,0.211,0.538,0.1262321196019801,0.7859495060373217,0.0122347065599724,1.0,50.86088386913371,4.89,5.6,0.7,0.7288888888888889,0.2711111111111111,0.7056603773584905,0.3563881373674804,0.0796915477497255,-0.03,0.0369999999999999,0.181,-0.1421800947867298,-0.0011099999999999,0.736,0.075,2.0,0.3,0.1,0.6611694152923538,0.4480488620563484,0.0945383098938895,-0.0,,
202683,Enes Freedom,2017-18,26.0,25.8,0.212,0.63,0.1588355516932243,0.1606145251396648,0.0155042765830369,1.0,50.48853163641707,4.45,1.5,4.9,0.49,0.51,0.712,0.5,0.0185754189944134,-0.0529999999999999,-0.284,0.159,-0.2499999999999999,0.015052,0.509,0.056,0.2,0.0,0.0,0.8295454545454546,0.4480613128491619,0.0949889983240223,-0.0,,
202339,Eric Bledsoe,2017-18,28.0,31.4,0.254,0.582,0.1328573904352173,0.6005665722379603,0.0170073360382629,1.0030176278386829,50.5614821095178,4.69,5.5,0.3,0.6111111111111112,0.3888888888888888,0.7106560222145089,0.1790582167952878,0.0770915958451368,0.0449999999999999,0.009,0.299,0.1771653543307086,0.000405,0.596,0.117,4.4,1.6,0.4,0.4054054054054054,0.3738605349103402,0.0949605758672264,-0.0,MIL,0.5888500939072948
201569,Eric Gordon,2017-18,29.0,31.2,0.238,0.578,0.130343856377555,0.387774594078319,0.0151340791705409,1.056943759131867,50.688091650288754,4.23,2.0,0.3,0.2511111111111111,0.7488888888888889,0.55663522702347,0.5,0.0244164278892072,-0.095,-0.1549999999999999,0.143,-0.3991596638655462,0.0147249999999999,0.371,0.019,3.4,2.9,0.9,0.3768971332209106,0.3008165144511608,0.0715943304393762,-0.0,,
101141,Ersan Ilyasova,2017-18,31.0,25.1,0.183,0.558,0.092241698890184,0.0434131736526946,0.0072211094514138,1.0,49.05030804730818,4.71,1.0,1.6,0.1733333333333333,0.8266666666666667,0.3012262404457723,0.5,0.0247020958083832,-0.042,0.0989999999999999,0.141,-0.2295081967213115,-0.004158,0.177,0.117,1.1,0.6,0.1,0.4683908045977011,0.3075362874251497,0.0562791405988023,-0.0,,
203095,Evan Fournier,2017-18,25.0,32.2,0.226,0.577,0.1308492640002658,0.3706720977596741,0.0140583367758328,1.0,50.43606064189503,4.8,1.8,0.7,0.3066666666666667,0.6933333333333334,0.5059425903326789,0.326497762181395,0.034529531568228,0.0829999999999999,-0.0449999999999999,0.309,0.3672566371681415,-0.0037349999999999,0.334,0.115,3.4,1.5,0.5,0.4463840399002494,0.3635607060420909,0.0821647195655125,-0.0,ORL,0.5497453073506233
202323,Evan Turner,2017-18,29.0,25.7,0.153,0.52,0.0793307469126642,0.6301369863013698,0.0047476499400103,0.7680142986068053,50.04233829587463,4.4,2.4,1.4,0.2844444444444444,0.7155555555555555,0.3791837800622016,1.0,0.0310068493150684,-0.0199999999999999,-0.126,0.133,-0.1307189542483659,0.0025199999999999,0.643,0.305,3.5,0.1,0.0,0.4448105436573311,0.2438232593202292,0.037304958675995,-0.0,,
1626163,Frank Kaminsky,2017-18,25.0,23.2,0.202,0.545,0.1139838668482408,0.1975524475524475,0.0103483340679049,1.0,50.459302948542174,4.85,1.3,1.6,0.2511111111111111,0.7488888888888889,0.5419608324636257,0.5,0.0234108391608391,-0.089,0.0349999999999999,0.113,-0.4405940594059406,-0.0031149999999999,0.322,0.087,1.8,0.2,0.1,0.4664804469273743,0.346300775058275,0.0699527565617715,-0.0,,
1628412,Frank Mason III,2017-18,24.0,18.9,0.226,0.48,0.0455059825452943,1.0,0.0048891251534713,1.0,,4.41,3.9,0.2,0.5177777777777778,0.4822222222222222,0.3147699757869249,1.0,0.0,-0.083,-0.0439999999999999,0.143,-0.3672566371681416,0.0036519999999999,0.694,0.16,3.1,1.1,0.4,0.6143617021276596,0.3189548939974458,0.0720838060434227,-0.0,,
1628373,Frank Ntilikina,2017-18,19.0,21.9,0.166,0.437,-0.0053345635718239,0.608,-0.0003607954292499,1.0,50.37396749939269,4.66,3.6,0.1,0.4666666666666666,0.5333333333333334,0.36675,0.5128737861576447,0.0788839999999999,0.0219999999999999,0.02,0.188,0.1325301204819276,0.00044,0.538,0.263,3.0,0.8,0.2,0.414486921529175,0.2941517333333333,0.0488291877333333,-0.0,,
1627832,Fred VanVleet,2017-18,24.0,20.0,0.188,0.556,0.1231585206650818,0.580226904376013,0.0100392492670276,0.6565565357845915,49.75731361858258,5.09,2.9,0.1,0.5133333333333333,0.4866666666666667,0.6102477477477477,0.5,0.1251474878444084,-0.0519999999999999,-0.028,0.136,-0.276595744680851,0.001456,0.509,0.015,1.3,1.0,0.4,0.4828767123287671,0.3123872789255209,0.0587288084379979,-0.0,TOR,0.5699458409883055
202066,Garrett Temple,2017-18,32.0,24.8,0.16,0.536,0.1142050474771024,0.3723404255319149,0.0073091230385345,1.0,50.48448292428253,4.61,1.9,0.2,0.2555555555555555,0.7444444444444445,0.365327500863359,0.3906553968085623,0.0583085106382978,-0.016,0.003,0.144,-0.1,-4.800000000000008e-05,0.367,0.19,2.6,0.9,0.2,0.3114406779661017,0.3388063238770685,0.0542090118203309,-0.0,,
203914,Gary Harris,2017-18,23.0,34.4,0.204,0.597,0.1685022055205943,0.3708759954493743,0.0155256875138171,1.0,51.00378771766802,4.48,1.7,0.5,0.2844444444444444,0.7155555555555555,0.4959056750453485,0.2652080939616722,0.0458930602957906,-0.0259999999999999,-0.027,0.178,-0.1274509803921568,0.000702,0.311,0.101,3.9,1.4,0.5,0.3953229398663697,0.3815486790544811,0.0778359305271141,-0.0,DEN,0.5901279345018512
201588,George Hill,2017-18,32.0,27.0,0.161,0.58,0.1348398380192511,0.5225806451612903,0.0087107798170198,1.0400524300351228,49.96435366633471,4.51,4.1,0.1,0.4555555555555555,0.5444444444444445,0.5280524543682437,0.2334716321560942,0.0808096774193548,0.0229999999999999,0.046,0.184,0.1428571428571428,0.001058,0.525,0.126,2.7,0.8,0.3,0.4314641744548286,0.3613649299446073,0.0581797537210817,-0.0,CLE,
101123,Gerald Green,2017-18,32.0,22.7,0.219,0.566,0.1249338889013479,0.2768079800498753,0.0128040225702197,0.3514142072105235,,4.35,1.3,0.2,0.1444444444444444,0.8555555555555555,0.1283292978208232,0.5,0.0,-0.091,0.4589999999999999,0.128,-0.4155251141552511,-0.0417689999999999,0.321,0.072,3.1,2.1,0.8,0.3806706114398422,0.2667341309845952,0.0584147746856263,-0.0,,
203507,Giannis Antetokounmpo,2017-18,23.0,36.7,0.307,0.598,0.1472114353231212,0.5946166394779772,0.0250408525156381,1.0255519962603503,51.06296225453489,4.61,4.8,3.9,0.5333333333333333,0.4666666666666667,0.9454545454545455,0.3773798298228001,0.1222569331158238,-0.0409999999999999,0.044,0.266,-0.1335504885993484,-0.001804,0.543,0.111,5.9,0.7,0.1,0.6056149732620321,0.4631165946182256,0.1421767945477952,-2.1407286863706983e-05,MIL,0.5793914555747457
201609,Goran Dragic,2017-18,32.0,31.7,0.25,0.543,0.1064071822881872,0.6773618538324421,0.0133008977860234,1.099943750703116,50.16438011313903,4.91,6.1,0.7,0.6777777777777777,0.3222222222222223,0.6109351114002275,0.4848796658120163,0.0827450980392156,-0.043,0.0219999999999999,0.207,-0.172,-0.0009459999999999,0.61,0.134,4.9,1.2,0.4,0.484526967285588,0.4688805704099821,0.1172201426024955,-0.0,,
202328,Greg Monroe,2017-18,28.0,20.4,0.218,0.598,0.176421803449054,0.27,0.0179571329344413,0.9627450663951492,50.181719658616224,4.11,1.4,3.5999999999999996,0.42,0.5800000000000001,0.763157894736842,0.5,0.033825,-0.112,0.145,0.106,-0.5137614678899083,-0.01624,0.486,0.046,0.1,0.0,0.0,0.8509615384615384,0.0957344547945205,0.0208701111452054,-0.0,,
203084,Harrison Barnes,2017-18,26.0,34.2,0.247,0.539,0.0750281335059348,0.5506872852233676,0.0092102108452199,1.0,50.641766112601,4.71,2.5,3.0,0.3,0.7,0.555925465052516,0.492967519389324,0.0648917525773196,0.0509999999999999,-0.021,0.298,0.2064777327935222,-0.001071,0.531,0.178,5.1,1.0,0.4,0.4689312344656172,0.3159703608247423,0.0780446791237113,-0.0,,
203546,Ian Clark,2017-18,27.0,19.7,0.168,0.529,0.0854356688395393,0.449438202247191,0.0058830582199575,0.723951699659825,,4.83,1.3,0.3,0.2377777777777777,0.7622222222222222,0.1838383838383838,0.5,0.017305617977528,-0.125,0.0629999999999999,0.043,-0.744047619047619,-0.0078749999999999,0.378,0.171,2.3,0.7,0.2,0.3869801084990958,0.3069138222492155,0.0515615221378682,-0.0,,
203477,Isaiah Canaan,2017-18,27.0,21.1,0.193,0.539,0.0547781310864083,1.0,0.0046445449941723,1.0,,4.58,4.6,0.0,0.6133333333333334,0.3866666666666666,0.3561643835616438,0.4805944103374754,0.0,-0.011,0.0969999999999999,0.182,-0.0569948186528497,-0.001067,0.635,0.023,2.3,1.9,0.6,0.5182481751824818,0.3465150427350427,0.0668774032478632,-0.0,,
1627819,Isaiah Taylor,2017-18,23.0,17.4,0.195,0.492,0.0714459562331491,1.0,0.0061521876030936,1.0,,4.94,2.9,0.3,0.6044444444444445,0.3955555555555555,0.4,1.0,0.0,-0.007,-0.255,0.188,-0.0358974358974359,0.001785,0.675,0.049,0.9,0.3,0.1,0.6410256410256411,0.3579771686746988,0.0698055478915662,-0.0,,
202738,Isaiah Thomas,2017-18,29.0,26.9,0.276,0.508,0.0408247914424342,0.7096114519427403,0.0059195350701914,1.0,,4.67,4.6,0.2,0.5955555555555556,0.4044444444444444,0.2256532066508313,0.3713723760027011,0.0,0.0459999999999999,-0.02,0.322,0.1666666666666666,-0.00092,0.631,0.136,5.7,3.1,1.0,0.5073529411764706,0.350278282208589,0.0966768058895705,-0.0,,
202397,Ish Smith,2017-18,29.0,24.9,0.203,0.525,0.1192512245165832,1.0,0.0109070399561386,1.0,50.318981354569424,5.56,5.2,0.1,0.6066666666666667,0.3933333333333333,0.4698056001426787,0.5,0.0,-0.03,-0.139,0.173,-0.1477832512315272,0.00417,0.758,0.266,4.4,0.6,0.2,0.4831038798498123,0.3968765474487362,0.0805659391320934,-0.0,,
200826,J.J. Barea,2017-18,34.0,23.2,0.243,0.545,0.1357243430049089,0.7588739290085679,0.0162580014690522,1.0,51.07560160371161,4.78,5.5,0.2,0.9466666666666668,0.0533333333333333,0.3814492753623188,0.5,0.2050122399020807,-0.0439999999999999,-0.049,0.199,-0.1810699588477365,0.002156,0.667,0.095,4.7,2.8,0.8,0.3681159420289855,0.5158547531619747,0.1253527050183598,-0.0,,
200755,JJ Redick,2017-18,34.0,30.2,0.206,0.614,0.1658799351422376,0.1719833564493758,0.0155093889476421,0.8644660020763797,50.389851116540505,5.16,1.4,0.2,0.3311111111111111,0.6688888888888889,0.3839752966032829,0.1240095009457263,0.0404493758668515,-0.0049999999999999,-0.001,0.201,-0.024271844660194,4.999999999999981e-06,0.168,0.244,5.4,2.1,0.7,0.3483033932135728,0.3615824736367038,0.0744859895691609,-0.0,,
2747,JR Smith,2017-18,32.0,28.1,0.136,0.534,0.1301480973759075,0.3260135135135135,0.0065274895636535,0.4667329408068141,50.414308273115246,4.26,1.3,0.2,0.1933333333333333,0.8066666666666666,0.210992505110152,0.5,0.0286233108108108,-0.046,-0.192,0.09,-0.3382352941176471,0.008832,0.325,0.136,2.3,1.0,0.3,0.3273657289002558,0.279461665065801,0.0380067864489489,-0.0,,
203210,JaMychal Green,2017-18,28.0,28.0,0.178,0.53,0.0422366055327365,0.0675287356321839,0.0031718965244509,1.0,50.88691497561513,4.43,1.2,1.6,0.1822222222222222,0.8177777777777777,0.3348314606741573,1.0,0.0356551724137931,-0.0639999999999999,-0.181,0.114,-0.3595505617977527,0.011584,0.341,0.12,0.5,0.0,0.0,0.5462012320328542,0.2910304980842912,0.0518034286590038,-0.0,MEM,
203953,Jabari Parker,2017-18,23.0,24.0,0.228,0.55,0.114490966705297,0.3978052126200275,0.0124644607067286,0.6058032554847841,,4.75,1.5,1.3,0.2866666666666667,0.7133333333333334,0.4,0.5,0.0580795610425239,-0.121,-0.55,0.107,-0.5307017543859649,0.06655,0.344,0.179,2.5,0.5,0.2,0.4974358974358974,0.2902045116335963,0.0661666286524599,-0.0,,
203109,Jae Crowder,2017-18,27.0,26.1,0.169,0.525,0.0543353173558737,0.122778675282714,0.003774959224311,0.9293952448333608,50.59897115485164,4.42,1.0,0.5,0.1577777777777777,0.8422222222222222,0.2787843304236745,1.0,0.0240193861066235,-0.077,0.2139999999999999,0.092,-0.455621301775148,-0.016478,0.144,0.088,1.5,0.7,0.2,0.3333333333333333,0.2547774988464584,0.0430573973050514,-0.0,UTA,0.5926655630151084
1627751,Jakob Poeltl,2017-18,22.0,18.6,0.143,0.662,0.2025065887863809,0.005050505050505,0.0109507336076481,1.0,,4.99,0.6,1.3,0.13,0.87,0.2,0.0032022715898729,0.0033383838383838,0.002,0.119,0.145,0.013986013986014,0.000238,0.269,0.021,0.0,0.0,0.0,0.8309178743961353,0.3024347979797979,0.0432481761111111,-0.0,,
2037,Jamal Crawford,2017-18,38.0,20.7,0.231,0.519,0.0838657709307708,0.6644562334217508,0.0093111369288384,0.7435162987639714,50.74980557726682,4.21,2.0,0.2,0.3933333333333333,0.6066666666666667,0.2547691505086513,0.5,0.0732440318302387,-0.043,0.2179999999999999,0.188,-0.1861471861471861,-0.009374,0.601,0.324,5.5,1.8,0.5,0.5576679340937896,0.338192860300619,0.0781225507294429,-0.0,,
1627750,Jamal Murray,2017-18,21.0,31.7,0.223,0.576,0.1241483583131434,0.5688442211055277,0.0130736927904843,1.0,50.71190458156248,5.14,5.2,0.3,0.5777777777777778,0.4222222222222221,0.5250240795848248,0.3128012512575875,0.1072381909547739,-0.012,0.048,0.211,-0.0538116591928251,-0.000576,0.474,0.12,5.0,2.1,0.7,0.4209523809523809,0.4210787604690117,0.0939005635845896,-0.0,DEN,0.6001504832029453
2749,Jameer Nelson,2017-18,36.0,20.3,0.137,0.489,0.0652840808975283,0.5714285714285715,0.0033104584777747,1.0,49.64717572270643,4.57,3.5,0.0,0.5666666666666667,0.4333333333333333,0.2536968885915021,0.8404487097433812,0.0253112244897959,-0.018,0.02,0.119,-0.1313868613138687,-0.00036,0.505,0.186,2.2,1.0,0.3,0.2581967213114754,0.3718395408163265,0.0509420170918367,-0.0,,
203516,James Ennis III,2017-18,27.0,22.3,0.134,0.588,0.1210918179864077,0.1733668341708542,0.0059398023928291,1.0,50.622280895259216,4.65,0.8,0.7,0.1533333333333333,0.8466666666666667,0.7622641509433963,0.5,0.0383492462311557,-0.055,0.147,0.079,-0.4104477611940298,-0.008085,0.22,0.078,0.7,0.2,0.1,0.4140625,0.3244619346733667,0.0434778992462311,-0.0,,
201935,James Harden,2017-18,28.0,35.4,0.353,0.619,0.1525093210246217,0.8434343434343434,0.03198589046447,0.8773046410968589,50.54680315186064,3.97,8.8,0.7999999999999999,0.9977777777777778,0.0022222222222222,0.91055900621118,0.1837281024055075,0.0,0.097,-0.0669999999999999,0.45,0.2747875354107649,-0.0064989999999999,0.842,0.046,9.8,7.6,3.0,0.5711947626841244,0.4702033760123411,0.1659817917323564,-0.0012072987167813,HOU,0.6070790746689352
201949,James Johnson,2017-18,31.0,26.6,0.185,0.575,0.128476747303394,0.4676375404530745,0.0102230886183877,0.9629353200677052,50.25455515241195,4.53,2.6,1.1,0.4888888888888889,0.5111111111111111,0.7142857142857143,0.1854995835250401,0.0237346278317151,0.038,0.076,0.223,0.2054054054054054,0.002888,0.495,0.084,1.5,0.5,0.1,0.5178849144634525,0.45148507731032,0.0835247393024092,-0.0,,
1626185,Jarell Martin,2017-18,24.0,22.7,0.168,0.516,0.0530844821878179,0.1576846307385229,0.0036553713867889,1.0,50.887892678585914,4.87,1.2,0.8,0.1622222222222222,0.8377777777777777,0.6823529411764706,0.8714395623906557,0.0120898203592814,-0.02,-0.102,0.148,-0.1190476190476191,0.00204,0.308,0.177,0.8,0.0,0.0,0.4867617107942973,0.2881789155023286,0.0484140578043912,-0.0,,
1628386,Jarrett Allen,2017-18,20.0,20.0,0.162,0.636,0.1491034248170237,0.0044345898004434,0.0097221012764689,1.0,50.390176125124576,4.88,0.7,1.3,0.13,0.87,0.4181818181818181,0.2187157876492002,0.0026917960088691,0.0169999999999999,-0.066,0.179,0.1049382716049382,-0.001122,0.154,0.017,0.0,0.0,0.0,0.7442455242966752,0.3414341352549889,0.0553123299113082,-0.0,BKN,0.5711937416980157
101127,Jarrett Jack,2017-18,34.0,25.0,0.164,0.489,0.0683971864170426,1.0,0.0045425949006464,1.0,50.35583109895878,4.66,5.2,0.1,0.6711111111111111,0.3288888888888889,0.3585731090833941,0.6979930401901153,0.0,0.0739999999999999,-0.0549999999999999,0.238,0.4512195121951218,-0.0040699999999999,0.751,0.305,3.8,0.6,0.2,0.5205479452054794,0.3703041497076024,0.0607298805520468,-0.0,,
1627759,Jaylen Brown,2017-18,21.0,30.7,0.208,0.562,0.1270635850325104,0.3266272189349112,0.012053581452978,0.9113332543793852,49.747213704941394,4.55,1.5,1.0,0.18,0.8200000000000001,0.7441147258538563,0.5,0.0167573964497041,-0.0829999999999999,0.0289999999999999,0.125,-0.3990384615384615,-0.0024069999999999,0.324,0.067,1.5,0.4,0.1,0.5184466019417475,0.3423117527250078,0.0712008445668016,-0.0,BOS,0.5823165401409331
1628369,Jayson Tatum,2017-18,20.0,30.5,0.192,0.586,0.1389680902966027,0.4611727416798732,0.0116914111225135,1.2413952448644685,50.028286759061714,4.46,1.8,0.9,0.2,0.8,0.7198240809891295,0.1647920917058695,0.1217210776545166,0.0139999999999999,0.091,0.206,0.0729166666666665,0.0012739999999999,0.34,0.165,3.3,0.7,0.2,0.5206378986866792,0.3397839383776213,0.0652385161685032,-0.0,BOS,0.5768526185024954
201145,Jeff Green,2017-18,31.0,23.4,0.19,0.587,0.0849057111907351,0.3497453310696095,0.0070318128813874,1.049956079315356,50.582319684934525,4.18,1.4,1.3,0.18,0.8200000000000001,0.8556962025316455,0.5,0.0667826825127334,-0.096,-0.02,0.094,-0.5052631578947369,0.00192,0.349,0.083,1.2,0.2,0.0,0.5479632063074902,0.2843403718580479,0.0540246706530291,-0.0,,
201952,Jeff Teague,2017-18,30.0,33.0,0.201,0.553,0.100577664885942,1.0,0.0090634936436239,0.9950845854460312,50.53386778679755,4.03,7.1,0.2,0.7888888888888889,0.2111111111111111,0.6053944406054255,0.5,0.0,-0.051,-0.062,0.15,-0.2537313432835821,0.003162,0.788,0.097,4.5,2.0,0.7,0.5396449704142012,0.4230963963963963,0.0850423756756756,-0.0,,
203924,Jerami Grant,2017-18,24.0,20.3,0.161,0.607,0.1072628903984591,0.1648351648351648,0.006929283174196,0.0,50.02087111767922,4.71,0.8,1.7999999999999998,0.18,0.8200000000000001,1.0,0.4456376538212655,0.0224890109890109,-0.048,-0.1439999999999999,0.113,-0.2981366459627329,0.0069119999999999,0.242,0.026,0.2,0.1,0.0,0.6260330578512396,0.2463736263736263,0.0396661538461538,-0.0,OKC,0.5611391546196399
203087,Jeremy Lamb,2017-18,26.0,24.6,0.22,0.559,0.1118584375713337,0.5588235294117647,0.0115425767259837,1.0,50.262669651178825,4.72,2.0,0.6,0.3422222222222222,0.6577777777777778,0.5331730769230769,0.5,0.0737186700767263,-0.009,-0.155,0.211,-0.0409090909090909,0.001395,0.532,0.174,3.9,1.2,0.4,0.591566265060241,0.3505088036373969,0.0771119368002273,-0.0,,
1626170,Jerian Grant,2017-18,25.0,22.8,0.172,0.528,0.0977949809032581,1.0,0.0069760444083567,1.0,51.02157786773661,4.71,4.0,0.0,0.6977777777777777,0.3022222222222223,0.6519120570693485,0.2038395591352413,0.0,-0.0069999999999999,0.1649999999999999,0.165,-0.0406976744186045,-0.0011549999999999,0.699,0.207,3.5,1.3,0.4,0.4265873015873015,0.4011687195767195,0.0690010197671957,-0.0,,
201573,Jerryd Bayless,2017-18,29.0,23.7,0.146,0.546,0.1080940688107678,0.1245136186770428,0.0060301921120741,1.0,,4.57,1.2,0.2,0.1888888888888888,0.8111111111111111,0.0973282442748091,0.5,0.0074007782101167,0.002,-0.258,0.148,0.0136986301369863,-0.000516,0.156,0.072,1.1,0.3,0.1,0.3884615384615384,0.329083981841764,0.0480462613488975,-0.0,,
202710,Jimmy Butler III,2017-18,28.0,36.7,0.245,0.59,0.1007041918410516,0.6021897810218977,0.0122122778060192,0.8202974749909306,50.17314453561892,4.4,4.5,1.8,0.5,0.5,0.8339764470057629,0.2336259283268006,0.0583759124087591,0.1689999999999999,-0.0569999999999999,0.414,0.6897959183673469,-0.0096329999999999,0.6,0.174,6.1,1.5,0.5,0.5691056910569106,0.3384715047725996,0.0829255186692869,-0.0,MIN,
201975,Jodie Meeks,2017-18,30.0,14.5,0.179,0.548,0.0109669062222095,0.1393728222996515,0.0008305459719818,1.0,,4.7,0.6,0.1,0.2222222222222222,0.7777777777777778,0.0699745547073791,0.6988440970407519,0.0737282229965156,-0.0119999999999999,-0.065,0.167,-0.0670391061452513,0.0007799999999999,0.153,0.099,1.4,0.6,0.2,0.4404145077720207,0.2782216415021293,0.0498016738288811,-0.0,,
203925,Joe Harris,2017-18,26.0,25.3,0.161,0.634,0.1847131251559682,0.1689655172413793,0.0119326408736679,1.0,50.60261720605457,4.95,1.2,0.4,0.2244444444444444,0.7755555555555556,0.4912962962962963,0.3624982987582589,0.0,-0.003,-0.1139999999999999,0.158,-0.0186335403726708,0.000342,0.21,0.021,1.0,0.6,0.3,0.4283387622149837,0.3836353333333333,0.0617652886666666,-0.0,BKN,0.5661148325358852
204060,Joe Ingles,2017-18,30.0,31.4,0.156,0.623,0.2092409775838602,0.3048780487804878,0.012892396035548,0.7516688918558079,50.24030559763343,4.61,2.5,0.2,0.4933333333333333,0.5066666666666666,0.3341352241073689,0.4650575441738982,0.0508231707317073,-0.0219999999999999,-0.13,0.134,-0.1410256410256409,0.0028599999999999,0.343,0.04,2.1,1.4,0.5,0.2601431980906921,0.4602972357723577,0.0718063687804878,-0.0,UTA,0.5693136390466093
203954,Joel Embiid,2017-18,24.0,30.4,0.33,0.573,0.0946063284708662,0.2377285851780557,0.0179345753617748,0.9223586956943028,50.35027528239429,4.37,2.8,10.3,1.0,0.0,0.8543290043290042,0.375266909733833,0.0220336862367661,-0.034,0.011,0.296,-0.1030303030303031,-0.000374,0.498,0.179,3.7,0.3,0.1,0.5234042553191489,0.4889300663936966,0.1613469219099199,-0.0003699629402456,PHI,0.5569999999999999
1628381,John Collins,2017-18,20.0,24.1,0.174,0.62,0.145897925792687,0.0397236614853195,0.0105894399046936,1.0,51.1999086053598,4.84,1.2,2.1,0.21,0.79,0.4027027027027027,0.0744909701104525,0.024747841105354,0.001,0.006,0.175,0.0057471264367816,6.00000000000001e-06,0.245,0.054,0.3,0.1,0.0,0.7193308550185874,0.3619425561312607,0.0629780047668393,-0.0,,
202322,John Wall,2017-18,27.0,34.4,0.281,0.515,0.0906341574272149,0.838048090523338,0.0135005475120483,1.0927464226896308,,3.83,8.5,0.2,0.9444444444444444,0.0555555555555555,0.3388305847076461,0.3271292238078627,0.1814978783592645,0.0369999999999999,-0.071,0.318,0.1316725978647686,-0.0026269999999999,0.779,0.148,7.3,2.0,0.6,0.4494949494949495,0.4453422172437697,0.1251411630454993,-0.0,,
202685,Jonas Valančiūnas,2017-18,26.0,22.4,0.222,0.628,0.1418472284105288,0.1167434715821812,0.0148371441503921,0.8754430379746836,50.06832911491331,4.55,1.4,4.3,0.43,0.5700000000000001,0.3820224719101123,0.5,0.0090199692780337,-0.078,-0.026,0.144,-0.3513513513513514,0.002028,0.344,0.057,0.3,0.0,0.0,0.7279596977329975,0.4187912058371736,0.0929716476958525,-0.0,,
203613,Jonathon Simmons,2017-18,28.0,29.4,0.215,0.555,0.0954596428574743,0.6100861008610087,0.0095165053279472,1.0,50.47968318105772,4.66,2.5,0.9,0.2911111111111111,0.7088888888888889,0.7024489308326364,0.5,0.0572583025830258,-0.0569999999999999,-0.005,0.158,-0.2651162790697674,0.000285,0.551,0.119,2.8,0.7,0.2,0.593915343915344,0.3239021402214023,0.0696389601476014,-0.0,,
203903,Jordan Clarkson,2017-18,26.0,23.3,0.253,0.542,0.1012887614722606,0.6109289617486339,0.0128896772352034,0.6324989928867587,49.69054349993232,4.89,3.0,0.4,0.4288888888888889,0.5711111111111111,0.5158689549799238,0.5,0.0554972677595628,-0.071,0.1499999999999999,0.182,-0.2806324110671937,-0.0106499999999999,0.588,0.171,4.1,1.4,0.4,0.4874651810584958,0.2356994282195631,0.0596319553395494,-0.0,,
1628404,Josh Hart,2017-18,23.0,23.2,0.133,0.596,0.1562943419611999,0.2174887892376681,0.0075808991255584,1.0,50.09753289048358,4.71,1.0,0.3,0.1688888888888889,0.8311111111111111,0.6496503496503496,0.4662281204671823,0.0217107623318385,0.004,-0.1519999999999999,0.137,0.0300751879699248,-0.000608,0.233,0.036,0.9,0.5,0.1,0.36,0.3473290433482811,0.0461947627653213,-0.0,,
1628367,Josh Jackson,2017-18,21.0,25.4,0.253,0.48,0.0510283007988986,0.5546318289786223,0.0064936950318896,1.0,51.05635383309365,4.93,1.6,0.5,0.2333333333333333,0.7666666666666667,0.7374595759971254,1.0,0.055210213776722,-0.125,-0.2149999999999999,0.128,-0.4940711462450592,0.0268749999999999,0.558,0.13,3.0,0.6,0.1,0.569280343716434,0.2847703681710214,0.0720469031472684,-0.0,,
1626196,Josh Richardson,2017-18,24.0,33.2,0.176,0.551,0.1066689951552629,0.3825887743413516,0.0078760271704758,1.2055011275405756,50.43995799664216,4.72,3.4,0.5,0.3777777777777777,0.6222222222222222,0.4399730472191986,0.3035190918873611,0.043672394043528,-0.0099999999999999,0.009,0.166,-0.0568181818181817,-8.999999999999991e-05,0.426,0.18,2.7,0.2,0.1,0.4586056644880174,0.3288884618104167,0.0578843692786333,-0.0,,
201950,Jrue Holiday,2017-18,28.0,36.1,0.225,0.57,0.1521845876993007,0.6980286738351255,0.0162421848642409,0.9665427326306392,50.37667732106288,4.91,4.6,1.2,0.5399999999999999,0.4600000000000001,0.5740447655238652,0.0967435280926543,0.0896370967741934,0.032,-0.0159999999999999,0.257,0.1422222222222222,-0.0005119999999999,0.585,0.116,5.3,2.3,0.7,0.5180467091295117,0.4162618477320479,0.0936589157397107,-0.0,,
203944,Julius Randle,2017-18,23.0,26.7,0.251,0.606,0.174445897039785,0.4525222551928783,0.0219367023000833,1.0,49.989185741999385,4.54,2.2,3.9,0.39,0.61,0.9672727272727272,0.2049063049202187,0.0655445103857566,-0.0249999999999999,0.002,0.226,-0.0996015936254979,-5.000000000000003e-05,0.456,0.033,0.6,0.1,0.0,0.8056179775280898,0.4124515652818992,0.1035253428857567,-0.0,,
203200,Justin Holiday,2017-18,29.0,31.5,0.177,0.513,0.0444455488917044,0.2177954847277556,0.0033096965217505,1.0,50.73385324931067,4.92,1.2,0.3,0.2155555555555555,0.7844444444444445,0.4041061498392735,1.0,0.0565843293492696,-0.059,0.0749999999999999,0.118,-0.3333333333333333,-0.0044249999999999,0.155,0.123,3.5,1.4,0.5,0.3439897698209718,0.2932015242732773,0.05189666979637,-0.0,,
1628382,Justin Jackson,2017-18,23.0,22.2,0.139,0.521,0.0207654444521279,0.0869565217391304,0.0010761267605284,1.0,51.13953242160985,4.8,0.8,0.3,0.1577777777777777,0.8422222222222222,0.1552949915110356,0.7824362473604587,0.044695652173913,-0.011,-0.021,0.128,-0.079136690647482,0.000231,0.2,0.168,1.5,0.2,0.1,0.4,0.2716750724637681,0.0377628350724637,-0.0,,
1626159,Justise Winslow,2017-18,22.0,24.7,0.158,0.496,0.0800461561407892,0.3867735470941884,0.0050271994070375,0.4772436451668683,49.87063285667485,4.63,2.4,0.5,0.2977777777777778,0.7022222222222222,0.6499999999999999,1.0,0.0346332665330661,0.007,-0.1569999999999999,0.165,0.0443037974683544,-0.001099,0.406,0.049,0.7,0.1,0.0,0.5506692160611855,0.2874103139612557,0.0454108296058784,-0.0,,
203994,Jusuf Nurkić,2017-18,23.0,26.4,0.257,0.528,0.0458739384839814,0.1521997621878716,0.0059767585688669,1.2475633528265109,49.9147931610946,4.56,1.6,4.6,0.4599999999999999,0.54,0.75,0.9134905288586804,0.0238573127229488,-0.047,-0.033,0.21,-0.1828793774319066,0.001551,0.306,0.122,0.5,0.0,0.0,0.7469512195121951,0.296938036728762,0.0763130754392918,-0.0,,
1626157,Karl-Anthony Towns,2017-18,22.0,35.6,0.225,0.646,0.1664828823739343,0.1089005235602094,0.0177681971159392,1.1487143235839885,50.56187546646626,4.16,2.0,6.6000000000000005,0.66,0.3399999999999999,0.3958674431370677,0.5,0.0217507853403141,-0.081,-0.132,0.144,-0.36,0.010692,0.296,0.103,1.0,0.2,0.0,0.6019496344435419,0.4549390785340314,0.102361292670157,-0.0,,
203482,Kelly Olynyk,2017-18,27.0,23.4,0.213,0.612,0.1506338653985682,0.1367521367521367,0.0148078506583785,1.2020359483875818,50.35994332880992,4.64,1.7,1.5,0.3999999999999999,0.6000000000000001,0.3207322551662174,0.2362800050138606,0.0,-0.0119999999999999,0.01,0.201,-0.056338028169014,-0.0001199999999999,0.342,0.069,1.0,0.4,0.1,0.3682634730538922,0.4409581196581196,0.0939240794871794,-0.0,,
1626162,Kelly Oubre Jr.,2017-18,22.0,27.5,0.188,0.534,0.070168370288016,0.2654867256637168,0.005719764707942,1.2739957108484152,50.90883518724884,4.39,1.2,0.5,0.1488888888888889,0.8511111111111112,0.639912167398605,1.0,0.0287138643067846,-0.063,0.125,0.125,-0.3351063829787234,-0.007875,0.314,0.048,1.7,0.5,0.2,0.4432367149758454,0.2331761504424778,0.0438371162831858,-0.0,,
202689,Kemba Walker,2017-18,28.0,34.2,0.267,0.572,0.123466121292305,0.7816326530612245,0.0170339236763272,1.0,50.25943380089256,4.66,7.8,0.1,0.8666666666666667,0.1333333333333333,0.6250347417029907,0.3422168732088181,0.0721088435374149,0.124,-0.0689999999999999,0.391,0.4644194756554307,-0.0085559999999999,0.719,0.134,8.8,4.6,1.8,0.458547322083639,0.4814984126984127,0.1285600761904762,-0.0,,
203145,Kent Bazemore,2017-18,28.0,27.5,0.221,0.547,0.0958255181981607,0.4999999999999999,0.0099556492394282,1.0,50.36313976211941,4.73,2.3,0.3,0.4422222222222222,0.5577777777777777,0.6269230769230769,0.3075904629880891,0.133,0.0269999999999999,-0.039,0.248,0.1221719457013574,-0.001053,0.391,0.12,3.4,1.4,0.5,0.4137931034482758,0.3684877777777777,0.0814357988888888,-0.0,,
203484,Kentavious Caldwell-Pope,2017-18,25.0,33.2,0.165,0.561,0.1112126638936771,0.2754966887417219,0.0074538416085713,1.0,50.10390490543164,4.69,1.7,0.3,0.2066666666666666,0.7933333333333333,0.4994152046783624,0.3594944894979964,0.0454781456953642,0.0169999999999999,-0.048,0.182,0.1030303030303029,-0.000816,0.265,0.113,3.4,1.3,0.4,0.3880407124681934,0.3285281854304635,0.0542071505960264,-0.0,,
201142,Kevin Durant,2017-18,29.0,34.2,0.293,0.64,0.1868173464534727,0.5174825174825175,0.0296291115888894,1.008550933865891,50.518492289022234,4.55,3.9,3.4,0.5399999999999999,0.4600000000000001,0.593824331696672,0.0249609839527308,0.1094203574203574,0.029,0.0849999999999999,0.322,0.0989761092150171,0.002465,0.457,0.217,8.1,2.8,0.9,0.6081162931556632,0.4110150021486892,0.1204273956295659,-0.0,GSW,0.675
201567,Kevin Love,2017-18,29.0,28.0,0.248,0.614,0.1176311195696365,0.0908130939809926,0.0145277966321505,1.3186716239791263,50.245016006348216,4.46,1.4,3.4,0.3399999999999999,0.66,0.3514867914509492,0.491350236048536,0.0211414994720168,-0.041,-0.023,0.207,-0.1653225806451613,0.000943,0.219,0.089,1.4,0.5,0.2,0.433531746031746,0.339697114832607,0.0842448844784865,-0.0,,
1626172,Kevon Looney,2017-18,22.0,13.8,0.121,0.588,0.1270566414296878,0.1229946524064171,0.005347803321417,1.0,,4.75,0.6,0.6000000000000001,0.1377777777777777,0.8622222222222222,0.2,0.3072979581158914,0.0803155080213903,-0.0249999999999999,0.277,0.096,-0.2066115702479338,-0.0069249999999999,0.313,0.067,0.1,0.0,0.0,0.779467680608365,0.3068349376114082,0.0371270274509803,-0.0,,
203920,Khem Birch,2017-18,25.0,13.8,0.131,0.582,0.0628657111911924,0.0235849056603773,0.0029807172196706,1.0,,4.54,0.5,0.8999999999999999,0.1955555555555555,0.8044444444444445,0.2,0.2422602761629888,0.0124764150943396,0.04,0.324,0.171,0.3053435114503817,0.01296,0.294,0.034,0.0,0.0,0.0,0.696,0.308766320754717,0.0404483880188679,-0.0,,
203114,Khris Middleton,2017-18,26.0,36.4,0.239,0.577,0.1275556002435725,0.5110047846889952,0.0149037783196957,1.195613912589862,50.6393835869549,4.38,3.1,1.6,0.3822222222222222,0.6177777777777778,0.500236356258876,0.175119211467646,0.0471588516746411,0.001,0.027,0.24,0.00418410041841,2.7000000000000046e-05,0.47,0.271,6.9,1.3,0.4,0.5175953079178885,0.5128756138397944,0.1225772717077108,-0.0,MIL,0.5913683461088736
202691,Klay Thompson,2017-18,28.0,34.3,0.232,0.599,0.1622390501870056,0.1571072319201994,0.0181295645276183,1.1798366768501631,50.38428689242169,4.93,1.7,2.1,0.24,0.76,0.2268859137611676,0.4918581089512921,0.0278886118038237,-0.057,-0.0679999999999999,0.175,-0.2456896551724138,0.0038759999999999,0.174,0.268,4.6,1.3,0.5,0.4583883751651255,0.3794897855361595,0.088041630244389,-0.0,,
1628424,Kobi Simmons,2017-18,20.0,20.1,0.163,0.49,0.0773815954932429,0.5558375634517766,0.0050923598645453,1.0,,4.78,2.7,0.1,0.3488888888888888,0.6511111111111112,0.4,1.0,0.0479543147208122,-0.047,0.3369999999999999,0.116,-0.2883435582822086,-0.015839,0.513,0.102,2.0,0.3,0.0,0.4946808510638298,0.3291597010716299,0.0536530312746756,-0.0,,
201585,Kosta Koufos,2017-18,29.0,19.6,0.15,0.566,0.1198548265315611,0.1154855643044619,0.0069629362067897,1.0,,4.56,1.0,2.2,0.2222222222222222,0.7777777777777778,0.2,0.4936279167507456,0.0739107611548556,-0.0519999999999999,0.3360000000000001,0.098,-0.3466666666666666,-0.017472,0.311,0.029,0.2,0.0,0.0,0.7708333333333334,0.3459434237386993,0.0518915135608049,-0.0,,
1627739,Kris Dunn,2017-18,24.0,29.3,0.245,0.488,0.0650803410361195,0.8167791706846672,0.0078922157053603,1.0,50.795899700192855,4.89,5.6,0.6000000000000001,0.7088888888888889,0.2911111111111111,0.4953355457227139,0.4466581982773154,0.0503336547733847,0.0469999999999999,0.0809999999999999,0.292,0.1918367346938775,0.0038069999999999,0.759,0.243,5.5,1.1,0.4,0.4733637747336377,0.3884871327547412,0.0951793475249116,-0.0,,
204001,Kristaps Porziņģis,2017-18,22.0,32.4,0.305,0.539,0.0778835211128289,0.1321321321321321,0.013118837021709,1.0,,4.49,1.7,9.1,0.91,0.09,0.0877390326209223,0.281180758601888,0.0252267267267267,0.017,0.008,0.322,0.0557377049180328,0.000136,0.274,0.241,3.8,0.3,0.0,0.6137387387387387,0.499248475975976,0.1522707851726726,-1.001878810060062e-05,,
1627858,Kyle Collinsworth,2017-18,26.0,15.0,0.124,0.433,0.003192751926561,1.0,0.00013941121217,1.0,,4.89,1.5,0.1,0.3622222222222222,0.6377777777777778,0.4,0.3063878921939193,0.0,0.032,0.5839999999999999,0.156,0.2580645161290322,0.0186879999999999,0.632,0.0,0.3,0.0,0.0,0.7272727272727273,0.2574455082742317,0.0319232430260047,-0.0,,
2594,Kyle Korver,2017-18,37.0,21.6,0.154,0.652,0.1977524242230282,0.0299625468164794,0.0119509628786303,1.0,50.33206285174036,4.78,0.5,0.1,0.1755555555555555,0.8244444444444444,0.1249999999999999,0.3913814735496526,0.0201048689138576,-0.0409999999999999,0.028,0.113,-0.2662337662337662,-0.001148,0.032,0.089,1.2,0.8,0.3,0.3424,0.3563540366208905,0.0548785216396171,-0.0,,
1628398,Kyle Kuzma,2017-18,22.0,31.2,0.219,0.549,0.1161753532804887,0.2401280683030949,0.0119063919212601,1.0,49.69177046886124,5.05,1.8,1.5,0.2022222222222222,0.7977777777777778,0.5521739130434782,0.3389481139171007,0.01665848452508,-0.0179999999999999,-0.012,0.201,-0.0821917808219177,0.000216,0.35,0.069,2.4,1.0,0.3,0.4635568513119533,0.332018622079924,0.0727120782355033,-0.0,,
200768,Kyle Lowry,2017-18,32.0,32.2,0.211,0.598,0.1522306254036897,0.5480961923847696,0.0147545413728916,1.1392856275358836,50.36654991786162,4.62,5.1,0.2,0.6822222222222222,0.3177777777777778,0.5274845916795068,0.1257342824967216,0.0444799599198397,-0.002,-0.023,0.209,-0.009478672985782,4.600000000000008e-05,0.511,0.046,4.6,3.4,1.4,0.4328922495274102,0.5393612598848491,0.1138052258357031,-0.0,TOR,0.5588179041880527
203124,Kyle O'Quinn,2017-18,28.0,18.0,0.168,0.625,0.145193290024773,0.0701754385964912,0.0099979386825799,1.0,,4.37,1.2,1.7,0.3688888888888889,0.6311111111111112,0.2,0.5,0.0449122807017543,-0.065,-0.044,0.103,-0.386904761904762,0.00286,0.335,0.153,0.3,0.0,0.0,0.6434316353887399,0.4073044834307993,0.0684271532163742,-0.0,,
202681,Kyrie Irving,2017-18,26.0,32.2,0.298,0.61,0.1538836698117302,0.7129443326626425,0.0250332323819193,1.0,50.00152889060796,4.65,6.1,1.2000000000000002,0.6777777777777777,0.3222222222222223,0.5483824403929919,0.082760642858848,0.0631428571428571,0.152,-0.022,0.45,0.5100671140939599,-0.003344,0.654,0.153,7.3,3.4,1.4,0.6013513513513513,0.4629468253968253,0.1379581539682539,-0.0,BOS,0.5658095257976435
200746,LaMarcus Aldridge,2017-18,32.0,33.4,0.288,0.57,0.1081736476660835,0.3653693407466243,0.0167189964748743,0.8540618687368798,49.9733312105948,4.23,2.2,10.1,1.0,0.0,0.6643949517446176,0.3027204642867581,0.0547768069896743,-0.0209999999999999,-0.0089999999999998,0.267,-0.0729166666666665,0.0001889999999999,0.482,0.271,5.4,0.1,0.0,0.6412053258584443,0.4771755361397935,0.1374265544082605,-0.0,,
202362,Lance Stephenson,2017-18,27.0,22.6,0.208,0.495,0.0613530890680386,0.6656891495601173,0.0058201132628534,0.9005978220933357,50.29010142842176,4.23,2.5,0.1,0.4133333333333333,0.5866666666666667,0.5181880801653164,0.5669209693637507,0.0658563049853372,-0.0069999999999999,0.029,0.201,-0.033653846153846,-0.0002029999999999,0.657,0.203,3.6,1.1,0.3,0.3875968992248062,0.3419059799774487,0.0711164438353093,-0.0,,
202498,Lance Thomas,2017-18,30.0,18.5,0.106,0.513,0.0487206377568796,0.053030303030303,0.0016814027853082,1.0,,4.76,0.6,0.1,0.0977777777777777,0.9022222222222224,0.1273408239700374,0.9434685744784482,0.028,-0.035,-0.069,0.071,-0.330188679245283,0.002415,0.255,0.107,0.4,0.1,0.0,0.3576923076923077,0.2744444444444444,0.0290911111111111,-0.0,,
1626204,Larry Nance Jr.,2017-18,25.0,21.5,0.155,0.605,0.1218183590188175,0.0323809523809523,0.0074337900653785,1.0,50.22147076568516,4.92,0.9,1.8,0.1888888888888888,0.8111111111111111,0.4,0.4402913442703093,0.0192342857142857,-0.043,0.205,0.112,-0.2774193548387096,-0.008815,0.254,0.119,0.2,0.0,0.0,0.6321353065539113,0.4072386031746031,0.0631219834920634,-0.0,,
1628374,Lauri Markkanen,2017-18,21.0,29.7,0.215,0.552,0.1001835886487624,0.1324004305705059,0.0099874420918616,1.0,50.76353364680798,5.08,2.0,1.7000000000000002,0.2222222222222222,0.7777777777777778,0.2501521612124066,0.2845523215185969,0.0159483315392895,-0.009,-0.023,0.206,-0.0418604651162791,0.000207,0.233,0.101,1.8,0.4,0.1,0.454123112659698,0.3330871307259897,0.0716137331060877,-0.0,,
2544,LeBron James,2017-18,33.0,36.9,0.31,0.621,0.1951381319647347,0.7203282828282829,0.0336809772464566,0.9755235024628895,50.406688014445685,4.1,6.7,2.8,0.96,0.04,0.8041450777202072,0.0355065619529473,0.0834848484848485,0.138,0.013,0.448,0.4451612903225806,0.001794,0.69,0.104,6.8,3.3,1.2,0.5282567049808429,0.5504312655951857,0.1706336923345075,-3.495687344048149e-05,,
1628366,Lonzo Ball,2017-18,20.0,34.2,0.169,0.444,0.034184448783926,0.4868571428571428,0.0023749727901593,1.0,50.21873886871663,4.92,5.2,0.3,0.6399999999999999,0.3600000000000001,0.4557086949123702,0.573361634671794,0.0515794285714285,0.0089999999999999,-0.015,0.178,0.0532544378698223,-0.0001349999999999,0.493,0.049,3.2,2.1,0.6,0.3759124087591241,0.3693448685714285,0.0624192827885714,-0.0,,
101150,Lou Williams,2017-18,31.0,32.8,0.285,0.574,0.1090304201189351,0.7004754358161649,0.0165888001663294,1.0,50.29989162055949,4.44,4.3,0.4,0.5644444444444444,0.4355555555555556,0.6840661553508915,0.2396278982652843,0.0609889064976228,0.037,-0.0419999999999999,0.322,0.1298245614035089,-0.0015539999999999,0.627,0.132,7.3,3.4,1.2,0.5128593040847201,0.3973775664729705,0.1132526064447966,-0.0,LAC,0.5463295497645038
201601,Luc Mbah a Moute,2017-18,31.0,25.6,0.128,0.595,0.1331644072435484,0.1589242053789731,0.0060982203756552,0.3907776475185618,49.95046373628518,4.25,0.8,0.6,0.1155555555555555,0.8844444444444445,0.736842105263158,0.4181184500438544,0.0121100244498777,-0.03,0.4830000000000001,0.098,-0.234375,-0.01449,0.145,0.0,0.2,0.1,0.1,0.4435695538057743,0.1218764900842162,0.0156001907307796,-0.0,,
1628379,Luke Kennard,2017-18,22.0,20.0,0.169,0.56,0.1469767645473335,0.2635467980295566,0.0102112460198481,1.0,50.33435458263778,4.89,1.0,0.5,0.2822222222222222,0.7177777777777778,0.3496129326047359,0.3872340783990866,0.0587487684729064,0.0059999999999999,-0.046,0.175,0.0355029585798815,-0.0002759999999999,0.296,0.215,2.1,0.5,0.1,0.3636363636363636,0.3726466228790366,0.0629772792665571,-0.0,,
1627763,Malcolm Brogdon,2017-18,25.0,29.9,0.189,0.578,0.1435961413106848,0.5380047505938242,0.0117987357897925,0.9392972361659492,,4.67,3.3,0.4,0.3666666666666667,0.6333333333333333,0.4,0.5,0.0,-0.078,-0.0919999999999999,0.111,-0.4126984126984127,0.0071759999999999,0.52,0.093,2.6,0.8,0.4,0.5036630036630036,0.3407955384006333,0.0644103567577197,-0.0,,
1627098,Malcolm Delaney,2017-18,29.0,18.8,0.166,0.519,0.0721088117821959,0.5525,0.0048769743483936,1.0,,4.57,2.7,0.1,0.5422222222222222,0.4577777777777778,0.2035087719298245,1.0,0.1059574999999999,-0.141,0.2309999999999999,0.0249999999999999,-0.8493975903614458,-0.032571,0.459,0.189,2.1,0.8,0.2,0.3857142857142857,0.3724794388888888,0.0618315868555555,-0.0,,
1938,Manu Ginobili,2017-18,40.0,20.0,0.205,0.553,0.1109249030375549,0.4989339019189766,0.0102957941137599,0.8444323144104802,49.957115738020725,4.53,1.8,0.0,0.4288888888888889,0.5711111111111111,0.6512031150184041,0.2006327624953213,0.0328144989339019,0.007,0.122,0.212,0.0341463414634146,0.000854,0.458,0.069,1.9,1.0,0.3,0.466,0.3020409097370291,0.0619183864960909,-0.0,,
201188,Marc Gasol,2017-18,33.0,33.0,0.255,0.532,0.0707915424312535,0.1342078708375378,0.0091157340378285,1.0,51.198817553179914,3.98,2.4,6.1,0.61,0.39,0.2834271845983938,1.0,0.0224863773965691,0.004,-0.133,0.259,0.0156862745098039,-0.000532,0.26,0.199,2.1,0.2,0.0,0.4013605442176871,0.4149884661957618,0.1058220588799192,-0.0,,
101162,Marcin Gortat,2017-18,34.0,25.3,0.153,0.546,0.0723277004077409,0.0591497227356746,0.0043285436714712,1.0,50.57550269304531,4.5,1.0,2.9000000000000004,0.29,0.71,0.3764705882352941,0.8358832557782077,0.0328872458410351,-0.044,-0.123,0.109,-0.2875816993464052,0.005412,0.245,0.11,0.3,0.0,0.0,0.7661691542288557,0.3325529390018484,0.0508805996672828,-0.0,,
201158,Marco Belinelli,2017-18,32.0,24.3,0.197,0.581,0.1070112574506795,0.1866251944012441,0.0093568314546927,1.1574074074074074,49.76798359777456,5.01,1.3,0.5,0.2555555555555555,0.7444444444444445,0.3939790575916229,0.4166249494306295,0.0265007776049766,-0.0269999999999999,0.096,0.17,-0.1370558375634517,-0.002592,0.166,0.206,3.4,1.4,0.5,0.4377182770663562,0.3598445654052186,0.070889379384828,-0.0,,
202694,Marcus Morris Sr.,2017-18,28.0,26.7,0.222,0.541,0.0796446262135504,0.37109375,0.0083307852622578,0.733359529384143,50.24624326795815,4.41,1.6,2.2,0.22,0.78,0.4683574004605824,1.0,0.0607682291666666,-0.0549999999999999,0.001,0.167,-0.2477477477477477,-5.500000000000004e-05,0.374,0.221,3.9,0.8,0.3,0.4458128078817734,0.2812269469188084,0.0624323822159754,-0.0,BOS,0.5864862128892105
203935,Marcus Smart,2017-18,24.0,29.9,0.187,0.479,0.013294515620766,0.4974747474747474,0.0010750655082736,0.9693912659616596,49.99625953028618,4.37,3.7,0.8,0.52,0.48,0.5254982115482881,1.0,0.0373270202020202,-0.046,0.046,0.141,-0.2459893048128343,-0.002116,0.497,0.091,2.8,1.3,0.4,0.4519685039370079,0.3113370707070707,0.0582200322222222,-0.0,,
201596,Mario Chalmers,2017-18,32.0,21.5,0.186,0.503,0.0228986692162906,0.5785837651122625,0.0018368752387044,1.0,50.8312281293144,4.59,3.8,0.2,0.4755555555555555,0.5244444444444445,0.6402277551295441,0.3860546301756707,0.0522746113989637,0.0289999999999999,0.0599999999999999,0.215,0.1559139784946236,0.0017399999999999,0.548,0.099,1.7,0.7,0.1,0.4446952595936794,0.31851739781232,0.0592442359930915,-0.0,,
1626209,Mario Hezonja,2017-18,23.0,22.1,0.197,0.544,0.082558770903935,0.2952691680261011,0.0072187592488644,1.0,49.9136351767378,4.63,1.4,0.5,0.2244444444444444,0.7755555555555556,0.4966122465114439,0.3220231903336401,0.0137292006525285,0.0289999999999999,-0.036,0.226,0.1472081218274111,-0.001044,0.33,0.105,1.4,0.4,0.2,0.4453507340946166,0.3148480116005075,0.0620250582852999,-0.0,,
202693,Markieff Morris,2017-18,28.0,27.0,0.194,0.566,0.138495916641336,0.1240981240981241,0.0118342179644773,1.2206336839809466,50.98027168229312,4.04,1.0,3.0,0.3,0.7,0.2247917247359781,0.4617308125670036,0.0129653679653679,-0.031,0.099,0.163,-0.1597938144329896,-0.003069,0.255,0.221,1.6,0.2,0.0,0.5142857142857142,0.3428411221054078,0.0665111776884491,-0.0,,
1627737,Marquese Chriss,2017-18,20.0,21.2,0.176,0.509,0.0257171092175245,0.083984375,0.0018988521514475,1.0,50.90035710156905,4.8,1.0,1.2,0.18,0.8200000000000001,0.3964285714285713,0.6976385712724964,0.04350390625,-0.0179999999999999,0.0639999999999999,0.158,-0.1022727272727272,-0.0011519999999999,0.223,0.068,0.4,0.1,0.0,0.4109014675052411,0.2799526953125,0.049271674375,-0.0,,
101107,Marvin Williams,2017-18,32.0,25.7,0.145,0.603,0.1101837012572783,0.0587188612099644,0.0060837219983629,1.0,50.42378203181181,4.77,0.9,1.1,0.1533333333333333,0.8466666666666667,0.2576672587329781,0.5,0.0349964412811387,-0.0389999999999999,-0.235,0.106,-0.2689655172413793,0.0091649999999999,0.182,0.043,0.7,0.1,0.1,0.3836589698046181,0.3235120521945432,0.0469092475682087,-0.0,,
203486,Mason Plumlee,2017-18,28.0,19.5,0.161,0.586,0.1411586440700459,0.1432664756446991,0.0091189806056256,1.0,,4.55,1.1,1.5,0.3222222222222222,0.6777777777777778,0.2,0.1329505996216207,0.0978510028653295,-0.003,0.029,0.158,-0.0186335403726708,-8.700000000000015e-05,0.285,0.027,0.2,0.0,0.0,0.8104395604395604,0.3868485036612544,0.0622826090894619,-0.0,,
1628467,Maxi Kleber,2017-18,26.0,16.8,0.135,0.576,0.0997736488198773,0.0299727520435967,0.0049489892200328,1.0,,4.38,0.5,0.7,0.1466666666666666,0.8533333333333333,0.2,0.5,0.0170844686648501,-0.013,-0.2629999999999999,0.122,-0.0962962962962963,0.003419,0.152,0.073,0.3,0.1,0.0,0.4077669902912621,0.3170049046321526,0.0427956621253406,-0.0,,
201563,Michael Beasley,2017-18,29.0,22.3,0.261,0.556,0.1321790596053885,0.4425925925925926,0.0176247683972039,1.0,50.944368392026846,4.48,1.5,4.3,0.43,0.5700000000000001,0.6103748166842877,0.4171449368993387,0.0730092592592592,-0.036,-0.069,0.225,-0.1379310344827586,0.002484,0.496,0.16,2.6,0.2,0.1,0.735897435897436,0.3946733796296295,0.1030097520833333,-0.0,,
203077,Michael Kidd-Gilchrist,2017-18,24.0,25.0,0.159,0.536,0.1367231723916138,0.4695431472081218,0.008668377441435,1.0,50.39098811313129,4.62,0.9,0.8999999999999999,0.1266666666666666,0.8733333333333333,0.763157894736842,0.5,0.0646421319796954,-0.054,0.0329999999999999,0.105,-0.339622641509434,-0.0017819999999999,0.326,0.217,2.3,0.0,0.0,0.6779964221824687,0.3122882656514382,0.0496538342385786,-0.0,,
201144,Mike Conley,2017-18,30.0,31.1,0.26,0.52,0.0331915702031244,0.7156048014773776,0.0044003560679654,1.0,,4.64,5.3,0.0,0.5888888888888889,0.4111111111111111,0.2797619047619047,0.3386415104779319,0.0010498614958448,0.0869999999999999,0.0969999999999999,0.347,0.3346153846153845,0.0084389999999999,0.672,0.049,6.2,3.9,1.2,0.4226190476190476,0.3423659433671899,0.0890151452754693,-0.0,,
1628455,Mike James,2017-18,27.0,19.1,0.237,0.469,0.0703726188306757,1.0,0.0081194429018515,1.0,,4.85,4.2,0.1,0.62,0.38,0.2959501557632398,0.4385353585773804,0.0,-0.0119999999999999,0.024,0.225,-0.0506329113924049,-0.0002879999999999,0.878,0.107,4.1,1.9,0.5,0.5545171339563862,0.3605784581497797,0.0854570945814977,-0.0,,
203488,Mike Muscala,2017-18,26.0,20.0,0.149,0.597,0.1060257308550006,0.0211946050096339,0.0060980457379067,1.0,50.99401792585134,5.02,0.7,0.7999999999999999,0.1644444444444444,0.8355555555555556,0.2440577078288942,0.5,0.0121233140655105,-0.063,0.135,0.086,-0.4228187919463087,-0.008505,0.196,0.059,0.3,0.0,0.0,0.3269230769230769,0.3259726482551915,0.0485699245900235,-0.0,,
203118,Mike Scott,2017-18,29.0,18.5,0.194,0.599,0.1029391196141185,0.0973084886128364,0.0087959559251098,1.0,,4.79,0.8,1.9,0.2066666666666666,0.7933333333333333,0.099236641221374,0.5,0.0593581780538302,-0.087,0.059,0.107,-0.4484536082474227,-0.005133,0.196,0.266,1.2,0.1,0.0,0.4053571428571428,0.4449577087646653,0.086321795500345,-0.0,,
1628462,Milos Teodosic,2017-18,31.0,25.2,0.178,0.564,0.1290313283337448,0.4799405646359583,0.0096900311169625,1.0,,4.75,3.6,0.1,0.5599999999999999,0.44,0.0666666666666666,0.2478514210590625,0.0941738484398216,-0.0079999999999999,0.003,0.17,-0.0449438202247189,-2.399999999999996e-05,0.464,0.163,3.6,2.0,0.6,0.3238636363636363,0.4257443982169391,0.0757825028826151,-0.0,,
1626149,Montrezl Harrell,2017-18,24.0,17.0,0.227,0.647,0.1917237149422694,0.2810126582278481,0.0207355052158793,1.0,,4.49,0.9,3.3,0.3299999999999999,0.67,0.4,0.5,0.037412658227848,-0.075,-0.02,0.152,-0.3303964757709251,0.0015,0.333,0.017,0.3,0.1,0.0,0.8287292817679558,0.4153505822784811,0.0942845821772152,-0.0,,
1626167,Myles Turner,2017-18,22.0,28.2,0.199,0.567,0.06178510603118,0.0409731113956466,0.0054848330258264,1.0,50.291718694913705,4.62,1.1,3.2,0.32,0.6799999999999999,0.3422407460636836,1.0,0.0219615877080665,-0.034,-0.1359999999999999,0.165,-0.1708542713567839,0.0046239999999999,0.219,0.273,0.8,0.1,0.0,0.3795093795093795,0.4519318309859155,0.0899344343661971,-0.0,IND,0.6049999999999999
203457,Nerlens Noel,2017-18,24.0,15.7,0.131,0.558,0.0814953330952475,0.0107142857142857,0.0038640228206601,1.0,,4.41,0.5,0.7999999999999999,0.1555555555555555,0.8444444444444444,0.2,0.9243140072986528,0.0058071428571428,-0.046,-0.058,0.085,-0.3511450381679389,0.002668,0.2,0.031,0.2,0.0,0.0,0.6952380952380952,0.3098003174603174,0.0405838415873015,-0.0,,
201156,Nick Young,2017-18,33.0,17.4,0.169,0.562,0.1333273491933798,0.2292682926829268,0.0092629496096259,0.0,,4.42,0.7,0.3,0.0844444444444444,0.9155555555555556,0.0717213114754098,0.1557358644566767,0.0366292682926829,0.0069999999999999,0.0059999999999998,0.176,0.0414201183431951,4.199999999999913e-05,0.209,0.124,2.5,1.3,0.4,0.4066543438077634,0.2415507425474254,0.0408220754905149,-0.0,,
201587,Nicolas Batum,2017-18,29.0,31.0,0.178,0.523,0.0752646253843088,0.3319672131147541,0.0056522440821044,1.0,50.72644005790604,4.65,2.3,1.2999999999999998,0.5666666666666667,0.4333333333333333,0.3491402714932126,0.6845884846031878,0.0229877049180327,-0.0159999999999999,-0.045,0.162,-0.0898876404494381,0.00072,0.456,0.254,4.3,0.9,0.3,0.5053929121725732,0.394809631147541,0.0702761143442623,-0.0,,
203999,Nikola Jokić,2017-18,23.0,32.6,0.238,0.603,0.1345496147073599,0.2061446977205153,0.0156224050594962,1.0,50.35922695348099,4.46,3.1,4.7,0.6355555555555555,0.3644444444444444,0.6505610561056105,0.3661803271709099,0.0225391476709613,-0.0099999999999999,-0.0869999999999999,0.228,-0.0420168067226889,0.0008699999999999,0.379,0.13,1.1,0.4,0.1,0.5643863179074446,0.4689635414601915,0.1116133228675255,-0.0,DEN,0.5864616127268985
202703,Nikola Mirotic,2017-18,27.0,27.2,0.223,0.577,0.1081410869374921,0.1273885350318471,0.0113880148546446,0.933616926004702,51.37933721733388,4.9,1.7,2.3,0.2299999999999999,0.77,0.2291548764384078,0.5,0.0155859872611465,-0.04,0.004,0.183,-0.179372197309417,-0.00016,0.248,0.107,2.8,1.0,0.4,0.3826530612244898,0.3707627388535031,0.0826800907643312,-0.0,,
202696,Nikola Vučević,2017-18,27.0,29.5,0.252,0.533,0.0709328831136131,0.0914687774846086,0.0089732222296376,1.0,50.48087310449032,4.26,1.8,4.5,0.45,0.55,0.1861394557823129,1.0,0.0058927000879507,-0.0569999999999999,0.0649999999999999,0.195,-0.2261904761904761,-0.0037049999999999,0.276,0.194,1.1,0.0,0.0,0.4573829531812725,0.3763527924362357,0.0948409036939314,-0.0,ORL,0.5663990322114691
203943,Noah Vonleh,2017-18,22.0,16.2,0.142,0.509,0.0870148478746277,0.195583596214511,0.0046561384101222,1.0,,4.77,0.8,0.6,0.1311111111111111,0.8688888888888889,0.4,0.5,0.0252208201892744,-0.0999999999999999,0.289,0.042,-0.704225352112676,-0.0289,0.423,0.114,0.3,0.1,0.0,0.5405405405405406,0.2979228916929548,0.0423050506203995,-0.0,,
1628384,OG Anunoby,2017-18,20.0,20.0,0.121,0.587,0.083627059824132,0.0944444444444444,0.0035198558946273,1.0,50.01992247871421,4.71,0.5,0.1,0.1088888888888889,0.8911111111111111,0.2914340179559709,0.5,0.0554388888888888,-0.0509999999999999,-0.1879999999999999,0.07,-0.421487603305785,0.0095879999999999,0.184,0.005,0.2,0.1,0.1,0.3569620253164557,0.3389041666666667,0.0410074041666666,-0.0,,
203490,Otto Porter Jr.,2017-18,25.0,31.6,0.182,0.602,0.173397764718569,0.2097989949748744,0.0134632706563008,0.0,50.99285646197715,4.78,1.7,1.4,0.2133333333333333,0.7866666666666666,0.3683517563252271,0.5,0.0399861809045226,-0.0569999999999999,-0.033,0.125,-0.3131868131868132,0.001881,0.281,0.233,3.2,0.5,0.2,0.3906926406926407,0.2737308961474037,0.0498190230988274,-0.0,,
200782,P.J. Tucker,2017-18,33.0,27.8,0.103,0.537,0.0629096367425149,0.0847457627118644,0.0020795674663023,1.0,50.14351010428845,4.2,0.7,0.0,0.1044444444444444,0.8955555555555555,0.1616780045351473,0.7040042943265533,0.0473728813559322,0.027,-0.008,0.13,0.2621359223300972,-0.000216,0.151,0.032,0.2,0.1,0.0,0.2408759124087591,0.3477315254237287,0.035816347118644,-0.0,HOU,0.6208521961788458
1627783,Pascal Siakam,2017-18,24.0,20.7,0.154,0.549,0.0872528560825362,0.202991452991453,0.0052730359599578,0.0,50.18935239208765,5.03,1.1,0.6,0.2955555555555555,0.7044444444444444,0.6163934426229508,0.5,0.0115811965811965,-0.097,0.3389999999999999,0.0569999999999999,-0.6298701298701299,-0.0328829999999999,0.277,0.014,0.2,0.0,0.0,0.5661080074487895,0.3613990978157644,0.0556554610636277,-0.0,TOR,0.570509158214492
201988,Patty Mills,2017-18,29.0,25.7,0.172,0.558,0.1107867160666228,0.4188163884673748,0.0079027885071249,0.9089375097485928,50.05099009758856,4.94,3.1,0.1,0.3511111111111111,0.6488888888888888,0.3241105183196127,0.3092206620892162,0.0154810318664643,0.002,-0.006,0.174,0.0116279069767441,-1.200000000000002e-05,0.368,0.166,3.5,1.6,0.6,0.2783783783783783,0.3277336300792447,0.05637018437363,-0.0,,
202331,Paul George,2017-18,28.0,36.6,0.248,0.57,0.1100480257986882,0.4601837672281776,0.0135912617717333,1.163462868422103,50.655767503902865,4.62,2.8,0.9,0.3177777777777777,0.6822222222222223,0.5864618086040385,0.5,0.0595612557427258,-0.059,0.032,0.189,-0.2379032258064516,-0.001888,0.453,0.116,5.7,2.1,0.8,0.4190871369294606,0.3051102197464693,0.0756673344971244,-0.0,OKC,0.5645495686586437
200794,Paul Millsap,2017-18,33.0,30.1,0.217,0.549,0.1054308252946551,0.4105691056910569,0.0106575457807802,1.0,,4.39,1.9,3.3,0.3299999999999999,0.67,0.271264367816092,0.4805306105102943,0.050170731707317,-0.043,0.1729999999999999,0.174,-0.1981566820276498,-0.0074389999999999,0.421,0.097,2.7,0.4,0.1,0.5235849056603774,0.3510064634146342,0.0761684025609756,-0.0,,
203112,Quincy Acy,2017-18,27.0,19.4,0.143,0.525,0.0754552777467019,0.006578947368421,0.0040803148719613,1.0,,4.51,0.7,0.3,0.1355555555555555,0.8644444444444445,0.0630136986301369,1.0,0.0035131578947368,-0.0409999999999999,-0.188,0.102,-0.2867132867132867,0.0077079999999999,0.038,0.034,0.2,0.1,0.0,0.1699716713881019,0.3011986403508772,0.0430714055701754,-0.0,,
1626188,Quinn Cook,2017-18,25.0,22.4,0.176,0.593,0.1603569566914713,0.5932835820895522,0.0118401391710731,1.0661875059591004,,5.27,3.1,0.3,0.3977777777777777,0.6022222222222222,0.2761904761904762,0.4536337228572135,0.1200037313432835,-0.0479999999999999,0.022,0.128,-0.2727272727272726,-0.001056,0.459,0.205,3.6,1.4,0.6,0.3575949367088608,0.2147328998944671,0.0377929903814262,-0.0,,
200765,Rajon Rondo,2017-18,32.0,26.2,0.164,0.522,0.0979964968116114,0.675,0.0065084312676744,0.6952338363001647,50.668641303073606,4.67,4.7,0.1,0.9022222222222224,0.0977777777777777,0.5105263157894737,0.3314680758355532,0.0,-0.01,0.1759999999999999,0.154,-0.0609756097560976,-0.00176,0.68,0.078,1.7,0.7,0.3,0.4675767918088737,0.4279524444444444,0.0701842008888889,-0.0,,
101109,Raymond Felton,2017-18,34.0,16.6,0.21,0.494,0.0952679650876474,0.6707964601769911,0.0091680258876896,0.7787035930358961,,4.24,3.2,0.2,0.5666666666666667,0.4333333333333333,0.1847826086956521,0.5,0.0673539823008848,-0.189,0.027,0.0209999999999999,-0.9,-0.005103,0.688,0.195,3.1,1.0,0.3,0.3615520282186948,0.3830971386430678,0.0804503991150442,-0.0,,
203493,Reggie Bullock Jr.,2017-18,27.0,27.9,0.153,0.615,0.1690811021396971,0.0658783783783783,0.0101188746566846,1.0,49.9949474033711,4.66,0.8,0.4,0.18,0.8200000000000001,0.1680985680985681,0.5,0.0436773648648648,-0.0279999999999999,-0.206,0.125,-0.1830065359477124,0.005768,0.112,0.1,1.8,0.6,0.3,0.388170055452865,0.3654003547297297,0.0559062542736486,-0.0,,
202704,Reggie Jackson,2017-18,28.0,26.7,0.265,0.516,0.094077761530843,0.8075904677846426,0.0128338153430793,1.0,,4.67,6.3,0.2,0.7355555555555556,0.2644444444444443,0.1993067590987868,0.1477353626572314,0.0255939982347749,0.13,0.0489999999999999,0.395,0.490566037735849,0.0063699999999999,0.809,0.174,5.8,1.8,0.5,0.515625,0.4203567637540453,0.111394542394822,-0.0,,
201937,Ricky Rubio,2017-18,27.0,29.3,0.222,0.537,0.0854112823096072,0.6570048309178744,0.0089339744025863,0.7205493128879428,50.35722028929573,4.89,5.9,0.2,0.6555555555555556,0.3444444444444444,0.569609782006803,0.5,0.0800966183574878,-0.064,0.2819999999999999,0.158,-0.2882882882882883,-0.0180479999999999,0.552,0.246,5.1,1.0,0.3,0.3270718232044199,0.3426091672417759,0.0760592351276742,-0.0,,
203496,Robert Covington,2017-18,27.0,31.6,0.168,0.563,0.0829661074499236,0.0428061831153388,0.0057130054348596,1.0,50.306691451390726,4.65,1.1,0.5,0.1866666666666666,0.8133333333333334,0.1970232399179767,0.3496314672022172,0.0239286563614744,-0.015,0.1160000000000001,0.153,-0.0892857142857143,-0.00174,0.096,0.038,1.0,0.5,0.2,0.4083424807903403,0.2561386841062227,0.0430312989298454,-0.0,,
201577,Robin Lopez,2017-18,30.0,26.4,0.203,0.552,0.0523511754362148,0.0554722638680659,0.0047881802853455,1.0,50.98119115310182,4.59,1.1,5.1,0.51,0.49,0.271540409854939,1.0,0.0295667166416791,-0.017,-0.212,0.186,-0.083743842364532,0.003604,0.269,0.153,0.6,0.0,0.0,0.6624803767660911,0.3800921289355322,0.077158702173913,-0.0,,
203918,Rodney Hood,2017-18,25.0,26.9,0.24,0.546,0.0777102563357233,0.4946581196581197,0.0091368228385634,1.1347693536721717,50.545914162822406,4.62,1.9,0.7,0.2155555555555555,0.7844444444444445,0.3270455392809587,1.0,0.0616837606837607,-0.094,-0.186,0.146,-0.3916666666666666,0.017484,0.488,0.156,4.7,1.8,0.7,0.4875444839857651,0.1468010364064885,0.0352322487375572,-0.0,,
1626178,Rondae Hollis-Jefferson,2017-18,23.0,28.2,0.217,0.548,0.0306562385924302,0.4673590504451038,0.0030989064664175,1.0,50.83316511660341,4.8,2.1,3.5,0.35,0.65,0.920754716981132,0.9460125765467544,0.0475326409495548,-0.0539999999999999,0.0529999999999999,0.163,-0.248847926267281,-0.0028619999999999,0.43,0.169,2.2,0.0,0.0,0.6080114449213162,0.3027154673590505,0.0656892564169139,-0.0,,
1626220,Royce O'Neale,2017-18,25.0,16.7,0.14,0.54,0.0770201948032975,0.4395973154362416,0.0040345645314313,1.3184361827394038,,4.72,1.0,0.1,0.2711111111111111,0.7288888888888889,0.3720930232558139,1.0,0.0459261744966443,-0.037,0.2329999999999999,0.103,-0.2642857142857144,-0.008621,0.375,0.041,0.7,0.3,0.1,0.415929203539823,0.3627682935830837,0.0507875611016317,-0.0,,
200752,Rudy Gay,2017-18,31.0,21.6,0.237,0.545,0.0917475299837201,0.5023474178403755,0.0105856346327132,0.8865788515236128,50.1724498979634,4.63,1.6,2.8000000000000003,0.28,0.72,0.6040651372875311,0.2889755516557285,0.0452676056338028,-0.0169999999999999,-0.009,0.22,-0.0717299578059071,0.000153,0.53,0.174,3.0,0.4,0.1,0.5996677740863787,0.2794381220657276,0.0662268349295774,-0.0,,
203497,Rudy Gobert,2017-18,26.0,32.4,0.163,0.657,0.2027245129341328,0.0215384615384615,0.013340978131104,1.0,50.24147739071443,4.62,1.5,2.8000000000000003,0.28,0.72,0.5,0.2388958922570494,0.0144523076923076,-0.031,0.1099999999999999,0.132,-0.1901840490797545,-0.0034099999999999,0.228,0.013,0.0,0.0,0.0,0.8387096774193549,0.4358459076923077,0.0710428829538461,-0.0,UTA,0.5586475441729074
201566,Russell Westbrook,2017-18,29.0,36.4,0.326,0.524,0.087596469827244,0.8479532163742689,0.0163047072086917,0.8265416586326902,50.52930331956539,4.67,9.1,1.3,1.0,0.0,0.7991678770188533,0.2136272768752299,0.0573356725146199,0.0939999999999999,-0.041,0.42,0.2883435582822085,-0.003854,0.797,0.207,9.9,2.8,0.8,0.5199778024417314,0.4045361316317389,0.1318787789119469,-0.0003349335750169,OKC,0.5947394109380956
1626257,Salah Mejri,2017-18,32.0,11.9,0.126,0.644,0.185382653236162,0.0444444444444444,0.0082913435661255,1.0,,4.49,0.4,0.8,0.1577777777777777,0.8422222222222222,0.2,0.4275,0.0296444444444444,-0.0569999999999999,0.3179999999999999,0.069,-0.4523809523809523,-0.0181259999999999,0.307,0.009,0.0,0.0,0.0,0.8248175182481752,0.368958049382716,0.0464887142222222,-0.0,,
1628400,Semi Ojeleye,2017-18,23.0,15.8,0.088,0.473,-0.0221488637174352,0.0798122065727699,-0.0005781965009643,1.0,,4.71,0.5,0.1,0.0577777777777777,0.9422222222222222,0.1039999999999999,0.8449999999999999,0.0370328638497652,-0.0229999999999999,-0.0369999999999999,0.065,-0.2613636363636363,0.0008509999999999,0.108,0.041,0.2,0.1,0.1,0.2949308755760368,0.0,0.0,-0.0,,
201586,Serge Ibaka,2017-18,28.0,27.5,0.189,0.574,0.0740986022044631,0.0633074935400516,0.0060883936143647,1.0,50.329138686307815,4.57,1.1,1.9,0.19,0.81,0.1895049039033088,1.0,0.0354521963824289,-0.083,-0.2389999999999999,0.106,-0.4391534391534392,0.0198369999999999,0.23,0.206,1.4,0.1,0.0,0.431924882629108,0.2786660206718346,0.0526678779069767,-0.0,TOR,0.5668094925205014
203499,Shane Larkin,2017-18,25.0,14.3,0.153,0.491,0.0536315042504609,1.0,0.0032096459172089,1.5092997513964272,,4.51,2.1,0.1,0.4666666666666666,0.5333333333333334,0.273972602739726,0.6164798548707894,0.0,-0.0159999999999999,0.0799999999999999,0.137,-0.1045751633986927,-0.0012799999999999,0.548,0.13,1.5,0.5,0.1,0.4048582995951417,0.4741809523809523,0.0725496857142857,-0.0,,
2733,Shaun Livingston,2017-18,32.0,15.9,0.165,0.533,0.075547361855639,1.0,0.0050634347699441,0.9148778682457438,,5.01,1.9,1.1,0.3755555555555556,0.6244444444444444,0.2623906705539358,1.0,0.0,-0.054,-0.081,0.111,-0.3272727272727272,0.004374,0.471,0.355,2.8,0.0,0.0,0.7721238938053098,0.2833644444444445,0.0467551333333333,-0.0,,
202714,Shelvin Mack,2017-18,28.0,19.8,0.175,0.518,0.0401968365452283,1.0,0.0029427200539202,1.0,,4.92,3.6,0.2,0.6844444444444444,0.3155555555555556,0.2946859903381642,1.0,0.0,-0.0349999999999999,-0.18,0.14,-0.1999999999999998,0.0062999999999999,0.579,0.08,2.1,0.9,0.3,0.5134474327628362,0.3495077427570837,0.0611638549824896,-0.0,,
1628414,Sindarius Thornwell,2017-18,23.0,15.8,0.118,0.519,0.0505890285223056,1.0,0.0020505924335704,1.0,,4.75,0.6,0.1,0.18,0.8200000000000001,0.4,1.0,0.0,-0.0999999999999999,0.0489999999999999,0.018,-0.847457627118644,-0.0048999999999999,0.24,0.071,0.2,0.0,0.0,0.6277056277056277,0.2509712499999999,0.0296146074999999,-0.0,,
1627746,Skal Labissiere,2017-18,22.0,20.7,0.204,0.513,0.0683724828383162,0.1443965517241379,0.006299797678089,1.0,50.546341358790734,4.65,1.0,2.9000000000000004,0.29,0.71,0.3135116797518658,1.0,0.014728448275862,-0.1109999999999999,0.0869999999999999,0.093,-0.5441176470588235,-0.0096569999999999,0.405,0.141,1.1,0.1,0.0,0.6718061674008811,0.3304151508620689,0.067404690775862,-0.0,,
203915,Spencer Dinwiddie,2017-18,25.0,28.8,0.201,0.527,0.062964372068523,0.6787003610108303,0.0056739951823796,1.0,50.60400469708411,4.51,6.0,0.1,0.7755555555555554,0.2244444444444445,0.6445714285714286,0.6437446616590341,0.0792960288808664,0.0879999999999999,-0.066,0.289,0.4378109452736316,-0.0058079999999999,0.66,0.048,4.1,2.9,0.8,0.4736842105263157,0.4116660810268752,0.0827448822864019,-0.0,BKN,0.6348860569100134
1626169,Stanley Johnson,2017-18,22.0,27.4,0.161,0.48,0.048379448358718,0.4381270903010033,0.0031253576725708,1.0,49.81878430261952,4.43,1.4,0.2,0.1911111111111111,0.8088888888888889,0.5700396825396825,1.0,0.012448160535117,-0.041,0.0939999999999999,0.12,-0.2546583850931677,-0.003854,0.438,0.13,2.1,0.4,0.1,0.3899821109123434,0.2790486510590858,0.0449268328205128,-0.0,,
201939,Stephen Curry,2017-18,30.0,32.0,0.29,0.675,0.1992650968380563,0.5281293952180028,0.0311191862166939,0.889859993808395,50.60616892600828,5.24,5.1,1.1,0.6044444444444445,0.3955555555555555,0.6203238001314926,0.0848438439524443,0.0528326300984529,0.062,0.0479999999999999,0.352,0.2137931034482758,0.0029759999999999,0.484,0.116,7.0,4.5,1.8,0.4289383561643836,0.4408826188727405,0.1278559594730947,-0.0,GSW,0.64
203500,Steven Adams,2017-18,24.0,32.7,0.16,0.63,0.158177959960287,0.0435356200527704,0.0101233894374583,1.0,50.65893501784787,4.22,0.9,4.5,0.45,0.55,0.4425531914893617,0.5,0.0277757255936675,-0.083,0.0589999999999999,0.077,-0.51875,-0.0048969999999999,0.308,0.009,0.1,0.0,0.0,0.8064516129032258,0.4361716688654353,0.0697874670184696,-0.0,OKC,0.5524493608409227
204456,T.J. McConnell,2017-18,26.0,22.5,0.134,0.545,0.1083780663771954,1.0,0.0053161667625613,1.3793994135721572,50.331268969182936,5.24,3.6,0.2,0.5733333333333334,0.4266666666666666,0.3893759447203627,0.3486867363989941,0.0,-0.015,-0.03,0.119,-0.1119402985074627,0.00045,0.6,0.213,2.2,0.1,0.0,0.5078299776286354,0.5242946031746032,0.0702554768253968,-0.0,,
203933,T.J. Warren,2017-18,24.0,33.0,0.243,0.541,0.0996727148060799,0.3403643336529243,0.011939487846208,1.0,50.425787568719144,4.72,1.7,3.5999999999999996,0.36,0.64,0.6853658536585366,0.3689314184797826,0.0312579098753595,-0.03,0.0289999999999999,0.213,-0.1234567901234567,-0.0008699999999999,0.369,0.195,3.8,0.2,0.0,0.6365348399246704,0.3588646212847555,0.0872041029721956,-0.0,,
1627752,Taurean Prince,2017-18,24.0,30.0,0.216,0.549,0.1399947656556474,0.3768656716417911,0.0140537565027786,1.0,50.697667121111834,4.33,2.1,0.2,0.3,0.7,0.4864971769957982,0.4681529226533786,0.0518843283582089,-0.0189999999999999,-0.097,0.197,-0.0879629629629629,0.0018429999999999,0.4,0.064,2.9,1.4,0.4,0.4095139607032058,0.3673251865671642,0.0793422402985074,-0.0,,
203082,Terrence Ross,2017-18,27.0,25.0,0.166,0.505,0.0643404909002985,0.252016129032258,0.0043515752919574,1.0,,4.89,1.1,0.2,0.1955555555555555,0.8044444444444445,0.1465968586387434,1.0,0.022453629032258,0.059,-0.1649999999999999,0.225,0.3554216867469879,-0.0097349999999999,0.25,0.163,2.6,0.8,0.3,0.4210526315789473,0.2986177195340501,0.0495705414426523,-0.0,,
1626179,Terry Rozier,2017-18,24.0,25.9,0.199,0.52,0.1055234821569766,0.555128205128205,0.0093676084272269,0.8915378204711596,49.95128606517546,4.88,4.1,0.2,0.4555555555555555,0.5444444444444445,0.4355,0.5,0.0657551282051281,-0.05,0.0719999999999999,0.149,-0.2512562814070352,-0.0035999999999999,0.522,0.107,3.8,2.0,0.7,0.3930968360498562,0.3848617618889442,0.0765874906158999,-0.0,,
200757,Thabo Sefolosha,2017-18,34.0,21.2,0.162,0.591,0.1181624392483697,0.2134831460674157,0.0077046332292972,1.0,,4.74,1.1,0.8,0.1466666666666666,0.8533333333333333,0.3791666666666666,0.5,0.0455191011235955,-0.086,0.126,0.076,-0.5308641975308642,-0.010836,0.288,0.09,0.7,0.1,0.1,0.4458333333333333,0.3190490486891385,0.0516859458876404,-0.0,,
201152,Thaddeus Young,2017-18,30.0,32.2,0.171,0.528,0.0923034723362533,0.2256699576868829,0.0065269788364977,1.376669767201509,50.37607627768893,4.56,1.4,2.7,0.27,0.73,0.5233644859813085,0.5,0.0133624823695345,-0.059,-0.186,0.112,-0.3450292397660819,0.010974,0.382,0.096,1.0,0.1,0.0,0.6273022751895991,0.4396300246826515,0.0751767342207334,-0.0,,
203501,Tim Hardaway Jr.,2017-18,26.0,33.1,0.229,0.533,0.0820636201295243,0.3704414587332054,0.0089929855357427,1.0,50.87279966656182,4.53,2.2,0.9,0.2733333333333333,0.7266666666666667,0.4979999999999999,0.5114308893887769,0.0352965451055662,0.031,-0.024,0.26,0.1353711790393013,-0.000744,0.392,0.129,4.5,2.3,0.6,0.4488836662749706,0.3232378662827895,0.0740214713787588,-0.0,,
202699,Tobias Harris,2017-18,25.0,33.3,0.227,0.565,0.1298220287177377,0.4090909090909091,0.014040648828567,1.0,50.89903133965712,4.91,2.5,1.9,0.2777777777777778,0.7222222222222222,0.4517319458495928,0.5,0.0696601239669421,-0.0579999999999999,-0.0719999999999999,0.169,-0.2555066079295154,0.0041759999999999,0.407,0.122,4.1,1.0,0.4,0.5099502487562189,0.352883809687787,0.0801046247991276,-0.0,LAC,0.5535444132054854
1628470,Torrey Craig,2017-18,27.0,16.1,0.116,0.535,0.1020442372489455,0.0938628158844765,0.0040315817226662,1.0,,4.78,0.5,0.1,0.12,0.88,0.2,0.3227478409301316,0.0569747292418772,-0.023,0.0899999999999999,0.093,-0.1982758620689655,-0.00207,0.258,0.061,0.2,0.2,0.0,0.4890510948905109,0.3080141516245487,0.0357296415884476,-0.0,,
2772,Trevor Ariza,2017-18,33.0,33.9,0.141,0.567,0.1192241837363413,0.1123755334281649,0.0063123784239347,0.73536646726673,50.64208066650951,4.03,1.1,0.3,0.1466666666666666,0.8533333333333333,0.1979238918713478,0.5,0.0142901849217638,-0.0569999999999999,0.214,0.084,-0.4042553191489361,-0.012198,0.179,0.003,1.3,1.2,0.3,0.3455696202531645,0.2820139402560456,0.0397639655761024,-0.0,,
203504,Trey Burke,2017-18,25.0,21.8,0.249,0.563,0.165654626440241,0.728235294117647,0.0205827116591215,1.0,,4.87,4.8,0.2,0.7311111111111112,0.2688888888888888,0.2162458836443468,0.320845826089761,0.0826070588235294,-0.01,-0.1059999999999999,0.239,-0.0401606425702811,0.00106,0.663,0.386,5.8,1.1,0.3,0.418848167539267,0.4867823346405229,0.1212088013254902,-0.0,,
1626168,Trey Lyles,2017-18,22.0,19.1,0.205,0.591,0.1497740372189393,0.2080924855491329,0.01390168130479,1.0,,4.52,1.2,1.6,0.2333333333333333,0.7666666666666667,0.3581818181818181,0.5,0.0534720616570327,-0.102,-0.0859999999999999,0.103,-0.4975609756097561,0.0087719999999999,0.252,0.064,1.1,0.3,0.1,0.5128676470588235,0.3629255619781631,0.0743997402055234,-0.0,,
202684,Tristan Thompson,2017-18,27.0,20.2,0.121,0.569,0.1008744470332533,0.0803571428571428,0.0042457969675601,1.0,51.03763412986073,4.79,0.7,1.1,0.11,0.89,0.4045454545454545,0.5,0.0480535714285714,-0.067,-0.569,0.0539999999999999,-0.5537190082644629,0.038123,0.288,0.033,0.2,0.0,0.0,0.7931034482758621,0.3368651785714285,0.0407606866071428,-0.0,,
203584,Troy Daniels,2017-18,26.0,20.5,0.168,0.583,0.1243605466124552,0.0955882352941176,0.0085634061970171,1.0,50.68926024650866,5.09,0.7,0.3,0.1044444444444444,0.8955555555555555,0.090970815961882,0.4908482054751486,0.012797794117647,-0.026,-0.0899999999999999,0.142,-0.1547619047619048,0.00234,0.125,0.063,1.8,1.4,0.6,0.3182608695652174,0.3159827736928104,0.0530851059803921,-0.0,,
1628416,Tyler Dorsey,2017-18,22.0,17.4,0.193,0.494,0.0520431324023569,0.4601113172541743,0.0044126490861677,1.0,,4.65,1.3,0.1,0.2844444444444444,0.7155555555555555,0.2228260869565217,1.0,0.0575602968460111,-0.05,0.012,0.143,-0.2590673575129534,-0.0006,0.368,0.123,2.2,1.0,0.4,0.3989501312335958,0.3021268315811173,0.0583104784951556,-0.0,,
203898,Tyler Ennis,2017-18,23.0,12.7,0.169,0.473,0.0276601823684595,1.0,0.0019216978138557,1.0,,5.18,2.1,0.2,0.52,0.48,0.4,0.430222731986811,0.0,0.099,-0.0229999999999999,0.268,0.5857988165680473,-0.0022769999999999,0.617,0.116,1.1,0.4,0.1,0.5972850678733032,0.3058590769230769,0.051690184,-0.0,,
1627755,Tyler Ulis,2017-18,22.0,23.4,0.184,0.465,0.0546790568776933,1.0,0.0043156652390805,1.0,50.84663745450462,4.67,4.6,0.1,0.6266666666666666,0.3733333333333334,0.3569454139327097,0.5383242829399332,0.0,0.006,0.1269999999999999,0.19,0.0326086956521739,0.000762,0.743,0.292,4.7,1.2,0.3,0.3666061705989111,0.3492982230623818,0.0642708730434782,-0.0,,
201936,Tyreke Evans,2017-18,28.0,30.9,0.277,0.561,0.112451781039596,0.7425910245554616,0.0163940400564808,1.0,50.304236826634195,4.3,5.8,0.5,0.6755555555555556,0.3244444444444444,0.7076923076923076,0.5,0.051969517358171,0.0559999999999999,-0.157,0.333,0.2021660649819494,-0.008792,0.694,0.067,4.8,3.2,1.3,0.5451174289245982,0.4256166487910433,0.117895811715119,-0.0,,
2199,Tyson Chandler,2017-18,35.0,25.0,0.105,0.658,0.2004370078740158,0.0,0.0068196464405802,1.0,,4.13,0.9,0.6,0.1444444444444444,0.8555555555555555,0.2,0.0806080071462106,0.0,-0.0089999999999999,0.018,0.096,-0.0857142857142856,-0.000162,0.331,0.007,0.0,0.0,0.0,0.7647058823529411,0.3753777777777777,0.0394146666666666,-0.0,,
203506,Victor Oladipo,2017-18,26.0,34.0,0.295,0.577,0.149010191451535,0.6769880365939479,0.0238753087601737,0.9253786141137088,50.53840928924146,4.75,4.4,0.6,0.4888888888888889,0.5111111111111111,0.6116510835990642,0.1652981683223498,0.0461118930330753,0.087,0.019,0.382,0.2949152542372882,0.001653,0.652,0.181,7.9,2.9,1.0,0.4526244035446489,0.3789281135855656,0.1117837935077418,-0.0,,
1713,Vince Carter,2017-18,41.0,17.7,0.144,0.523,0.0786803980221903,0.1863013698630136,0.0042994240984868,1.0,,4.2,0.9,0.5,0.22,0.78,0.1802120141342756,1.0,0.0248054794520547,-0.0649999999999999,-0.523,0.079,-0.4513888888888888,0.033995,0.272,0.134,1.0,0.4,0.1,0.3368794326241134,0.3167086575342466,0.0456060466849315,-0.0,,
201961,Wayne Ellington,2017-18,30.0,26.5,0.167,0.588,0.0963489520124929,0.0600292825768667,0.006575392802286,1.0,49.97178977522897,4.7,0.8,0.2,0.1333333333333333,0.8666666666666667,0.1095054945054944,0.4160858078561665,0.0349370424597364,-0.018,0.1109999999999999,0.149,-0.1077844311377246,-0.001998,0.112,0.042,2.1,1.6,0.6,0.3691460055096419,0.3664632503660321,0.0611993628111273,-0.0,,
1627782,Wayne Selden,2017-18,23.0,19.8,0.212,0.551,0.1265231777873194,0.4766187050359711,0.0123501969280032,1.0,,4.57,1.5,0.2,0.3422222222222222,0.6577777777777778,0.2777777777777778,0.2281788706529533,0.0644136690647482,-0.0089999999999999,0.1449999999999999,0.203,-0.0424528301886791,-0.0013049999999999,0.405,0.105,2.1,1.0,0.4,0.4552238805970149,0.3648068265387689,0.077339047226219,-0.0,,
202325,Wesley Johnson,2017-18,30.0,20.1,0.126,0.512,0.0281978296064943,0.1088825214899713,0.0012611638090467,1.0,49.99263254804007,4.37,0.5,0.2,0.1244444444444444,0.8755555555555555,0.1802391304347826,1.0,0.0580343839541547,-0.032,0.278,0.094,-0.2539682539682539,-0.008896,0.187,0.243,1.4,0.2,0.1,0.3188010899182561,0.2670362241324419,0.0336465642406876,-0.0,,
202083,Wesley Matthews,2017-18,31.0,33.8,0.173,0.541,0.1066720459833486,0.3483947681331748,0.0076757315909079,1.0,50.39338035959945,4.48,1.8,1.1,0.2777777777777778,0.7222222222222222,0.2791422699600604,0.5,0.0369072532699167,-0.0189999999999999,-0.177,0.154,-0.1098265895953756,0.0033629999999999,0.343,0.1,3.3,1.3,0.5,0.3098995695839311,0.3412259215219976,0.0590320844233055,-0.0,DAL,
203115,Will Barton,2017-18,27.0,33.1,0.201,0.562,0.1181027930160082,0.5653061224489796,0.0106427596525402,1.0,50.60744539102554,4.57,3.8,0.3,0.4222222222222222,0.5777777777777777,0.6118431937252979,0.1787612557942787,0.0819979591836734,0.0249999999999999,0.0009999999999998,0.226,0.1243781094527362,2.499999999999724e-05,0.495,0.043,3.2,2.0,0.7,0.511307767944936,0.3754681179138321,0.0754690917006802,-0.0,,
1626161,Willie Cauley-Stein,2017-18,24.0,28.0,0.215,0.529,0.1400135423091509,0.1867768595041322,0.0139581458874636,1.0,50.72450591934544,4.59,1.7,4.4,0.44,0.5599999999999999,0.7849056603773584,0.5,0.0475107438016529,-0.069,0.0829999999999999,0.146,-0.3209302325581395,-0.0057269999999999,0.32,0.127,0.9,0.1,0.0,0.6865284974093264,0.4179522644628099,0.0898597368595041,-0.0,,
201163,Wilson Chandler,2017-18,31.0,31.7,0.142,0.542,0.1224747777945532,0.337519623233909,0.0065535886241167,1.0,50.52852281842161,4.18,1.5,0.7,0.2088888888888888,0.7911111111111111,0.5588328516826699,0.5,0.037226059654631,-0.0489999999999999,-0.19,0.093,-0.3450704225352112,0.00931,0.37,0.057,1.5,0.5,0.1,0.5506329113924051,0.3329122483865341,0.0472735392708878,-0.0,,
1627812,Yogi Ferrell,2017-18,25.0,27.8,0.166,0.54,0.10476271165359,0.5209302325581395,0.0070854732559727,1.0,50.76424347451062,4.72,3.0,0.2,0.3333333333333333,0.6666666666666667,0.353807740324594,0.5,0.076753488372093,-0.037,-0.156,0.129,-0.2228915662650602,0.005772,0.45,0.2,4.0,1.5,0.5,0.3173734610123119,0.3454976744186046,0.0573526139534883,-0.0,,
203897,Zach LaVine,2017-18,23.0,27.3,0.29,0.499,0.0775545830395827,0.788785046728972,0.0121116821252857,1.0,,5.05,3.3,0.4,0.4155555555555555,0.5844444444444444,0.3690140845070422,0.5034135303112721,0.0495981308411214,0.085,-0.0409999999999999,0.375,0.2931034482758621,-0.0034849999999999,0.64,0.09,6.0,3.1,1.1,0.55,0.3322322118380063,0.0963473414330218,-0.0,,
2216,Zach Randolph,2017-18,36.0,25.6,0.27,0.529,0.0851745512790252,0.2840043525571273,0.0119496586764993,1.0,51.00664194955446,4.06,1.8,5.8,0.58,0.42,0.4479136822213416,0.3434521582739517,0.0162034820457018,-0.016,-0.026,0.254,-0.0592592592592593,0.000416,0.518,0.201,1.4,0.1,0.0,0.5399737876802096,0.4090592491838956,0.1104459972796518,-0.0,,
203932,Aaron Gordon,2018-19,23.0,33.8,0.213,0.538,0.0874830170652758,0.3877118644067796,0.008599895172439,0.9215307473287176,46.364740718057945,4.75,2.4,2.6,0.3688888888888889,0.6311111111111112,0.6527239519420107,0.5,0.0497033898305084,-0.0809999999999999,-0.008,0.132,-0.380281690140845,0.000648,0.409,0.093,3.4,1.2,0.4,0.4714548802946593,0.3449590160075328,0.0734762704096045,-0.0,,
201143,Al Horford,2018-19,33.0,29.0,0.188,0.605,0.1468761342121268,0.1339712918660287,0.0119725871565378,0.7418341751855249,47.59983144502386,4.35,1.7,3.5,0.4511111111111111,0.5488888888888889,0.2217072470575954,0.5,0.0076483253588516,-0.044,0.195,0.144,-0.2340425531914894,-0.00858,0.202,0.201,0.7,0.0,0.0,0.3925570228091236,0.381621165233003,0.0717447790638045,-0.0,BOS,0.5536032478347769
202329,Al-Farouq Aminu,2018-19,28.0,28.3,0.134,0.568,0.0803582785372616,0.211340206185567,0.0039417386168307,0.7164446963256825,46.81565719408089,4.55,1.1,0.5,0.1266666666666666,0.8733333333333333,0.7195731017117512,0.4195103766990449,0.0265515463917525,0.004,0.101,0.138,0.0298507462686567,0.000404,0.304,0.018,0.5,0.2,0.0,0.4332855093256815,0.2268597537227949,0.0303992069988545,-0.0,,
202692,Alec Burks,2018-19,27.0,21.5,0.185,0.523,0.0621866161202783,0.6010928961748633,0.0049482828668909,1.0,47.95397009633265,4.39,1.9,0.3,0.3155555555555555,0.6844444444444444,0.6879803854487399,0.3972046276289796,0.1548524590163934,0.061,-0.008,0.246,0.3297297297297297,-0.000488,0.469,0.078,2.4,1.2,0.3,0.5147679324894515,0.3184614936247723,0.0589153763205828,-0.0,,
1627936,Alex Caruso,2018-19,25.0,21.2,0.184,0.569,0.0829863245377619,0.6183206106870229,0.0065498788124267,1.0,,4.61,2.6,0.4,0.4555555555555555,0.5444444444444445,0.3977485928705441,0.4725077166586908,0.1262519083969466,-0.041,0.4670000000000001,0.143,-0.2228260869565217,-0.019147,0.506,0.052,2.0,0.8,0.4,0.5780346820809249,0.3666166666666666,0.0674574666666666,-0.0,,
203458,Alex Len,2018-19,26.0,20.1,0.214,0.575,0.0784570373605567,0.0361794500723589,0.0077669867558782,1.0,47.19016602443547,4.59,0.8,2.0,0.2,0.8,0.4,1.0,0.0202604920405209,-0.063,0.04,0.151,-0.294392523364486,-0.00252,0.219,0.021,0.1,0.1,0.0,0.5771604938271605,0.3238437047756874,0.0693025528219971,-0.0,,
203459,Allen Crabbe,2018-19,27.0,26.4,0.159,0.519,0.0880550499842169,0.0420032310177706,0.0055827728068021,1.0,,4.6,0.7,0.2,0.1311111111111111,0.8688888888888889,0.0482573726541554,0.5,0.0240678513731825,-0.089,0.157,0.07,-0.559748427672956,-0.013973,0.044,0.058,1.8,0.7,0.2,0.35656836461126,0.3104516262789445,0.0493618085783521,-0.0,,
1629019,Allonzo Trier,2018-19,23.0,22.8,0.207,0.564,0.0502932353152992,1.0,0.0047365823513026,1.0,47.16424479028199,4.51,2.4,0.1,0.2911111111111111,0.7088888888888889,0.9135802469135802,0.3176782636204517,0.0,-0.0089999999999999,0.077,0.198,-0.0434782608695651,-0.0006929999999999,0.651,0.135,3.4,1.0,0.3,0.5137254901960784,0.2869415072859745,0.0593968920081967,-0.0,,
203083,Andre Drummond,2018-19,25.0,33.5,0.226,0.555,0.1132070886816617,0.1797752808988764,0.0121628760410539,0.0,46.990184922842815,3.99,1.7,4.1,0.41,0.5900000000000001,0.869172932330827,0.475903819148601,0.023505617977528,-0.059,0.1539999999999999,0.167,-0.2610619469026548,-0.0090859999999999,0.428,0.013,0.6,0.2,0.0,0.8173598553345389,0.312837808988764,0.0707013448314606,-0.0,,
2738,Andre Iguodala,2018-19,35.0,23.2,0.101,0.587,0.0551823943814449,0.1479289940828402,0.0017712611674315,1.0,46.27723089982988,4.46,1.6,0.3,0.3844444444444444,0.6155555555555556,0.3151715833835039,1.0,0.0883136094674556,-0.04,-0.1009999999999999,0.061,-0.3960396039603961,0.00404,0.179,0.041,0.6,0.2,0.1,0.358974358974359,0.3556629585798816,0.035921958816568,-0.0,,
203952,Andrew Wiggins,2018-19,24.0,34.8,0.24,0.493,0.0441140791111003,0.5482456140350876,0.0051867352461583,1.0,47.02766565743961,4.29,2.6,1.9,0.2888888888888889,0.711111111111111,0.594152291548327,1.0,0.0962464912280701,-0.0579999999999999,-0.207,0.182,-0.2416666666666666,0.012006,0.464,0.167,6.2,1.4,0.4,0.5293631100082713,0.3027300389863547,0.0726552093567251,-0.0,,
1627790,Ante Zizic,2018-19,22.0,18.3,0.178,0.59,0.0867276599318263,0.0577427821522309,0.0065130982862319,1.0,,4.06,0.7,2.8,0.2799999999999999,0.72,0.2,0.5,0.0334908136482939,-0.119,-0.59,0.059,-0.6685393258426966,0.07021,0.317,0.061,0.1,0.0,0.0,0.8220858895705522,0.3497658792650918,0.0622583265091863,-0.0,,
203076,Anthony Davis,2018-19,26.0,33.0,0.288,0.597,0.1583216743806626,0.2005277044854881,0.0244697259727928,1.0,46.59696871172099,4.24,2.6,6.199999999999999,0.6199999999999999,0.3800000000000001,0.9049180327868852,0.3209536807258648,0.0388355321020228,0.054,-0.1079999999999999,0.342,0.1875000000000002,-0.005832,0.347,0.114,4.1,0.4,0.0,0.6003898635477583,0.4926132189973614,0.14187260707124,-0.0,NOP,
201229,Anthony Tolliver,2018-19,34.0,16.6,0.121,0.571,0.0815116060979037,0.0056179775280898,0.0034308166257144,1.0,,4.8,0.5,0.1,0.1311111111111111,0.8688888888888889,0.0482625482625482,0.7750384940856876,0.0030786516853932,-0.0259999999999999,0.134,0.095,-0.2148760330578512,-0.0034839999999999,0.071,0.025,0.2,0.1,0.0,0.2162162162162162,0.3081832958801498,0.0372901788014981,-0.0,,
203085,Austin Rivers,2018-19,26.0,26.7,0.142,0.503,0.0764054478707676,0.5635451505016722,0.0040884325981497,1.2244212676077222,47.230613119987865,4.22,2.1,0.0,0.2666666666666666,0.7333333333333334,0.4684895104895104,1.0,0.0440200668896321,-0.0609999999999999,0.048,0.081,-0.4295774647887323,-0.002928,0.522,0.013,2.2,1.8,0.5,0.4053627760252365,0.3795622445187662,0.0538978387216647,-0.0,HOU,0.5911864376742013
202340,Avery Bradley,2018-19,28.0,30.2,0.16,0.496,0.0570106743921805,0.3813443072702332,0.0036486831610995,1.0,46.21694069082119,4.43,1.4,0.2,0.2533333333333333,0.7466666666666666,0.2749559142702115,1.0,0.0317325102880658,-0.0259999999999999,-0.1139999999999999,0.134,-0.1624999999999999,0.0029639999999999,0.302,0.278,3.7,0.9,0.3,0.3634868421052631,0.3097409602194788,0.0495585536351166,-0.0,,
1628389,Bam Adebayo,2018-19,21.0,23.3,0.157,0.623,0.126497228652918,0.0997624703087886,0.0078691983016285,1.0,46.35698150449881,4.34,1.2,1.5,0.3244444444444444,0.6755555555555556,0.4847457627118643,0.364297656176385,0.064646080760095,-0.045,0.126,0.112,-0.286624203821656,-0.00567,0.3,0.044,0.4,0.0,0.0,0.7345679012345679,0.3863099287410927,0.0606506588123515,-0.0,MIA,
1627732,Ben Simmons,2018-19,22.0,34.2,0.215,0.582,0.1557243764485259,0.6498194945848376,0.0155243809195502,1.0529326356129256,46.794840682072426,4.7,6.4,3.1,0.7577777777777778,0.2422222222222222,0.9311475409836066,0.5,0.0957063778580024,-0.067,0.007,0.148,-0.3116279069767442,-0.000469,0.565,0.021,1.2,0.1,0.0,0.7913533834586466,0.533161063843627,0.1146296287263798,-0.0,,
201933,Blake Griffin,2018-19,30.0,35.0,0.296,0.581,0.1038997757207187,0.6610299769408148,0.0167321664663022,0.8282061968302405,47.08726947030946,3.97,4.8,4.4,0.5955555555555556,0.4044444444444444,0.837633051295831,0.2575543639951551,0.0543112990007685,0.0519999999999999,-0.0569999999999999,0.348,0.1756756756756756,-0.0029639999999999,0.593,0.029,5.2,4.0,1.4,0.5318840579710145,0.4861109573832096,0.14388884338543,-0.0,,
1626246,Boban Marjanovic,2018-19,30.0,11.7,0.222,0.664,0.1556507167466309,0.0542635658914728,0.0162809816403166,1.0,,4.34,0.6,2.4,0.2844444444444444,0.7155555555555555,0.2,0.2561513295179095,0.0353255813953488,-0.031,0.0499999999999999,0.191,-0.1396396396396396,-0.0015499999999999,0.331,0.057,0.2,0.0,0.0,0.7733333333333333,0.3723196210163652,0.082654955865633,-0.0,,
1626171,Bobby Portis,2018-19,24.0,26.0,0.241,0.529,0.0719099006945256,0.2108229988726042,0.0085077408551105,1.0,46.54751779281903,4.4,1.5,2.8,0.2799999999999999,0.72,0.4962390051562024,1.0,0.0259639233370913,-0.032,-0.174,0.209,-0.1327800829875518,0.005568,0.341,0.104,1.3,0.1,0.0,0.5091514143094842,0.3334630890642615,0.080364604464487,-0.0,,
203992,Bogdan Bogdanović,2018-19,26.0,27.8,0.22,0.53,0.0821062267969219,0.5402542372881356,0.0084724714832542,1.0,46.81317238568191,4.84,3.0,0.8,0.4422222222222222,0.5577777777777777,0.4341237317355791,1.0,0.0786980932203389,-0.0529999999999999,-0.028,0.167,-0.2409090909090908,0.001484,0.465,0.121,4.6,2.0,0.6,0.4148319814600232,0.3665421527777778,0.0806392736111111,-0.0,,
202711,Bojan Bogdanovic,2018-19,30.0,31.8,0.219,0.613,0.1567668428278965,0.3914027149321267,0.0160664669248826,0.8832799820973362,46.38092299264675,4.39,1.7,1.6,0.2111111111111111,0.7888888888888889,0.6866398301983458,0.3708381509146161,0.0876764705882353,-0.03,-0.121,0.189,-0.136986301369863,0.0036299999999999,0.27,0.094,3.3,1.0,0.4,0.4923629829290206,0.334117490911552,0.0731717305096299,-0.0,,
203078,Bradley Beal,2018-19,26.0,36.9,0.278,0.581,0.1111080966037055,0.5671750181554104,0.016285942668968,1.0,46.80211019327173,4.53,4.3,1.0,0.5177777777777778,0.4822222222222222,0.6481082178054565,0.2394196381033422,0.0365700798838053,0.0329999999999999,-0.0259999999999999,0.311,0.1187050359712229,-0.0008579999999999,0.495,0.14,7.5,2.9,1.0,0.4455825864276568,0.4063318171548455,0.112960245169047,-0.0,,
1627742,Brandon Ingram,2018-19,21.0,33.9,0.227,0.555,0.1017878256150983,0.6491395793499043,0.0110086641581633,1.0,45.94316613962455,4.73,3.8,2.3,0.4222222222222222,0.5777777777777777,0.8799999999999999,0.4412735091398396,0.029595602294455,-0.048,-0.004,0.179,-0.2114537444933921,0.000192,0.591,0.147,4.7,0.1,0.1,0.6299862448418156,0.3700653494794986,0.0840048343318461,-0.0,,
201572,Brook Lopez,2018-19,31.0,28.7,0.165,0.597,0.0998703015336186,0.1015831134564643,0.0066936388624189,1.2331034482758618,46.072790787800926,4.33,0.9,1.7,0.1699999999999999,0.8300000000000001,0.1905721256000629,0.5,0.0063997361477572,-0.055,-0.304,0.11,-0.3333333333333333,0.01672,0.192,0.03,1.4,0.7,0.3,0.3278867102396514,0.3246537630788827,0.0535678709080156,-0.0,MIL,0.6089653306359843
203998,Bruno Caboclo,2018-19,23.0,23.5,0.15,0.571,0.0737845368242823,0.0866807610993657,0.004286494234921,1.0,,4.72,0.9,0.3,0.2022222222222222,0.7977777777777778,0.1818181818181818,1.0,0.0504482029598308,-0.06,0.2330000000000001,0.09,-0.4,-0.01398,0.177,0.021,0.6,0.5,0.1,0.4177777777777778,0.3195216913319239,0.0479282536997885,-0.0,,
1627854,Bryn Forbes,2018-19,25.0,28.0,0.171,0.586,0.1462965030916547,0.43202416918429,0.0103449432113922,1.3664868938846364,46.38051263343871,4.7,2.3,0.1,0.2555555555555555,0.7444444444444445,0.2438369152970921,0.5,0.0869743202416918,-0.071,-0.0739999999999999,0.1,-0.4152046783625731,0.0052539999999999,0.307,0.174,3.9,1.5,0.6,0.3093270365997638,0.4314517114527429,0.073778242658419,-0.0,,
1627741,Buddy Hield,2018-19,26.0,31.9,0.243,0.587,0.1455422227023058,0.4210526315789474,0.017434055071592,1.0,46.923338985489416,5.18,2.3,0.6,0.26,0.74,0.3881998582565554,0.4929458600115426,0.0969649122807018,0.009,-0.0919999999999999,0.252,0.037037037037037,-0.000828,0.345,0.146,6.8,3.0,1.1,0.3713235294117647,0.3654221052631579,0.0887975715789473,-0.0,,
203468,CJ McCollum,2018-19,27.0,33.9,0.248,0.553,0.1097568721772731,0.6848484848484848,0.0135553034248596,0.9726730673482394,47.2729955334323,4.89,3.4,0.7,0.3777777777777777,0.6222222222222222,0.3944118524410857,0.4155595157699915,0.0771121212121211,-0.0259999999999999,-0.043,0.222,-0.1048387096774193,0.001118,0.534,0.218,8.9,3.1,1.1,0.4641057934508816,0.3787517973431282,0.0939304457410958,-0.0,POR,0.588
101139,CJ Miles,2018-19,32.0,16.2,0.173,0.504,0.0445086953908478,0.1852731591448931,0.003202683478434,1.0,,4.39,0.5,0.0,0.1355555555555555,0.8644444444444445,0.1479099678456591,1.0,0.0295866983372921,-0.1039999999999999,-0.004,0.069,-0.6011560693641618,0.000416,0.152,0.083,1.4,0.6,0.2,0.4115755627009646,0.2812846634996041,0.0486622467854315,-0.0,,
1626166,Cameron Payne,2018-19,24.0,17.8,0.169,0.519,0.0571616484736957,0.5961995249406176,0.0039713192575892,1.0,,4.67,2.5,0.0,0.5,0.5,0.2645739910313901,0.3941018250936523,0.0,0.0059999999999999,0.017,0.175,0.0355029585798815,0.0001019999999999,0.615,0.12,1.9,0.7,0.3,0.4663677130044843,0.3595973871733967,0.060771958432304,-0.0,,
1627747,Caris LeVert,2018-19,24.0,26.6,0.235,0.509,0.0728562105789827,0.7196162046908317,0.0082998142360182,1.1141778840995615,,4.57,3.0,0.5,0.5133333333333333,0.4866666666666667,0.3726708074534161,0.3809363399909945,0.0084328358208955,-0.0029999999999999,-0.008,0.232,-0.0127659574468084,2.399999999999982e-05,0.652,0.015,3.9,2.2,0.8,0.5071942446043165,0.4582556760155267,0.1076900838636487,-0.0,,
1626224,Cedi Osman,2018-19,24.0,32.2,0.182,0.536,0.0738400040391017,0.448905109489051,0.0057332224625518,1.0,47.624372704617656,4.37,2.5,0.9,0.2777777777777778,0.7222222222222222,0.5718881937810101,0.5899164218637114,0.0356058394160583,0.013,-0.028,0.195,0.0714285714285715,-0.000364,0.378,0.081,3.1,1.3,0.5,0.4158653846153846,0.3235296025952959,0.0588823876723438,-0.0,,
202718,Chandler Parsons,2018-19,30.0,19.8,0.192,0.484,0.0473852307304028,0.2222222222222222,0.0039865282196933,1.0,,4.43,1.4,0.6000000000000001,0.3177777777777777,0.6822222222222223,0.2142857142857142,1.0,0.0,-0.047,-0.1089999999999999,0.145,-0.2447916666666667,0.005123,0.265,0.107,1.8,0.7,0.2,0.4088397790055249,0.3266230484330484,0.0627116252991453,-0.0,,
1626184,Chasson Randle,2018-19,26.0,15.2,0.16,0.555,0.1154631382926632,0.4352941176470588,0.0073896408507304,1.0,,5.02,2.2,0.1,0.4044444444444444,0.5955555555555556,0.3080939947780678,0.5,0.011035294117647,0.0219999999999999,-0.174,0.182,0.1374999999999999,-0.0038279999999999,0.385,0.022,1.1,0.8,0.4,0.4019138755980861,0.3854952156862745,0.0616792345098039,-0.0,,
1627767,Cheick Diallo,2018-19,22.0,14.0,0.155,0.644,0.1505575818167023,0.017391304347826,0.0091875597815559,1.0,,4.91,0.5,1.4,0.1399999999999999,0.86,0.2,0.020997009395189,0.0108521739130434,0.009,0.1069999999999999,0.164,0.0580645161290323,0.000963,0.173,0.155,0.3,0.0,0.0,0.6222222222222222,0.3494942608695652,0.0541716104347826,-0.0,,
101108,Chris Paul,2018-19,34.0,32.0,0.22,0.56,0.0990160567130558,1.0,0.0102173824034147,1.14820287620024,46.95912226024709,4.14,6.6,1.3,0.8488888888888889,0.151111111111111,0.4387096774193548,0.5,0.0,-0.0529999999999999,-0.079,0.167,-0.2409090909090908,0.004187,0.861,0.146,8.6,5.0,1.7,0.3260115606936416,0.5235181997187061,0.1151740039381153,-0.0,HOU,0.5858665647156958
203991,Clint Capela,2018-19,25.0,33.6,0.18,0.658,0.2112776831066313,0.0318543799772468,0.0161347553033128,1.0,47.041313568752905,4.34,1.5,3.5,0.35,0.65,0.4146788990825687,0.5,0.0221387940841865,-0.093,0.029,0.087,-0.5166666666666667,-0.002697,0.188,0.0,0.0,0.0,0.0,0.8130381303813038,0.38295,0.068931,-0.0,,
203469,Cody Zeller,2018-19,26.0,25.4,0.159,0.611,0.1245732890565307,0.1360691144708423,0.0078980634355821,1.0,,5.07,1.4,2.3,0.2533333333333333,0.7466666666666666,0.2,0.5,0.020097192224622,-0.083,-0.175,0.076,-0.5220125786163522,0.014525,0.247,0.012,0.4,0.1,0.0,0.7855072463768116,0.3627790928725702,0.0576818757667386,-0.0,,
1629012,Collin Sexton,2018-19,20.0,31.8,0.247,0.52,0.0510715115699873,0.7723718505647262,0.0062693734705057,1.0,47.52077252526494,4.5,5.8,0.2,0.6444444444444444,0.3555555555555556,0.5482053823046669,0.9302153372186036,0.185889661164205,-0.036,-0.033,0.211,-0.145748987854251,0.001188,0.609,0.212,6.9,1.8,0.7,0.4886649874055415,0.3791351674872092,0.0936463863693406,-0.0,,
1626156,D'Angelo Russell,2018-19,23.0,30.2,0.311,0.533,0.0953538671966984,0.7520927237604637,0.016537844140494,0.792497549961514,46.37082110569454,4.54,6.4,0.3,0.8711111111111112,0.1288888888888888,0.3192939907430581,0.2261969795666769,0.0761957501609787,0.0339999999999999,0.022,0.345,0.1093247588424436,0.000748,0.712,0.154,9.8,4.5,1.6,0.4749845583693638,0.362763402582438,0.1128194182031382,-6.50056282875251e-05,,
201571,D.J. Augustin,2018-19,31.0,28.0,0.169,0.616,0.1508066725934962,0.6972222222222222,0.0104773298012758,1.196135479272982,46.239236890228845,4.56,6.2,0.2,0.6888888888888889,0.3111111111111111,0.6712808609411267,0.2576849017872473,0.0999236111111111,-0.023,-0.025,0.146,-0.1360946745562131,0.000575,0.629,0.07,3.0,1.9,0.8,0.4145299145299145,0.5215035555555555,0.0881341008888888,-0.0,,
203081,Damian Lillard,2018-19,28.0,35.5,0.281,0.588,0.1057243627800836,0.7673392181588903,0.0157483317924568,1.0246688701484552,47.22241097754441,4.4,7.7,0.4,0.8555555555555556,0.1444444444444443,0.7137638617090671,0.3644383565513264,0.0598865069356872,0.0559999999999999,-0.0869999999999999,0.337,0.1992882562277579,-0.0048719999999999,0.714,0.127,9.4,5.3,1.9,0.4693218514531754,0.4877997177847125,0.1370717206975042,-0.0,POR,0.553
1628422,Damyean Dotson,2018-19,25.0,27.4,0.169,0.526,0.0833027506569243,0.3294460641399417,0.0057874786107023,1.0,47.501843664822374,4.58,1.5,0.2,0.2311111111111111,0.768888888888889,0.3470318860244232,0.5,0.0058279883381923,-0.035,0.013,0.134,-0.2071005917159763,-0.000455,0.297,0.208,3.2,1.0,0.4,0.3507246376811594,0.3226569938451571,0.0545290319598315,-0.0,,
201568,Danilo Gallinari,2018-19,30.0,30.3,0.237,0.633,0.1233017339616454,0.3304347826086957,0.0142262914928565,0.4481808129114391,47.09102924611817,4.53,2.7,2.8,0.3,0.7,0.8140271493212669,0.1694294198153016,0.0578978260869565,-0.0059999999999999,0.03,0.231,-0.0253164556962024,-0.0001799999999999,0.386,0.107,3.7,1.3,0.5,0.4138972809667673,0.2566997058057798,0.0608378302759698,-0.0,LAC,0.5667354126653502
201980,Danny Green,2018-19,32.0,27.7,0.139,0.632,0.2353086782028403,0.1312292358803986,0.0121943918023245,0.0,46.995989651959555,4.78,1.0,0.4,0.1622222222222222,0.8377777777777777,0.1098553345388787,0.3191313130931541,0.0060249169435215,-0.012,-0.0859999999999999,0.127,-0.0863309352517986,0.001032,0.181,0.063,1.6,0.9,0.3,0.3490445859872611,0.2589892524916943,0.0359995060963455,-0.0,TOR,0.5892993743683184
1627863,Danuel House Jr.,2018-19,26.0,25.1,0.137,0.646,0.1846053875936346,0.1371681415929203,0.0093610641675646,0.0,,4.46,0.8,0.2,0.1288888888888889,0.8711111111111112,0.16006600660066,0.5,0.0021415929203539,-0.03,-0.308,0.107,-0.2189781021897811,0.00924,0.136,0.005,1.2,1.1,0.4,0.2352941176470588,0.2435103244837758,0.0333609144542772,-0.0,,
203967,Dario Šarić,2018-19,25.0,25.0,0.172,0.563,0.0954286458012505,0.1106321839080459,0.0068072457787727,1.0,47.041286321980174,4.61,1.2,1.7,0.1977777777777777,0.8022222222222222,0.2941960705693665,0.5,0.024471264367816,-0.0809999999999999,-0.3409999999999999,0.091,-0.4709302325581395,0.0276209999999999,0.171,0.056,0.8,0.2,0.1,0.3908045977011494,0.3303044316730523,0.0568123622477649,-0.0,,
203121,Darius Miller,2018-19,29.0,25.5,0.131,0.55,0.0712665012122373,0.1550802139037433,0.0033790325970058,1.0,46.51782166550609,4.34,0.9,0.1,0.2377777777777777,0.7622222222222222,0.2086186540731994,0.8989874697662142,0.0167272727272727,-0.025,0.1619999999999999,0.106,-0.1908396946564886,-0.00405,0.159,0.116,1.9,0.9,0.3,0.3057851239669421,0.3244665656565656,0.04250512010101,-0.0,,
201954,Darren Collison,2018-19,31.0,28.2,0.176,0.574,0.1168340239090195,0.6647230320699709,0.0086265736862344,0.9136477438441156,46.047129216495065,4.41,5.4,0.3,0.6711111111111111,0.3288888888888889,0.6149338077546962,0.2189559296480837,0.099634110787172,0.078,0.088,0.254,0.4431818181818183,0.006864,0.575,0.253,4.2,1.0,0.4,0.3664772727272727,0.3156990854950038,0.0555630390471206,-0.0,,
1628021,David Nwaba,2018-19,26.0,19.3,0.141,0.558,0.0811145683918172,0.4146341463414634,0.0042946475734789,1.0,,4.46,0.8,0.4,0.1711111111111111,0.8288888888888889,0.4,1.0,0.0569457994579945,-0.0779999999999999,-0.171,0.063,-0.553191489361702,0.013338,0.413,0.006,0.3,0.1,0.0,0.6115384615384616,0.302178404095152,0.0426071549774164,-0.0,,
1628368,De'Aaron Fox,2018-19,21.0,31.4,0.238,0.544,0.0940636572608945,0.8641444539982803,0.0109216258872493,1.0,46.738482855662056,4.94,5.9,0.3,0.7155555555555556,0.2844444444444444,0.7901969561324977,0.1330757164031419,0.1432854686156492,0.0469999999999999,0.013,0.285,0.1974789915966386,0.000611,0.768,0.116,5.6,1.8,0.6,0.5113533151680291,0.4269284646985765,0.1016089745982612,-0.0,,
1629001,De'Anthony Melton,2018-19,21.0,19.7,0.147,0.466,0.0346398558396794,0.5073891625615763,0.001952324831465,1.0,,4.79,3.1,0.2,0.4755555555555555,0.5244444444444445,0.2821100917431192,0.7653544967115771,0.1118768472906403,0.045,-0.073,0.192,0.3061224489795919,-0.003285,0.47,0.056,1.4,0.4,0.0,0.4765625,0.3416819704433497,0.0502272496551724,-0.0,,
201599,DeAndre Jordan,2018-19,30.0,29.7,0.148,0.674,0.2057353193771118,0.0171428571428571,0.0117138977344773,1.0,46.4859976101037,3.89,1.2,2.5,0.2644444444444444,0.7355555555555555,0.5,0.2175141592814837,0.0116571428571428,-0.0289999999999999,0.0789999999999999,0.119,-0.1959459459459459,-0.0022909999999999,0.287,0.003,0.0,0.0,0.0,0.8292134831460675,0.4225412063492064,0.0625360985396825,-0.0,,
1627761,DeAndre' Bembry,2018-19,24.0,23.6,0.168,0.508,0.0640584887033505,0.4773139745916515,0.0044110360888272,1.0,47.380162528224574,4.63,1.7,0.3,0.3333333333333333,0.6666666666666667,0.6719999999999999,1.0,0.0353647912885662,-0.051,0.1099999999999999,0.117,-0.3035714285714285,-0.0056099999999999,0.433,0.006,0.6,0.2,0.0,0.5925324675324676,0.3297568058076225,0.0553991433756805,-0.0,,
201942,DeMar DeRozan,2018-19,29.0,34.9,0.277,0.542,0.0741794295656363,0.8462675535846268,0.0108144177746525,1.0062867505850583,46.98071214632887,4.59,5.1,1.8,0.6155555555555556,0.3844444444444443,0.6429550647372428,0.4595411741182392,0.0369253510716925,0.0429999999999999,-0.045,0.32,0.1552346570397111,-0.001935,0.716,0.274,8.2,0.2,0.0,0.6127006280530356,0.3249381646931781,0.0900078716200103,-0.0,,
201960,DeMarre Carroll,2018-19,32.0,25.4,0.181,0.546,0.0663665633452032,0.2099358974358974,0.0051105447028208,0.9716947543318302,46.63365578400011,4.41,1.3,0.4,0.1666666666666666,0.8333333333333334,0.7440647118301315,1.0,0.0344455128205128,-0.0579999999999999,0.0539999999999999,0.123,-0.3204419889502762,-0.0031319999999999,0.22,0.035,1.2,0.5,0.1,0.4615384615384615,0.2090717147435897,0.0378419803685897,-0.0,,
1629028,Deandre Ayton,2018-19,20.0,30.7,0.21,0.608,0.1158563173162595,0.0347144456886898,0.0111493272206522,1.0,47.70230988303938,4.19,1.4,6.7,0.67,0.3299999999999999,0.3317073170731707,0.5,0.0207592385218365,-0.0999999999999999,0.1159999999999999,0.11,-0.4761904761904761,-0.0115999999999999,0.289,0.157,0.6,0.0,0.0,0.6540229885057471,0.4819960358342664,0.1012191675251959,-0.0,,
1626153,Delon Wright,2018-19,27.0,22.6,0.172,0.523,0.0638142584531149,0.6228956228956228,0.0045520853600417,1.0,46.61970878244385,4.84,3.5,0.2,0.4822222222222222,0.5177777777777778,0.7243243243243243,0.8505773767956502,0.1047424242424242,-0.0349999999999999,-0.05,0.137,-0.2034883720930231,0.00175,0.587,0.021,1.5,0.8,0.2,0.5565529622980251,0.35888867003367,0.0617288512457912,-0.0,,
203471,Dennis Schröder,2018-19,25.0,29.3,0.238,0.508,0.0578844415943963,0.6958333333333333,0.006720897679248,1.2382862660379297,46.45072476086966,4.54,4.4,0.1,0.4888888888888889,0.5111111111111111,0.5230279503105588,1.0,0.0597491666666667,-0.1159999999999999,-0.1159999999999999,0.122,-0.4873949579831932,0.0134559999999999,0.663,0.162,5.4,1.3,0.4,0.4780701754385965,0.3773847007275132,0.0898175587731481,-0.0,OKC,0.5307255871446231
1628372,Dennis Smith Jr.,2018-19,21.0,28.5,0.242,0.502,0.0647424677979308,0.7487019730010385,0.0077074780826115,1.0,45.25362913548028,4.58,5.6,0.2,0.6222222222222222,0.3777777777777777,0.6829268292682926,0.7593543840744843,0.007571131879543,-0.0289999999999999,-0.024,0.213,-0.1198347107438016,0.000696,0.655,0.105,4.6,2.0,0.7,0.5061538461538462,0.3864367485865929,0.0935176931579554,-0.0,,
1627884,Derrick Jones Jr.,2018-19,22.0,19.2,0.151,0.559,0.0962866717239977,0.1072319201995012,0.0056497807679782,1.0,,4.41,0.6,0.4,0.1088888888888889,0.8911111111111111,0.2,0.5,0.0663765586034912,-0.0579999999999999,0.0989999999999999,0.093,-0.3841059602649006,-0.0057419999999999,0.288,0.014,0.2,0.1,0.0,0.6153846153846154,0.3063989969520643,0.0462662485397617,-0.0,,
201565,Derrick Rose,2018-19,30.0,27.3,0.261,0.557,0.1073677567817922,0.8028933092224232,0.014316426915548,1.0,45.70434057165989,4.51,4.3,0.6,0.5422222222222222,0.4577777777777778,0.5753885359463048,0.1585092559005871,0.0117179023508137,0.0409999999999999,-0.003,0.302,0.1570881226053639,-0.000123,0.686,0.212,6.3,1.3,0.5,0.5312084993359893,0.3973397508539281,0.1037056749728752,-0.0,,
1628401,Derrick White,2018-19,24.0,25.8,0.178,0.555,0.1031820796735569,0.6570945945945945,0.0077487969445959,1.1525022471542774,46.10055705318741,4.84,4.0,0.3,0.4577777777777777,0.5422222222222223,0.559546925566343,0.2176091277861981,0.0187550675675675,0.06,0.1089999999999999,0.238,0.3370786516853932,0.0065399999999999,0.496,0.157,2.6,0.5,0.2,0.5080906148867314,0.416287146338439,0.0740991120482421,-0.0,,
1626164,Devin Booker,2018-19,22.0,35.0,0.32,0.584,0.1280980214047867,0.7031146454605699,0.0231882187755274,1.0,47.04232599449199,4.57,6.0,1.9,0.7266666666666667,0.2733333333333333,0.6928612082283111,0.3021633164714782,0.0620424121935055,0.0959999999999999,-0.0729999999999999,0.416,0.2999999999999999,-0.0070079999999999,0.64,0.154,9.3,3.7,1.1,0.5330677290836653,0.4687533841396069,0.1500010829246742,-0.0001724986463441,,
2734,Devin Harris,2018-19,36.0,15.7,0.18,0.527,0.0212629366466215,0.3139841688654353,0.0016237980026027,1.0,,4.41,1.1,0.1,0.3822222222222222,0.6177777777777778,0.2449567723342939,0.9847092678219156,0.0227915567282321,-0.0399999999999999,-0.015,0.14,-0.2222222222222221,0.0006,0.288,0.037,1.1,0.7,0.2,0.4092219020172911,0.3201285019055995,0.0576231303430079,-0.0,,
1628984,Devonte' Graham,2018-19,24.0,14.7,0.166,0.459,0.0016678576239672,0.5831202046035806,0.0001128031186178,1.0,,4.76,2.4,0.0,0.5911111111111111,0.4088888888888888,0.2107438016528925,1.0,0.0881202046035806,-0.073,-0.209,0.093,-0.4397590361445783,0.015257,0.486,0.092,1.9,1.1,0.2,0.3148148148148148,0.3380154816709292,0.0561105699573742,-0.0,,
203473,Dewayne Dedmon,2018-19,29.0,25.1,0.166,0.602,0.1097327511891152,0.0481049562682215,0.007421614633513,1.0,47.018505663427554,4.55,1.2,1.6,0.1755555555555555,0.8244444444444444,0.3170685338032087,0.2605054131264638,0.0288148688046647,0.003,-0.018,0.169,0.0180722891566265,-5.400000000000009e-05,0.143,0.049,0.3,0.1,0.0,0.4467680608365019,0.3351421493359248,0.0556335967897635,-0.0,,
203079,Dion Waiters,2018-19,27.0,25.9,0.213,0.53,0.0837559644373483,0.4435665914221219,0.0082335124963772,1.0,,4.23,3.0,0.0,0.3644444444444444,0.6355555555555555,0.2573221757322175,0.5,0.0663182844243791,-0.0289999999999999,-0.412,0.184,-0.136150234741784,0.011948,0.419,0.068,2.9,1.9,0.7,0.4843423799582463,0.3524917481815902,0.0750807423626787,-0.0,,
1628378,Donovan Mitchell,2018-19,22.0,33.7,0.309,0.537,0.0965833232783806,0.7626262626262627,0.0165897508551803,0.6422509603631918,46.237996859499255,4.56,4.9,0.6000000000000001,0.5444444444444445,0.4555555555555555,0.5755115446513613,0.3313993374362244,0.1066994949494949,0.128,-0.064,0.437,0.4142394822006472,-0.008192,0.666,0.092,7.6,3.8,1.2,0.5529265255292652,0.2768344148954826,0.0855418342027041,-5.047641239346599e-05,UTA,0.601303111061861
1627827,Dorian Finney-Smith,2018-19,26.0,24.5,0.135,0.53,0.0700582911924611,0.1257142857142857,0.0034750430798752,1.0,46.41318938814798,4.6,1.0,0.3,0.1555555555555555,0.8444444444444444,0.3163302752293578,0.8460533686458442,0.0128914285714285,-0.022,0.008,0.113,-0.162962962962963,-0.000176,0.281,0.03,0.7,0.4,0.1,0.4147727272727273,0.3033960634920634,0.0409584685714285,-0.0,DAL,0.5427725337259741
1627733,Dragan Bender,2018-19,21.0,18.0,0.13,0.521,0.0083859194924793,0.0423728813559322,0.0003930662153866,1.0,,4.56,0.8,0.8999999999999999,0.2088888888888888,0.7911111111111111,0.1788793103448276,0.935196910844166,0.0207627118644067,-0.03,0.151,0.1,-0.2307692307692307,-0.00453,0.239,0.0,0.2,0.1,0.0,0.4263959390862944,0.2836278719397363,0.0368716233521657,-0.0,,
203110,Draymond Green,2018-19,29.0,31.3,0.128,0.526,0.0293556897984204,0.1460905349794238,0.0013443341909128,0.7926997960179123,46.09740405108753,4.25,2.3,0.9,0.58,0.42,0.3267476303317534,0.8934847257684859,0.0,-0.024,-0.028,0.104,-0.1875,0.000672,0.239,0.049,0.4,0.1,0.0,0.4413145539906103,0.4179683295052159,0.0534999461766676,-0.0,,
1628407,Dwayne Bacon,2018-19,23.0,17.6,0.167,0.57,0.1111629964606148,1.0,0.0075863862713618,1.0,,4.32,0.9,0.2,0.2044444444444444,0.7955555555555556,0.3454281567489115,0.4794894215947389,0.0,-0.041,-0.1039999999999999,0.126,-0.2455089820359282,0.0042639999999999,0.352,0.044,2.1,0.9,0.4,0.4396887159533074,0.3043374962292609,0.0508243618702865,-0.0,,
203939,Dwight Powell,2018-19,27.0,21.6,0.167,0.682,0.1712975989500821,0.017208413001912,0.0116903087751198,1.0,46.51172398862632,4.63,0.9,1.7,0.2244444444444444,0.7755555555555556,0.5,0.3326057613169944,0.0110994263862332,-0.032,-0.104,0.135,-0.1916167664670658,0.003328,0.138,0.002,0.1,0.0,0.0,0.5628865979381443,0.3880880178457617,0.0648106989802422,-0.0,,
2548,Dwyane Wade,2018-19,37.0,26.2,0.269,0.51,0.0637571744079451,0.7401415571284126,0.0088952361409288,1.0,46.51420873266836,4.28,3.8,1.4,0.5866666666666667,0.4133333333333333,0.5689301378446113,0.5831208718735363,0.0829605662285137,0.0349999999999999,-0.059,0.304,0.1301115241635686,-0.0020649999999999,0.623,0.14,6.3,2.5,0.8,0.6127348643006263,0.3776579507920458,0.1015899887630603,-0.0,,
202734,E'Twaun Moore,2018-19,30.0,27.6,0.17,0.567,0.1288497322164317,0.3603053435114503,0.0090314379479352,1.0,46.922150575908034,4.88,1.5,1.0,0.2066666666666666,0.7933333333333333,0.3913984962406015,0.5,0.0694290076335877,-0.082,-0.2749999999999999,0.088,-0.4823529411764706,0.02255,0.238,0.082,2.6,0.6,0.3,0.5075187969924813,0.3424344987277353,0.058213864783715,-0.0,,
203901,Elfrid Payton,2018-19,25.0,29.8,0.177,0.502,0.0585840738925585,0.6304909560723514,0.004362540466417,1.0,,4.81,5.0,0.2,0.7066666666666667,0.2933333333333333,0.4,0.3120348880816458,0.0345012919896641,0.047,0.127,0.224,0.2655367231638419,0.005969,0.559,0.022,0.9,0.6,0.1,0.6155717761557178,0.4083188975021532,0.0722724448578811,-0.0,,
1626144,Emmanuel Mudiay,2018-19,23.0,27.2,0.248,0.531,0.0625574646202959,0.7100103199174407,0.0077260348039839,1.0,47.46052688220826,4.98,5.3,0.3,0.5888888888888889,0.4111111111111111,0.6531459459459459,0.2971934258861772,0.060062951496388,0.069,0.021,0.317,0.2782258064516129,0.001449,0.642,0.151,5.1,1.4,0.4,0.4750692520775623,0.3788999885334251,0.0939671971562894,-0.0,,
202683,Enes Freedom,2018-19,27.0,24.5,0.219,0.594,0.1235191199813677,0.2063953488372093,0.0126590280187623,0.7370885192509015,47.33023230393031,4.2,1.5,5.3,0.53,0.47,0.7411764705882352,0.5,0.0230465116279069,-0.098,0.08,0.121,-0.4474885844748859,-0.00784,0.491,0.031,0.1,0.0,0.0,0.7966101694915254,0.3629569186046512,0.0794875651744186,-0.0,,
202339,Eric Bledsoe,2018-19,29.0,29.1,0.225,0.577,0.1216242089074442,0.6208677685950413,0.0129805712582736,0.8089652342742276,46.14160653368445,4.7,4.2,0.4,0.5777777777777778,0.4222222222222221,0.6903225806451612,0.2460013468155641,0.0,0.034,-0.0239999999999999,0.259,0.1511111111111111,-0.0008159999999999,0.602,0.034,3.3,2.1,0.8,0.4131374243733794,0.3553410925109857,0.0799517458149717,-0.0,,
201569,Eric Gordon,2018-19,30.0,31.7,0.215,0.549,0.089220678311207,0.3472727272727273,0.0088945342251004,1.1818004914329063,46.87926897985179,3.98,1.7,0.3,0.1999999999999999,0.8,0.4258459256512468,0.5,0.056150909090909,-0.067,0.005,0.148,-0.3116279069767442,-0.000335,0.318,0.015,2.6,2.1,0.6,0.327506899724011,0.3670253818181818,0.078910457090909,-0.0,,
101141,Ersan Ilyasova,2018-19,32.0,18.4,0.151,0.548,0.0700368484167872,0.0131004366812227,0.0041095286829438,1.0,,4.54,0.6,0.7,0.1244444444444444,0.8755555555555555,0.1902887139107611,0.4452331512025259,0.0070742358078602,-0.007,-0.003,0.144,-0.0463576158940397,2.1000000000000036e-05,0.198,0.062,0.7,0.4,0.1,0.4708423326133909,0.2962935662299854,0.0447403285007277,-0.0,,
203095,Evan Fournier,2018-19,26.0,31.5,0.217,0.536,0.0836136869912384,0.4812889812889812,0.0084521457032939,1.1719670599229062,46.4295561501613,4.65,2.2,0.5,0.3777777777777777,0.6222222222222222,0.4425461348754146,0.2427005754810946,0.0650862785862785,0.011,0.003,0.228,0.0506912442396313,3.300000000000006e-05,0.378,0.127,4.3,1.7,0.5,0.4232851985559567,0.3257313291753291,0.0706836984310464,-0.0,,
202323,Evan Turner,2018-19,30.0,22.0,0.158,0.504,0.0638084458491615,1.0,0.0040074101818542,0.5137297420782054,47.17823576272021,4.2,3.8,1.4,0.5377777777777778,0.4622222222222222,0.6314250823372682,1.0,0.0,-0.067,0.043,0.091,-0.4240506329113924,-0.002881,0.657,0.235,2.5,0.1,0.0,0.5922131147540983,0.1809116510903426,0.0285840408722741,-0.0,,
1628402,Frank Jackson,2018-19,21.0,19.2,0.178,0.517,0.0498702879922878,0.3776091081593928,0.0037451729645626,1.0,,4.85,1.2,0.5,0.1777777777777777,0.8222222222222222,0.375,1.0,0.0126129032258064,-0.004,-0.168,0.174,-0.0224719101123595,0.000672,0.294,0.065,1.6,0.6,0.2,0.4776785714285714,0.2870168458781362,0.0510889985663082,-0.0,,
1626163,Frank Kaminsky,2018-19,26.0,16.1,0.216,0.587,0.0888003971332824,0.1175166297117516,0.0089144701433402,1.0,,4.63,0.8,1.5,0.2866666666666667,0.7133333333333334,0.1510067114093959,0.5,0.0085787139689578,-0.097,-0.1509999999999999,0.119,-0.449074074074074,0.0146469999999999,0.181,0.015,0.3,0.1,0.0,0.4563758389261745,0.3502443606799705,0.0756527819068736,-0.0,,
1628373,Frank Ntilikina,2018-19,20.0,21.0,0.163,0.417,-0.007632596533302,0.5517241379310346,-0.0005022890520763,1.0,,4.52,2.8,0.1,0.4333333333333333,0.5666666666666667,0.1584158415841584,1.0,0.012235294117647,-0.115,0.115,0.048,-0.7055214723926381,-0.013225,0.558,0.163,2.7,0.7,0.2,0.3672727272727272,0.2993980392156863,0.0488018803921568,-0.0,,
1627832,Fred VanVleet,2018-19,25.0,27.5,0.177,0.539,0.0788352510378273,0.5719844357976653,0.0058705711293382,0.9128560374226712,46.2589575374422,4.76,4.1,0.2,0.5399999999999999,0.4600000000000001,0.5097872340425531,0.9369896179923886,0.115177691309987,-0.0269999999999999,-0.037,0.15,-0.1525423728813559,0.000999,0.5,0.103,3.3,1.7,0.5,0.3629242819843342,0.3639318780891787,0.0644159424217846,-0.0,TOR,0.6044103846040233
203914,Gary Harris,2018-19,24.0,28.8,0.195,0.526,0.0772116229065654,0.4394160583941606,0.0066486672487157,1.0811004956540478,46.50727075946238,4.42,1.5,0.3,0.2444444444444444,0.7555555555555555,0.6038069073783359,0.4208295709679723,0.0375737226277372,0.003,0.008,0.198,0.0153846153846153,2.400000000000004e-05,0.307,0.062,3.0,1.2,0.3,0.4949367088607594,0.3142503811841038,0.0612788243309002,-0.0,,
201588,George Hill,2018-19,33.0,21.7,0.147,0.554,0.1221728318996352,0.469111969111969,0.0068857403608142,0.7916907525051718,46.57955789712635,4.53,2.5,0.3,0.3244444444444444,0.6755555555555556,0.5937943262411347,0.2314672861562115,0.0,0.072,0.249,0.219,0.489795918367347,0.017928,0.476,0.109,1.9,0.7,0.2,0.4392712550607287,0.3941510196538768,0.0579401998891198,-0.0,,
101123,Gerald Green,2018-19,33.0,20.2,0.19,0.555,0.1131947148314695,0.1600688468158347,0.0093746821349723,0.9602755681114166,47.34733498003328,4.43,0.8,0.0,0.0911111111111111,0.9088888888888887,0.2508957119705661,0.5,0.0251462994836488,-0.135,-0.555,0.0549999999999999,-0.7105263157894737,0.074925,0.165,0.039,2.1,1.6,0.4,0.3295454545454545,0.2563359915853892,0.0487038384012239,-0.0,,
203507,Giannis Antetokounmpo,2018-19,24.0,32.8,0.314,0.644,0.1860615966541912,0.6035714285714285,0.0327379299854334,0.8259104191313833,46.45337536259456,4.77,4.6,4.1,0.6533333333333333,0.3466666666666667,1.0,0.2448190644452212,0.0591499999999999,-0.026,0.022,0.288,-0.0828025477707007,-0.000572,0.513,0.04,4.0,1.8,0.5,0.6403973509933775,0.4297969072606554,0.1349562288798458,-9.215980617691172e-05,MIL,0.585979921049589
201609,Goran Dragic,2018-19,33.0,27.5,0.224,0.517,0.0610732387681171,0.5945945945945946,0.0064747496247073,1.0,,4.89,4.1,0.5,0.5755555555555556,0.4244444444444444,0.3117782909930716,1.0,0.0755135135135135,-0.05,-0.187,0.174,-0.2232142857142857,0.00935,0.553,0.073,4.0,1.6,0.4,0.4652777777777778,0.3808799099099099,0.0853170998198198,-0.0,,
202330,Gordon Hayward,2018-19,29.0,25.9,0.183,0.575,0.0834545579009326,0.365814696485623,0.0065332111623338,1.1237362357759464,46.94814656681937,4.94,2.0,1.0,0.4111111111111111,0.5888888888888889,0.6159627773801002,0.4622706559447574,0.0442076677316293,-0.032,0.176,0.151,-0.174863387978142,-0.005632,0.324,0.145,2.8,0.8,0.2,0.3631205673758865,0.4025055495928736,0.0736585155754958,-0.0,,
203084,Harrison Barnes,2018-19,27.0,32.9,0.202,0.55,0.0921831404532099,0.4077868852459016,0.0083690960766272,1.0,46.562466004225456,4.69,1.9,2.4,0.24,0.76,0.565318359189112,0.3903450308495465,0.0654006147540983,-0.012,-0.067,0.19,-0.0594059405940594,0.000804,0.348,0.071,3.2,1.1,0.4,0.4346978557504873,0.327111618852459,0.0660765470081967,-0.0,,
202355,Hassan Whiteside,2018-19,30.0,23.3,0.215,0.564,0.1572562558342369,0.0714285714285714,0.0156770961183454,1.0,46.64959397713568,4.08,0.9,2.9,0.29,0.71,0.4170212765957446,0.4099717771165896,0.0079148351648351,-0.0529999999999999,-0.0299999999999999,0.162,-0.2465116279069767,0.0015899999999999,0.384,0.041,0.3,0.0,0.0,0.7985294117647059,0.3973749313186813,0.0854356102335164,-0.0,,
203546,Ian Clark,2018-19,28.0,16.2,0.185,0.502,0.0568598876066585,0.3736501079913606,0.0045244270425196,1.0,,4.68,1.3,0.2,0.2933333333333333,0.7066666666666667,0.1436031331592689,1.0,0.0113477321814254,-0.0539999999999999,-0.119,0.131,-0.2918918918918918,0.0064259999999999,0.305,0.105,2.2,1.0,0.3,0.360313315926893,0.3198751331893449,0.0591768996400288,-0.0,,
202397,Ish Smith,2018-19,30.0,22.3,0.193,0.485,0.0630603074673301,1.0,0.0053467767075943,0.7289881922485804,46.66818303223678,5.13,4.5,0.1,0.5399999999999999,0.4600000000000001,0.423707778012834,1.0,0.0,-0.068,0.176,0.125,-0.3523316062176166,-0.011968,0.766,0.188,3.6,1.1,0.4,0.4223484848484848,0.2566666666666667,0.0495366666666666,-0.0,,
1628397,Ivan Rabb,2018-19,22.0,14.7,0.166,0.586,0.0242170854401687,0.1217105263157894,0.0016378872646147,1.0,,4.58,0.8,1.8,0.2733333333333333,0.7266666666666667,0.2,1.0,0.066453947368421,-0.05,-0.0739999999999999,0.116,-0.3012048192771084,0.0036999999999999,0.328,0.092,0.4,0.0,0.0,0.6556603773584906,0.3053109868421053,0.0506816238157894,-0.0,,
200826,J.J. Barea,2018-19,35.0,19.8,0.263,0.495,0.0910920394376001,1.0,0.0122861000676262,1.0,,4.8,5.0,0.1,1.0,0.0,0.2441558441558441,0.5,0.0,-0.152,-0.3399999999999999,0.1109999999999999,-0.5779467680608366,0.05168,0.77,0.183,4.9,2.1,0.7,0.4441558441558441,0.4852865090403337,0.1276303518776078,-0.0,,
200755,JJ Redick,2018-19,35.0,31.3,0.209,0.602,0.1277653215916322,0.1558784676354029,0.0122076599021297,2.173712812010685,47.008027750525585,4.98,1.1,0.5,0.2866666666666667,0.7133333333333334,0.4015406253380935,0.5,0.0222840158520475,-0.036,-0.031,0.173,-0.1722488038277512,0.001116,0.106,0.195,6.1,3.1,1.1,0.3391915641476274,0.4445764773227653,0.0929164837604579,-0.0,,
203210,JaMychal Green,2018-19,29.0,21.1,0.185,0.587,0.1012793424771903,0.0865051903114186,0.0080589500830942,1.0,46.99441281300696,4.5,1.0,1.6,0.16,0.84,0.3268850005755727,0.5,0.0529411764705882,-0.03,-0.2719999999999999,0.155,-0.1621621621621621,0.0081599999999999,0.274,0.082,0.5,0.2,0.0,0.489402697495183,0.4530020761245675,0.083805384083045,-0.0,,
201580,JaVale McGee,2018-19,31.0,22.3,0.197,0.634,0.1866227554088825,0.0342146189735614,0.0163178875715581,1.0,46.430386736966256,4.39,0.7,2.9,0.29,0.71,0.3411764705882353,0.5,0.0229580093312597,-0.073,0.1109999999999999,0.124,-0.3705583756345178,-0.008103,0.22,0.025,0.4,0.0,0.0,0.7893915756630265,0.4179870839813375,0.0823434555443235,-0.0,,
203953,Jabari Parker,2018-19,24.0,26.9,0.236,0.56,0.1026382150402837,0.5019059720457434,0.0117673073021747,1.0,46.9870487138109,4.84,2.3,2.0,0.3111111111111111,0.6888888888888889,0.6974358974358974,0.5,0.0134968233799237,-0.061,0.0049999999999998,0.175,-0.2584745762711865,-0.0003049999999999,0.453,0.123,3.0,0.9,0.3,0.5148648648648648,0.3484298602287167,0.0822294470139771,-0.0,,
203109,Jae Crowder,2018-19,28.0,27.1,0.183,0.538,0.0469472872838427,0.0938775510204081,0.0036752521256921,1.058197727970525,46.63043997698218,4.59,1.4,0.3,0.1999999999999999,0.8,0.2641781681304893,1.0,0.0277863945578231,-0.077,-0.104,0.106,-0.4207650273224044,0.008008,0.091,0.057,1.7,1.3,0.4,0.2569360675512666,0.2859042857142858,0.0523204842857142,-0.0,UTA,0.5861698925646207
1626143,Jahlil Okafor,2018-19,23.0,15.8,0.198,0.603,0.1483340648636825,0.433420365535248,0.0130688894250302,1.0,,4.61,1.0,3.2,0.32,0.6799999999999999,0.4,0.5,0.0470339425587467,-0.079,0.197,0.119,-0.398989898989899,-0.015563,0.505,0.029,0.5,0.0,0.0,0.850828729281768,0.3840975979112271,0.0760513243864229,-0.0,,
1628973,Jalen Brunson,2018-19,22.0,21.8,0.186,0.549,0.1010628551488589,0.7074380165289257,0.0081070150593576,1.0,46.503821161359,4.78,3.1,0.3,0.4955555555555555,0.5044444444444445,0.5005821764442454,0.5,0.0033785123966941,-0.001,-0.121,0.185,-0.0053763440860215,0.000121,0.561,0.106,2.7,0.9,0.3,0.4680851063829787,0.3855702901744721,0.0717160739724518,-0.0,,
2037,Jamal Crawford,2018-19,39.0,18.9,0.198,0.522,0.0711083472986748,1.0,0.0062649609777569,1.0,,4.32,3.0,0.1,0.6288888888888888,0.3711111111111111,0.0502283105022831,0.9785981347443468,0.0,-0.048,0.0889999999999999,0.15,-0.2424242424242425,-0.004272,0.736,0.244,4.7,1.8,0.6,0.5662100456621004,0.3789632942097026,0.0750347322535211,-0.0,,
1627750,Jamal Murray,2018-19,22.0,32.6,0.241,0.538,0.0823926239698619,0.6308243727598566,0.0097479635813419,1.1166463866530358,46.8895334776804,4.97,5.6,0.7999999999999999,0.6222222222222222,0.3777777777777777,0.4447504754410124,0.3907992439835623,0.1177159498207884,0.03,-0.062,0.271,0.1244813278008299,-0.00186,0.427,0.167,7.8,2.8,0.9,0.3927068723702664,0.3656009652939909,0.0881098326358518,-0.0,DEN,0.5817996031746031
203516,James Ennis III,2018-19,28.0,21.2,0.125,0.59,0.0623326766445529,0.100250626566416,0.0027547411465544,1.0,46.46408638339402,4.62,0.5,0.4,0.1044444444444444,0.8955555555555555,0.3647058823529411,1.0,0.057844611528822,-0.089,0.41,0.036,-0.712,-0.03649,0.174,0.015,0.4,0.3,0.1,0.4050279329608938,0.2817205263157894,0.0352150657894736,-0.0,,
201935,James Harden,2018-19,29.0,36.8,0.396,0.616,0.1299622733998108,1.0,0.0323862063473591,0.958049345246105,47.03227175081256,3.96,9.3,0.7999999999999999,1.0,0.0,0.8106455992559413,0.0785925454316504,0.0,0.0959999999999999,-0.003,0.492,0.2424242424242423,-0.000288,0.87,0.024,13.7,12.1,4.4,0.6350667280257708,0.5021680244399186,0.1988585376782077,-0.0036664194867617,HOU,0.5416390055673421
201949,James Johnson,2018-19,32.0,21.2,0.177,0.522,0.0503935233629402,0.4454713493530499,0.0037526202994921,1.0,47.17773808652333,4.39,1.8,0.6000000000000001,0.3711111111111111,0.6288888888888888,0.5822874842262246,1.0,0.0618133086876155,-0.0649999999999999,-0.065,0.112,-0.367231638418079,0.004225,0.378,0.033,1.3,0.6,0.2,0.5065963060686016,0.3312513205997125,0.0586314837461491,-0.0,,
1628991,Jaren Jackson Jr.,2018-19,19.0,26.1,0.231,0.591,0.1509928457678744,0.2208955223880597,0.0167638721568565,1.0,47.09350982571696,4.38,1.3,4.9,0.49,0.51,0.7825301204819277,0.3717682940136727,0.0165820895522388,-0.042,0.027,0.189,-0.1818181818181818,-0.001134,0.312,0.02,0.6,0.2,0.1,0.6694915254237288,0.4465663432835821,0.1031568252985074,-0.0,,
1628386,Jarrett Allen,2018-19,21.0,26.2,0.158,0.632,0.1611589550708743,0.0054446460980036,0.0101213879895257,1.0,46.33370192195065,4.7,0.9,2.4,0.24,0.76,0.4957746478873239,0.1819613553222007,0.0034192377495462,-0.009,-0.063,0.149,-0.0569620253164557,0.000567,0.167,0.005,0.0,0.0,0.0,0.7683333333333333,0.3884733212341197,0.0613787847549909,-0.0,BKN,
1627759,Jaylen Brown,2018-19,22.0,25.9,0.215,0.547,0.0763905514288749,0.3483443708609271,0.0076154809290782,1.491324268657634,46.40408440041506,4.52,1.2,1.4,0.1755555555555555,0.8244444444444444,0.6702279807419993,1.0,0.0180556291390728,-0.092,0.0729999999999999,0.123,-0.427906976744186,-0.0067159999999999,0.326,0.081,2.3,0.4,0.1,0.4618885096700796,0.3670869423678926,0.0789236926090969,-0.0,BOS,0.5713163756251572
1628369,Jayson Tatum,2018-19,21.0,31.1,0.218,0.547,0.1090415246763275,0.5251196172248804,0.0110988161083639,0.7615120906698065,46.60038622394985,4.48,2.0,2.0,0.2222222222222222,0.7777777777777778,0.5687376580506351,0.4316972336371647,0.0847093301435406,-0.033,0.0949999999999999,0.185,-0.1513761467889908,-0.0031349999999999,0.414,0.163,5.4,1.4,0.5,0.4790940766550522,0.2574376190945529,0.0561214009626125,-0.0,BOS,0.5730817839632708
201145,Jeff Green,2018-19,32.0,27.2,0.174,0.608,0.1295995938022068,0.1547619047619047,0.0094064881511151,1.0,47.18660219938304,4.06,1.2,1.2999999999999998,0.2066666666666666,0.7933333333333333,0.6347873018988273,0.5,0.0173720238095238,-0.0479999999999999,0.131,0.126,-0.2758620689655172,-0.0062879999999999,0.264,0.095,1.6,0.4,0.1,0.4222873900293255,0.3515188789682539,0.0611642849404761,-0.0,,
201952,Jeff Teague,2018-19,31.0,30.1,0.186,0.528,0.054181040601348,1.0,0.004346270560433,1.0,,3.95,6.3,0.0,0.8133333333333332,0.1866666666666667,0.3004807692307692,0.4713680854812471,0.0,0.001,-0.021,0.187,0.0053763440860215,-2.1000000000000036e-05,0.79,0.086,3.7,1.5,0.5,0.5072115384615384,0.4065271292517007,0.0756140460408163,-0.0,,
203924,Jerami Grant,2018-19,25.0,32.7,0.15,0.592,0.1448718110150793,0.128476821192053,0.0084162916709446,0.7774755692485438,46.5802501584978,4.93,1.1,2.3,0.2299999999999999,0.77,0.3631067961165048,0.4949839504027211,0.0252701986754966,-0.0389999999999999,0.03,0.111,-0.2599999999999999,-0.00117,0.156,0.033,0.4,0.0,0.0,0.5087924970691676,0.3747028013245033,0.0562054201986755,-0.0,,
203087,Jeremy Lamb,2018-19,27.0,28.5,0.22,0.552,0.0748012039966934,0.5559174809989141,0.0077186724137568,1.0,46.8755296669805,4.74,2.1,0.5,0.2644444444444444,0.7355555555555555,0.6022966160334771,0.4686609271840166,0.0940933767643865,0.0199999999999999,-0.027,0.24,0.0909090909090908,-0.00054,0.455,0.118,4.0,1.3,0.3,0.5408997955010225,0.3160520762456267,0.0695314567740378,-0.0,,
201573,Jerryd Bayless,2018-19,30.0,19.3,0.172,0.431,0.0014015180168596,0.6003717472118959,9.997498679810994e-05,1.0,,4.21,3.9,0.2,0.5822222222222222,0.4177777777777778,0.1956521739130435,0.6482727302873673,0.0695873605947955,0.051,-0.069,0.223,0.2965116279069769,-0.003519,0.537,0.239,3.1,1.1,0.3,0.4434782608695652,0.3349664436183395,0.0576142283023543,-0.0,,
202710,Jimmy Butler III,2018-19,29.0,33.6,0.218,0.571,0.0962024187117331,0.5402892561983471,0.0097919848207437,0.9885992746248476,46.9235343257785,4.65,3.2,2.0,0.3977777777777777,0.6022222222222222,0.8418603170560894,0.1049440131523201,0.1056043388429752,0.063,0.029,0.281,0.2889908256880735,0.001827,0.488,0.138,5.0,1.1,0.4,0.5400565504241281,0.350704277804981,0.0764535325614858,-0.0,PHI,0.5925853118327542
201149,Joakim Noah,2018-19,34.0,16.5,0.191,0.571,0.0271748912052783,0.1319018404907975,0.0022683907357658,1.0,,4.52,1.3,1.9,0.4488888888888889,0.5511111111111111,0.2,1.0,0.0732055214723926,-0.0559999999999999,-0.1279999999999999,0.135,-0.2931937172774869,0.0071679999999999,0.264,0.027,0.1,0.0,0.0,0.8309859154929577,0.3490333333333333,0.0666653666666666,-0.0,,
203925,Joe Harris,2018-19,27.0,30.2,0.167,0.645,0.2125690534776623,0.2045801526717557,0.0145069042789852,0.0,46.47781943623677,5.17,1.4,0.5,0.2533333333333333,0.7466666666666666,0.541263778238568,0.2354457869388626,0.0528702290076335,-0.021,-0.008,0.146,-0.125748502994012,0.000168,0.107,0.027,1.3,0.8,0.4,0.4879898862199747,0.200880631043257,0.0335470653842239,-0.0,,
204060,Joe Ingles,2018-19,31.0,31.3,0.17,0.581,0.1439900896323408,0.391304347826087,0.010092667926137,0.7363432865128091,46.35293229878712,4.67,3.0,0.2,0.5822222222222222,0.4177777777777778,0.4193343172680542,0.5,0.0094463768115942,-0.067,0.212,0.103,-0.3941176470588236,-0.014204,0.382,0.028,2.5,1.9,0.7,0.3231334149326805,0.2821171014492754,0.0479599072463768,-0.0,UTA,0.5770353790707321
203954,Joel Embiid,2018-19,25.0,33.7,0.327,0.593,0.0919229108492131,0.2767031118587048,0.0171887936261138,0.6860066530619805,47.17841189191838,4.26,3.0,9.2,0.92,0.08,0.9969974979149292,0.1261825389826622,0.0195365853658536,0.005,-0.008,0.332,0.0152905198776758,-4.000000000000007e-05,0.453,0.094,4.0,0.7,0.2,0.5478325859491778,0.421053119564595,0.1376843700976225,-0.0003491522758374,PHI,0.5818349358656647
1628381,John Collins,2018-19,21.0,30.0,0.23,0.627,0.1806870381479884,0.0828961175236096,0.019930525648295,1.0,48.09066536217627,4.66,1.7,3.5999999999999996,0.36,0.64,0.3941176470588236,0.5,0.0162822665267576,-0.067,0.1859999999999999,0.163,-0.2913043478260869,-0.0124619999999999,0.241,0.025,0.6,0.1,0.0,0.6642599277978339,0.4343280587618047,0.0998954535152151,-0.0,,
202322,John Wall,2018-19,28.0,34.5,0.286,0.527,0.0835423825239034,0.7688345138441726,0.0127777947077086,1.0,,3.87,7.8,0.2,0.8688888888888889,0.131111111111111,0.4,0.1715361683499196,0.0541725692208629,0.066,0.0449999999999999,0.352,0.2307692307692308,0.0029699999999999,0.747,0.133,6.2,2.0,0.4,0.4293478260869565,0.4614542992058381,0.1319759295728697,-0.0,,
201973,Jonas Jerebko,2018-19,32.0,16.7,0.144,0.588,0.1074074227608634,0.0398009950248756,0.0058691881762491,1.0,,4.88,0.7,0.9,0.2355555555555555,0.7644444444444445,0.1450704225352112,0.4699999999999999,0.0235621890547263,-0.0249999999999999,-0.0879999999999999,0.119,-0.173611111111111,0.0021999999999999,0.135,0.087,0.4,0.2,0.0,0.3181818181818182,0.2271916196793809,0.0327155932338308,-0.0,,
202685,Jonas Valančiūnas,2018-19,27.0,22.3,0.274,0.616,0.1191779563755199,0.1428571428571428,0.0170931371877521,1.0,,4.28,1.7,6.6,0.6599999999999999,0.3400000000000001,0.2,0.1336526080277984,0.0259650145772594,0.006,0.045,0.28,0.0218978102189781,0.00027,0.402,0.06,0.7,0.0,0.0,0.6933085501858736,0.4756190379008747,0.1303196163848396,-0.0,,
1628371,Jonathan Isaac,2018-19,21.0,26.6,0.16,0.537,0.0708589381952009,0.0876033057851239,0.0045349720444928,0.7215453802125922,46.94133593685709,4.83,1.1,0.7,0.1222222222222222,0.8777777777777778,0.2953703703703703,1.0,0.0064380165289256,-0.037,-0.087,0.123,-0.23125,0.003219,0.237,0.1,1.2,0.2,0.0,0.4021909233176838,0.18685,0.029896,-0.0,,
203903,Jordan Clarkson,2018-19,27.0,27.3,0.266,0.539,0.1015594432473876,0.6218487394957983,0.0139329399820949,1.0,47.58620975047851,4.66,2.7,0.7,0.3399999999999999,0.66,0.4260738332946366,0.4991092153880939,0.0469243697478991,0.0179999999999999,-0.118,0.284,0.0676691729323306,-0.0021239999999999,0.594,0.166,5.4,2.5,0.7,0.5422715627668659,0.3497906722689075,0.0930443188235294,-0.0,CLE,
203895,Jordan McRae,2018-19,28.0,12.3,0.191,0.55,0.1652575851917869,1.0,0.0137946743717332,1.0,,4.23,1.1,0.0,0.2911111111111111,0.7088888888888889,0.2980535279805353,0.4242237873969538,0.0,-0.0509999999999999,-0.13,0.14,-0.2670157068062826,0.00663,0.574,0.275,2.3,0.6,0.2,0.4724409448818897,0.3611573820395738,0.0689810599695586,-0.0,,
1628404,Josh Hart,2018-19,24.0,25.6,0.13,0.526,0.0471423779163318,0.1746031746031746,0.0022096653907202,1.0,46.24005007077441,4.68,1.0,0.4,0.1599999999999999,0.8400000000000001,0.5001529386060738,0.49222562208809,0.0302103174603174,0.001,0.005,0.131,0.0076923076923076,5.000000000000009e-06,0.18,0.023,1.3,0.7,0.2,0.3189655172413793,0.2892980158730158,0.037608742063492,-0.0,,
1628367,Josh Jackson,2018-19,22.0,25.2,0.234,0.487,0.0479174389885893,0.5730337078651685,0.0054239713224518,1.0,47.07962424224297,4.5,1.7,0.5,0.3155555555555555,0.6844444444444444,0.6684721687417103,0.3763503331346889,0.1161685393258426,-0.003,0.2029999999999999,0.231,-0.0128205128205128,-0.000609,0.435,0.11,3.1,0.7,0.2,0.5702380952380952,0.3103602496878901,0.0726242984269662,-0.0,,
1629006,Josh Okogie,2018-19,20.0,23.7,0.148,0.492,0.0171632599577142,0.2875536480686695,0.0009772200152293,1.0,47.981515221746086,4.44,0.8,0.4,0.1511111111111111,0.8488888888888889,0.7213474343909125,1.0,0.0370515021459227,-0.0639999999999999,0.396,0.084,-0.4324324324324323,-0.0253439999999999,0.255,0.084,1.3,0.4,0.1,0.4409448818897638,0.2653014687649022,0.0392646173772055,-0.0,,
1626196,Josh Richardson,2018-19,25.0,34.8,0.203,0.536,0.0569681447041544,0.4853333333333333,0.0052104607984876,1.0,46.32181524249357,4.72,4.2,0.4,0.4666666666666667,0.5333333333333333,0.47799344697441,0.4238195933510169,0.0870133333333333,0.0119999999999999,0.0499999999999999,0.215,0.0591133004926107,0.0005999999999999,0.392,0.131,4.7,1.6,0.5,0.4366471734892787,0.3571235555555556,0.0724960817777777,-0.0,,
201950,Jrue Holiday,2018-19,29.0,35.8,0.25,0.555,0.1006593980720054,0.7738542449286251,0.0125824247590006,1.0,47.11337957925001,4.93,5.4,1.1,0.6844444444444444,0.3155555555555556,0.6476033255696808,0.5,0.0814049586776859,0.025,-0.168,0.275,0.1,-0.0042,0.633,0.077,6.6,3.4,1.1,0.5133735979292493,0.4300344903581267,0.1075086225895316,-0.0,,
203944,Julius Randle,2018-19,24.0,30.6,0.273,0.6,0.1418795526527096,0.4603811434302909,0.0202378224305347,1.0,46.25225278574698,4.36,2.9,5.4,0.54,0.4599999999999999,0.9395973154362416,0.0711847929129544,0.0473650952858576,0.0109999999999999,0.003,0.284,0.0402930402930401,3.2999999999999894e-05,0.461,0.029,1.8,0.6,0.2,0.6801470588235294,0.4416988766298897,0.1205837933199599,-0.0,,
1626147,Justin Anderson,2018-19,25.0,9.7,0.166,0.516,0.0430935258780121,0.2259414225941422,0.0029145677912944,1.0,,4.69,0.4,0.1,0.1622222222222222,0.8377777777777777,0.3248407643312102,0.9737859463121216,0.0258326359832636,-0.034,0.484,0.132,-0.2048192771084337,-0.016456,0.328,0.011,0.5,0.3,0.1,0.3630573248407643,0.2854228126452812,0.0473801868991166,-0.0,,
203200,Justin Holiday,2018-19,30.0,31.8,0.153,0.52,0.0735255885579732,0.1574923547400611,0.0044002328188185,1.0,46.798393201176005,4.69,1.2,0.4,0.1866666666666666,0.8133333333333334,0.3302336923389555,1.0,0.0126360856269113,-0.061,0.0699999999999999,0.092,-0.3986928104575163,-0.0042699999999999,0.147,0.105,2.6,1.2,0.4,0.3498694516971279,0.3123092558613659,0.0477833161467889,-0.0,,
1628382,Justin Jackson,2018-19,24.0,19.9,0.141,0.561,0.1216987409456574,0.1538461538461538,0.0064433949765112,1.0,,4.81,0.7,0.2,0.18,0.8200000000000001,0.1706484641638225,0.5,0.0202091346153846,0.028,-0.212,0.169,0.1985815602836881,-0.005936,0.147,0.079,1.4,0.3,0.1,0.3690721649484536,0.339126610576923,0.0478168520913461,-0.0,,
1626159,Justise Winslow,2018-19,23.0,29.7,0.206,0.513,0.087659664039218,0.5238095238095238,0.0081959751397183,1.0,46.47237475021161,4.54,4.4,0.3,0.4888888888888889,0.5111111111111111,0.5153987026950387,0.5,0.106,-0.0129999999999999,-0.162,0.193,-0.0631067961165047,0.0021059999999999,0.457,0.094,2.3,0.5,0.1,0.4352469959946595,0.3833888888888889,0.0789781111111111,-0.0,,
203994,Jusuf Nurkić,2018-19,24.0,27.4,0.241,0.57,0.03114826155841,0.1828947368421052,0.003685185695804,1.0,46.985990570533026,4.37,1.7,5.199999999999999,0.5199999999999999,0.4800000000000001,0.9321739130434784,0.658647155617175,0.0137815789473684,-0.0379999999999999,-0.0549999999999999,0.203,-0.1576763485477177,0.0020899999999999,0.34,0.08,0.4,0.0,0.0,0.7566585956416465,0.366486,0.0883231259999999,-0.0,,
1626157,Karl-Anthony Towns,2018-19,23.0,33.0,0.28,0.622,0.1482914912895445,0.1537726838586437,0.021971174819946,1.0,46.72867099975237,4.15,2.4,9.1,0.91,0.09,0.7472001922614756,0.4573331838724072,0.012611270296084,-0.007,-0.119,0.273,-0.025,0.000833,0.344,0.079,1.3,0.4,0.1,0.5779467680608364,0.5743262368672397,0.1608113463228271,-0.0,,
202695,Kawhi Leonard,2018-19,28.0,34.0,0.3,0.606,0.1183803541460663,0.7055256064690026,0.0194518770993752,1.015360274002807,47.03493504049408,4.63,4.0,3.3,0.4444444444444444,0.5555555555555556,0.7268850234626762,0.1554961280585356,0.0849278975741239,0.098,-0.014,0.398,0.3266666666666667,-0.001372,0.639,0.19,8.7,2.4,0.8,0.5009230769230769,0.3939955350294742,0.1181986605088422,-0.0,TOR,0.5890264460986028
203482,Kelly Olynyk,2018-19,28.0,22.9,0.175,0.61,0.1184214967619941,0.0969581749049429,0.0086693716045208,1.0,46.63355367777043,4.68,1.3,1.2999999999999998,0.2511111111111111,0.7488888888888889,0.3362101688143042,0.240909277713041,0.0135266159695817,0.019,0.038,0.194,0.1085714285714286,0.000722,0.18,0.038,0.9,0.7,0.2,0.3315602836879432,0.3599905724545838,0.0629983501795521,-0.0,,
1626162,Kelly Oubre Jr.,2018-19,23.0,28.0,0.223,0.551,0.0719822474431029,0.4088200238379022,0.0075802354717092,1.0,46.95167875475072,4.47,1.5,0.6,0.1666666666666666,0.8333333333333334,0.7159962618278104,1.0,0.0126734207389749,-0.062,0.131,0.161,-0.2780269058295964,-0.008122,0.352,0.05,2.0,1.0,0.3,0.5077288941736029,0.2959405045689312,0.0659947325188716,-0.0,,
202689,Kemba Walker,2018-19,29.0,34.9,0.308,0.558,0.114497919770996,0.8041714947856314,0.0195714801246884,1.0,46.94967153473238,4.69,7.5,0.2,0.8333333333333334,0.1666666666666666,0.6010486066855918,0.1654260496665879,0.0176767091541135,0.1149999999999999,0.0129999999999999,0.423,0.3733766233766233,0.0014949999999999,0.715,0.121,10.3,6.0,2.1,0.5154577883472057,0.4787963499420626,0.1474692757821552,-2.6957033603708045e-05,,
1629026,Kenrich Williams,2018-19,24.0,23.5,0.119,0.485,0.0577026199223109,0.2151639344262295,0.0023687322575635,1.0,,4.83,1.0,0.2,0.2088888888888888,0.7911111111111111,0.3443877551020408,0.8979548312568246,0.0304733606557377,-0.032,0.058,0.087,-0.2689075630252101,-0.001856,0.187,0.022,1.0,0.6,0.2,0.371841155234657,0.3061672131147541,0.0364338983606557,-0.0,,
203145,Kent Bazemore,2018-19,29.0,24.5,0.215,0.507,0.0673114651436115,0.4798270893371758,0.0067103741172331,1.0,46.25753565056468,4.71,1.5,0.3,0.3199999999999999,0.68,0.6155030699844042,1.0,0.0682867435158501,-0.039,-0.0509999999999999,0.176,-0.1813953488372093,0.001989,0.396,0.105,3.3,1.6,0.4,0.426917510853835,0.3284907492795389,0.0706255110951008,-0.0,,
203484,Kentavious Caldwell-Pope,2018-19,26.0,24.8,0.175,0.568,0.0987756649083936,0.1877862595419847,0.007231144412028,1.0,46.500796502824095,4.64,1.2,0.6,0.1711111111111111,0.8288888888888889,0.4515297906602253,0.4269368126774633,0.0274946564885496,-0.0239999999999999,-0.0289999999999999,0.151,-0.1371428571428571,0.0006959999999999,0.185,0.126,2.5,1.1,0.3,0.3249669749009247,0.3217659067005937,0.0563090336726038,-0.0,LAL,0.5706406602534903
201142,Kevin Durant,2018-19,30.0,34.6,0.283,0.631,0.123996709456132,0.6025236593059937,0.0186676570442294,1.0772131430767549,46.40102461585504,4.47,4.2,4.5,0.5577777777777778,0.4422222222222222,0.6460286530142039,0.2519620780196839,0.0771419558359621,0.055,-0.054,0.338,0.1943462897526503,-0.00297,0.51,0.251,8.8,2.7,0.8,0.5584415584415584,0.4474327304124315,0.1266234627067181,-0.0,,
1628989,Kevin Huerter,2018-19,20.0,27.3,0.153,0.533,0.0908961056824508,0.4196969696969697,0.0054397936170392,1.0,47.77518161286721,4.72,1.3,0.4,0.3088888888888889,0.691111111111111,0.3146326276463262,0.5,0.0775166666666666,0.0,-0.161,0.153,0.0,-0.0,0.364,0.033,2.5,1.6,0.6,0.3677811550151976,0.3438996481481482,0.0526166461666666,-0.0,,
1628995,Kevin Knox II,2018-19,19.0,28.8,0.219,0.475,0.0277183895062081,0.3943990665110851,0.0028407575235881,1.0,47.361769655735806,4.47,1.5,0.4,0.1666666666666666,0.8333333333333334,0.5473524011182611,1.0,0.0389334889148191,-0.0559999999999999,-0.0559999999999999,0.163,-0.2557077625570776,0.0031359999999999,0.367,0.085,3.3,0.6,0.3,0.4817275747508305,0.2707054647996887,0.0592844967911318,-0.0,,
201567,Kevin Love,2018-19,30.0,27.2,0.259,0.561,0.0183114400172291,0.1345733041575492,0.0024136380562484,1.0,,4.22,1.7,2.9,0.29,0.71,0.1148409893992932,0.5630540624684885,0.0,-0.015,0.0369999999999999,0.244,-0.0579150579150579,-0.0005549999999999,0.294,0.059,2.2,1.4,0.7,0.392226148409894,0.3049205743982494,0.0789744287691466,-0.0,,
1626172,Kevon Looney,2018-19,23.0,18.5,0.122,0.636,0.1570178716023272,0.0757575757575757,0.0066909661406676,1.0,,4.67,0.7,1.0,0.2355555555555555,0.7644444444444445,0.2,0.4696838663159454,0.0504545454545454,-0.0579999999999999,-0.136,0.064,-0.4754098360655737,0.007888,0.295,0.092,0.2,0.0,0.0,0.7231121281464531,0.404251313131313,0.0493186602020201,-0.0,,
203114,Khris Middleton,2018-19,27.0,31.1,0.246,0.558,0.094614500751966,0.6174377224199289,0.0115441075117255,0.9765309223252232,46.4498661179269,4.71,3.3,1.7999999999999998,0.4311111111111111,0.5688888888888889,0.4759160956901992,0.5,0.0265622775800711,-0.0559999999999999,-0.002,0.19,-0.2276422764227642,0.000112,0.575,0.154,6.5,3.1,1.2,0.4810971089696071,0.3830863196155367,0.094239234625422,-0.0,MIL,0.6249779741397951
202691,Klay Thompson,2018-19,29.0,34.0,0.254,0.571,0.1220397695548437,0.2059773828756058,0.0156225510982279,0.9841394843480474,46.35010005439874,4.84,1.6,2.3,0.2299999999999999,0.77,0.2866856871136471,0.5,0.0164967689822294,-0.101,0.031,0.153,-0.3976377952755905,-0.003131,0.191,0.242,5.8,1.4,0.6,0.4581422018348624,0.3353159798550067,0.0851702588831717,-0.0,,
1627739,Kris Dunn,2018-19,25.0,30.2,0.198,0.484,0.0319593018036749,0.8267379679144384,0.0028157563251383,1.0,,4.66,5.8,0.6000000000000001,0.6444444444444444,0.3555555555555556,0.2924901185770751,0.409237716332456,0.0477860962566844,-0.005,0.034,0.193,-0.0252525252525252,-0.00017,0.749,0.173,4.5,0.8,0.3,0.4830339321357285,0.3603092097445038,0.0713412235294117,-0.0,,
203937,Kyle Anderson,2018-19,25.0,29.8,0.127,0.569,0.1392992642815474,0.3435294117647058,0.0063045545109339,1.0,,4.27,2.0,1.0,0.3444444444444444,0.6555555555555556,0.4,0.5,0.0,-0.053,-0.3159999999999999,0.074,-0.4173228346456693,0.016748,0.433,0.098,0.8,0.1,0.0,0.644927536231884,0.3893432026143791,0.0494465867320261,-0.0,,
1628398,Kyle Kuzma,2018-19,23.0,33.1,0.233,0.546,0.0574278520579884,0.2718531468531469,0.0064588686766681,1.0,46.33398661437619,4.92,2.1,2.3,0.2511111111111111,0.7488888888888889,0.6264557675757485,1.0,0.0196940559440559,-0.04,-0.058,0.193,-0.1716738197424893,0.00232,0.306,0.06,2.4,1.0,0.2,0.4701011959521619,0.3142202738927738,0.0732133238170163,-0.0,LAL,0.5823220472028886
200768,Kyle Lowry,2018-19,33.0,34.1,0.191,0.562,0.0968358914686699,0.4968944099378882,0.0080832573509805,1.047385075657327,46.28976424666782,4.4,5.1,0.2,0.7311111111111112,0.2688888888888888,0.5214728295705433,0.5,0.0479503105590062,-0.002,-0.124,0.189,-0.0104712041884816,0.000248,0.47,0.073,4.3,2.6,0.8,0.3264503441494591,0.467233931017223,0.0892416808242896,-0.0,TOR,0.6027528659265317
202681,Kyrie Irving,2018-19,27.0,33.0,0.286,0.592,0.1415292092384952,0.6653439153439153,0.0216468710390968,0.9065446869411444,47.10509862185609,4.6,5.5,1.1,0.7333333333333334,0.2666666666666666,0.5043029814665592,0.1855117835611072,0.0629821428571427,0.142,0.022,0.428,0.4965034965034966,0.003124,0.627,0.175,7.7,3.0,1.1,0.5253521126760563,0.3966070012668604,0.113429602362322,-0.0,,
200746,LaMarcus Aldridge,2018-19,33.0,33.2,0.268,0.576,0.1141167324712037,0.3426966292134831,0.0158325737230375,0.8961406039175543,46.556662787395474,4.25,1.9,10.0,1.0,0.0,0.6870598194393409,0.4738520512677681,0.0439363295880149,-0.045,0.044,0.223,-0.167910447761194,-0.00198,0.408,0.298,5.0,0.1,0.0,0.6180555555555556,0.5163089887640449,0.138370808988764,-0.0,,
202362,Lance Stephenson,2018-19,28.0,16.5,0.197,0.529,0.0925912186587401,0.5243664717348928,0.0080959746461602,1.0,,4.31,1.8,0.2,0.3888888888888888,0.6111111111111112,0.2800925925925926,0.2826800990793096,0.0521072124756334,0.0079999999999999,-0.032,0.205,0.0406091370558374,-0.0002559999999999,0.495,0.143,2.4,1.0,0.4,0.3587962962962963,0.3610366580030323,0.0711242216265973,-0.0,,
1629013,Landry Shamet,2018-19,22.0,22.8,0.145,0.604,0.1436351318577803,0.1412429378531073,0.0079307211633828,0.5647510311689415,46.51918988928657,5.2,0.8,0.1,0.1999999999999999,0.8,0.177031226504937,0.5,0.0243954802259886,-0.0509999999999999,-0.0829999999999999,0.094,-0.3517241379310344,0.0042329999999999,0.117,0.047,1.8,1.0,0.4,0.304054054054054,0.3059229951935239,0.0443588343030609,-0.0,LAC,0.5856325186610153
204038,Langston Galloway,2018-19,27.0,21.8,0.153,0.534,0.0420742210240557,0.1438848920863309,0.0025179855313949,1.6421830118998777,46.66033408778509,4.56,0.7,0.1,0.1599999999999999,0.8400000000000001,0.1565517724207136,1.0,0.0321402877697841,-0.073,-0.25,0.08,-0.4771241830065359,0.01825,0.075,0.101,1.5,0.4,0.2,0.2785829307568438,0.3098827338129497,0.0474120582733813,-0.0,,
1626204,Larry Nance Jr.,2018-19,26.0,26.8,0.152,0.583,0.1166345529035094,0.1339449541284403,0.0069118230439474,1.0,47.213401784584114,4.39,1.9,1.7000000000000002,0.3977777777777777,0.6022222222222222,0.3690140845070422,0.2268734628913716,0.0268880733944954,-0.008,-0.007,0.144,-0.0526315789473684,5.60000000000001e-05,0.309,0.061,0.7,0.2,0.0,0.5732484076433121,0.3991437798165138,0.06066985453211,-0.0,,
1628374,Lauri Markkanen,2018-19,22.0,32.3,0.245,0.553,0.0877127043017806,0.2629272567922874,0.0106368155333719,1.0,47.199350484155154,4.64,2.2,2.3,0.2444444444444444,0.7555555555555555,0.5483536810950794,0.5,0.0317879053461875,-0.097,0.1099999999999999,0.148,-0.3959183673469388,-0.0106699999999999,0.316,0.072,2.7,0.4,0.1,0.4573248407643312,0.331776414451261,0.0812852215405589,-0.0,,
2544,LeBron James,2018-19,34.0,35.2,0.311,0.588,0.1374453245801498,0.6960972488803583,0.0238380405805381,1.0,46.14018049554814,4.26,6.4,2.6,0.8355555555555555,0.1644444444444445,0.8582914572864321,0.1681941251098763,0.1002066538707613,0.074,-0.022,0.385,0.2379421221864952,-0.001628,0.659,0.1,7.4,3.9,1.3,0.4821917808219178,0.5073414487808346,0.1577831905708396,-4.751168469751909e-05,LAL,0.5539221393426981
1628366,Lonzo Ball,2018-19,21.0,30.3,0.167,0.487,0.0559349383410147,0.4195624195624196,0.0038173138708984,1.0,,4.71,3.4,0.4,0.5244444444444444,0.4755555555555556,0.3399122807017544,0.4940287362914725,0.0544684684684685,-0.008,0.038,0.159,-0.0479041916167665,-0.000304,0.438,0.047,2.6,1.6,0.5,0.3837719298245614,0.373894034034034,0.0624403036836836,-0.0,,
101150,Lou Williams,2018-19,32.0,26.6,0.308,0.554,0.0578369070211821,0.8041415012942192,0.0098862396670831,1.0298178399929878,46.51794095057555,4.53,4.5,0.2,0.7066666666666667,0.2933333333333333,0.7723846082693553,0.2074022439296398,0.0523356341673857,0.0369999999999999,0.0499999999999999,0.345,0.12012987012987,0.0018499999999999,0.698,0.152,7.5,2.1,0.8,0.501610305958132,0.3200593996571757,0.0985782950944101,-3.711619842194082e-05,LAC,0.6088542587712612
1629029,Luka Dončić,2018-19,20.0,32.2,0.296,0.545,0.1089156039512331,0.8031007751937985,0.0175399225209922,1.0,46.45201239318219,4.48,6.5,1.6,0.7222222222222222,0.2777777777777778,0.7402238233941436,0.1297013605400515,0.027184496124031,0.07,0.005,0.366,0.2364864864864865,0.00035,0.729,0.067,7.8,5.3,1.7,0.4785172704296546,0.4450355727820844,0.1317305295434969,-0.0,DAL,0.5381992002593754
1628379,Luke Kennard,2018-19,23.0,22.8,0.179,0.56,0.1275863527585131,0.3646209386281588,0.0096623723424246,0.5017953410650701,47.58241496553914,4.65,1.4,0.2,0.2711111111111111,0.7288888888888889,0.2646533601573271,0.5,0.0559927797833935,-0.1389999999999999,0.3079999999999999,0.04,-0.7765363128491619,-0.0428119999999999,0.333,0.173,3.5,1.2,0.4,0.2927689594356261,0.4150818866945094,0.0742996577183171,-0.0,,
1628436,Luke Kornet,2018-19,23.0,17.0,0.178,0.531,0.0571987533815774,0.0504854368932038,0.0042955281269781,1.0,,4.74,0.7,0.7,0.24,0.76,0.1011494252873563,0.905,0.0275145631067961,-0.0089999999999999,-0.081,0.169,-0.0505617977528088,0.0007289999999999,0.15,0.043,0.9,0.3,0.1,0.2536764705882353,0.3208409708737864,0.0571096928155339,-0.0,,
2736,Luol Deng,2018-19,34.0,17.8,0.155,0.588,0.1386865777703829,0.2291169451073985,0.008463148841724,1.0,,4.46,0.8,1.3,0.1377777777777777,0.8622222222222222,0.3898305084745763,0.5,0.0334606205250596,-0.044,-0.3379999999999999,0.111,-0.2838709677419355,0.0148719999999999,0.288,0.089,0.9,0.2,0.0,0.4745762711864407,0.3336757358790771,0.0517197390612569,-0.0,,
1627763,Malcolm Brogdon,2018-19,26.0,28.6,0.202,0.614,0.1766892388025243,0.5642775881683733,0.0160412110932045,0.6516222699154147,46.35224180097609,4.69,3.3,0.4,0.3666666666666666,0.6333333333333333,0.6461538461538461,0.4684042879011983,0.1167872582480091,-0.051,0.241,0.151,-0.2524752475247525,-0.012291,0.431,0.03,1.9,0.9,0.3,0.5636363636363636,0.319850530906333,0.0646098072430792,-0.0,MIL,0.605185432857401
1627736,Malik Beasley,2018-19,22.0,23.2,0.181,0.599,0.1455034291544653,0.2035830618892508,0.0112044641401695,1.24786725662603,46.18230608549147,4.41,0.8,0.3,0.1644444444444444,0.8355555555555556,0.3532595118802014,0.5,0.0498664495114006,-0.0579999999999999,0.06,0.123,-0.3204419889502762,-0.00348,0.138,0.079,2.2,0.9,0.3,0.4043321299638989,0.3067837917131728,0.0555278663000842,-0.0,,
1628370,Malik Monk,2018-19,21.0,17.2,0.236,0.518,0.0707727189858136,0.4188741721854305,0.0081139791118704,1.0,,4.79,1.1,0.0,0.3177777777777777,0.6822222222222223,0.2142857142857142,1.0,0.0645827814569536,-0.0689999999999999,-0.041,0.167,-0.2923728813559321,0.002829,0.344,0.083,2.6,1.4,0.3,0.3651877133105802,0.3330137895511405,0.0785912543340691,-0.0,,
201188,Marc Gasol,2018-19,34.0,30.8,0.21,0.546,0.0637993205145133,0.0973451327433628,0.0061396695264346,0.0,46.872869001166755,3.88,2.0,4.9,0.4933333333333333,0.5066666666666666,0.2670741901776384,0.8017140694237475,0.0101757269279393,-0.0199999999999999,0.0,0.19,-0.0952380952380951,-0.0,0.215,0.172,1.4,0.1,0.0,0.3765490943755958,0.3915837168141592,0.0822325805309734,-0.0,,
201158,Marco Belinelli,2018-19,33.0,23.0,0.187,0.557,0.0910298132219929,0.2238805970149254,0.0073611566762686,0.8531057261298911,46.47531104019224,5.01,1.3,0.5,0.2266666666666666,0.7733333333333333,0.3409795102448775,0.2613073801770382,0.0287529021558872,0.011,0.0899999999999999,0.198,0.0588235294117647,0.00099,0.189,0.152,3.2,1.6,0.5,0.3434065934065934,0.3609054726368159,0.0674893233830845,-0.0,,
202694,Marcus Morris Sr.,2018-19,29.0,27.9,0.203,0.568,0.0771050319966802,0.3124999999999999,0.0070522350459402,1.6141220799845375,46.59048303331101,4.49,1.5,1.7000000000000002,0.17,0.83,0.4504089250513776,1.0,0.0668461538461538,-0.068,0.206,0.135,-0.334975369458128,-0.014008,0.313,0.147,3.5,0.9,0.3,0.3986998916576381,0.4066120030120481,0.0825422366114457,-0.0,BOS,0.5647646444161054
1626209,Mario Hezonja,2018-19,24.0,20.8,0.208,0.497,0.0249987557804624,0.4911032028469751,0.0023714468543116,1.0,48.10339652853859,4.68,2.0,0.6,0.2577777777777778,0.7422222222222222,0.6728448275862069,0.9004391946271364,0.0333843416370106,0.049,-0.1119999999999999,0.257,0.2355769230769231,-0.005488,0.445,0.117,2.1,0.7,0.2,0.5673913043478261,0.2859027362593911,0.0594677691419533,-0.0,,
1628963,Marvin Bagley III,2018-19,20.0,25.3,0.237,0.562,0.0936447200824672,0.2442528735632184,0.0108045283862312,1.0,46.91334524273584,4.68,1.4,5.4,0.54,0.4599999999999999,0.8421052631578947,0.5,0.0485560344827586,-0.0769999999999999,-0.131,0.16,-0.3248945147679324,0.010087,0.452,0.098,1.4,0.2,0.1,0.6770538243626062,0.4161418534482758,0.0986256192672413,-0.0,,
101107,Marvin Williams,2018-19,33.0,28.4,0.147,0.548,0.0733312091219984,0.0675477239353891,0.0041329946969999,1.0,46.85896793461529,4.28,0.8,0.9,0.1355555555555555,0.8644444444444445,0.1701872223397503,0.7237388070478137,0.0385697503671072,0.016,-0.026,0.163,0.1088435374149661,-0.000416,0.12,0.037,0.8,0.2,0.0,0.3466257668711656,0.3023020639582313,0.04443840340186,-0.0,,
203486,Mason Plumlee,2018-19,29.0,21.1,0.159,0.602,0.1935114375555568,0.1859838274932614,0.0122688067474153,0.0,46.51408558182925,4.44,1.4,2.0,0.4422222222222222,0.5577777777777777,0.9333333333333332,0.5,0.0696334231805929,-0.096,0.1149999999999999,0.063,-0.6037735849056604,-0.01104,0.294,0.022,0.4,0.0,0.0,0.7716049382716049,0.3645245822102426,0.0579594085714285,-0.0,,
203521,Matthew Dellavedova,2018-19,28.0,16.9,0.173,0.532,0.0898796610119285,0.5099009900990099,0.0064674127795115,1.0,,4.65,3.2,0.1,0.7311111111111112,0.2688888888888888,0.140495867768595,0.5,0.0558118811881187,0.0,-0.141,0.173,0.0,-0.0,0.5,0.057,1.7,0.9,0.2,0.3388429752066115,0.448520605060506,0.0775940646754675,-0.0,,
203090,Maurice Harkless,2018-19,26.0,23.6,0.135,0.547,0.1083663430447898,0.1957894736842105,0.0053752054764605,0.8504588986432559,47.24667308733514,4.41,0.9,1.7,0.1699999999999999,0.8300000000000001,0.6215384615384616,0.3255858160928548,0.0094610526315789,-0.018,0.1719999999999999,0.117,-0.1333333333333333,-0.0030959999999999,0.28,0.017,0.4,0.1,0.0,0.6068548387096774,0.3089054672932331,0.0417022380845864,-0.0,,
1628467,Maxi Kleber,2018-19,27.0,21.2,0.132,0.579,0.086472634040936,0.0451467268623024,0.0041470529930087,1.0,46.28121252884888,4.49,0.8,0.7,0.1511111111111111,0.8488888888888889,0.2458261370178468,0.5,0.0258690744920993,-0.081,0.266,0.0509999999999999,-0.6136363636363638,-0.021546,0.154,0.049,0.5,0.1,0.0,0.310880829015544,0.314904243792325,0.0415673601805869,-0.0,DAL,0.5358046506212311
203086,Meyers Leonard,2018-19,27.0,14.4,0.149,0.675,0.1950322868704034,0.0202312138728323,0.0112172375150214,1.0,,3.98,0.7,0.6000000000000001,0.2733333333333333,0.7266666666666667,0.1756198347107438,0.5,0.0135751445086705,-0.089,-0.675,0.06,-0.5973154362416108,0.060075,0.136,0.039,0.3,0.1,0.0,0.3366013071895425,0.3985993352601156,0.0593913009537572,-0.0,,
203077,Michael Kidd-Gilchrist,2018-19,25.0,18.4,0.153,0.553,0.0825744203847952,0.3283582089552239,0.0049417717246234,1.0,,4.61,0.7,0.5,0.1711111111111111,0.8288888888888889,0.4,0.5,0.0254805970149253,-0.073,-0.078,0.08,-0.4771241830065359,0.005694,0.297,0.108,0.5,0.1,0.0,0.6355421686746988,0.3065496948590381,0.0469021033134328,-0.0,,
1628969,Mikal Bridges,2018-19,22.0,29.5,0.119,0.556,0.0766635818432178,0.1498054474708171,0.0031470927929596,1.0,47.09541952229219,4.57,1.1,0.4,0.2155555555555555,0.7844444444444445,0.2721664808621329,1.0,0.0009630350194552,-0.017,-0.12,0.102,-0.1428571428571428,0.00204,0.178,0.029,0.9,0.4,0.2,0.4156305506216696,0.3221446887159533,0.0383352179571984,-0.0,,
201144,Mike Conley,2018-19,31.0,33.5,0.262,0.569,0.1085917959753675,0.7219031993437244,0.0145629364007417,1.0,46.44004958471793,4.72,6.7,0.7,0.7444444444444445,0.2555555555555555,0.6573214285714285,0.1643555926643509,0.0788564397046759,0.1139999999999999,0.004,0.376,0.4351145038167938,0.000456,0.604,0.118,7.5,3.4,1.1,0.4535714285714285,0.4554252164798104,0.1193214067177103,-0.0,,
203488,Mike Muscala,2018-19,27.0,20.4,0.138,0.564,0.0717362728987985,0.0094876660341555,0.0036775402821637,1.0,46.78087576786005,4.94,0.8,0.7,0.18,0.8200000000000001,0.2196181242580134,0.598796750098366,0.005123339658444,0.0089999999999999,0.197,0.147,0.0652173913043476,0.0017729999999999,0.09,0.067,0.1,0.0,0.0,0.2078651685393258,0.315577229601518,0.0435496576850095,-0.0,,
203118,Mike Scott,2018-19,30.0,17.7,0.139,0.528,0.0642027334207516,0.1105882352941176,0.0033271755724961,1.0,,4.64,0.7,0.5,0.1422222222222222,0.8577777777777778,0.0738095238095238,0.4387502045618985,0.0646941176470588,0.0129999999999999,0.385,0.152,0.0935251798561149,0.0050049999999999,0.161,0.078,0.7,0.3,0.1,0.3211991434689507,0.2996922352941176,0.0416572207058823,-0.0,,
1628970,Miles Bridges,2018-19,21.0,21.2,0.147,0.548,0.1062896232734897,0.209090909090909,0.0059905523800189,1.0,47.03211722714399,4.71,0.8,0.4,0.18,0.8200000000000001,0.5875,0.5,0.0704636363636363,-0.059,-0.298,0.088,-0.4013605442176871,0.017582,0.177,0.027,0.9,0.5,0.1,0.4755381604696673,0.3277664545454545,0.0481816688181818,-0.0,,
1629011,Mitchell Robinson,2018-19,21.0,20.6,0.119,0.692,0.2241685228319277,0.0128205128205128,0.0092022721304038,1.0,46.73688914021056,4.35,0.5,0.7,0.0933333333333333,0.9066666666666666,0.4727272727272726,0.4358851937323106,0.0089230769230769,-0.0349999999999999,-0.1739999999999999,0.084,-0.2941176470588234,0.0060899999999999,0.356,0.004,0.0,0.0,0.0,0.8339100346020761,0.3756020512820512,0.044696644102564,-0.0,,
1628420,Monte Morris,2018-19,24.0,24.0,0.168,0.577,0.1433436913117611,0.5639810426540284,0.0098705762230825,0.7667584663239723,46.36948578492206,4.7,3.9,0.4,0.4911111111111111,0.508888888888889,0.3750611995104038,0.5,0.0741121642969984,-0.089,-0.0649999999999999,0.079,-0.5297619047619048,0.0057849999999999,0.434,0.143,3.3,0.6,0.2,0.4471337579617834,0.164617606635071,0.0276557579146919,-0.0,,
1626149,Montrezl Harrell,2018-19,25.0,26.3,0.227,0.636,0.2180743221115988,0.2314189189189189,0.0235854038450903,1.31648488925191,46.61104817558781,4.21,1.6,5.6,0.5599999999999999,0.44,0.9555555555555556,0.474532151060818,0.0632331081081081,-0.063,-0.001,0.164,-0.2775330396475771,6.300000000000005e-05,0.302,0.019,0.7,0.1,0.0,0.8212407991587802,0.6166743243243243,0.1399850716216216,-0.0,,
1626167,Myles Turner,2018-19,23.0,28.6,0.199,0.567,0.0798799080919687,0.0657276995305164,0.0070911581471059,0.0,46.62065041031557,4.37,1.2,3.8,0.38,0.62,0.2927472527472528,1.0,0.0088943661971831,-0.059,0.038,0.14,-0.2964824120603014,-0.002242,0.182,0.205,0.8,0.1,0.1,0.3975460122699386,0.3100756338028169,0.0617050511267605,-0.0,,
202357,Nemanja Bjelica,2018-19,31.0,23.2,0.162,0.585,0.1375031703197722,0.1635111876075731,0.0089657212724986,1.0,46.442288800217405,4.64,1.1,0.7,0.2377777777777777,0.7622222222222222,0.5613806092726834,0.5,0.0320774526678141,-0.049,0.051,0.113,-0.3024691358024691,-0.002499,0.275,0.019,0.7,0.4,0.2,0.4712837837837837,0.3650965098489194,0.0591456345955249,-0.0,,
201587,Nicolas Batum,2018-19,30.0,31.4,0.129,0.581,0.1283819975037937,0.3213058419243986,0.005948242888807,1.0,46.59301779327754,4.57,1.6,0.4,0.3222222222222222,0.6777777777777778,0.4161992882562277,0.5,0.0331821305841924,-0.058,-0.0449999999999999,0.071,-0.4496124031007752,0.0026099999999999,0.328,0.092,2.3,1.1,0.4,0.3767857142857143,0.3767129247804505,0.0485959672966781,-0.0,,
203917,Nik Stauskas,2018-19,25.0,14.9,0.171,0.545,0.0803430634832789,0.3780487804878048,0.0056812323712419,1.0,,4.86,0.8,0.1,0.2733333333333333,0.7266666666666667,0.2278106508875739,0.9734795167390742,0.065170731707317,-0.031,-0.12,0.14,-0.1812865497076023,0.00372,0.316,0.09,2.0,1.1,0.4,0.3560830860534125,0.3296846341463414,0.0563760724390243,-0.0,,
203999,Nikola Jokić,2018-19,24.0,31.3,0.271,0.589,0.1005726294648573,0.2896935933147632,0.0141884103749379,0.877627657644081,46.72457758367872,4.28,3.6,7.199999999999999,0.8022222222222222,0.1977777777777778,0.7360702008720196,0.1698191186788414,0.0107910863509749,0.0229999999999999,-0.011,0.294,0.0848708487084869,-0.0002529999999999,0.461,0.077,1.2,0.4,0.1,0.612815269256987,0.5167376205824545,0.1400358951778451,-0.0,DEN,0.5507092007028475
202703,Nikola Mirotic,2018-19,28.0,27.1,0.206,0.584,0.1307141093741141,0.0765765765765765,0.0122214658541397,0.0,,4.7,1.4,1.9,0.19,0.81,0.1079335793357933,0.4574625649284488,0.0048153153153153,-0.0369999999999999,0.096,0.169,-0.1796116504854367,-0.003552,0.172,0.072,2.3,1.0,0.3,0.3520485584218513,0.2510926801801802,0.0517250921171171,-0.0,,
202696,Nikola Vučević,2018-19,28.0,31.4,0.276,0.573,0.0984691007067655,0.1498751040799333,0.0142778756331389,0.7711903659101436,46.382900044574185,4.14,2.0,7.7,0.77,0.2299999999999999,0.2585663342452343,0.5,0.0211623646960865,-0.007,-0.1339999999999999,0.269,-0.0253623188405797,0.000938,0.291,0.151,1.1,0.0,0.0,0.5813953488372093,0.3315706661115736,0.0915135038467943,-0.0,ORL,
203943,Noah Vonleh,2018-19,23.0,25.3,0.144,0.561,0.1066099172293616,0.3869565217391305,0.0058256091580056,1.0,47.32914012496945,4.58,1.6,1.7999999999999998,0.24,0.76,0.8246153846153845,0.3675957384812306,0.0,-0.0189999999999999,-0.083,0.125,-0.1319444444444444,0.001577,0.507,0.035,0.4,0.1,0.0,0.585081585081585,0.3369551739130435,0.0485215450434782,-0.0,,
1628384,OG Anunoby,2018-19,21.0,20.2,0.148,0.544,0.0940294128397787,0.2579957356076759,0.0053537279324371,1.0,45.887652195209846,4.59,0.8,0.4,0.1111111111111111,0.8888888888888888,0.5791323210412147,0.5,0.0181279317697228,-0.044,-0.163,0.104,-0.2972972972972973,0.007172,0.328,0.03,0.5,0.3,0.0,0.4381188118811881,0.2999289267945985,0.0443894811656005,-0.0,,
203490,Otto Porter Jr.,2018-19,26.0,30.1,0.185,0.569,0.1482363212804753,0.3146341463414634,0.0117953877314114,1.0,47.14184843223495,4.76,1.6,1.1,0.2222222222222222,0.7777777777777778,0.3546852390290079,0.4322252664118048,0.0478634146341463,-0.0179999999999999,-0.0759999999999999,0.167,-0.0972972972972972,0.0013679999999999,0.301,0.195,4.2,0.9,0.3,0.3301435406698564,0.360639024390244,0.0667182195121951,-0.0,,
200782,P.J. Tucker,2018-19,34.0,34.2,0.094,0.547,0.0740321470329659,0.0412926391382405,0.0021335956886002,1.0,47.15881990148095,4.05,0.8,0.3,0.1044444444444444,0.8955555555555555,0.1507110420650095,1.0,0.0230412926391382,0.0129999999999999,-0.101,0.107,0.1382978723404255,-0.001313,0.087,0.013,0.2,0.1,0.0,0.23240589198036,0.3605346858168761,0.0338902604667863,-0.0,HOU,0.5836168428842475
1627783,Pascal Siakam,2018-19,25.0,31.8,0.205,0.628,0.1550543972613464,0.4626696832579185,0.0143917921667733,0.9597447485256114,46.767437324565925,4.77,2.5,2.6,0.3133333333333333,0.6866666666666668,0.7864406779661017,0.5,0.0603495475113122,-0.0679999999999999,0.119,0.137,-0.3317073170731706,-0.0080919999999999,0.434,0.031,0.8,0.1,0.0,0.6143396226415094,0.3376329753544494,0.0692147599476621,-0.0,TOR,0.5858437688009469
1626192,Pat Connaughton,2018-19,26.0,20.7,0.13,0.573,0.0851445711323694,0.1229166666666666,0.0039909105215869,1.1279776698657895,45.14666938277984,4.64,1.1,0.5,0.2844444444444444,0.7155555555555555,0.2422556390977442,0.5,0.0136104166666666,-0.056,-0.3229999999999999,0.074,-0.4307692307692308,0.018088,0.172,0.029,0.5,0.3,0.1,0.3653395784543325,0.3723698101851852,0.048408075324074,-0.0,,
201976,Patrick Beverley,2018-19,30.0,27.4,0.12,0.561,0.0940136755926064,0.39,0.0039080751055846,1.1963060325210089,46.599973527515594,4.69,2.8,0.0,0.4066666666666666,0.5933333333333334,0.5411691927002782,0.3292286024313648,0.055332,-0.0089999999999999,0.0169999999999999,0.111,-0.0749999999999999,-0.0001529999999999,0.345,0.01,1.2,0.8,0.3,0.2873563218390804,0.4284705086142322,0.0514164610337078,-0.0,LAC,0.5932189947483659
201988,Patty Mills,2018-19,30.0,23.3,0.175,0.572,0.103263723961641,0.4598214285714285,0.0075597051276034,1.1155879039944545,46.51630351968775,5.0,3.0,0.1,0.3866666666666666,0.6133333333333334,0.3449304508128036,0.5,0.0739419642857142,-0.0829999999999999,0.011,0.092,-0.4742857142857142,-0.000913,0.397,0.111,3.3,1.9,0.6,0.3640226628895184,0.2395528571428571,0.0419217499999999,-0.0,,
202331,Paul George,2018-19,29.0,36.9,0.285,0.583,0.0951853213491455,0.5574365175332526,0.0144822910239764,1.0507610440272022,46.556738537162914,4.59,3.4,2.5,0.3844444444444444,0.6155555555555556,0.631722428748451,0.1520092473190869,0.0558149939540507,0.048,0.003,0.333,0.1684210526315791,0.000144,0.54,0.12,8.3,4.2,1.5,0.4580873671782762,0.387173034879902,0.110344314940772,-0.0,,
200794,Paul Millsap,2018-19,34.0,27.1,0.191,0.57,0.1101955313443902,0.3248407643312102,0.0091984369150248,1.1010144746253052,46.42489228777148,4.26,1.6,2.9,0.29,0.71,0.8547368421052631,0.3418240292407806,0.0466146496815286,-0.0289999999999999,-0.0099999999999998,0.162,-0.1518324607329843,0.0002899999999999,0.357,0.077,1.6,0.3,0.1,0.56865127582017,0.3565533913019257,0.0681016977386678,-0.0,DEN,0.5644765253474836
200765,Rajon Rondo,2018-19,33.0,29.8,0.172,0.473,0.065443950559291,0.75,0.0046683367708976,1.0,,4.35,5.5,0.1,0.7999999999999999,0.2,0.4,1.0,0.0559599999999999,-0.0759999999999999,0.194,0.096,-0.441860465116279,-0.014744,0.743,0.075,3.0,1.5,0.6,0.474537037037037,0.429336,0.073845792,-0.0,,
203493,Reggie Bullock Jr.,2018-19,28.0,29.8,0.154,0.563,0.1088702735076133,0.0957004160887656,0.0065794621855477,1.0,46.288337444156646,4.55,1.1,0.3,0.2133333333333333,0.7866666666666666,0.1494770399025718,0.3153345916371161,0.0,0.008,0.188,0.162,0.0519480519480519,0.001504,0.11,0.115,1.9,0.8,0.2,0.271043771043771,0.3433792233009708,0.0528804003883495,-0.0,,
202704,Reggie Jackson,2018-19,29.0,27.9,0.237,0.547,0.0979304176419641,0.6041856232939036,0.0112990030442323,0.9001866308101679,46.99499355576064,4.55,5.4,0.3,0.6000000000000001,0.3999999999999999,0.4495254297994268,0.258615871029048,0.0753239308462238,0.041,-0.008,0.278,0.1729957805907174,-0.000328,0.574,0.116,4.6,1.7,0.5,0.3902877697841727,0.3981163855253028,0.0943535833694967,-0.0,,
1626158,Richaun Holmes,2018-19,25.0,16.9,0.174,0.647,0.166586988818501,0.0501567398119122,0.012091075986262,1.0,,4.19,0.6,2.1,0.21,0.79,0.2,0.4509487126250977,0.033103448275862,-0.0599999999999999,0.353,0.114,-0.3448275862068964,-0.0211799999999999,0.23,0.007,0.1,0.0,0.0,0.7698630136986301,0.3792724137931034,0.0659934,-0.0,,
201937,Ricky Rubio,2018-19,28.0,27.9,0.221,0.52,0.0449513875629704,0.6165605095541401,0.004670157342401,0.9827022742383648,46.44224908013109,4.84,5.4,0.1,0.6955555555555556,0.3044444444444444,0.6498015618998847,1.0,0.027164331210191,-0.063,0.1759999999999999,0.158,-0.2850678733031674,-0.0110879999999999,0.481,0.164,4.3,1.0,0.3,0.3298701298701298,0.3502320243120602,0.0774012773729653,-0.0,,
203496,Robert Covington,2018-19,28.0,34.4,0.154,0.58,0.1264354535692133,0.1175,0.0076409956443532,1.0,,4.29,1.1,0.5,0.1222222222222222,0.8777777777777778,0.0980662983425414,0.2619590956835771,0.0089425,-0.0139999999999999,0.125,0.14,-0.0909090909090908,-0.0017499999999999,0.147,0.06,1.7,0.9,0.3,0.4337016574585635,0.3265989305555555,0.0502962353055555,-0.0,,
201577,Robin Lopez,2018-19,31.0,21.7,0.183,0.598,0.1249069706586211,0.25,0.009778298938794,1.0,46.927595306569046,4.39,1.0,5.1,0.51,0.49,0.6833333333333333,0.3089932137972477,0.000693820224719,-0.0229999999999999,0.036,0.16,-0.1256830601092896,-0.000828,0.421,0.045,0.2,0.0,0.0,0.803030303030303,0.431336165730337,0.0789345183286516,-0.0,,
203918,Rodney Hood,2018-19,26.0,26.3,0.178,0.545,0.0689691027500704,0.6080246913580247,0.0051794611462772,0.9784576331014058,47.73338320037747,4.55,1.6,0.7,0.2244444444444444,0.7755555555555556,0.4269410124513243,0.6080115686395308,0.0455524691358024,-0.0109999999999999,-0.038,0.167,-0.0617977528089886,0.0004179999999999,0.507,0.214,4.3,1.2,0.4,0.4718670076726343,0.3246426284132801,0.0577863878575638,-0.0,,
203585,Rodney McGruder,2018-19,27.0,23.5,0.147,0.51,0.0529961093351826,0.3358208955223881,0.0029868952314633,1.0,45.91363093110824,5.01,1.3,0.2,0.2288888888888888,0.7711111111111111,0.4119987604586302,1.0,0.0495783582089552,-0.0459999999999999,-0.059,0.101,-0.3129251700680271,0.0027139999999999,0.355,0.028,1.0,0.5,0.2,0.4794816414686825,0.3031801865671642,0.0445674874253731,-0.0,,
1626178,Rondae Hollis-Jefferson,2018-19,24.0,20.9,0.21,0.464,-0.0471562275870944,0.388663967611336,-0.0045380366305349,1.9325894397791323,46.0068001887164,4.7,1.5,1.8,0.2644444444444444,0.7355555555555555,0.8481927710843373,1.0,0.017408906882591,-0.0849999999999999,0.004,0.125,-0.4047619047619047,-0.00034,0.275,0.046,1.0,0.1,0.0,0.6673076923076923,0.4039055330634278,0.0848201619433198,-0.0,,
1626220,Royce O'Neale,2018-19,26.0,20.4,0.108,0.589,0.1388078581372244,0.2040133779264214,0.0049266270399356,1.3708583810988395,46.00167707619258,4.79,0.9,0.1,0.2266666666666666,0.7733333333333333,0.5131195335276967,0.5,0.0305919732441471,-0.089,-0.589,0.019,-0.8240740740740741,0.0524209999999999,0.153,0.009,0.4,0.2,0.0,0.387012987012987,0.3245599999999999,0.03505248,-0.0,UTA,0.57683488457115
200752,Rudy Gay,2018-19,32.0,26.7,0.216,0.583,0.1171802394067719,0.5435684647302904,0.0117634580396445,0.8184341466618786,46.13231859922793,4.39,2.3,2.0,0.3222222222222222,0.6777777777777778,0.4652368185880249,0.5,0.0358547717842323,-0.073,0.075,0.143,-0.337962962962963,-0.005475,0.508,0.23,3.7,0.4,0.2,0.5343137254901961,0.3081033502382049,0.0665503236514522,-0.0,,
203497,Rudy Gobert,2018-19,27.0,31.8,0.175,0.682,0.2284043750173789,0.0185922974767596,0.0167209709154721,1.0,46.28158732089881,4.53,1.5,2.7,0.27,0.73,0.5,0.0,0.0130889774236387,0.001,0.0659999999999999,0.176,0.0057142857142857,6.6e-05,0.265,0.002,0.0,0.0,0.0,0.8360655737704918,0.3782786918990704,0.0661987710823373,-0.0,UTA,0.5524453766465182
201566,Russell Westbrook,2018-19,30.0,36.0,0.301,0.501,0.0428163658875411,0.7681845062093436,0.0070706533603371,0.8954199021552279,47.04262152090495,4.65,7.7,1.6,0.9777777777777776,0.0222222222222222,0.7437411358243767,0.3246467213027036,0.050853341218214,0.037,-0.008,0.338,0.1229235880398672,-0.000296,0.746,0.135,8.4,2.9,0.8,0.5086483023702755,0.4050783535762484,0.1219285844264507,-4.949216464237526e-07,OKC,0.5440101969571501
1627853,Ryan Arcidiacono,2018-19,25.0,24.2,0.117,0.588,0.1519276386019502,0.4886877828054299,0.0060801680134477,1.0,47.10650522663831,4.77,3.1,0.1,0.4244444444444444,0.5755555555555556,0.4818181818181818,0.4263193693030515,0.0642873303167421,-0.039,-0.025,0.078,-0.3333333333333333,0.000975,0.476,0.063,1.6,0.7,0.2,0.3196125907990315,0.4143086902966314,0.0484741167647058,-0.0,,
1626257,Salah Mejri,2018-19,33.0,11.1,0.153,0.559,0.0791902637579081,0.0227272727272727,0.0047392425460653,1.0,,4.33,0.5,0.5,0.3044444444444444,0.6955555555555555,0.2,0.395846401018611,0.012590909090909,0.067,0.123,0.22,0.4379084967320262,0.008241,0.218,0.0,0.1,0.1,0.1,0.4821428571428571,0.3531190404040404,0.0540272131818181,-0.0,,
201586,Serge Ibaka,2018-19,29.0,27.2,0.227,0.582,0.0851015315369585,0.0421621621621621,0.0092039905005767,1.0,46.83279524543383,4.3,1.3,4.6,0.4599999999999999,0.54,0.2726617671013673,0.5,0.0240324324324324,-0.051,-0.017,0.176,-0.2246696035242291,0.000867,0.192,0.194,0.9,0.1,0.0,0.490177736202058,0.345415481081081,0.0784093142054054,-0.0,,
203552,Seth Curry,2018-19,28.0,18.9,0.164,0.595,0.176040680702629,0.4596412556053811,0.0116917309082005,0.8136344005687874,,4.39,1.5,0.0,0.1666666666666666,0.8333333333333334,0.1268817204301075,0.5,0.0891524663677129,-0.072,0.145,0.092,-0.4390243902439025,-0.01044,0.344,0.162,2.9,1.3,0.5,0.3729433272394881,0.3035941595719329,0.049789442169797,-0.0,,
1628983,Shai Gilgeous-Alexander,2018-19,20.0,26.5,0.182,0.554,0.112407472079467,0.7429420505200593,0.0087277493043391,0.7150860453903936,46.73510087802545,4.8,3.8,0.3,0.4222222222222222,0.5777777777777777,0.6927096096621739,0.4418406932149556,0.0605052005943536,-0.037,0.0399999999999999,0.145,-0.2032967032967033,-0.0014799999999999,0.601,0.162,3.3,0.3,0.1,0.4948453608247423,0.3403161850509685,0.0619375456792762,-0.0,,
1627885,Shaquille Harrison,2018-19,25.0,19.6,0.16,0.494,0.027407113186146,0.6299019607843137,0.0017540552439133,1.0,,4.81,2.1,0.1,0.3155555555555555,0.6844444444444444,0.4,0.8671317987630943,0.0066372549019607,-0.037,0.3299999999999999,0.123,-0.23125,-0.01221,0.549,0.008,0.7,0.2,0.0,0.6572769953051644,0.2942652723311547,0.0470824435729847,-0.0,,
202714,Shelvin Mack,2018-19,29.0,21.9,0.179,0.489,0.0072482387305997,1.0,0.0005489237675317,1.0,47.46322685630985,4.83,4.2,0.3,0.5355555555555556,0.4644444444444444,0.5562506552965436,1.0,0.0,-0.0689999999999999,-0.0259999999999999,0.11,-0.3854748603351955,0.0017939999999999,0.509,0.084,2.9,1.2,0.5,0.5062034739454094,0.3082187905092592,0.0551711635011574,-0.0,,
203524,Solomon Hill,2018-19,28.0,20.0,0.104,0.497,0.0119575474849924,0.1347305389221556,0.0004010440922239,1.0,,4.66,0.9,0.3,0.1777777777777777,0.8222222222222222,0.1320224719101123,1.0,0.0726197604790419,-0.0199999999999999,-0.206,0.084,-0.1923076923076922,0.0041199999999999,0.162,0.031,0.4,0.1,0.0,0.3370786516853932,0.2746461410512309,0.028563198669328,-0.0,,
203915,Spencer Dinwiddie,2018-19,26.0,28.1,0.242,0.58,0.1268819577224842,0.7481940144478845,0.0151050761808642,0.7851985559566786,46.41033900670394,4.53,5.1,0.2,0.6044444444444445,0.3955555555555555,0.8375623663578047,0.202703061590889,0.0393962848297213,0.0399999999999999,-0.0419999999999999,0.282,0.165289256198347,-0.0016799999999999,0.702,0.031,4.3,3.2,1.0,0.549438202247191,0.2475898692810457,0.059916748366013,-0.0,,
1626169,Stanley Johnson,2018-19,23.0,18.3,0.186,0.485,0.0190212029889437,0.3938814531548757,0.0015258343814978,1.0,,4.55,1.5,0.3,0.2622222222222222,0.7377777777777779,0.2863636363636364,1.0,0.0,-0.108,0.14,0.078,-0.5806451612903226,-0.01512,0.456,0.053,1.2,0.5,0.1,0.4113636363636364,0.2874113787975356,0.0534585164563416,-0.0,,
201939,Stephen Curry,2018-19,31.0,33.8,0.292,0.641,0.177121420105872,0.4747925973197192,0.027947654311326,1.017263625302705,46.294630248372854,5.01,4.8,1.1,0.5333333333333333,0.4666666666666667,0.4344206801046314,0.0727505361411916,0.047126356094448,0.0549999999999999,0.036,0.347,0.1883561643835616,0.00198,0.41,0.09,7.3,4.9,2.0,0.4084426697090701,0.425638970170816,0.1242865792898782,-0.0,,
1628425,Sterling Brown,2018-19,24.0,17.8,0.149,0.563,0.1247989066153269,0.2797927461139897,0.0071777806617696,0.8441984804427354,,4.57,0.9,0.2,0.2555555555555555,0.7444444444444445,0.3830275229357798,0.5,0.0238756476683938,0.071,-0.1479999999999999,0.22,0.476510067114094,-0.0105079999999999,0.221,0.038,0.8,0.5,0.1,0.4942857142857143,0.3203320914548894,0.0477294816267785,-0.0,,
203500,Steven Adams,2018-19,25.0,33.4,0.16,0.591,0.1427697248692516,0.1458590852904821,0.0091372623916321,0.9075352342863736,46.429805019614584,4.34,1.3,5.6,0.5599999999999999,0.44,0.4198019801980198,0.4603783527923754,0.0265822002472188,-0.057,-0.0649999999999999,0.103,-0.35625,0.0037049999999999,0.358,0.027,0.2,0.0,0.0,0.7968936678614098,0.505206674907293,0.0808330679851668,-0.0,OKC,0.503740900872573
203933,T.J. Warren,2018-19,25.0,31.6,0.221,0.58,0.178385505802756,0.3829787234042553,0.0185330959702998,1.0,,4.45,2.1,1.0,0.2333333333333333,0.7666666666666666,0.3240589198036006,0.1288389838739817,0.0464714445688689,-0.01,0.024,0.211,-0.0452488687782805,-0.00024,0.36,0.093,3.5,0.6,0.2,0.5499181669394435,0.3795759425158642,0.0838862832960059,-0.0,,
201959,Taj Gibson,2018-19,34.0,24.1,0.167,0.612,0.1196713042390672,0.2154471544715447,0.0081670409080496,1.0,46.851778052353424,4.42,1.1,3.5,0.35,0.65,0.7896103896103897,0.4157158672461412,0.0375243902439024,-0.046,0.038,0.121,-0.2754491017964072,-0.001748,0.319,0.077,0.3,0.0,0.0,0.7546468401486989,0.3837210365853659,0.0640814131097561,-0.0,,
1627752,Taurean Prince,2018-19,25.0,28.2,0.19,0.575,0.1588245786467813,0.3659942363112392,0.0131537054733632,1.0,46.78540430184803,4.43,1.4,0.1,0.2377777777777777,0.7622222222222222,0.4336700336700335,0.4549951071040168,0.045850144092219,-0.0499999999999999,-0.0549999999999999,0.14,-0.263157894736842,0.0027499999999999,0.359,0.084,3.7,1.9,0.6,0.3468013468013468,0.3695694108229266,0.070218188056356,-0.0,,
203082,Terrence Ross,2018-19,28.0,26.5,0.23,0.561,0.1003712824244767,0.2511013215859031,0.0110713664865924,1.3963003920780133,46.27791595884299,4.73,1.4,0.8,0.2288888888888888,0.7711111111111111,0.2489492367494958,0.4790849848713113,0.020306167400881,-0.034,-0.025,0.196,-0.1478260869565217,0.00085,0.261,0.231,4.9,2.1,0.8,0.4920037629350893,0.3067371243269701,0.0705495385952031,-0.0,,
1626179,Terry Rozier,2018-19,25.0,22.7,0.181,0.501,0.068105376130012,0.5453172205438067,0.0052444416536148,0.8598627066944935,45.9951614783152,4.74,3.7,0.1,0.4288888888888889,0.5711111111111111,0.3756327756327755,1.0,0.0750513595166163,-0.121,-0.201,0.06,-0.6685082872928176,0.024321,0.465,0.065,3.2,1.6,0.5,0.3687845303867403,0.2997861986572675,0.0542613019569654,-0.0,,
201152,Thaddeus Young,2018-19,31.0,30.7,0.179,0.569,0.1130918120797884,0.2462686567164179,0.0085646714838121,0.8797010511170616,46.23602216492529,4.43,1.5,3.7,0.37,0.63,0.5961538461538461,0.4150083864720532,0.0342492537313432,-0.033,-0.0909999999999999,0.146,-0.1843575418994413,0.0030029999999999,0.402,0.021,0.5,0.1,0.0,0.6942242355605889,0.3132729925373134,0.0560758656641791,-0.0,,
1628418,Thomas Bryant,2018-19,21.0,20.8,0.17,0.674,0.1955403177037226,0.0128205128205128,0.0137059675273078,1.0,46.713106117557295,4.53,0.9,2.1,0.21,0.79,0.3628571428571429,0.0980594243310736,0.008551282051282,0.0279999999999999,-0.008,0.198,0.1647058823529411,-0.000224,0.197,0.082,0.3,0.1,0.0,0.5628865979381443,0.3983614743589743,0.0677214506410256,-0.0,,
203501,Tim Hardaway Jr.,2018-19,27.0,31.6,0.246,0.527,0.0476853696165461,0.4790307548928238,0.0058181888528153,1.0,48.13066059775454,4.49,2.3,1.0,0.2777777777777778,0.7222222222222222,0.5167229429536164,0.5080302693075927,0.0,-0.01,0.004,0.236,-0.040650406504065,-4.000000000000007e-05,0.449,0.143,6.1,2.8,1.0,0.4827586206896552,0.3054799886092989,0.0751480771978875,-0.0,DAL,0.5479118634529421
202699,Tobias Harris,2018-19,26.0,34.7,0.225,0.592,0.1262710327106666,0.49906191369606,0.0134765122230224,0.8391699770018818,46.733332912464775,4.64,3.1,2.4,0.3444444444444444,0.6555555555555556,0.5685054883197298,0.5,0.0516660412757973,-0.068,0.058,0.157,-0.3022222222222222,-0.003944,0.501,0.123,5.0,1.3,0.5,0.5564174894217208,0.3235810402334793,0.0728057340525328,-0.0,PHI,0.5842156862745098
203107,Tomas Satoransky,2018-19,27.0,27.0,0.139,0.59,0.1171352304112788,0.4452975047984644,0.0060702941531947,1.0,46.46989411415199,4.93,3.9,0.6,0.5511111111111111,0.4488888888888889,0.7259005145797598,0.4504371198881847,0.0770595009596929,-0.007,-0.1059999999999999,0.132,-0.0503597122302158,0.000742,0.401,0.065,1.4,0.2,0.0,0.4855491329479768,0.4265094092557048,0.0592848078865429,-0.0,,
2225,Tony Parker,2018-19,37.0,17.9,0.247,0.512,0.0975454684777618,1.0,0.011974366010383,1.0,,4.87,4.2,0.1,0.7355555555555556,0.2644444444444443,0.345572354211663,0.2363002624996671,0.0,-0.0129999999999999,0.03,0.234,-0.0526315789473683,-0.0003899999999999,0.803,0.249,3.3,0.1,0.0,0.5572354211663066,0.4267209907120743,0.1054000847058823,-0.0,,
1628470,Torrey Craig,2018-19,28.0,20.0,0.121,0.547,0.0250693594321313,0.1124694376528117,0.0010551672240694,1.0,46.355310884153305,4.47,0.6,0.2,0.1377777777777777,0.8622222222222222,0.2906767955801105,0.4656237778162989,0.0609584352078239,-0.003,0.2259999999999999,0.118,-0.024793388429752,-0.000678,0.213,0.028,0.3,0.1,0.1,0.3921113689095127,0.3135467970660147,0.0379391624449877,-0.0,,
1629027,Trae Young,2018-19,20.0,30.9,0.277,0.539,0.068868979079036,0.8368000000000001,0.0100402216063888,1.0,47.07018846961488,4.98,7.4,0.2,0.8666666666666667,0.1333333333333333,0.688565646946792,0.358106997287374,0.0735768000000001,0.0929999999999999,0.006,0.37,0.3357400722021659,0.000558,0.726,0.062,7.3,4.2,1.3,0.4606205250596659,0.4427949866666667,0.1226542113066666,-0.0,,
2772,Trevor Ariza,2018-19,33.0,34.0,0.164,0.534,0.0833345631284581,0.2054054054054054,0.0055346598499935,1.0,47.401710855897136,4.16,1.9,0.8,0.3311111111111111,0.6688888888888889,0.5694306176351075,0.5,0.0221621621621621,-0.043,-0.128,0.121,-0.2621951219512196,0.005504,0.235,0.037,1.9,1.3,0.4,0.3972413793103448,0.3546331831831832,0.058159842042042,-0.0,,
203504,Trey Burke,2018-19,26.0,19.4,0.242,0.524,0.0760402908907043,0.7674418604651162,0.0090524642536755,1.0,,4.7,3.6,0.3,0.508888888888889,0.491111111111111,0.2536496350364963,0.2690065455185303,0.0045777233782129,0.006,0.0659999999999999,0.248,0.024793388429752,0.000396,0.737,0.197,4.2,1.2,0.4,0.5610200364298725,0.366978584251326,0.0888088173888208,-0.0,,
202684,Tristan Thompson,2018-19,28.0,27.9,0.175,0.551,0.0516292535778288,0.2825688073394495,0.0037796616084815,1.0,,4.31,1.7,3.2,0.32,0.6799999999999999,0.4,0.4549999999999998,0.0282385321100917,-0.0169999999999999,-0.01,0.158,-0.097142857142857,0.00017,0.498,0.051,0.5,0.0,0.0,0.8548387096774194,0.3272025688073394,0.0572604495412844,-0.0,,
1628972,Troy Brown Jr.,2018-19,19.0,14.0,0.158,0.487,0.0349239060203238,0.480891719745223,0.0021933525368539,1.0,,4.75,0.9,0.2,0.3266666666666666,0.6733333333333333,0.3347457627118644,0.5090362966278519,0.0827484076433121,0.011,-0.0369999999999999,0.169,0.069620253164557,-0.000407,0.309,0.113,1.1,0.2,0.1,0.5398230088495575,0.308616889596603,0.0487614685562632,-0.0,,
1628416,Tyler Dorsey,2018-19,23.0,14.5,0.182,0.509,0.063593330895979,0.391644908616188,0.0049376312732627,1.0,,4.77,0.9,0.1,0.2622222222222222,0.7377777777777779,0.2816901408450704,0.7085438622052709,0.0358668407310704,0.049,-0.063,0.231,0.2692307692307693,-0.003087,0.308,0.081,1.5,0.8,0.2,0.3901515151515151,0.3156395938497244,0.0574464060806498,-0.0,,
204020,Tyler Johnson,2018-19,27.0,26.8,0.18,0.532,0.0635321331121165,0.3045822102425876,0.0048517922318569,1.0,46.209893299671904,4.77,2.6,0.4,0.3666666666666667,0.6333333333333333,0.503686559761944,0.7339779638372717,0.0348679245283018,-0.0179999999999999,0.1039999999999999,0.162,-0.0999999999999999,-0.0018719999999999,0.272,0.045,1.5,0.3,0.1,0.376425855513308,0.3458569182389937,0.0622542452830188,-0.0,,
2199,Tyson Chandler,2018-19,36.0,15.9,0.084,0.63,0.1664040771453876,0.0119760479041916,0.0040511926123465,1.0,,4.1,0.4,0.4,0.1266666666666666,0.8733333333333333,0.0,0.5,0.00762874251497,-0.039,-0.425,0.045,-0.4642857142857143,0.016575,0.328,0.0,0.0,0.0,0.0,0.8181818181818182,0.3545458083832336,0.0297818479041916,-0.0,,
1626145,Tyus Jones,2018-19,23.0,22.9,0.139,0.491,0.0383367024670918,1.0,0.0019867213307359,1.0,47.38263971679349,4.64,4.5,0.2,0.6311111111111111,0.3688888888888889,0.4217284957195271,1.0,0.0,-0.06,-0.1689999999999999,0.079,-0.4316546762589928,0.01014,0.681,0.141,2.9,0.9,0.2,0.4887892376681614,0.352753200332502,0.0490326948462177,-0.0,,
203506,Victor Oladipo,2018-19,27.0,31.9,0.278,0.519,0.0625258474841747,0.7096518987341772,0.0091648799554896,1.0,,4.58,3.9,0.5,0.5555555555555556,0.4444444444444444,0.2465986394557823,0.3151935797365015,0.1030696202531645,0.124,0.285,0.402,0.4460431654676258,0.03534,0.594,0.21,8.4,3.3,1.0,0.4404761904761904,0.3709458509142053,0.103122946554149,-0.0,,
1713,Vince Carter,2018-19,42.0,17.5,0.164,0.565,0.1187295941944808,0.1884057971014492,0.0078854186465378,1.0,,4.46,0.9,0.5,0.2155555555555555,0.7844444444444445,0.1666666666666666,0.3656674537231167,0.024583850931677,-0.007,-0.0639999999999999,0.157,-0.0426829268292683,0.000448,0.209,0.053,1.1,0.7,0.3,0.2585470085470085,0.3460784817115251,0.0567568710006901,-0.0,,
201961,Wayne Ellington,2018-19,31.0,24.5,0.167,0.569,0.0810368237792028,0.1505728314238952,0.0055304073024977,1.3673740102330112,47.04219162165932,4.69,0.9,0.2,0.1911111111111111,0.8088888888888889,0.2240496666836292,0.6432342785149859,0.0206432078559738,-0.007,0.079,0.16,-0.0419161676646706,-0.000553,0.13,0.022,2.5,2.2,0.8,0.4105691056910569,0.3041830982256515,0.0507985774036838,-0.0,,
1627782,Wayne Selden,2018-19,24.0,19.2,0.178,0.491,0.0166857566494351,0.4785553047404063,0.0012530716627584,1.0,,4.17,1.0,0.2,0.2488888888888888,0.7511111111111111,0.2670349907918968,1.0,0.029823927765237,-0.0929999999999999,0.262,0.085,-0.5224719101123595,-0.024366,0.403,0.148,1.9,0.4,0.1,0.4398340248962655,0.2792366139954853,0.0497041172911963,-0.0,,
1628976,Wendell Carter Jr.,2018-19,20.0,25.2,0.192,0.541,0.0473852583267249,0.1090342679127725,0.003986530541377,1.0,,4.6,1.1,3.2,0.32,0.6799999999999999,0.2,1.0,0.0494034267912772,-0.049,-0.212,0.143,-0.2552083333333334,0.010388,0.217,0.141,0.8,0.1,0.0,0.5956284153005464,0.332373738317757,0.0638157577570093,-0.0,,
202083,Wesley Matthews,2018-19,32.0,30.3,0.175,0.546,0.0989510410140535,0.3219645293315143,0.0072439833025343,0.5135682109981938,47.206292388602954,4.41,1.3,1.7000000000000002,0.2511111111111111,0.7488888888888889,0.4312803200090782,0.5,0.0716589358799454,-0.0409999999999999,-0.06,0.134,-0.2342857142857141,0.00246,0.247,0.083,3.3,1.5,0.4,0.3511659807956104,0.2968913976049719,0.05195599458087,-0.0,,
203115,Will Barton,2018-19,28.0,27.7,0.195,0.501,0.0647306972530148,0.544973544973545,0.0055739388787805,0.7571578170574846,,4.48,2.5,0.4,0.3244444444444444,0.6755555555555556,0.2543478260869565,1.0,0.0804021164021164,-0.09,0.137,0.105,-0.4615384615384615,-0.01233,0.422,0.081,3.6,1.7,0.5,0.4416243654822335,0.2630632315927772,0.0512973301605915,-0.0,,
1626161,Willie Cauley-Stein,2018-19,25.0,27.3,0.173,0.566,0.1647172541017204,0.1455479452054794,0.0118524531822849,1.0,46.91079097081744,4.49,1.4,3.7,0.37,0.63,0.4043956043956044,0.3087731702548002,0.0486130136986301,-0.0379999999999999,0.08,0.135,-0.2196531791907513,-0.00304,0.214,0.064,0.6,0.0,0.0,0.7368421052631579,0.4235950856164384,0.0732819498116438,-0.0,,
203897,Zach LaVine,2018-19,24.0,34.5,0.298,0.574,0.0892252369849223,0.752059925093633,0.0145148350991894,1.0,46.74574328457547,4.87,4.8,0.8999999999999999,0.5333333333333333,0.4666666666666667,0.8,0.3185050802162647,0.1193220973782771,0.094,-0.0829999999999999,0.392,0.3154362416107383,-0.0078019999999999,0.625,0.098,6.4,3.1,1.1,0.5645161290322581,0.3838530586766541,0.1143882114856429,-0.0,,
203932,Aaron Gordon,2019-20,24.0,32.5,0.205,0.516,0.0767138025558815,0.394291754756871,0.007120398532434,1.0,45.943860855814776,4.65,2.5,2.5,0.3666666666666667,0.6333333333333333,0.7069268620936198,0.9473519921997106,0.0721575052854122,-0.0419999999999999,0.2289999999999999,0.163,-0.2048780487804877,-0.0096179999999999,0.415,0.076,3.5,1.1,0.3,0.5287206266318538,0.3422423713883016,0.0701596861346018,-0.0,ORL,
202692,Alec Burks,2019-20,28.0,26.6,0.23,0.561,0.0721504099190314,0.655421686746988,0.0079584878371213,0.8139208848497659,44.798475644579185,4.35,3.1,0.9,0.3977777777777777,0.6022222222222222,0.6559806034482758,0.4130181696438448,0.1025831325301204,0.039,-0.022,0.269,0.1695652173913043,-0.000858,0.483,0.119,5.1,2.5,1.0,0.5018359853121175,0.256073899330656,0.0588969968460508,-0.0,,
1627936,Alex Caruso,2019-20,26.0,18.4,0.136,0.525,0.0729146982022793,0.4129213483146068,0.003656987241063,0.8732012616951303,,4.55,1.8,0.3,0.3066666666666667,0.6933333333333334,0.3745704467353952,1.0,0.0307303370786516,-0.055,-0.052,0.081,-0.4044117647058823,0.00286,0.325,0.04,1.0,0.5,0.1,0.4356435643564356,0.3031427139152982,0.0412274090924805,-0.0,,
203458,Alex Len,2019-20,27.0,17.6,0.176,0.6,0.109436702698108,0.0163170163170163,0.0080803840201456,1.0,,4.46,0.8,1.6,0.1844444444444444,0.8155555555555556,0.2,0.5,0.0094475524475524,0.045,-0.1609999999999999,0.221,0.2556818181818183,-0.007245,0.249,0.005,0.1,0.0,0.0,0.6527331189710611,0.3373016161616161,0.0593650844444444,-0.0,,
203083,Andre Drummond,2019-20,26.0,33.0,0.253,0.553,0.1164437059516202,0.2724458204334365,0.0148182460124006,1.0,45.26408590328596,3.97,2.5,5.800000000000001,0.5800000000000001,0.4199999999999999,0.8521739130434782,0.4416176908561176,0.0448266253869969,-0.0539999999999999,0.0569999999999999,0.199,-0.2134387351778655,-0.0030779999999999,0.423,0.01,0.4,0.1,0.0,0.8261997405966277,0.4362169659442725,0.1103628923839009,-0.0,,
2738,Andre Iguodala,2019-20,36.0,19.9,0.121,0.507,0.0591590143055268,0.217391304347826,0.0024899979224614,1.706676669167292,,4.46,1.4,0.4,0.4022222222222222,0.5977777777777777,0.0,1.0,0.0648695652173912,-0.0409999999999999,-0.378,0.08,-0.3388429752066115,0.0154979999999999,0.237,0.104,0.8,0.2,0.0,0.304635761589404,0.3936281642512077,0.0476290078743961,-0.0,,
203952,Andrew Wiggins,2019-20,25.0,34.4,0.269,0.536,0.0790020746845624,0.576837416481069,0.011022165214632,1.0,44.90888998991384,4.53,4.1,1.2,0.4555555555555555,0.5444444444444445,0.6361951891897999,0.2892993426736239,0.0762494432071269,0.0559999999999999,0.0399999999999999,0.325,0.20817843866171,0.0022399999999999,0.51,0.078,6.0,2.4,0.8,0.5449897750511248,0.3535184607770353,0.0950964659490225,-0.0,,
203076,Anthony Davis,2019-20,27.0,34.4,0.284,0.61,0.1231918974165185,0.2206119162640901,0.0186448826552908,1.1051978713994075,45.85345256986807,3.86,2.5,6.6,0.6599999999999999,0.3400000000000001,0.9585704565136708,0.2106560398884038,0.0371433172302737,0.059,-0.045,0.343,0.2077464788732396,-0.002655,0.368,0.109,3.6,0.3,0.0,0.5355417529330573,0.5267922897256729,0.1496090102820911,-0.0,,
201229,Anthony Tolliver,2019-20,35.0,15.9,0.108,0.513,0.0170589826405753,0.0135593220338983,0.0006054646061015,1.0,,4.47,0.4,0.1,0.1422222222222222,0.8577777777777778,0.0631868131868131,0.5816773787323615,0.0065627118644067,-0.0129999999999999,0.3199999999999999,0.095,-0.1203703703703703,-0.0041599999999999,0.046,0.04,0.2,0.1,0.1,0.2802197802197802,0.2726697401129943,0.0294483319322033,-0.0,,
203382,Aron Baynes,2019-20,33.0,22.2,0.205,0.581,0.0901307354136137,0.0026212319790301,0.0083657273500267,1.0,,4.18,0.9,2.4,0.24,0.76,0.1797900262467191,0.2510096387466399,0.0014495412844036,-0.0029999999999999,0.018,0.202,-0.0146341463414632,-5.39999999999996e-05,0.18,0.021,0.2,0.0,0.0,0.4540540540540541,0.3419612844036698,0.0701020633027523,-0.0,,
203085,Austin Rivers,2019-20,27.0,23.4,0.153,0.542,0.1105915611969507,0.5245346869712352,0.0066184933246675,0.8344861405048263,45.07954182687721,4.03,1.8,0.1,0.2177777777777778,0.7822222222222222,0.5768247289205373,0.4584962436610307,0.0246802030456853,-0.031,0.0289999999999999,0.122,-0.2026143790849673,-0.0008989999999999,0.531,0.01,1.6,1.4,0.5,0.4306049822064057,0.266419281819891,0.0407621501184433,-0.0,,
202340,Avery Bradley,2019-20,29.0,24.2,0.153,0.537,0.0871489341192653,0.2193877551020408,0.0052155393456562,1.0,,4.44,1.0,0.2,0.1555555555555555,0.8444444444444444,0.1984334203655352,0.5,0.0300697278911564,-0.0679999999999999,-0.37,0.085,-0.4444444444444444,0.0251599999999999,0.194,0.208,2.2,0.4,0.2,0.3368146214099217,0.3050263794406652,0.0466690360544217,-0.0,,
1628389,Bam Adebayo,2019-20,22.0,33.6,0.212,0.598,0.1598216397646817,0.2366946778711484,0.0156005307404477,0.886615589462958,45.09010543208825,4.21,3.0,4.9,0.5288888888888889,0.4711111111111111,0.9781818181818182,0.2369951522204689,0.0280448179271708,-0.03,-0.004,0.182,-0.1415094339622641,0.00012,0.286,0.037,1.1,0.1,0.0,0.6952573158425832,0.4719425796985462,0.1000518268960918,-0.0,MIA,0.5739632220856576
203463,Ben McLemore,2019-20,27.0,22.8,0.157,0.622,0.1375067221327433,0.0505359877488514,0.0085540819810247,1.0,44.87605831786358,4.45,0.6,0.4,0.1111111111111111,0.8888888888888888,0.1453592279280351,0.5,0.031635528330781,-0.072,0.278,0.085,-0.4585987261146496,-0.020016,0.058,0.003,0.9,0.9,0.3,0.2564102564102564,0.3412795644036073,0.0535808916113663,-0.0,,
1627732,Ben Simmons,2019-20,23.0,35.4,0.206,0.602,0.1995763195264802,0.5595984943538269,0.0186599226821553,1.0,46.32343375320704,4.34,7.0,2.7,0.7777777777777778,0.2222222222222222,0.9473684210526316,0.5,0.1070338770388958,-0.0849999999999999,0.043,0.121,-0.4126213592233009,-0.003655,0.491,0.009,0.7,0.1,0.0,0.7746913580246914,0.5404143315209815,0.1113253522933221,-0.0,,
202687,Bismack Biyombo,2019-20,27.0,19.4,0.168,0.57,0.0723130793302322,0.0223214285714285,0.0049794431476058,1.0,,4.41,0.8,1.7000000000000002,0.1755555555555555,0.8244444444444444,0.2,0.4100000000000002,0.0121428571428571,-0.014,-0.0159999999999999,0.154,-0.0833333333333334,0.0002239999999999,0.166,0.01,0.1,0.0,0.0,0.8472727272727273,0.3126138095238095,0.05251912,-0.0,,
201933,Blake Griffin,2019-20,31.0,28.5,0.277,0.476,-0.0043297700823459,0.55005382131324,-0.0006312254328843,1.0,,3.91,2.8,2.5,0.4088888888888888,0.5911111111111111,0.364,1.0,0.0,-0.061,0.176,0.216,-0.220216606498195,-0.010736,0.545,0.022,4.1,3.2,0.9,0.4829059829059829,0.2852780098074393,0.0790220087166607,-0.0,,
1626171,Bobby Portis,2019-20,25.0,21.1,0.207,0.53,0.0626861030459089,0.178060413354531,0.0059037341204587,1.0,45.364948232500936,4.43,1.2,2.5,0.25,0.75,0.4434329753343125,1.0,0.0,-0.1009999999999999,0.1689999999999999,0.106,-0.4879227053140096,-0.0170689999999999,0.328,0.15,1.4,0.1,0.0,0.5042444821731749,0.3171263910969793,0.0656451629570747,-0.0,NYK,0.5116386053727443
203992,Bogdan Bogdanović,2019-20,27.0,28.9,0.221,0.565,0.1365695896238981,0.4226020892687559,0.0141886937491592,1.0,45.38741268451467,4.72,2.6,0.4,0.4088888888888888,0.5911111111111111,0.3323884122839735,0.3703573300503265,0.0489971509971509,0.004,-0.0499999999999999,0.225,0.0180995475113122,-0.0001999999999999,0.401,0.108,4.1,1.9,0.6,0.3743386243386243,0.3930820069642291,0.0868711235390946,-0.0,,
202711,Bojan Bogdanovic,2019-20,31.0,33.1,0.252,0.603,0.1421400188385602,0.4552238805970149,0.0179811382362731,1.0,44.921550423973166,4.45,1.9,1.2000000000000002,0.22,0.78,0.6048850990027461,0.5,0.0765326492537313,-0.044,0.022,0.208,-0.1746031746031746,-0.000968,0.335,0.03,4.1,2.3,0.9,0.4438502673796791,0.3418850839552239,0.0861550411567164,-0.0,UTA,0.5957526763744907
202954,Brad Wanamaker,2019-20,30.0,19.3,0.152,0.577,0.0883728111760452,1.0,0.0052370178265297,1.8103171880478772,,4.46,2.7,0.1,0.4022222222222222,0.5977777777777777,0.3674033149171271,0.4642423723567709,0.0,-0.0389999999999999,0.031,0.113,-0.256578947368421,-0.001209,0.463,0.082,1.6,0.6,0.1,0.5402843601895735,0.5772878777777779,0.0877477574222222,-0.0,,
203078,Bradley Beal,2019-20,27.0,36.0,0.338,0.579,0.1297279280043805,0.6368909512761021,0.0254922713167516,1.0,45.04216946092768,4.62,4.5,1.0,0.6333333333333333,0.3666666666666667,0.6978018479357344,0.294889939790361,0.0382412993039442,0.0889999999999999,-0.0649999999999999,0.427,0.2633136094674555,-0.0057849999999999,0.55,0.129,9.3,3.9,1.3,0.5026861089792786,0.4334529389017788,0.1465070933488012,-0.0006736939562258,WAS,
1629634,Brandon Clarke,2019-20,23.0,22.4,0.18,0.663,0.1695167659872425,0.0543657331136738,0.0129455771134743,1.0,45.047771915481235,4.88,0.9,2.3000000000000003,0.23,0.77,0.3373493975903613,0.3023821992390531,0.035990115321252,-0.036,0.0599999999999999,0.144,-0.2,-0.0021599999999999,0.172,0.031,0.9,0.0,0.0,0.6477987421383647,0.38499607907743,0.0692992942339374,-0.0,,
1627742,Brandon Ingram,2019-20,22.0,33.9,0.275,0.587,0.1272136027643652,0.5265123226288274,0.0183456284256945,1.0,46.39444418154884,4.73,3.7,1.0,0.4266666666666666,0.5733333333333334,0.6801094890510948,0.469522742371773,0.0662464525765496,0.064,-0.1359999999999999,0.339,0.2327272727272727,-0.0087039999999999,0.515,0.141,5.8,1.1,0.3,0.5465549348230913,0.3843108638287278,0.1056854875529001,-0.0,,
201572,Brook Lopez,2019-20,32.0,26.7,0.181,0.551,0.0638213692106131,0.0831099195710455,0.0049145525081591,0.0,45.05909744146209,4.42,0.8,3.1,0.31,0.69,0.2592647789369101,0.5095780145340538,0.0,0.017,0.01,0.198,0.0939226519337017,0.00017,0.219,0.057,1.0,0.1,0.1,0.4501940491591203,0.4029777747989276,0.0729389772386058,-0.0,MIL,0.6154798502860303
1628971,Bruce Brown,2019-20,23.0,28.2,0.159,0.518,0.0923664160702132,0.4977029096477795,0.0058561174627802,1.0,44.831044839656954,4.63,4.2,0.7,0.4666666666666667,0.5333333333333333,0.7272727272727273,0.5,0.0763506891271056,-0.007,-0.169,0.152,-0.0440251572327044,0.001183,0.52,0.015,0.5,0.1,0.0,0.691609977324263,0.3715428279734559,0.0590753096477794,-0.0,DET,
1627854,Bryn Forbes,2019-20,26.0,25.1,0.185,0.57,0.1104872473315879,0.1996726677577741,0.0087916369645101,1.0,45.53358780940344,4.82,1.0,0.0,0.2155555555555555,0.7844444444444445,0.2600613634662874,0.3139013118941826,0.0148543371522094,0.009,-0.0279999999999999,0.194,0.0486486486486486,-0.0002519999999999,0.149,0.122,3.0,1.4,0.6,0.2966841186736474,0.3361896417530459,0.0621950837243134,-0.0,,
1627741,Buddy Hield,2019-20,27.0,30.8,0.263,0.566,0.1311909011646131,0.4979558462796402,0.0176944610047361,1.0,45.55031275108109,4.79,3.0,0.2,0.3399999999999999,0.66,0.294799072064656,0.2869150713059173,0.0495502861815208,0.0339999999999999,-0.0129999999999999,0.297,0.1292775665399238,-0.0004419999999999,0.426,0.119,7.6,4.3,1.6,0.4048653344917463,0.3654513082583809,0.0961136940719541,-0.0,,
203468,CJ McCollum,2019-20,28.0,36.5,0.257,0.541,0.1431520810890946,0.7289423685877138,0.0186507951044827,0.9694149094894204,45.70198383020406,4.74,5.1,0.3,0.5666666666666667,0.4333333333333333,0.3584648602621415,0.5,0.118581380620646,-0.08,0.0969999999999999,0.177,-0.311284046692607,-0.0077599999999999,0.637,0.195,9.8,3.8,1.2,0.4972222222222222,0.4093443534607874,0.1052014988394223,-0.0,,
1628997,Caleb Martin,2019-20,24.0,17.6,0.152,0.595,0.1880011258256567,0.2770083102493075,0.0111410425248925,1.0,,4.9,0.8,0.3,0.2711111111111111,0.7288888888888889,0.3890909090909091,0.5,0.1747036011080332,-0.099,-0.595,0.0529999999999999,-0.6513157894736843,0.058905,0.189,0.036,0.7,0.4,0.1,0.4523809523809524,0.3961394890735611,0.0602132023391812,-0.0,,
1629629,Cam Reddish,2019-20,20.0,26.7,0.185,0.5,0.0452419040459327,0.3594470046082949,0.0035999665623068,1.0,46.24147553366706,4.59,1.5,0.2,0.1755555555555555,0.8244444444444444,0.5313176895306858,1.0,0.0443118279569892,-0.092,-0.172,0.093,-0.4972972972972972,0.0158239999999999,0.352,0.089,2.4,0.8,0.2,0.4205776173285198,0.2778356033452807,0.0513995866188769,-0.0,,
1629661,Cameron Johnson,2019-20,24.0,22.0,0.151,0.586,0.09757772090298,0.0428082191780821,0.0057255352279811,1.0,44.91317949606984,4.87,0.6,0.4,0.1733333333333333,0.8266666666666667,0.1845070422535211,0.5,0.0248287671232876,-0.0519999999999999,-0.2579999999999999,0.099,-0.3443708609271522,0.0134159999999999,0.108,0.056,0.6,0.2,0.1,0.2386934673366834,0.3257004566210045,0.0491807689497716,-0.0,PHX,0.6184980575754556
1627747,Caris LeVert,2019-20,25.0,29.6,0.284,0.514,0.0664834243447112,0.7835205992509363,0.0100621523933345,0.8817947725106755,,4.51,4.4,1.0,0.5377777777777778,0.4622222222222222,0.3046448087431694,0.3376395489155985,0.0584464419475655,-0.0029999999999999,0.1079999999999999,0.281,-0.0105633802816899,-0.0003239999999999,0.698,0.055,6.7,3.2,1.2,0.5055900621118012,0.3884910664009169,0.1103314628578604,-0.0,,
2546,Carmelo Anthony,2019-20,36.0,32.8,0.214,0.525,0.0912613005353762,0.3681192660550459,0.0090345663872701,1.108744107930277,45.81031963699975,3.77,1.6,4.3,0.43,0.5700000000000001,0.4701165103722647,0.5,0.039118119266055,-0.0849999999999999,0.0429999999999999,0.129,-0.397196261682243,-0.0036549999999999,0.467,0.259,5.5,0.4,0.1,0.507177033492823,0.393577776662844,0.0842256442058486,-0.0,,
1626224,Cedi Osman,2019-20,25.0,29.4,0.162,0.552,0.1211289817178941,0.3,0.0078980628997763,1.0,45.76307444088919,4.32,1.8,0.3,0.2555555555555555,0.7444444444444445,0.4710058344687837,0.4503503725359666,0.0107647887323943,-0.0259999999999999,-0.056,0.136,-0.1604938271604938,0.001456,0.293,0.039,1.9,1.0,0.4,0.3805601317957166,0.3479365492957746,0.0563657209859154,-0.0,,
101108,Chris Paul,2019-20,35.0,31.5,0.228,0.61,0.1784529317917031,1.0,0.019427904404403,1.059487286151648,45.035957608249106,4.17,6.2,0.3,0.72,0.28,0.4625074345977326,0.0399708246461633,0.0,0.0849999999999999,0.06,0.313,0.3728070175438596,0.0051,0.825,0.255,9.4,3.4,1.2,0.3283283283283283,0.4965015246636771,0.1132023476233183,-0.0,OKC,0.5923991912189486
1626174,Christian Wood,2019-20,24.0,21.4,0.223,0.659,0.2047673294598401,0.1338983050847457,0.0215634358380591,1.0,44.87340736656498,4.51,1.2,2.5,0.25,0.75,0.4853658536585366,0.5,0.0253118644067796,-0.079,0.02,0.144,-0.3542600896860987,-0.00158,0.247,0.035,0.6,0.3,0.1,0.5615079365079365,0.4085550847457627,0.0911077838983051,-0.0,,
203991,Clint Capela,2019-20,26.0,32.8,0.156,0.626,0.1802072578607429,0.0181818181818181,0.0111034815629729,1.0,,4.57,1.3,2.4,0.24,0.76,0.2,0.1274999999999999,0.0118545454545454,-0.0169999999999999,0.008,0.139,-0.1089743589743588,-0.000136,0.197,0.004,0.1,0.0,0.0,0.8376288659793815,0.3968901818181818,0.0619148683636363,-0.0,,
1629632,Coby White,2019-20,20.0,25.8,0.235,0.506,0.086759256523594,0.5694164989939637,0.0098836558569053,1.0,45.30601203429975,4.55,3.1,0.2,0.36,0.64,0.4812927400468384,0.5,0.0527857142857143,-0.0779999999999999,0.0769999999999999,0.157,-0.3319148936170212,-0.0060059999999999,0.526,0.086,4.0,2.0,0.7,0.4015151515151515,0.3360657142857142,0.0789754428571428,-0.0,,
1628998,Cody Martin,2019-20,24.0,18.8,0.131,0.505,0.0323226751128701,0.3343373493975903,0.0015325485462454,1.0,,4.85,1.2,0.4,0.3422222222222222,0.6577777777777778,0.4,1.0,0.0,-0.038,-0.353,0.093,-0.2900763358778626,0.013414,0.382,0.034,0.5,0.2,0.1,0.4589371980676328,0.3101604685408299,0.0406310213788487,-0.0,,
203469,Cody Zeller,2019-20,27.0,23.1,0.201,0.576,0.1224124300824813,0.104882459312839,0.0110311199132661,1.0,45.04248824271773,4.74,1.3,2.5,0.25,0.75,0.4240963855421686,0.5,0.0,-0.1,0.094,0.101,-0.4975124378109453,-0.0094,0.279,0.009,0.3,0.1,0.0,0.7531914893617021,0.3588099005424954,0.0721207900090415,-0.0,,
1629012,Collin Sexton,2019-20,21.0,33.0,0.264,0.56,0.1297628057429675,0.6863468634686347,0.0176017609133896,1.0,45.817943157824125,4.48,4.7,0.9,0.5222222222222223,0.4777777777777777,0.6620140933602408,0.3474792144949893,0.0949151291512915,-0.011,-0.079,0.253,-0.0416666666666667,0.000869,0.622,0.098,5.5,1.6,0.6,0.5841766329346826,0.4004090405904058,0.1057079867158671,-0.0,,
202709,Cory Joseph,2019-20,28.0,24.4,0.127,0.517,0.0965968991886108,0.5988142292490118,0.0043718853768738,1.0,45.24121760530705,4.62,3.7,0.1,0.4422222222222222,0.5577777777777777,0.3998467041389881,0.4463780295372569,0.1027470355731224,-0.025,-0.0569999999999999,0.102,-0.1968503937007874,0.001425,0.561,0.14,2.1,0.5,0.1,0.393643031784841,0.3614590821256039,0.0459053034299516,-0.0,,
1626156,D'Angelo Russell,2019-20,24.0,32.3,0.305,0.556,0.1173627886370694,0.6905972045743329,0.0197687941498241,1.0,,4.59,6.0,0.6000000000000001,0.7266666666666667,0.2733333333333333,0.0921985815602836,0.126300861584306,0.0807198221092757,0.059,0.0449999999999999,0.364,0.1934426229508196,0.0026549999999999,0.628,0.164,10.8,5.5,1.9,0.4662721893491124,0.4431318869123252,0.1351552255082591,-1.1421702827191892e-05,,
201571,D.J. Augustin,2019-20,32.0,24.9,0.184,0.554,0.0880240402255671,0.7463556851311953,0.0069474916411714,0.9580502687266084,45.422218835603765,4.58,5.8,0.1,0.6444444444444444,0.3555555555555556,0.7365469591066119,0.232590554650342,0.1123673469387755,0.0209999999999999,-0.041,0.205,0.1141304347826086,-0.000861,0.641,0.087,3.6,2.0,0.6,0.4350393700787401,0.4095241982507288,0.0753524524781341,-0.0,,
203081,Damian Lillard,2019-20,29.0,37.5,0.294,0.627,0.187014422347896,0.8182831661092531,0.0298123420723346,0.726859908479552,45.59620202569901,4.42,8.8,0.4,0.977777777777778,0.0222222222222221,0.7805433218506084,0.2070185496626859,0.0122251950947603,0.078,-0.0689999999999999,0.372,0.2653061224489796,-0.0053819999999999,0.819,0.066,10.1,7.5,3.0,0.5219582433405328,0.4239638969404187,0.1246453857004831,-0.0,POR,
1627814,Damion Lee,2019-20,27.0,29.0,0.184,0.548,0.0725278584299776,0.2049418604651163,0.0057244212933545,1.0,,5.14,1.9,0.5,0.3088888888888889,0.691111111111111,0.1839530332681017,0.7435838827019126,0.0243154069767442,0.012,-0.071,0.196,0.0652173913043478,-0.000852,0.16,0.113,2.8,0.7,0.2,0.3639921722113503,0.3368324725452196,0.0619771749483204,-0.0,,
1628464,Daniel Theis,2019-20,28.0,24.1,0.144,0.631,0.1369844060971046,0.010507880910683,0.007485397525883,1.0,46.404058389862406,4.27,0.9,1.9,0.2311111111111111,0.768888888888889,0.3636363636363636,0.319163780309045,0.0063467600700525,-0.0209999999999999,-0.029,0.123,-0.1458333333333333,0.000609,0.17,0.057,0.1,0.1,0.0,0.580110497237569,0.3435252772913018,0.0494676399299474,-0.0,,
201568,Danilo Gallinari,2019-20,31.0,29.6,0.242,0.612,0.1221995099031862,0.2425793244626407,0.0145476389195467,0.9191835943181268,44.50112052970909,4.33,2.1,2.5999999999999996,0.2599999999999999,0.74,0.6003783242461331,0.4646422470350885,0.0402272262026612,-0.0389999999999999,0.043,0.203,-0.1611570247933883,-0.001677,0.324,0.124,3.6,1.4,0.5,0.3035714285714285,0.3335969293756397,0.0807304569089048,-0.0,OKC,0.5914815494767761
201980,Danny Green,2019-20,33.0,24.8,0.135,0.552,0.0596903292679636,0.0890151515151515,0.0029607696980258,1.0,45.81209031021603,4.82,1.0,0.2,0.1533333333333333,0.8466666666666667,0.1359493670886075,0.7315346389355534,0.0501155303030303,-0.01,0.0109999999999998,0.125,-0.0740740740740741,-0.0001099999999999,0.142,0.048,1.4,0.8,0.3,0.3556942277691107,0.2579392866161616,0.0348218036931818,-0.0,LAL,0.584
1627863,Danuel House Jr.,2019-20,27.0,30.4,0.135,0.572,0.1064668487403556,0.1285500747384155,0.0052809864422029,0.8006735257796781,45.354677365687095,4.41,0.9,0.4,0.1355555555555555,0.8644444444444445,0.2293998360443543,0.392587415982844,0.0151031390134529,-0.013,-0.0369999999999999,0.122,-0.0962962962962963,0.0004809999999999,0.148,0.012,1.3,1.0,0.3,0.2584269662921348,0.3080384288051926,0.041585187888701,-0.0,,
203967,Dario Šarić,2019-20,26.0,24.7,0.174,0.592,0.0879111017420626,0.0934579439252336,0.0063806892647383,1.0,45.02936012575462,4.71,1.1,2.1,0.2333333333333333,0.7666666666666667,0.3174630519539395,0.5,0.0083177570093457,-0.0839999999999999,-0.2109999999999999,0.09,-0.4827586206896551,0.0177239999999999,0.23,0.068,0.5,0.1,0.1,0.4299424184261036,0.3334207165109035,0.0580152046728972,-0.0,,
1629636,Darius Garland,2019-20,20.0,30.9,0.201,0.498,0.0642670915648001,0.670886075949367,0.0057913889386109,1.0,45.87081060520779,4.53,4.8,0.3,0.5333333333333333,0.4666666666666667,0.3294730971605923,0.9801328832988484,0.0919388185654008,-0.028,-0.0399999999999999,0.173,-0.1393034825870648,0.00112,0.55,0.159,5.3,2.4,0.8,0.4183381088825215,0.354246905766526,0.0712036280590717,-0.0,,
202722,Davis Bertans,2019-20,27.0,29.3,0.183,0.628,0.1656517292577077,0.0999999999999999,0.0129679882545309,1.0,44.76045501913325,4.99,1.1,0.4,0.18,0.8200000000000001,0.1811402872479326,0.2491170742931516,0.0142,-0.0219999999999999,-0.0779999999999999,0.161,-0.1202185792349726,0.0017159999999999,0.125,0.031,1.9,1.3,0.5,0.3918032786885246,0.364502,0.066703866,-0.0,,
1628368,De'Aaron Fox,2019-20,22.0,32.0,0.29,0.558,0.1267116626242195,0.8408408408408408,0.0197885324003059,1.0,46.002571625762315,4.61,7.1,0.2,0.7888888888888889,0.2111111111111111,0.8914570552147238,0.1057022012499461,0.0156756756756756,0.03,0.0449999999999999,0.32,0.103448275862069,0.0013499999999999,0.79,0.078,5.5,2.0,0.5,0.5281602002503129,0.4546678678678678,0.1318536816816816,-0.0,,
1629631,De'Andre Hunter,2019-20,22.0,32.0,0.173,0.521,0.0940184101402068,0.3329113924050633,0.0067652220803262,1.0,45.924123686105816,4.65,1.4,0.7,0.1755555555555555,0.8244444444444444,0.5088117060620678,0.5,0.0630088607594936,-0.0569999999999999,0.019,0.116,-0.329479768786127,-0.001083,0.289,0.118,2.5,0.7,0.1,0.4289897510980966,0.3079903473980309,0.0532823300998593,-0.0,,
1629001,De'Anthony Melton,2019-20,22.0,19.5,0.185,0.501,0.0313237825100373,0.4519230769230769,0.0024924806331453,1.0,,4.6,2.1,0.5,0.4355555555555556,0.5644444444444444,0.3060747663551402,0.5829914206866275,0.0760346153846154,-0.0159999999999999,-0.0389999999999999,0.169,-0.0864864864864864,0.0006239999999999,0.385,0.075,1.8,0.7,0.1,0.4663341645885286,0.3229751538461539,0.0597504034615384,-0.0,,
201599,DeAndre Jordan,2019-20,31.0,22.0,0.136,0.682,0.2156550874138313,0.0113378684807256,0.0108160346622414,1.0,44.65380724939022,3.92,0.9,0.8999999999999999,0.2933333333333333,0.7066666666666667,0.4588235294117647,0.2231565261370912,0.0077551020408163,0.0059999999999999,-0.088,0.142,0.0441176470588233,-0.0005279999999999,0.257,0.004,0.0,0.0,0.0,0.8048780487804879,0.4373050340136055,0.0594734846258503,-0.0,,
1627761,DeAndre' Bembry,2019-20,25.0,21.3,0.137,0.5,0.0797796273831631,0.336986301369863,0.004045506043638,1.0,,4.49,1.8,0.3,0.2888888888888889,0.711111111111111,0.4,1.0,0.0286356164383561,-0.026,-0.183,0.111,-0.1897810218978102,0.004758,0.356,0.008,0.4,0.2,0.0,0.618421052631579,0.3282570471841705,0.0449712154642313,-0.0,,
201942,DeMar DeRozan,2019-20,30.0,34.1,0.262,0.603,0.158459533682741,0.8393866020984665,0.0212505566409124,1.0,45.50398923658818,4.57,5.0,1.3,0.58,0.42,0.8107585455535882,0.1177777905895327,0.0,0.0379999999999999,-0.0439999999999999,0.3,0.1450381679389312,-0.0016719999999999,0.72,0.226,6.3,0.1,0.0,0.6170212765957447,0.426766416464891,0.1118128011138014,-0.0,,
1629028,Deandre Ayton,2019-20,21.0,32.5,0.231,0.568,0.0876781496202863,0.0485355648535564,0.0097344035322297,1.0,,4.26,1.7,6.1,0.61,0.39,0.2,0.5,0.009273640167364,-0.058,0.06,0.173,-0.2510822510822512,-0.00348,0.252,0.148,0.8,0.0,0.0,0.6320422535211268,0.4385047196652719,0.1012945902426778,-0.0,,
1627749,Dejounte Murray,2019-20,23.0,25.6,0.207,0.524,0.0984952600753072,0.7150259067357513,0.009276215929138,1.0,45.92801007607904,5.14,4.1,0.3,0.5155555555555555,0.4844444444444444,0.528990597031834,0.5,0.091913212435233,-0.0459999999999999,-0.033,0.161,-0.2222222222222221,0.001518,0.622,0.244,4.0,0.2,0.0,0.464,0.3728924323546344,0.0771887334974093,-0.0,,
203471,Dennis Schröder,2019-20,26.0,30.8,0.262,0.575,0.1295977958446674,0.5921739130434783,0.0173799912010878,1.0008882655408826,44.9636425562332,4.31,5.0,0.2,0.5555555555555556,0.4444444444444444,0.5509592494048452,0.5,0.1091139130434782,-0.045,0.06,0.217,-0.1717557251908397,-0.0027,0.51,0.19,5.5,1.3,0.3,0.4520930232558139,0.3518193918726912,0.092176680670645,-0.0,OKC,0.6109986894571007
202324,Derrick Favors,2019-20,28.0,24.4,0.135,0.62,0.1450067420035741,0.0216606498194945,0.0071926486752362,1.0,46.02814390375991,4.56,1.0,2.4,0.24,0.76,0.3272727272727272,0.2832838470904096,0.0133862815884476,-0.025,0.0759999999999999,0.11,-0.1851851851851852,-0.0018999999999999,0.278,0.044,0.1,0.0,0.0,0.7424242424242424,0.3748605054151624,0.0506061682310469,-0.0,,
201565,Derrick Rose,2019-20,31.0,26.0,0.303,0.555,0.1405356048898078,1.0,0.0234396061488964,1.0,45.37997612588333,4.72,6.3,0.2,0.8288888888888889,0.1711111111111111,0.5863943783365433,0.4186437617172029,0.0,0.137,-0.109,0.44,0.4521452145214522,-0.014933,0.77,0.146,6.0,1.8,0.4,0.5850340136054422,0.463618477876106,0.1404763987964601,-3.927433699115053e-06,,
1628401,Derrick White,2019-20,25.0,24.7,0.183,0.593,0.1399035509683553,0.5944625407166123,0.0109523010345537,1.0,45.98323319646067,4.81,3.7,0.3,0.4511111111111111,0.5488888888888889,0.75817230273752,0.5,0.0450260586319217,-0.0539999999999999,-0.2189999999999999,0.129,-0.2950819672131147,0.0118259999999999,0.482,0.058,2.5,1.1,0.4,0.4872262773722627,0.3954088707926167,0.0723598233550488,-0.0,,
1626164,Devin Booker,2019-20,23.0,35.9,0.294,0.618,0.1555813777150172,0.6584394904458599,0.0248015377332602,1.0,45.452189051138234,4.72,4.2,2.4,0.6399999999999999,0.3600000000000001,0.7374570358918007,0.0995282244685448,0.0584394904458599,0.035,-0.024,0.329,0.1190476190476191,-0.00084,0.541,0.164,9.2,3.3,1.1,0.4735202492211838,0.4547396178343948,0.1336934476433121,-0.0,PHX,0.6034435649369686
1628984,Devonte' Graham,2019-20,25.0,35.1,0.243,0.537,0.1028488267374892,0.6883996613039797,0.0123199445226117,1.0,45.32450138305592,4.57,8.2,0.1,0.911111111111111,0.088888888888889,0.4488787131619114,0.2009158577133142,0.1370245554614733,0.061,0.0799999999999999,0.304,0.2510288065843621,0.0048799999999999,0.552,0.063,8.3,5.8,2.0,0.4242105263157895,0.4767987581145922,0.1158620982218459,-0.0,,
203473,Dewayne Dedmon,2019-20,30.0,17.6,0.179,0.473,-0.0475265685085281,0.0329218106995884,-0.003599283082857,1.0,,4.23,0.7,1.5,0.15,0.85,0.1803921568627451,1.0,0.0139917695473251,0.012,-0.2459999999999999,0.191,0.0670391061452514,-0.002952,0.216,0.063,0.2,0.1,0.0,0.4156862745098039,0.236329732510288,0.0423030221193415,-0.0,,
1628415,Dillon Brooks,2019-20,24.0,28.9,0.247,0.51,0.0616025037376215,0.4512877939529676,0.007562123986092,1.0,45.1677351468117,4.26,1.9,0.4,0.2311111111111111,0.768888888888889,0.4277025293725308,1.0,0.0736954087346024,-0.088,-0.197,0.159,-0.3562753036437247,0.017336,0.345,0.144,5.9,1.7,0.5,0.4564198687910028,0.2956541595122559,0.0730265773995272,-0.0,MEM,0.5869320026061718
1627734,Domantas Sabonis,2019-20,24.0,34.8,0.229,0.586,0.1125977432137535,0.2335766423357664,0.0123390836826397,1.0,45.77001180798602,4.38,2.7,7.699999999999999,0.7699999999999999,0.2300000000000001,0.8204379562043795,0.5,0.0189718456725755,-0.054,0.054,0.175,-0.2358078602620088,-0.002916,0.336,0.108,0.4,0.0,0.0,0.6953955135773318,0.4885449165797705,0.1118767858967674,-0.0,,
1628378,Donovan Mitchell,2019-20,23.0,34.3,0.303,0.558,0.1276624980113726,0.7759388924252069,0.0212925306417339,1.3118844802898724,45.55321857127999,4.29,5.7,0.1,0.6333333333333333,0.3666666666666667,0.5023460906171738,0.1945240412283086,0.1405455124124762,0.102,-0.005,0.405,0.3366336633663367,-0.00051,0.674,0.133,9.2,4.1,1.3,0.5010006671114076,0.5492068431905995,0.1664096734867516,-3.1571384112846098e-06,UTA,0.6156658296429528
1628978,Donte DiVincenzo,2019-20,23.0,23.0,0.168,0.557,0.1156652436581393,0.3517915309446254,0.0079646519036963,0.386286817962337,44.7376457219616,4.85,1.8,0.4,0.2977777777777778,0.7022222222222222,0.5731856378915201,0.5,0.0141596091205211,-0.09,-0.057,0.078,-0.5357142857142857,0.00513,0.362,0.059,1.7,1.0,0.3,0.4542190305206463,0.3026506550850524,0.0508453100542888,-0.0,,
1627827,Dorian Finney-Smith,2019-20,27.0,29.9,0.128,0.595,0.0995346039739627,0.0619902120717781,0.0045581545594736,1.0,44.938549651790744,4.41,1.1,0.5,0.1622222222222222,0.8377777777777777,0.2949932691312001,0.3660810131568666,0.0366982055464926,-0.0109999999999999,0.021,0.117,-0.0859374999999999,-0.000231,0.21,0.012,0.5,0.3,0.1,0.3462897526501767,0.2932572956316839,0.0375369338408555,-0.0,DAL,0.5964968823707993
203110,Draymond Green,2019-20,30.0,28.4,0.156,0.489,-0.0007343610103747,0.2052238805970149,-4.524769998754828e-05,1.0,,4.27,3.1,1.1,0.6888888888888889,0.3111111111111111,0.2879746835443038,1.0,0.0206044776119403,-0.046,0.128,0.11,-0.2948717948717949,-0.005888,0.195,0.07,1.0,0.2,0.0,0.3968253968253968,0.3727339966832504,0.058146503482587,-0.0,,
1629130,Duncan Robinson,2019-20,26.0,29.7,0.157,0.684,0.2137675564878286,0.0244845360824742,0.0132981513537569,1.0,45.126901643362814,4.71,0.8,0.4,0.1511111111111111,0.8488888888888889,0.1062462396762018,0.3876139968976947,0.0168943298969072,0.008,-0.127,0.165,0.0509554140127389,-0.001016,0.059,0.008,1.3,1.2,0.4,0.4075829383886256,0.3643897107674685,0.0572091845904925,-0.0,,
1628407,Dwayne Bacon,2019-20,24.0,17.6,0.189,0.419,0.0034677438926139,1.0,0.0002849310127846,1.0,,4.3,1.1,0.4,0.2688888888888889,0.731111111111111,0.3911368015414258,0.3101874154133471,0.0,0.0179999999999999,0.1559999999999999,0.207,0.0952380952380951,0.0028079999999999,0.435,0.063,1.9,0.6,0.1,0.5409836065573771,0.2346980216802168,0.0443579260975609,-0.0,,
2730,Dwight Howard,2019-20,34.0,18.9,0.146,0.696,0.2877020078656007,0.0115273775216138,0.0160498942962004,1.0,,4.18,0.7,0.8,0.1066666666666666,0.8933333333333333,0.2,0.4448207803860394,0.0087262247838616,-0.043,-0.1769999999999999,0.103,-0.2945205479452055,0.0076109999999999,0.376,0.008,0.0,0.0,0.0,0.8353293413173652,0.3681006147934678,0.0537426897598462,-0.0,,
203939,Dwight Powell,2019-20,28.0,26.5,0.126,0.677,0.1888326596899666,0.0616740088105726,0.0084456470476784,1.0,,4.55,1.0,1.4,0.1688888888888889,0.8311111111111111,0.2,0.3141889089573891,0.0423700440528634,-0.036,0.1849999999999999,0.09,-0.2857142857142857,-0.0066599999999999,0.178,0.0,0.0,0.0,0.0,0.68,0.3767503964757709,0.0474705499559471,-0.0,,
202734,E'Twaun Moore,2019-20,31.0,18.2,0.196,0.51,0.0956920968950558,0.4753820033955857,0.0083034806584963,1.0,,4.9,1.2,0.4,0.2444444444444444,0.7555555555555555,0.1876430205949656,0.5,0.075899830220713,-0.011,-0.269,0.185,-0.0561224489795918,0.002959,0.376,0.09,2.2,0.6,0.2,0.4953703703703703,0.3186401056404452,0.0624534607055272,-0.0,,
203901,Elfrid Payton,2019-20,26.0,27.7,0.19,0.47,0.0465038192127236,0.7755359394703657,0.003851403520302,1.0,,4.72,6.0,0.3,0.7711111111111111,0.2288888888888889,0.4,0.6351569298891906,0.0036658259773014,0.0229999999999999,-0.0719999999999999,0.213,0.1210526315789473,-0.0016559999999999,0.741,0.08,1.9,0.5,0.1,0.6454545454545455,0.3846270407734342,0.0730791377469525,-0.0,,
202339,Eric Bledsoe,2019-20,30.0,27.0,0.233,0.571,0.1401462916199653,0.7344262295081968,0.0157621513021482,0.7996722477979149,44.66113492498101,4.86,4.2,0.2,0.6111111111111112,0.3888888888888888,0.75213062032284,0.4831707357463953,0.0,-0.045,0.021,0.188,-0.1931330472103004,-0.000945,0.65,0.07,3.9,1.9,0.8,0.4251269035532995,0.3833572859744991,0.0893222476320582,-0.0,,
201569,Eric Gordon,2019-20,31.0,28.2,0.215,0.51,0.0138014178605226,0.3558974358974359,0.0013758826523056,1.1161215391599608,,3.97,1.6,0.4,0.1777777777777777,0.8222222222222222,0.2526997840172786,1.0,0.0,-0.106,0.1899999999999999,0.109,-0.4930232558139535,-0.0201399999999999,0.316,0.004,2.8,2.4,1.0,0.3348982785602504,0.2938132623070297,0.0631698513960113,-0.0,,
1629672,Eric Paschall,2019-20,23.0,27.6,0.207,0.571,0.0999402461689973,0.3885630498533725,0.0094123037267581,1.0,45.05313863594548,4.68,1.9,2.6,0.2799999999999999,0.72,0.7731880170539571,0.4602444781491377,0.0153856304985337,-0.0279999999999999,-0.1359999999999999,0.179,-0.1352657004830917,0.0038079999999999,0.384,0.131,2.1,0.2,0.0,0.6333853354134166,0.3357531964809384,0.0695009116715542,-0.0,,
203095,Evan Fournier,2019-20,27.0,31.4,0.237,0.595,0.1476889100415204,0.5363636363636364,0.0170400319363432,0.943547261946285,45.503316927645585,4.68,2.3,0.5,0.3555555555555555,0.6444444444444444,0.4929070379955567,0.5,0.0837090909090908,0.0459999999999999,-0.2159999999999999,0.283,0.1940928270042193,-0.0099359999999999,0.408,0.111,5.7,2.8,1.0,0.447821681864235,0.3187742929292929,0.0755495074242424,-0.0,,
1628402,Frank Jackson,2019-20,22.0,13.5,0.203,0.51,0.0745229061272155,0.466183574879227,0.0068160668208826,1.0,,4.79,1.0,0.2,0.2377777777777777,0.7622222222222222,0.2688821752265861,1.0,0.0201932367149758,-0.066,0.166,0.137,-0.3251231527093596,-0.010956,0.366,0.102,1.6,0.6,0.2,0.419753086419753,0.3043737412775094,0.0617878694793344,-0.0,,
1626163,Frank Kaminsky,2019-20,27.0,19.9,0.204,0.545,0.0099535785895018,0.0859106529209622,0.0009171164872731,1.0,,4.63,1.0,2.2,0.3199999999999999,0.68,0.1710097719869706,1.0,0.0435567010309278,-0.0469999999999999,0.0829999999999999,0.157,-0.230392156862745,-0.0039009999999999,0.225,0.037,0.4,0.1,0.0,0.4618055555555556,0.3058725773195876,0.0623980057731958,-0.0,,
1628373,Frank Ntilikina,2019-20,21.0,20.8,0.152,0.497,0.0506549799275977,0.559071729957806,0.0030018399251199,1.0,44.117980010132605,4.64,3.6,0.1,0.4644444444444444,0.5355555555555556,0.4141037589313451,1.0,0.0699050632911393,-0.043,-0.1049999999999999,0.109,-0.2828947368421052,0.0045149999999999,0.557,0.196,2.4,0.6,0.2,0.3543543543543543,0.3361595147679325,0.0510962462447257,-0.0,,
1627832,Fred VanVleet,2019-20,26.0,35.7,0.218,0.553,0.1254583162741048,0.6422697368421052,0.0127698029326395,0.8452339201244414,46.26435345236721,4.59,5.9,0.1,0.6555555555555556,0.3444444444444444,0.6597779969060692,0.1992988318673326,0.1360230263157895,0.003,0.129,0.221,0.0137614678899082,0.000387,0.583,0.04,4.4,3.0,1.0,0.4641744548286604,0.4051580528984879,0.0883244555318703,-0.0,,
202066,Garrett Temple,2019-20,34.0,27.9,0.162,0.513,0.0555568092459644,0.291907514450867,0.0036225118688559,1.489427340378087,44.05390436257103,4.5,1.8,0.1,0.2933333333333333,0.7066666666666667,0.3710499417197165,1.0,0.0435664739884393,-0.072,-0.074,0.09,-0.4444444444444445,0.005328,0.248,0.053,3.0,1.9,0.5,0.3165354330708661,0.2974642636939169,0.0481892107184145,-0.0,,
203914,Gary Harris,2019-20,25.0,31.8,0.15,0.519,0.0678026833937441,0.3929203539823008,0.0039389799541821,1.0762096405166293,44.6652813085968,4.23,1.3,0.4,0.2022222222222222,0.7977777777777778,0.5455652930573682,0.98084525093822,0.070938053097345,-0.0369999999999999,0.1729999999999999,0.113,-0.2466666666666666,-0.0064009999999999,0.197,0.086,2.6,1.1,0.3,0.438423645320197,0.3340514410110095,0.0501077161516514,-0.0,,
1629018,Gary Trent Jr.,2019-20,21.0,21.8,0.15,0.587,0.1404305652418709,0.3866171003717472,0.0081582786072039,0.6927260568256468,45.74796029812651,4.18,0.8,0.3,0.1422222222222222,0.8577777777777778,0.2321969696969696,0.5,0.0637100371747211,-0.046,0.124,0.104,-0.3066666666666667,-0.005704,0.321,0.129,2.8,1.3,0.5,0.2926315789473684,0.3106152923821325,0.0465922938573198,-0.0,,
201588,George Hill,2019-20,34.0,21.5,0.152,0.659,0.2255805213805533,0.5048543689320388,0.0133680166565534,0.9378970226193808,44.82529103224444,4.52,3.3,0.4,0.4355555555555556,0.5644444444444444,0.6565159574468085,0.442339485383742,0.1078174757281553,-0.047,-0.119,0.105,-0.3092105263157895,0.005593,0.459,0.043,1.9,1.2,0.5,0.4295612009237875,0.3863674984190753,0.0587278597596994,-0.0,,
203507,Giannis Antetokounmpo,2019-20,25.0,30.4,0.363,0.613,0.1928176018740124,0.5519685039370079,0.0421702926271574,1.1012338323690634,45.21442925663332,4.75,4.5,6.0,0.7288888888888889,0.2711111111111111,1.0,0.1367662821900765,0.0550661417322834,0.06,-0.026,0.423,0.1652892561983471,-0.00156,0.547,0.048,5.5,3.5,1.0,0.5347826086956522,0.5449309823697004,0.1978099466002012,-0.0014092689309746,MIL,0.5929326231289711
203922,Glenn Robinson III,2019-20,26.0,28.8,0.16,0.577,0.1311027587259844,0.1994002998500749,0.008390576558463,1.0,45.03823485855951,4.81,1.2,0.6,0.18,0.8200000000000001,0.4302204836415362,0.5,0.0412128935532233,-0.045,-0.011,0.115,-0.28125,0.000495,0.184,0.173,2.5,0.4,0.1,0.3840947546531303,0.3385343928035981,0.0541655028485757,-0.0,,
201609,Goran Dragic,2019-20,34.0,28.2,0.248,0.573,0.1299322018677524,0.6002014098690835,0.0160470172485672,0.933337959919712,45.17277489099474,4.67,5.4,0.5,0.6599999999999999,0.3400000000000001,0.6321317881687103,0.5,0.0285438066465255,-0.0579999999999999,-0.1199999999999999,0.19,-0.2338709677419354,0.0069599999999999,0.539,0.088,4.6,2.2,0.8,0.404320987654321,0.4238267153580216,0.1051090254087893,-0.0,,
202330,Gordon Hayward,2019-20,30.0,33.5,0.206,0.595,0.1564473485624221,0.4522096608427544,0.0146274639943726,0.6228650944985442,46.536530669722374,4.76,2.8,1.1,0.3955555555555555,0.6044444444444445,0.518888888888889,0.4278945682847534,0.0329383350462487,-0.0469999999999999,-0.1009999999999999,0.159,-0.2281553398058252,0.0047469999999999,0.429,0.158,4.7,1.3,0.4,0.4106666666666667,0.2962985801834723,0.0610375075177953,-0.0,,
203476,Gorgui Dieng,2019-20,30.0,17.4,0.175,0.568,0.0570083491520262,0.0668202764976958,0.0041734531049923,1.0,,4.4,1.0,1.0,0.2377777777777777,0.7622222222222222,0.1538461538461538,0.4256477725622334,0.036684331797235,0.063,0.007,0.238,0.36,0.000441,0.199,0.095,0.6,0.1,0.0,0.3736263736263736,0.3170664746543779,0.0554866330645161,-0.0,,
203084,Harrison Barnes,2019-20,28.0,34.5,0.172,0.574,0.1275272541942631,0.383356070941337,0.0090969473107728,1.0,45.40435731620008,4.6,1.7,2.3,0.2299999999999999,0.77,0.7705972715808781,0.4078979412678122,0.0343028649386084,0.028,-0.1009999999999999,0.2,0.1627906976744187,-0.002828,0.378,0.033,1.7,0.7,0.3,0.5332480818414322,0.3399087380627557,0.0584643029467939,-0.0,,
101133,Ian Mahinmi,2019-20,33.0,21.3,0.154,0.545,0.040170167929748,0.045,0.0024276424809605,1.0,,4.45,1.1,1.9,0.19,0.81,0.2,1.0,0.023445,-0.068,0.0979999999999999,0.086,-0.4415584415584416,-0.0066639999999999,0.308,0.014,0.0,0.0,0.0,0.7725118483412322,0.296045225,0.04559096465,-0.0,,
1629067,Isaac Bonga,2019-20,20.0,18.9,0.106,0.608,0.1482551377390845,0.2284644194756554,0.0051164478341737,1.0,,4.47,0.9,0.4,0.18,0.8200000000000001,0.4,0.5,0.0258277153558052,-0.0479999999999999,0.0859999999999999,0.058,-0.4528301886792452,-0.0041279999999999,0.347,0.018,0.2,0.1,0.0,0.5598290598290598,0.3470216479400749,0.0367842946816479,-0.0,,
202738,Isaiah Thomas,2019-20,31.0,23.1,0.236,0.531,0.0986478515761883,0.5826972010178118,0.0113098185090293,1.0,,4.37,3.8,0.2,0.4977777777777777,0.5022222222222222,0.1009389671361502,0.5,0.1551615776081425,-0.093,-0.361,0.143,-0.3940677966101695,0.033573,0.443,0.18,5.2,1.9,0.7,0.4107981220657277,0.3780678852134578,0.089224020910376,-0.0,,
202397,Ish Smith,2019-20,31.0,26.3,0.186,0.509,0.113699172762608,0.7896512935883013,0.0091206695522828,1.0,45.83626879646728,5.15,4.4,0.1,0.5911111111111111,0.4088888888888888,0.4461825863282989,0.5,0.0628143982002249,-0.0549999999999999,0.1009999999999999,0.131,-0.2956989247311827,-0.0055549999999999,0.714,0.219,4.4,0.9,0.3,0.4310595065312046,0.3979254343207098,0.074014130783652,-0.0,,
200755,JJ Redick,2019-20,36.0,26.3,0.197,0.644,0.1858244532889729,0.1671974522292993,0.0162480857715993,1.0,46.361804691853784,5.05,1.1,0.4,0.2377777777777777,0.7622222222222222,0.4351098030337332,0.2510131431623584,0.0454251592356687,-0.01,-0.077,0.187,-0.0507614213197969,0.00077,0.112,0.14,4.4,2.3,1.0,0.4152139461172742,0.3908746514508138,0.0770023063358103,-0.0,,
1629630,Ja Morant,2019-20,20.0,31.0,0.256,0.556,0.1187572704961934,0.8073630136986302,0.0153822602638412,1.0,44.90772392557261,4.84,6.8,0.3,0.7866666666666666,0.2133333333333333,0.7942857142857143,0.1353574158888544,0.1284426369863013,0.143,-0.003,0.399,0.55859375,-0.000429,0.682,0.049,4.3,1.7,0.5,0.6168623265741728,0.4498445776255708,0.1151602118721461,-0.0,MEM,0.5630359832240905
203210,JaMychal Green,2019-20,30.0,20.7,0.132,0.576,0.0994390289517064,0.0207900207900207,0.0047688951216732,1.0,45.09815453994151,4.46,0.7,0.6,0.1133333333333333,0.8866666666666667,0.1979301948051947,0.2667758563694483,0.0118711018711018,0.0119999999999999,0.019,0.144,0.0909090909090907,0.0002279999999999,0.166,0.023,0.3,0.1,0.0,0.3759213759213759,0.3772047401247401,0.0497910256964657,-0.0,,
203953,Jabari Parker,2019-20,25.0,24.2,0.233,0.571,0.1284849299394601,0.2651515151515151,0.0144506064508893,1.0,,4.87,1.5,2.0,0.2444444444444444,0.7555555555555555,0.4,0.5,0.0,-0.066,-0.2979999999999999,0.167,-0.2832618025751073,0.0196679999999999,0.352,0.041,1.2,0.5,0.1,0.585081585081585,0.35149898989899,0.0818992646464646,-0.0,,
203109,Jae Crowder,2019-20,29.0,28.8,0.152,0.553,0.0890044075657565,0.1123595505617977,0.0052744465504559,0.0,45.69330730803345,4.39,1.4,0.3,0.26,0.74,0.2313897225454767,0.3083386963633432,0.0,-0.005,-0.095,0.147,-0.0328947368421052,0.000475,0.23,0.038,2.1,1.6,0.6,0.3098404255319149,0.3053305617977528,0.0464102453932584,-0.0,MIA,0.5909982899339292
1626143,Jahlil Okafor,2019-20,24.0,15.6,0.195,0.642,0.207991599889677,0.4255952380952381,0.017910087706198,1.0,,4.57,1.1,2.9,0.29,0.71,0.4,0.5,0.086860119047619,-0.059,-0.387,0.136,-0.3025641025641025,0.022833,0.436,0.008,0.3,0.0,0.0,0.8209876543209876,0.4057952232142857,0.0791300685267857,-0.0,,
1627751,Jakob Poeltl,2019-20,24.0,17.7,0.125,0.612,0.16471096381049,0.0249999999999999,0.0072792649653855,1.0,,4.89,0.9,1.8,0.2799999999999999,0.72,0.2,0.5,0.016,-0.063,-0.297,0.062,-0.504,0.018711,0.247,0.027,0.0,0.0,0.0,0.7954545454545454,0.39936,0.04992,-0.0,,
1628973,Jalen Brunson,2019-20,23.0,17.9,0.199,0.553,0.1518361337378856,0.7021276595744681,0.0134789093089696,1.0,,4.56,2.8,0.1,0.5888888888888889,0.4111111111111111,0.2345360824742267,0.052486424821095,0.0873442940038684,0.0209999999999999,0.0499999999999999,0.22,0.1055276381909547,0.0010499999999999,0.624,0.155,2.9,0.8,0.2,0.4319371727748691,0.4342875886524823,0.0864232301418439,-0.0,,
1627750,Jamal Murray,2019-20,23.0,32.3,0.248,0.559,0.1056356565847206,0.6825688073394496,0.013046320918998,1.2472915576381416,45.30487696838947,4.67,5.9,0.8,0.6555555555555556,0.3444444444444444,0.4639762157070528,0.3642966358326737,0.0806825688073394,0.0429999999999999,-0.054,0.291,0.1733870967741934,-0.002322,0.475,0.192,8.1,3.0,1.0,0.3732171156893819,0.5135954049214875,0.1273716604205289,-0.0,,
203516,James Ennis III,2019-20,29.0,18.3,0.151,0.565,0.0688947553932896,0.1339712918660287,0.0040425144733563,0.691699604743083,,4.7,0.6,0.5,0.1488888888888889,0.8511111111111112,0.2,1.0,0.0241913875598086,-0.077,-0.1449999999999999,0.074,-0.5099337748344371,0.0111649999999999,0.256,0.026,0.6,0.3,0.1,0.4173027989821883,0.2455956140350877,0.0370849377192982,-0.0,,
201935,James Harden,2019-20,30.0,36.5,0.356,0.626,0.1677526482898184,0.884065643197459,0.0356323431427871,0.942351566191748,45.361786096225806,3.87,8.6,0.5,0.9555555555555556,0.0444444444444445,0.8826948480845442,0.0977148344952009,0.0387501323451561,0.013,-0.034,0.369,0.0365168539325843,-0.000442,0.847,0.009,11.6,10.9,3.8,0.5838117106773824,0.5199316216693135,0.1850956573142756,-0.001191894434445,,
201949,James Johnson,2019-20,33.0,19.4,0.186,0.572,0.15833695734974,0.3789682539682539,0.0127014034562598,1.0,,4.53,1.5,0.3,0.3933333333333333,0.6066666666666667,0.4,0.357546495342251,0.0310753968253968,-0.037,-0.0159999999999999,0.149,-0.1989247311827957,0.0005919999999999,0.408,0.022,1.2,1.0,0.3,0.4837209302325581,0.4068008068783069,0.075664950079365,-0.0,,
1628991,Jaren Jackson Jr.,2019-20,20.0,28.5,0.238,0.593,0.1647036759730753,0.1820956256358087,0.0191235593385809,1.0,44.30513904242843,4.71,1.3,3.6,0.36,0.64,0.5841965471447543,0.5,0.0099643947100712,-0.0809999999999999,0.019,0.157,-0.3403361344537814,-0.001539,0.241,0.012,0.9,0.7,0.2,0.4714475431606906,0.4141442115971515,0.098566322360122,-0.0,,
1629633,Jarrett Culver,2019-20,21.0,23.9,0.187,0.467,0.067948446179797,0.4858841010401188,0.0054946741131799,1.0,45.87723013838001,4.6,2.1,0.4,0.2333333333333333,0.7666666666666666,0.6533333333333333,1.0,0.0326433878157503,-0.089,0.191,0.098,-0.4759358288770053,-0.016999,0.5,0.031,1.5,1.0,0.3,0.539543057996485,0.2980699108469539,0.0557390733283803,-0.0,,
1629637,Jaxson Hayes,2019-20,20.0,16.9,0.146,0.689,0.2311932956440557,0.0085227272727272,0.0128974697973283,1.0,,4.68,0.6,1.5,0.1644444444444444,0.8355555555555556,0.2,0.5,0.0059488636363636,-0.06,-0.3039999999999999,0.086,-0.4109589041095891,0.0182399999999999,0.19,0.004,0.0,0.0,0.0,0.7567567567567568,0.4029275505050505,0.0588274223737373,-0.0,,
1627759,Jaylen Brown,2019-20,23.0,33.9,0.245,0.583,0.1460937376776754,0.4735472679965307,0.0177166141510325,0.7902283579090724,45.21521617292076,4.37,2.2,1.5,0.2444444444444444,0.7555555555555555,0.650949614083774,0.5,0.0693235039028621,-0.066,0.008,0.179,-0.2693877551020408,-0.000528,0.4,0.072,4.1,1.7,0.5,0.4902127659574468,0.3259908714201862,0.0798677634979456,-0.0,,
1628369,Jayson Tatum,2019-20,22.0,34.3,0.28,0.567,0.1402701799954552,0.689019279128248,0.0207827207070695,0.9328989988221432,45.63072108145523,4.38,3.4,1.8,0.3777777777777777,0.6222222222222222,0.5919696889964741,0.1503633140132539,0.0166621961441742,0.0019999999999999,0.049,0.282,0.0071428571428569,9.799999999999744e-05,0.529,0.102,8.4,4.7,1.9,0.5506410256410257,0.358418552668343,0.100357194747136,-0.0,BOS,
201952,Jeff Teague,2019-20,32.0,24.8,0.192,0.557,0.1003238093611633,1.0,0.0084402606246846,1.0,44.99014673721645,4.09,4.5,0.0,0.6799999999999999,0.32,0.8145317466183752,0.4614406798976018,0.0,-0.044,-0.115,0.148,-0.2291666666666667,0.00506,0.779,0.047,2.8,1.2,0.5,0.6265306122448979,0.3920976315789473,0.0752827452631579,-0.0,,
203924,Jerami Grant,2019-20,26.0,26.6,0.177,0.591,0.1283301480413135,0.1927330173775671,0.0095562740296666,0.9867894608408624,45.41194463170846,4.31,1.1,1.3,0.1511111111111111,0.8488888888888889,0.727685818594265,0.5,0.0403507109004739,-0.0769999999999999,0.196,0.1,-0.4350282485875705,-0.015092,0.158,0.068,1.1,0.1,0.0,0.417079207920792,0.2722060193818326,0.0481804654305843,-0.0,,
203087,Jeremy Lamb,2019-20,28.0,28.1,0.195,0.547,0.1209804498361431,0.5656836461126005,0.0104175864239224,1.0,,4.37,2.2,0.4,0.2444444444444444,0.7555555555555555,0.2254697286012525,0.3286063470097789,0.0312091152815013,-0.0239999999999999,-0.061,0.171,-0.123076923076923,0.001464,0.537,0.225,4.7,1.2,0.3,0.5219206680584552,0.3290254393803991,0.0641599606791778,-0.0,,
202710,Jimmy Butler III,2019-20,30.0,33.8,0.246,0.585,0.0597304251693529,0.7043956043956044,0.0072878305586975,1.107442301804269,45.23525271377206,4.46,5.4,2.9,0.6288888888888888,0.3711111111111111,0.983905013192612,0.8042829686723378,0.173665934065934,0.1139999999999999,-0.1339999999999999,0.36,0.4634146341463414,-0.0152759999999999,0.586,0.092,4.5,1.3,0.3,0.6310772163965681,0.4050983409382113,0.0996541918707999,-0.0,MIA,0.5808714524207012
204060,Joe Ingles,2019-20,32.0,29.7,0.148,0.595,0.185279976076901,0.50355871886121,0.0105492372363783,0.9311157450534412,45.1455605863914,4.5,3.2,0.1,0.5422222222222222,0.4577777777777778,0.3834292289988491,0.5,0.0629946619217081,-0.0579999999999999,-0.029,0.09,-0.3918918918918919,0.001682,0.467,0.031,2.8,2.3,0.8,0.3245469522240527,0.3855233385479529,0.057057454105097,-0.0,,
203954,Joel Embiid,2019-20,26.0,29.5,0.315,0.59,0.0743784270082644,0.2226310947562097,0.0131496084168166,1.1910175620953245,45.715689974847294,4.01,2.5,9.5,0.95,0.05,0.8971285892634207,0.2207532541546258,0.0381490340386384,0.072,0.129,0.387,0.2285714285714286,0.009288,0.479,0.164,3.6,0.4,0.1,0.4908675799086758,0.423820032198712,0.1335033101425942,-0.0001071404927552,PHI,0.5559999999999999
1628381,John Collins,2019-20,22.0,33.2,0.224,0.659,0.2104523725700682,0.0726950354609929,0.0223113502378749,1.0,,4.59,1.8,4.0,0.4,0.6,0.2,0.5,0.0057996453900709,-0.074,-0.062,0.15,-0.3303571428571429,0.004588,0.215,0.038,0.8,0.3,0.0,0.5735537190082645,0.4656402482269504,0.1043034156028368,-0.0,,
202685,Jonas Valančiūnas,2019-20,28.0,26.4,0.211,0.631,0.1350832256056299,0.0656634746922024,0.0130925760548942,1.0,45.12801775304072,4.31,1.6,5.5,0.55,0.4499999999999999,0.3641509433962264,0.5,0.0414993160054719,-0.132,-0.255,0.0789999999999999,-0.6255924170616114,0.03366,0.382,0.034,0.5,0.0,0.0,0.6977058029689609,0.4576380300957592,0.0965616243502052,-0.0,MEM,0.5342171112423131
1628371,Jonathan Isaac,2019-20,22.0,28.8,0.181,0.552,0.0782846954274689,0.1763848396501457,0.0060282982177005,1.0,,4.83,1.4,1.2,0.1644444444444444,0.8355555555555556,0.3975903614457831,1.0,0.0128396501457725,-0.1009999999999999,-0.034,0.08,-0.5580110497237569,0.003434,0.333,0.114,2.2,0.2,0.1,0.4728915662650602,0.3045955814706835,0.0551318002461937,-0.0,,
203903,Jordan Clarkson,2019-20,28.0,24.0,0.254,0.574,0.1435677623585728,0.577889447236181,0.0183783918282237,1.2648881246573085,45.2677233620388,4.72,2.2,0.3,0.2888888888888889,0.711111111111111,0.4603702233062945,0.4441207998988256,0.0487839195979899,-0.015,-0.0979999999999999,0.239,-0.0590551181102362,0.00147,0.546,0.035,3.7,2.4,0.8,0.533678756476684,0.3520295088813535,0.0894154952558638,-0.0,UTA,0.6028933134094289
203895,Jordan McRae,2019-20,29.0,21.2,0.239,0.515,0.062658653215538,0.6766233766233766,0.0073211264386027,1.0,,4.31,2.0,0.1,0.3866666666666666,0.6133333333333334,0.2431693989071037,0.29541878229815,0.1000935064935065,0.0469999999999999,0.006,0.286,0.1966527196652719,0.000282,0.517,0.15,4.4,1.5,0.5,0.4590163934426229,0.3188685021645021,0.076209572017316,-0.0,,
1628404,Josh Hart,2019-20,25.0,27.0,0.15,0.563,0.1203401272008585,0.1925465838509316,0.0069911296279411,1.0,46.47916179206029,4.69,1.4,0.1,0.1866666666666666,0.8133333333333334,0.5134146341463415,0.3126641437517282,0.0,-0.009,-0.0869999999999999,0.141,-0.06,0.000783,0.267,0.009,1.2,0.8,0.2,0.3155893536121673,0.3344483643892339,0.050167254658385,-0.0,,
1629006,Josh Okogie,2019-20,21.0,25.0,0.148,0.553,0.0675068136491951,0.2686230248306998,0.0038436176824729,1.0,45.56190722954002,4.36,1.0,0.2,0.1977777777777777,0.8022222222222222,0.98125,0.3674285499276912,0.0,0.005,-0.019,0.153,0.0337837837837838,-9.500000000000015e-05,0.359,0.004,0.6,0.4,0.1,0.5150753768844221,0.3016007148231753,0.0446369057938299,-0.0,,
1626196,Josh Richardson,2019-20,26.0,30.8,0.2,0.533,0.0804507652521287,0.4954545454545454,0.0071957351978255,0.7046154533399792,45.78809216658607,4.56,3.0,0.6,0.3333333333333333,0.6666666666666667,0.4508771929824561,0.628809877613544,0.0070522727272727,-0.011,-0.048,0.189,-0.055,0.000528,0.453,0.191,4.5,1.1,0.4,0.4985754985754986,0.2817028409090908,0.0563405681818181,-0.0,,
201950,Jrue Holiday,2019-20,30.0,34.7,0.241,0.537,0.1343291566832671,0.7206477732793521,0.0158926329101964,1.0,46.496853273034766,4.88,4.8,0.9,0.6311111111111111,0.3688888888888889,0.610825953370685,0.4488142747697989,0.0956145748987854,0.006,-0.106,0.247,0.0248962655601659,-0.000636,0.62,0.043,5.1,3.2,1.1,0.539553752535497,0.4301121133603238,0.103657019319838,-0.0,NOP,
203944,Julius Randle,2019-20,25.0,32.5,0.271,0.538,0.0664608774634948,0.4612546125461255,0.0093760519969305,1.0,45.12842339462878,4.29,3.2,4.9,0.49,0.51,0.8203821656050956,0.6072936584186259,0.0347859778597785,-0.025,0.01,0.246,-0.0922509225092251,-0.00025,0.523,0.088,3.2,0.6,0.1,0.5557768924302788,0.360739446494465,0.09776039,-0.0,NYK,0.498401348279376
1626159,Justise Winslow,2019-20,24.0,32.0,0.19,0.44,-0.0005677521482947,0.5211912943871706,-4.70207105484996e-05,1.0,,4.46,4.5,1.2,0.5,0.5,0.3565891472868217,0.2976458815596627,0.1105211912943871,0.032,0.0559999999999999,0.222,0.1684210526315789,0.0017919999999999,0.46,0.097,2.6,0.5,0.2,0.5658914728682171,0.3086091065292096,0.0586357302405498,-0.0,,
203994,Jusuf Nurkić,2019-20,25.0,31.6,0.232,0.567,0.0693231746228722,0.1019698725376593,0.0077465873113536,1.1643356643356646,,4.31,1.9,7.3,0.73,0.27,0.2,0.2635471877254029,0.0267161066048667,0.0519999999999999,0.045,0.284,0.2241379310344826,0.00234,0.241,0.028,0.8,0.0,0.0,0.7228915662650602,0.4084483893395133,0.094760026326767,-0.0,,
1626157,Karl-Anthony Towns,2019-20,24.0,33.9,0.278,0.642,0.1697374913829432,0.1588709677419355,0.0248796904810344,1.0,,4.15,2.3,6.0,0.6,0.4,0.3585209003215434,0.3348929710982004,0.0247193548387096,-0.019,-0.1079999999999999,0.259,-0.0683453237410072,0.002052,0.383,0.028,2.3,1.7,0.6,0.4871382636655949,0.4930245161290322,0.1370608154838709,-0.0,,
202695,Kawhi Leonard,2019-20,29.0,32.4,0.327,0.589,0.1329920231786752,0.6890645586297761,0.024868364363346,1.0502902275852306,45.32311428779447,4.6,4.6,3.2,0.5666666666666667,0.4333333333333333,0.6276111359977291,0.2327233674452225,0.0569446640316205,-0.002,-0.0429999999999999,0.325,-0.0061162079510703,8.599999999999994e-05,0.637,0.18,10.1,2.6,0.9,0.4571428571428571,0.4034902055081256,0.131941297201157,-0.0003619556401845,,
203482,Kelly Olynyk,2019-20,29.0,19.4,0.165,0.621,0.1275643090639763,0.0675105485232067,0.0085497831036469,1.0,,4.53,1.0,0.8,0.2911111111111111,0.7088888888888889,0.1193467336683417,0.5,0.0421940928270042,-0.059,-0.021,0.106,-0.3575757575757576,0.001239,0.174,0.036,0.7,0.3,0.1,0.3422131147540984,0.3587763525550867,0.0591980981715893,-0.0,,
1626162,Kelly Oubre Jr.,2019-20,24.0,34.5,0.219,0.56,0.0834987518416488,0.3428011753183153,0.0085574851833025,1.0,44.91731133779096,4.42,1.7,0.9,0.1888888888888888,0.8111111111111111,0.723584843923827,0.3366782357020029,0.0404701273261508,-0.0249999999999999,0.0869999999999999,0.194,-0.1141552511415524,-0.0021749999999999,0.316,0.061,2.8,1.0,0.4,0.5326757090012331,0.3046705354227881,0.0667228472575905,-0.0,,
202689,Kemba Walker,2019-20,30.0,31.1,0.268,0.575,0.1542237026597629,0.7685624012638231,0.0213970211845722,1.0010768213772925,46.550781028254185,4.71,5.9,0.1,0.6555555555555556,0.3444444444444444,0.5584990555425854,0.1411989569171621,0.091281990521327,0.0199999999999999,-0.0409999999999999,0.288,0.0746268656716416,-0.0008199999999999,0.638,0.101,8.5,5.9,2.1,0.5135371179039301,0.4356176181384517,0.116745521661105,-0.0,,
1629134,Kendrick Nunn,2019-20,24.0,29.3,0.236,0.534,0.1181158925550969,0.5264150943396226,0.0135417982904415,0.5477485658105624,44.67205840819358,4.49,3.5,0.3,0.4044444444444444,0.5955555555555556,0.3677634258451154,0.5,0.0083349056603773,-0.1229999999999999,0.0389999999999999,0.113,-0.521186440677966,-0.0047969999999999,0.499,0.158,4.7,1.7,0.6,0.4587155963302752,0.2720097207367795,0.0641942940938799,-0.0,,
1629026,Kenrich Williams,2019-20,25.0,21.3,0.087,0.429,-0.061249749435372,0.0660377358490566,-0.0015717490094725,1.0,,5.0,0.8,0.1,0.1933333333333333,0.8066666666666666,0.1442786069651741,1.0,0.0278679245283018,-0.044,-0.255,0.043,-0.5057471264367817,0.0112199999999999,0.196,0.015,0.3,0.1,0.0,0.2925170068027211,0.2351654716981132,0.0204593960377358,-0.0,,
203145,Kent Bazemore,2019-20,30.0,24.8,0.171,0.499,0.0440050431166329,0.4041867954911433,0.0031116920940429,1.0,45.308749769625784,4.64,1.4,0.3,0.1711111111111111,0.8288888888888889,0.6562745934670269,0.9177194761603168,0.0848083735909823,-0.034,0.055,0.137,-0.1988304093567251,-0.00187,0.315,0.057,1.7,0.6,0.1,0.3938814531548757,0.2735666523528359,0.0467798975523349,-0.0,,
203484,Kentavious Caldwell-Pope,2019-20,27.0,25.5,0.142,0.584,0.1345883285357822,0.1602316602316602,0.0072017810908836,0.8848470052083334,45.879913722609686,4.36,0.9,0.6,0.1888888888888888,0.8111111111111111,0.5365161708681202,0.5,0.0319980694980695,-0.0399999999999999,0.123,0.102,-0.2816901408450704,-0.0049199999999999,0.173,0.115,1.6,0.4,0.1,0.3468208092485549,0.3473297480516231,0.0493208242233304,-0.0,LAL,0.5520000000000002
1628989,Kevin Huerter,2019-20,21.0,31.4,0.169,0.536,0.1230245637935268,0.4260429835651074,0.0085471611193049,1.0,45.439979892500865,4.58,2.2,0.3,0.38,0.62,0.2801173108738155,0.5,0.0798697850821744,-0.072,-0.148,0.097,-0.4260355029585799,0.010656,0.377,0.073,4.1,2.0,0.6,0.3333333333333333,0.3754498482932995,0.0634510243615676,-0.0,ATL,0.5949999999999999
1628995,Kevin Knox II,2019-20,20.0,17.9,0.172,0.47,0.024558536127145,0.2875536480686695,0.0017518428557869,1.0,,4.46,0.8,0.1,0.1688888888888889,0.8311111111111111,0.2309368191721132,1.0,0.0181502145922746,-0.1399999999999999,-0.47,0.032,-0.813953488372093,0.0657999999999999,0.306,0.081,1.4,0.5,0.2,0.4014962593516209,0.2681722079160705,0.0461256197615641,-0.0,,
201567,Kevin Love,2019-20,31.0,31.8,0.225,0.599,0.1161896527731841,0.0569395017793594,0.0124005580866234,1.0,46.364940751932046,4.09,2.0,4.5,0.45,0.55,0.2611554332874828,0.1906190066504559,0.0345622775800711,0.005,0.02,0.23,0.0222222222222222,0.0001,0.26,0.158,3.1,1.6,0.5,0.3763736263736263,0.4150173487544484,0.0933789034697508,-0.0,,
1629645,Kevin Porter Jr.,2019-20,20.0,23.2,0.202,0.535,0.1270157288346485,0.553125,0.0115314669540854,1.0,46.4481382855768,4.38,1.8,0.4,0.3266666666666666,0.6733333333333333,0.6040040719375634,0.1974716439853503,0.124978125,0.0339999999999999,0.0989999999999999,0.236,0.1683168316831682,0.0033659999999999,0.468,0.084,3.1,1.4,0.4,0.4061757719714964,0.3555611770833333,0.0718233577708333,-0.0,,
203114,Khris Middleton,2019-20,28.0,29.9,0.26,0.619,0.1689113173850182,0.5605381165919282,0.0223933346887346,0.8353431455616148,45.152920109305335,4.66,3.5,2.7,0.4711111111111111,0.528888888888889,0.4359194152845932,0.3372165215892082,0.0697883408071748,0.071,-0.121,0.331,0.2730769230769231,-0.008591,0.522,0.242,7.6,2.5,0.9,0.4622980251346499,0.3739066331221008,0.0972157246117462,-0.0,MIL,0.5941173879341313
1627739,Kris Dunn,2019-20,26.0,24.9,0.145,0.51,0.0580983217162864,0.5714285714285714,0.0032078613611647,1.0,45.191376282243866,4.59,2.6,0.1,0.44,0.56,0.5970149253731343,1.0,0.0,-0.0369999999999999,-0.1099999999999999,0.108,-0.2551724137931034,0.0040699999999999,0.474,0.016,0.9,0.3,0.1,0.4678362573099415,0.335060482374768,0.0485837699443413,-0.0,,
204001,Kristaps Porziņģis,2019-20,24.0,31.8,0.263,0.551,0.0883054976975108,0.1053061224489795,0.0119102633768163,1.8682114409847936,45.56092825084421,4.21,1.6,4.2,0.42,0.58,0.2886135245472626,0.404710976414831,0.0320514285714285,-0.009,-0.089,0.254,-0.0342205323193916,0.000801,0.186,0.127,2.9,0.6,0.2,0.4464864864864865,0.4610838530612245,0.121265053355102,-0.0,,
1629065,Ky Bowman,2019-20,23.0,22.6,0.168,0.494,0.0691338583985385,0.6728624535315986,0.0047605235547787,1.0,,4.75,3.8,0.2,0.4488888888888889,0.5511111111111111,0.2888015717092338,1.0,0.0142602230483271,-0.065,0.756,0.103,-0.386904761904762,-0.04914,0.485,0.185,3.1,1.1,0.3,0.5327102803738317,0.3381270384138786,0.0568053424535316,-0.0,,
203937,Kyle Anderson,2019-20,26.0,19.8,0.134,0.534,0.0711866486087432,0.3447293447293447,0.0034918513304603,1.0,,4.52,1.3,0.5,0.3622222222222222,0.6377777777777778,0.2990936555891239,0.9967694972451392,0.0489658119658119,-0.044,-0.024,0.09,-0.3283582089552239,0.001056,0.389,0.123,1.2,0.2,0.0,0.4743202416918429,0.3405788414055081,0.045637564748338,-0.0,,
1628398,Kyle Kuzma,2019-20,24.0,25.0,0.221,0.531,0.0603653210869525,0.314070351758794,0.0062715649679491,1.090518399140478,45.42287488463175,4.58,1.5,1.6,0.1688888888888889,0.8311111111111111,0.5152422427871528,1.0,0.0548680904522613,-0.103,0.525,0.118,-0.4660633484162896,-0.054075,0.299,0.082,2.8,1.0,0.2,0.4456264775413711,0.2881971915131212,0.0636915793243997,-0.0,,
200768,Kyle Lowry,2019-20,34.0,36.2,0.225,0.59,0.123171811510263,0.6420302760463045,0.0131457420416714,0.9514223218569432,45.471827669716625,4.23,5.7,0.1,0.6866666666666666,0.3133333333333333,0.7533921706643565,0.1331155471710614,0.0,0.046,0.082,0.271,0.2044444444444444,0.003772,0.614,0.052,5.8,4.2,1.5,0.405982905982906,0.4376365895146926,0.0984682326408058,-0.0,,
202681,Kyrie Irving,2019-20,28.0,32.9,0.318,0.595,0.1745586089241156,0.8337950138504155,0.0313027110467867,1.0,,4.52,6.3,0.9,0.7355555555555556,0.2644444444444443,0.2283653846153845,0.2590253735187942,0.085157894736842,0.1069999999999999,-0.0939999999999999,0.425,0.3364779874213836,-0.0100579999999999,0.754,0.139,11.1,5.1,2.0,0.5360576923076923,0.4832152046783626,0.1536624350877193,-0.0001350382736842,,
200746,LaMarcus Aldridge,2019-20,34.0,33.1,0.236,0.571,0.1077510450373061,0.2495682210708117,0.0123534850892215,1.0,45.790435810069994,4.2,1.8,7.0,0.7,0.3,0.5212912988650693,0.3492003120733381,0.0283411053540587,-0.0189999999999999,-0.0119999999999999,0.217,-0.0805084745762711,0.0002279999999999,0.373,0.316,4.4,0.3,0.1,0.4646074646074646,0.46381006044905,0.1094591742659758,-0.0,,
1629013,Landry Shamet,2019-20,23.0,27.4,0.132,0.58,0.1205388284134116,0.1801652892561983,0.0057807989162092,0.0,44.773716352678775,5.01,1.2,0.1,0.1999999999999999,0.8,0.3651344439068222,0.5,0.0219454545454545,-0.046,0.3410000000000001,0.086,-0.3484848484848485,-0.015686,0.139,0.016,1.5,1.0,0.3,0.3363028953229399,0.2631669421487603,0.0347380363636363,-0.0,LAC,
204038,Langston Galloway,2019-20,28.0,25.8,0.149,0.584,0.1407963410054209,0.1720930232558139,0.0080978694535495,1.0,45.40812448961228,4.49,0.9,0.3,0.1977777777777777,0.8022222222222222,0.3267752677526775,0.5,0.0279193798449612,-0.047,-0.0839999999999999,0.102,-0.3154362416107382,0.0039479999999999,0.131,0.077,1.3,0.3,0.1,0.3803339517625232,0.3509971714039621,0.0522985785391903,-0.0,,
1626204,Larry Nance Jr.,2019-20,27.0,26.3,0.15,0.608,0.1532642627486197,0.1111111111111111,0.0089038490579124,1.0,45.89652405091759,4.25,1.5,1.6,0.2799999999999999,0.72,0.3012987012987013,0.3914958117577557,0.0206453576864535,-0.0389999999999999,-0.045,0.111,-0.2599999999999999,0.001755,0.297,0.074,0.6,0.2,0.0,0.4385150812064965,0.3867869710806697,0.0580180456621004,-0.0,,
1628374,Lauri Markkanen,2019-20,23.0,29.8,0.209,0.56,0.0908695096164615,0.1601642710472279,0.0086823564880669,1.0,45.80582806193301,4.66,1.4,1.6,0.1711111111111111,0.8288888888888889,0.6130545756976109,0.3119688752740041,0.0107104722792607,-0.0129999999999999,-0.025,0.196,-0.0622009569377989,0.0003249999999999,0.267,0.016,0.7,0.3,0.1,0.4077834179357022,0.3146128678986996,0.0657540893908282,-0.0,,
2544,LeBron James,2019-20,35.0,34.6,0.308,0.577,0.1483332587269611,0.6977777777777778,0.0253550582474458,1.09679783847193,45.75454097740398,4.17,7.4,2.8,1.0,0.0,0.7525773195876289,0.4784197502020413,0.0864330158730158,0.028,-0.1339999999999999,0.336,0.090909090909091,-0.003752,0.711,0.081,7.0,3.8,1.3,0.4452380952380952,0.6209705625879044,0.1912589332770745,-1.7857883994374153e-05,,
1629022,Lonnie Walker IV,2019-20,21.0,16.2,0.183,0.507,0.0915032603013442,0.4680306905370844,0.007163301042231,1.0,,4.57,1.0,0.0,0.22,0.78,0.3380281690140845,0.4729806040940836,0.103388746803069,-0.04,0.046,0.143,-0.2185792349726776,-0.00184,0.309,0.118,1.4,0.2,0.1,0.4742857142857143,0.3102528644501279,0.0567762741943734,-0.0,,
1628366,Lonzo Ball,2019-20,22.0,32.1,0.181,0.517,0.0831296746309065,0.3805620608899298,0.0064013849281666,1.0,46.12869892591828,4.84,4.7,0.2,0.6488888888888888,0.3511111111111111,0.3737403683078935,0.5,0.0864344262295081,-0.035,-0.084,0.146,-0.1933701657458564,0.00294,0.372,0.054,3.3,1.8,0.6,0.2964071856287425,0.4192840619307832,0.0758904152094717,-0.0,,
101150,Lou Williams,2019-20,33.0,28.7,0.271,0.546,0.1055745218589451,0.7712811693895099,0.0148940586444146,1.1682005913522506,45.54736104936706,4.46,5.0,0.1,0.6533333333333333,0.3466666666666667,0.663034188034188,0.1371892571946368,0.1191900257953567,0.0149999999999999,0.0709999999999999,0.286,0.0553505535055348,0.0010649999999999,0.67,0.162,7.4,2.6,0.8,0.4782608695652174,0.4065226205668943,0.1101676301736283,-0.0,,
1629652,Luguentz Dort,2019-20,21.0,22.8,0.139,0.506,0.0254796433198404,0.2222222222222222,0.001320430491551,1.322826875082305,,4.08,0.6,0.3,0.0999999999999999,0.9,0.4,1.0,0.0100088888888888,-0.08,-0.506,0.059,-0.5755395683453238,0.04048,0.233,0.0,0.3,0.2,0.1,0.4203389830508474,0.2390771130104463,0.033231718708452,-0.0,,
1629029,Luka Dončić,2019-20,21.0,33.6,0.355,0.585,0.1477684416560723,0.862733976176971,0.0312553396648257,0.9616370184750976,44.640289223953395,4.51,8.9,1.1,1.0,0.0,0.8379143619695971,0.4160037485429561,0.0147033465683494,-0.006,-0.1349999999999999,0.349,-0.0169014084507042,0.00081,0.809,0.023,9.0,7.2,2.3,0.5403587443946188,0.4355239329390959,0.154610996193379,-0.0014050401028592,DAL,0.6039666094430359
1628379,Luke Kennard,2019-20,24.0,32.9,0.193,0.589,0.1588657018786801,0.4577883472057075,0.0134699538989817,1.0,,4.65,2.7,0.1,0.4177777777777777,0.5822222222222222,0.1432748538011695,0.155567737828752,0.0690511296076099,-0.008,-0.0379999999999999,0.185,-0.0414507772020725,0.0003039999999999,0.364,0.109,5.2,2.5,0.9,0.425531914893617,0.4089926436781609,0.078935580229885,-0.0,,
1627763,Malcolm Brogdon,2019-20,27.0,30.9,0.249,0.541,0.1063643028161368,0.8296795952782462,0.0132158444513941,0.9864057127743984,45.220240635597925,4.53,6.8,0.7,0.7777777777777777,0.2222222222222223,0.6518349696119681,0.2160532691509452,0.0799603709949409,0.0439999999999999,0.0659999999999999,0.293,0.1767068273092368,0.0029039999999999,0.752,0.197,6.7,2.8,0.9,0.4679012345679012,0.4290551246018362,0.1068347260258572,-0.0,,
1627736,Malik Beasley,2019-20,23.0,22.0,0.208,0.546,0.1169413777625282,0.3413173652694611,0.0110933626004921,1.0,45.07669383515774,4.66,1.2,0.2,0.2066666666666666,0.7933333333333333,0.3675547318429282,0.5,0.0778862275449102,-0.0699999999999999,0.01,0.138,-0.3365384615384614,-0.0007,0.229,0.098,3.0,1.4,0.5,0.4344569288389513,0.3294886427145708,0.0685336376846307,-0.0,,
201188,Marc Gasol,2019-20,35.0,26.4,0.133,0.551,0.0269206327910415,0.0931558935361216,0.001305758090947,1.0,,3.73,1.3,1.8,0.3844444444444444,0.6155555555555556,0.0878136200716845,1.0,0.0492794676806083,-0.045,-0.3340000000000001,0.088,-0.3383458646616542,0.01503,0.176,0.03,0.5,0.0,0.0,0.272189349112426,0.2636498098859315,0.0350654247148288,-0.0,,
201158,Marco Belinelli,2019-20,34.0,15.5,0.166,0.532,0.091011959365212,0.18732782369146,0.0061554611738974,1.0,,5.11,0.7,0.2,0.2266666666666666,0.7733333333333333,0.0923566878980891,0.2881052462148851,0.0351542699724517,-0.014,0.152,0.152,-0.0843373493975904,-0.002128,0.106,0.188,2.3,1.0,0.4,0.375,0.3280387144168962,0.0544544265932047,-0.0,,
202694,Marcus Morris Sr.,2019-20,30.0,31.2,0.216,0.57,0.1168642636119409,0.4734042553191489,0.0117317379473929,0.8503463460916646,45.41709392094441,4.26,1.8,2.0,0.2,0.8,0.4292526623315426,0.184764625981941,0.0705393617021276,0.047,0.007,0.263,0.2175925925925926,0.000329,0.465,0.219,6.3,1.9,0.7,0.4343105320304017,0.3414939419567346,0.0737626914626546,-0.0,,
203935,Marcus Smart,2019-20,26.0,32.0,0.183,0.518,0.0753922118743966,0.460093896713615,0.0059020531958907,0.987543326010744,45.77402752424853,4.29,3.5,0.7,0.4755555555555555,0.5244444444444445,0.4024540824201263,0.5575827255258967,0.0,0.002,-0.018,0.185,0.0109289617486338,-3.600000000000006e-05,0.473,0.041,3.9,2.5,1.0,0.3761363636363636,0.3868665301508192,0.0707965750175999,-0.0,,
1628365,Markelle Fultz,2019-20,22.0,27.7,0.21,0.517,0.0940647661926013,0.7488207547169811,0.0090522371374242,1.0631601619031557,45.57119555384839,4.97,5.6,0.4,0.6222222222222222,0.3777777777777777,0.6467289719626168,0.2476360453204105,0.0055613207547169,-0.0089999999999999,0.0609999999999999,0.201,-0.0428571428571427,-0.0005489999999999,0.646,0.166,3.9,0.6,0.1,0.546875,0.3727365662584133,0.0782746789142668,-0.0,,
202693,Markieff Morris,2019-20,30.0,20.5,0.202,0.565,0.1306965419738959,0.1600688468158347,0.0118656395441168,0.0,45.69825911061692,4.13,0.8,1.9,0.2222222222222222,0.7777777777777778,0.4614725554142942,0.5,0.0128743545611015,-0.081,-0.4629999999999999,0.121,-0.400990099009901,0.037503,0.217,0.089,1.3,0.4,0.1,0.3861566484517304,0.3202937464142283,0.0646993367756741,-0.0,,
1627737,Marquese Chriss,2019-20,22.0,20.3,0.184,0.604,0.0987907877942686,0.0709677419354838,0.0077972809549142,1.0,45.158756660652905,4.58,1.0,1.8,0.3333333333333333,0.6666666666666667,0.44,0.5,0.0422967741935483,-0.081,-0.1439999999999999,0.103,-0.4402173913043478,0.0116639999999999,0.248,0.018,0.2,0.0,0.0,0.7020725388601037,0.3691354838709677,0.067920929032258,-0.0,,
101107,Marvin Williams,2019-20,34.0,19.5,0.12,0.587,0.072290980607492,0.1132596685082873,0.0030050796321876,1.0,,4.27,0.5,0.8999999999999999,0.1688888888888889,0.8311111111111111,0.0786516853932584,0.4930364005505626,0.0668232044198895,-0.0039999999999999,0.383,0.116,-0.0333333333333332,-0.0015319999999999,0.185,0.035,0.6,0.2,0.0,0.3966666666666666,0.2840012523020258,0.0340801502762431,-0.0,,
203486,Mason Plumlee,2019-20,30.0,17.3,0.173,0.613,0.1889297220175176,0.1373134328358208,0.0135946941148732,1.0,,4.45,1.1,2.1,0.4666666666666666,0.5333333333333334,0.2,0.1053158373395056,0.1014746268656716,-0.0119999999999999,0.042,0.161,-0.0693641618497108,-0.0005039999999999,0.277,0.009,0.4,0.0,0.0,0.7859327217125383,0.356174527363184,0.0616181932338308,-0.0,,
203521,Matthew Dellavedova,2019-20,29.0,14.4,0.128,0.463,0.0688567040980054,1.0,0.003153270191508,1.0,,4.78,2.3,0.1,0.6599999999999999,0.3400000000000001,0.1485714285714285,0.4076405128725811,0.0,0.042,0.341,0.17,0.328125,0.014322,0.484,0.034,0.8,0.4,0.1,0.4114285714285714,0.3613121052631579,0.0462479494736842,-0.0,,
203090,Maurice Harkless,2019-20,27.0,23.0,0.105,0.572,0.136445343672694,0.2336182336182336,0.0046424011822013,1.0,44.27651172046173,4.4,0.8,0.3,0.1377777777777777,0.8622222222222222,0.6869565217391305,0.5,0.0051282051282051,-0.0259999999999999,-0.2959999999999999,0.079,-0.2476190476190475,0.0076959999999999,0.296,0.022,0.2,0.1,0.0,0.5638297872340425,0.3276070655270655,0.0343987418803418,-0.0,,
1628467,Maxi Kleber,2019-20,28.0,25.5,0.134,0.605,0.1252695829511416,0.0161290322580645,0.0061447303454096,1.0,45.01302659714072,4.32,0.7,0.9,0.1444444444444444,0.8555555555555555,0.2609034004398578,0.4152457508778867,0.0095967741935483,-0.016,0.013,0.118,-0.1194029850746269,-0.000208,0.084,0.021,0.3,0.1,0.0,0.2975970425138632,0.2235081541218638,0.0299500926523297,-0.0,DAL,0.5951643042125748
1629008,Michael Porter Jr.,2019-20,22.0,16.4,0.211,0.617,0.1766425055357402,0.2253258845437616,0.0171205967867958,0.8145860627612452,,4.46,0.8,0.8,0.1644444444444444,0.8355555555555556,0.381201044386423,0.5,0.0381415270018622,-0.087,-0.053,0.124,-0.4123222748815165,0.004611,0.303,0.09,1.5,0.7,0.3,0.6014625228519196,0.3126041823574039,0.0659594824774122,-0.0,,
1628969,Mikal Bridges,2019-20,23.0,28.0,0.125,0.62,0.1543321607293102,0.1422764227642276,0.0068205823379292,1.0,45.74772611948142,4.78,1.1,0.7,0.1911111111111111,0.8088888888888889,0.3545454545454545,0.3278218527044615,0.0155447154471544,-0.033,-0.0769999999999999,0.092,-0.264,0.0025409999999999,0.174,0.039,0.7,0.1,0.1,0.475103734439834,0.3587955916892502,0.0448494489611562,-0.0,PHX,0.610339333842584
201144,Mike Conley,2019-20,32.0,29.0,0.223,0.537,0.0983738180093634,0.7014462809917356,0.010359452938052,1.1265633996750888,,4.68,5.0,0.2,0.5555555555555556,0.4444444444444444,0.1693121693121693,0.5,0.11674173553719,-0.045,-0.21,0.178,-0.2017937219730942,0.00945,0.591,0.086,5.5,2.9,1.0,0.4072900158478605,0.4758086658372582,0.1061053324817085,-0.0,,
1628970,Miles Bridges,2019-20,22.0,30.7,0.196,0.52,0.0641080265291694,0.3115763546798029,0.0055628393107857,1.0,45.810636187843016,4.44,1.4,1.4,0.2044444444444444,0.7955555555555556,0.5720157487128456,1.0,0.0358879310344827,-0.065,0.1029999999999999,0.131,-0.3316326530612244,-0.0066949999999999,0.354,0.033,1.4,0.7,0.2,0.5254010695187166,0.2987697126436782,0.0585588636781609,-0.0,,
1629011,Mitchell Robinson,2019-20,22.0,23.2,0.129,0.726,0.3023339376077317,0.0059405940594059,0.0140078494601011,1.0,45.27056655550767,4.32,0.6,0.4,0.0866666666666666,0.9133333333333332,0.4571428571428572,0.3037309706709717,0.0045623762376237,-0.024,-0.12,0.105,-0.186046511627907,0.00288,0.332,0.003,0.0,0.0,0.0,0.8152492668621701,0.414801108910891,0.0535093430495049,-0.0,,
1628420,Monte Morris,2019-20,25.0,22.4,0.168,0.545,0.117107819710457,0.6353135313531353,0.0080639869825665,1.0183614793158775,45.61412262054276,4.68,3.7,0.2,0.4866666666666666,0.5133333333333334,0.4178309323185647,0.5,0.0997112211221121,-0.079,0.2139999999999999,0.089,-0.4702380952380953,-0.016906,0.508,0.188,3.3,0.7,0.2,0.4377682403433476,0.3708255155559414,0.0622986866133981,-0.0,,
1626149,Montrezl Harrell,2019-20,26.0,27.8,0.245,0.607,0.1903071317589866,0.3578313253012047,0.0230783199688024,1.3071155924842357,45.16928018165004,4.08,1.9,5.8,0.58,0.42,0.9209302325581394,0.5,0.0670927710843373,-0.088,0.058,0.157,-0.3591836734693877,-0.005104,0.382,0.007,1.0,0.2,0.0,0.8366890380313199,0.5191630490533563,0.1271949470180723,-0.0,,
1629021,Moritz Wagner,2019-20,23.0,18.6,0.179,0.638,0.0885137700580234,0.0914893617021276,0.0067033266900508,1.0,,4.89,1.0,1.5,0.2222222222222222,0.7777777777777778,0.2,0.5,0.054527659574468,-0.157,0.2239999999999999,0.0219999999999999,-0.8770949720670391,-0.035168,0.193,0.01,0.1,0.0,0.0,0.6278195488721805,0.3308997635933806,0.0592310576832151,-0.0,,
1626167,Myles Turner,2019-20,24.0,29.4,0.18,0.566,0.0596903045488176,0.0525587828492392,0.0045584012646963,1.0,45.824198897103145,4.38,1.0,3.1,0.31,0.69,0.3017017842732896,1.0,0.0286445366528354,-0.0579999999999999,0.1090000000000001,0.122,-0.3222222222222222,-0.006322,0.198,0.112,1.1,0.2,0.0,0.4358161648177496,0.4195080221300138,0.0755114439834025,-0.0,,
202357,Nemanja Bjelica,2019-20,32.0,27.9,0.167,0.602,0.1438385853592599,0.1753623188405797,0.0098163516998052,1.0,45.72706385403033,4.39,1.6,1.2,0.3133333333333333,0.6866666666666668,0.4629890783030138,0.4577940553568018,0.0311884057971014,-0.025,0.06,0.142,-0.1497005988023953,-0.0015,0.28,0.034,1.0,0.5,0.2,0.4252336448598131,0.3866529468599033,0.0645710421256038,-0.0,,
201587,Nicolas Batum,2019-20,31.0,23.0,0.093,0.463,-0.0061852123269602,0.1732851985559566,-0.0001754199712854,1.0,,4.44,1.1,0.0,0.3844444444444444,0.6155555555555556,0.0,1.0,0.092014440433213,-0.093,-0.463,0.0,-1.0,0.043059,0.429,0.025,0.9,0.4,0.0,0.3698630136986301,0.303875559566787,0.0282604270397111,-0.0,,
1629740,Nicolo Melli,2019-20,29.0,17.4,0.158,0.556,0.0274544797258053,0.1022727272727272,0.0017242444965794,1.0,,4.62,0.9,0.9,0.2488888888888888,0.7511111111111111,0.0835913312693498,1.0,0.0546136363636363,-0.064,0.0269999999999999,0.094,-0.4050632911392405,-0.0017279999999999,0.191,0.061,0.8,0.2,0.1,0.2420382165605095,0.2993501515151515,0.0472973239393939,-0.0,,
203999,Nikola Jokić,2019-20,25.0,32.0,0.266,0.605,0.1309098211961785,0.2387511478420569,0.0179595183221925,1.212212974428159,45.33844718418216,4.17,3.9,8.1,0.8099999999999999,0.19,0.6232092837134853,0.1657849519576382,0.0071524334251606,0.07,0.0,0.336,0.2631578947368421,0.0,0.441,0.143,1.9,0.5,0.1,0.508138711960368,0.5573298012186703,0.1482497271241663,-0.0,DEN,
202696,Nikola Vučević,2019-20,29.0,32.2,0.258,0.549,0.0768108856833537,0.1208967173738991,0.010065893515702,0.5595825736351373,45.47592638315324,4.1,1.8,6.6,0.6599999999999999,0.3400000000000001,0.2412460654682889,1.0,0.0110304243394715,-0.0249999999999999,-0.101,0.233,-0.0968992248062015,0.002525,0.227,0.12,1.4,0.0,0.0,0.4833916083916084,0.4490160448358686,0.1158461395676541,-0.0,,
1626181,Norman Powell,2019-20,27.0,28.4,0.21,0.624,0.1589361109457138,0.3830845771144279,0.0152950719404832,1.0829790413061493,44.61430389129015,4.53,1.5,0.3,0.2111111111111111,0.7888888888888889,0.6721739130434781,0.3860786416261449,0.0658681592039801,-0.0449999999999999,0.1069999999999999,0.165,-0.2142857142857142,-0.0048149999999999,0.226,0.041,1.8,1.0,0.2,0.5213549337260678,0.3565758153676065,0.0748809212271973,-0.0,TOR,
1628384,OG Anunoby,2019-20,22.0,29.9,0.142,0.6,0.1642627146033731,0.2192513368983957,0.0087896485886832,1.067036050647192,45.545233743561845,4.28,1.1,0.8999999999999999,0.1644444444444444,0.8355555555555556,0.6195121951219513,0.4982120477472436,0.0229429590017825,-0.0549999999999999,-0.0539999999999999,0.087,-0.3873239436619718,0.0029699999999999,0.262,0.014,0.6,0.3,0.2,0.4667697063369397,0.3112992896111612,0.0442044991247849,-0.0,,
203490,Otto Porter Jr.,2019-20,27.0,23.6,0.201,0.55,0.0933318899934382,0.444311377245509,0.0084105451509758,1.0,,4.8,1.4,0.0,0.2511111111111111,0.7488888888888889,0.1857142857142857,0.5,0.0333017964071856,-0.069,-0.3360000000000001,0.132,-0.3432835820895522,0.023184,0.435,0.096,3.1,1.2,0.4,0.4214285714285714,0.3207212095808384,0.0644649631257485,-0.0,,
200782,P.J. Tucker,2019-20,35.0,34.3,0.087,0.559,0.0859296656990497,0.0160965794768611,0.0022050680727975,1.0,45.46262418471177,4.19,0.9,0.2,0.1355555555555555,0.8644444444444445,0.1568671918516749,0.3551134179810018,0.0089336016096579,0.007,-0.008,0.094,0.0804597701149426,-5.60000000000001e-05,0.113,0.036,0.3,0.1,0.0,0.2159533073929961,0.3156307511737088,0.0274598753521126,-0.0,HOU,0.5360000000000001
1629023,P.J. Washington,2019-20,21.0,30.3,0.184,0.547,0.1126668177421429,0.1042296072507553,0.0088924772425245,1.0,45.455752654839145,4.45,1.3,3.0,0.3,0.7,0.324598022570658,0.4754164425894038,0.0135876132930513,-0.038,0.1789999999999999,0.146,-0.2065217391304348,-0.0068019999999999,0.157,0.014,0.6,0.3,0.1,0.553082191780822,0.3668680513595165,0.067503721450151,-0.0,,
1627783,Pascal Siakam,2019-20,26.0,35.2,0.278,0.554,0.1104375439779137,0.5762942779291553,0.01618765476778,0.624086120830594,45.66515851694556,4.52,4.0,3.0999999999999996,0.4444444444444444,0.5555555555555556,0.6740942028985506,0.180080498128885,0.0927622615803814,0.0509999999999999,0.0789999999999999,0.329,0.1834532374100718,0.0040289999999999,0.514,0.07,4.9,2.5,0.9,0.4893784421715185,0.2818836068783111,0.0783636427121705,-0.0,,
1626192,Pat Connaughton,2019-20,27.0,18.6,0.118,0.565,0.0470675094308242,0.1290322580645161,0.0019078500126425,1.0,,4.68,1.1,0.3,0.2555555555555555,0.7444444444444445,0.1827242524916943,1.0,0.0735483870967741,-0.0419999999999999,0.03,0.076,-0.3559322033898305,-0.00126,0.182,0.006,0.4,0.3,0.1,0.382089552238806,0.2629983870967741,0.0310338096774193,-0.0,,
201976,Patrick Beverley,2019-20,31.0,26.3,0.131,0.56,0.1366129355352578,0.3518850987432674,0.0064773709175303,0.7341318040553506,45.83164258123764,4.81,3.3,0.1,0.3999999999999999,0.6000000000000001,0.3723377248654089,0.5,0.0382208258527827,-0.037,0.0079999999999998,0.094,-0.2824427480916031,-0.0002959999999999,0.347,0.01,1.2,0.6,0.2,0.3439153439153439,0.395634015039159,0.0518280559701298,-0.0,,
1627775,Patrick McCaw,2019-20,24.0,24.5,0.093,0.5,0.0897009167707643,0.337950138504155,0.0025440245883906,1.0,,4.19,1.5,0.2,0.2622222222222222,0.7377777777777779,0.3580246913580246,0.2017027072157982,0.0678060941828254,0.006,0.833,0.099,0.0645161290322581,0.004998,0.284,0.082,0.6,0.3,0.0,0.4654088050314465,0.3276690427823945,0.0304732209787626,-0.0,,
201988,Patty Mills,2019-20,31.0,22.5,0.193,0.592,0.1498166730156652,0.40625,0.012702702061902,1.0,45.63743560206801,4.94,1.5,0.1,0.2488888888888888,0.7511111111111111,0.361299569995222,0.5,0.0351931818181818,-0.017,-0.1369999999999999,0.176,-0.0880829015544042,0.002329,0.329,0.104,3.5,2.2,0.7,0.3843478260869565,0.3576860353535354,0.0690334048232323,-0.0,,
202331,Paul George,2019-20,30.0,29.6,0.292,0.589,0.1182963667904845,0.5792393026941363,0.0186657602641742,0.9973136631524244,,4.5,3.2,1.0,0.4555555555555555,0.5444444444444445,0.1815856777493606,0.2100644982090063,0.0811838351822503,0.037,-0.0269999999999999,0.329,0.1267123287671234,-0.0009989999999999,0.519,0.118,7.3,3.4,1.4,0.4351297405189621,0.3624363415241301,0.105831411725046,-0.0,,
200794,Paul Millsap,2019-20,35.0,24.3,0.197,0.591,0.1496103633553989,0.27491961414791,0.0130816045633048,1.1440710624686887,45.32901085269832,4.24,1.2,2.0,0.2066666666666666,0.7933333333333333,0.778825528299883,0.5,0.0738954983922829,-0.074,-0.009,0.123,-0.3756345177664975,0.000666,0.275,0.068,1.4,0.2,0.0,0.4928057553956834,0.2862188945031388,0.0563851222171183,-0.0,,
1629628,RJ Barrett,2019-20,20.0,30.4,0.234,0.479,0.0507715495941035,0.5712788259958071,0.0057470398002789,1.0,45.0246777532654,4.52,2.5,1.2999999999999998,0.2822222222222222,0.7177777777777778,0.8153846153846154,1.0,0.0789507337526205,-0.055,0.008,0.179,-0.2350427350427351,-0.00044,0.521,0.057,2.4,0.6,0.2,0.5702479338842975,0.2936604740274866,0.0687165509224318,-0.0,NYK,0.5353479264071892
200765,Rajon Rondo,2019-20,34.0,20.5,0.184,0.494,0.083057028896888,0.7125850340136055,0.0065554593100131,1.1245326991927365,,4.42,4.1,0.0,0.7555555555555555,0.2444444444444444,0.375,0.5,0.0601190476190476,-0.097,-0.3269999999999999,0.087,-0.5271739130434783,0.031719,0.715,0.076,2.2,1.1,0.3,0.4170403587443946,0.4571326341647771,0.0841124046863189,-0.0,,
203493,Reggie Bullock Jr.,2019-20,29.0,23.6,0.153,0.502,0.0424802953214,0.1801801801801802,0.0025422875667148,1.0,,4.46,1.0,0.5,0.1933333333333333,0.8066666666666666,0.1741071428571428,0.8178235429393282,0.0320054054054054,-0.031,0.0949999999999999,0.122,-0.2026143790849673,-0.0029449999999999,0.178,0.197,2.2,0.6,0.2,0.4017857142857143,0.2905734414414415,0.0444577365405405,-0.0,,
202704,Reggie Jackson,2019-20,30.0,24.0,0.229,0.529,0.1062055563848298,0.6570796460176991,0.0116385924832075,0.8123092132284614,,4.46,4.4,0.0,0.5844444444444444,0.4155555555555555,0.2239263803680981,0.5,0.0986858407079645,0.032,-0.184,0.261,0.1397379912663755,-0.005888,0.627,0.065,3.9,1.9,0.7,0.4625668449197861,0.4114028585276711,0.0942112546028366,-0.0,,
1626158,Richaun Holmes,2019-20,26.0,28.2,0.156,0.681,0.2114323651835759,0.0316666666666666,0.0130274185207665,1.0,,4.08,0.8,3.8,0.38,0.62,0.2,0.3152837301895955,0.0219133333333333,-0.0389999999999999,0.004,0.117,-0.2499999999999999,-0.000156,0.256,0.045,0.3,0.0,0.0,0.7008797653958945,0.4623597999999999,0.0721281287999999,-0.0,,
201937,Ricky Rubio,2019-20,29.0,31.0,0.199,0.535,0.0967217214555135,0.6522262334536703,0.0085862520311329,1.0,45.18473828613447,4.81,6.8,0.3,0.8377777777777777,0.1622222222222222,0.6650125422619696,0.2814054283286639,0.1007075812274368,-0.01,0.0689999999999999,0.189,-0.050251256281407,-0.00069,0.561,0.187,4.2,0.8,0.2,0.3645833333333333,0.4560375892498997,0.09075148026073,-0.0,,
203496,Robert Covington,2019-20,29.0,30.5,0.169,0.559,0.0771192723991744,0.0792316926770708,0.0053578799735113,0.0,46.18288834252166,4.45,1.3,0.5,0.1444444444444444,0.8555555555555555,0.2272610079361881,0.7554278504776115,0.0,-0.023,-0.036,0.146,-0.1360946745562131,0.000828,0.148,0.023,0.9,0.7,0.2,0.4229828850855746,0.3904211084433773,0.0659811673269307,-0.0,,
203918,Rodney Hood,2019-20,27.0,29.5,0.137,0.625,0.1981380433960562,0.4741532976827094,0.0100472849814603,1.0,,4.47,1.6,0.9,0.1777777777777777,0.8222222222222222,0.1162790697674418,0.5,0.1353368983957219,-0.062,0.6140000000000001,0.075,-0.4525547445255475,-0.038068,0.46,0.174,3.4,1.0,0.4,0.5,0.3619682709447415,0.0495896531194295,-0.0,,
1626220,Royce O'Neale,2019-20,27.0,28.9,0.095,0.578,0.0977517292577077,0.1,0.0028622651110905,1.0,45.29397500046631,4.52,1.3,0.3,0.2577777777777778,0.7422222222222222,0.2187751813053988,0.4919278172569378,0.0611,-0.024,0.24,0.071,-0.2526315789473685,-0.00576,0.063,0.013,0.5,0.4,0.1,0.2518891687657431,0.3503539999999999,0.0332836299999999,-0.0,UTA,0.599346069168419
200752,Rudy Gay,2019-20,33.0,21.8,0.211,0.553,0.0837338717142449,0.3428571428571428,0.0081156788999849,1.0,45.76730668964606,4.44,1.5,1.2000000000000002,0.2577777777777778,0.7422222222222222,0.452548827388583,0.5,0.0,-0.0429999999999999,0.1769999999999999,0.168,-0.2037914691943127,-0.0076109999999999,0.41,0.201,2.8,0.4,0.2,0.4675767918088737,0.3224688552754435,0.0680409284631185,-0.0,,
203497,Rudy Gobert,2019-20,28.0,34.3,0.162,0.699,0.2325601514920444,0.0224719101123595,0.0151637921694369,1.0,45.0020702773876,4.36,1.5,3.0,0.3,0.7,0.5,0.0499999999999997,0.0159101123595505,-0.001,-0.0199999999999999,0.161,-0.0061728395061728,1.9999999999999924e-05,0.251,0.0,0.0,0.0,0.0,0.8652931854199684,0.4651078651685393,0.0753474741573033,-0.0,UTA,0.5771401093720536
1629060,Rui Hachimura,2019-20,22.0,30.1,0.189,0.535,0.0727531259129986,0.2859025032938076,0.0059778410665768,1.0,,4.81,1.8,1.9,0.2,0.8,0.4,1.0,0.029798418972332,-0.0569999999999999,-0.14,0.132,-0.3015873015873015,0.00798,0.335,0.169,2.6,0.1,0.0,0.5743119266055046,0.3043209486166007,0.0575166592885375,-0.0,,
201566,Russell Westbrook,2019-20,31.0,36.0,0.33,0.536,0.0963865828793507,0.7952458130740141,0.0182720591999932,0.9282663427559484,45.700797329678416,4.47,5.8,0.9,0.7555555555555555,0.2444444444444444,0.7573333333333334,0.5,0.0,-0.088,0.0549999999999999,0.242,-0.2666666666666667,-0.0048399999999999,0.727,0.156,7.9,1.6,0.4,0.5446868402533427,0.394337845562805,0.1301314890357256,-0.0004550959389934,HOU,0.5590000000000002
201586,Serge Ibaka,2019-20,30.0,27.0,0.236,0.583,0.1158962007484432,0.025130890052356,0.0132873141726617,1.0,45.594751726922446,4.12,1.1,3.7,0.37,0.63,0.2534132615610471,0.5,0.01482722513089,-0.09,0.1049999999999999,0.146,-0.3813559322033898,-0.0094499999999999,0.16,0.128,0.7,0.0,0.0,0.474025974025974,0.4821410157068063,0.1137852797068062,-0.0,,
203552,Seth Curry,2019-20,29.0,24.6,0.176,0.643,0.2234764332883252,0.4439592430858806,0.0165006378655572,1.1872216474360349,44.85304762146168,4.35,1.7,0.2,0.26,0.74,0.3080139372822298,0.3496845102216128,0.0721237263464337,-0.0379999999999999,-0.07,0.138,-0.2159090909090908,0.00266,0.384,0.149,3.2,1.4,0.5,0.3933333333333333,0.4462066385358912,0.0785323683823168,-0.0,DAL,0.5882766710863747
203894,Shabazz Napier,2019-20,28.0,24.0,0.197,0.552,0.1028715198237133,0.6609105180533752,0.0089948618062188,1.0,45.98406470352219,4.46,4.3,0.1,0.6555555555555556,0.3444444444444444,0.6412280701754385,0.5,0.0483846153846154,0.0099999999999999,-0.252,0.207,0.0507614213197968,-0.0025199999999999,0.66,0.09,3.9,2.4,0.7,0.3662280701754385,0.4152260683760683,0.0817995354700854,-0.0,,
1628983,Shai Gilgeous-Alexander,2019-20,21.0,34.7,0.235,0.568,0.131289725065173,0.83,0.0149565880585779,1.0314913130428862,44.94074420436846,4.34,4.0,0.4,0.4444444444444444,0.5555555555555556,0.7816748768472905,0.3682035116848188,0.1040654545454545,-0.031,0.1180000000000001,0.204,-0.1319148936170212,-0.003658,0.709,0.099,5.7,2.3,0.7,0.5330915684496826,0.3695470579382994,0.0868435586155003,-0.0,,
1629003,Shake Milton,2019-20,23.0,20.1,0.186,0.617,0.1989269297007747,0.4577464788732395,0.0159574317628425,0.7550594831122659,,4.5,2.8,0.1,0.4044444444444444,0.5955555555555556,0.2683544303797468,0.2966409192293092,0.0459859154929578,0.002,-0.0839999999999999,0.188,0.010752688172043,-0.000168,0.403,0.048,1.8,0.7,0.3,0.3925233644859813,0.4114564788732394,0.0765309050704225,-0.0,,
203915,Spencer Dinwiddie,2019-20,27.0,31.2,0.287,0.541,0.0989222357388275,0.7818867924528301,0.0152095641298856,1.0,44.76385697295282,4.6,6.8,0.4,0.7644444444444444,0.2355555555555556,0.8883692458374144,0.1650628629527565,0.0758520754716981,0.048,-0.033,0.335,0.167247386759582,-0.001584,0.731,0.035,5.7,3.9,1.1,0.5843137254901961,0.4288905023060797,0.1230915741618448,-0.0,,
203500,Steven Adams,2019-20,26.0,26.7,0.168,0.604,0.165371628446826,0.1206225680933852,0.0113874091617295,0.0,44.90738398755826,4.32,1.7,4.9,0.49,0.51,0.4526315789473684,0.4875000000000001,0.0284435797665369,-0.065,0.125,0.103,-0.386904761904762,-0.008125,0.329,0.009,0.2,0.0,0.0,0.8452830188679246,0.3544286770428015,0.0595440177431906,-0.0,,
1629004,Svi Mykhailiuk,2019-20,23.0,22.6,0.165,0.578,0.1428798866009179,0.2045855379188712,0.009576283909466,1.0,44.89893409366561,4.84,1.2,0.1,0.2666666666666666,0.7333333333333334,0.4153421633554083,0.5,0.0459294532627866,-0.075,-0.1529999999999999,0.09,-0.4545454545454546,0.0114749999999999,0.187,0.008,1.2,1.0,0.4,0.4074074074074074,0.3705446796002351,0.0611398721340388,-0.0,,
203933,T.J. Warren,2019-20,26.0,32.9,0.229,0.61,0.1871045959186089,0.3646408839779005,0.020503956833872,0.881827539662513,45.24121691485034,4.3,1.8,1.4,0.2,0.8,0.5465254824877316,0.0866953656109625,0.0629436464088397,-0.005,-0.018,0.224,-0.0218340611353712,9.000000000000015e-05,0.341,0.167,5.1,0.5,0.2,0.4957746478873239,0.3260397790055248,0.0746631093922651,-0.0,,
201959,Taj Gibson,2019-20,35.0,16.5,0.145,0.61,0.066954141457282,0.1114754098360655,0.0036968297363151,1.0,,4.31,0.7,1.8,0.18,0.8200000000000001,0.2,0.2781239738009111,0.0649901639344262,0.004,0.164,0.149,0.0275862068965517,0.000656,0.269,0.137,0.2,0.0,0.0,0.6713286713286714,0.3056258032786885,0.0443157414754098,-0.0,,
1627752,Taurean Prince,2019-20,26.0,29.0,0.2,0.497,0.0473648092916102,0.2363636363636363,0.0042364373326941,1.0,44.67949698627126,4.24,1.6,0.4,0.1999999999999999,0.8,0.3598893922456903,1.0,0.0464701298701298,-0.09,-0.086,0.11,-0.45,0.00774,0.266,0.054,3.0,1.6,0.5,0.3342354533152909,0.2919179220779221,0.0583835844155844,-0.0,,
203082,Terrence Ross,2019-20,29.0,27.4,0.216,0.548,0.0931743935154958,0.2206047032474804,0.0093535657038905,1.1237236894643774,45.82709996413893,4.59,1.1,0.7,0.1599999999999999,0.8400000000000001,0.3686155797728189,0.4477988863484894,0.0251601343784994,-0.035,-0.043,0.181,-0.162037037037037,0.001505,0.246,0.136,4.1,1.9,0.6,0.6054945054945055,0.3311364837625979,0.0715254804927211,-0.0,,
1626179,Terry Rozier,2019-20,26.0,34.4,0.232,0.553,0.1247985664785755,0.6003568242640499,0.013945740321579,1.0,45.52836063941329,4.51,4.9,0.2,0.5444444444444445,0.4555555555555555,0.49984665748989,0.1880503143879762,0.1196922390722569,0.0639999999999999,0.1529999999999999,0.296,0.2758620689655171,0.0097919999999999,0.47,0.074,5.9,2.9,1.0,0.4881720430107527,0.4087432153830905,0.094828425968877,-0.0,,
201152,Thaddeus Young,2019-20,32.0,24.9,0.192,0.521,0.0906213536062173,0.2797527047913447,0.007623991228689,1.0,45.13512927566738,4.49,1.4,1.6,0.2511111111111111,0.7488888888888889,0.5181293588699684,0.5,0.0383446676970633,-0.082,0.3239999999999999,0.11,-0.4270833333333333,-0.0265679999999999,0.323,0.027,0.8,0.3,0.1,0.5398671096345515,0.3288266134295036,0.0631347097784647,-0.0,,
1628418,Thomas Bryant,2019-20,22.0,24.9,0.185,0.649,0.1739197770119,0.0532786885245901,0.0138390590531079,1.0,,4.54,1.3,3.1,0.31,0.69,0.2,0.4943890374875992,0.035483606557377,-0.0219999999999999,-0.165,0.163,-0.1189189189189188,0.0036299999999999,0.202,0.138,0.8,0.2,0.0,0.4976076555023923,0.4129882377049181,0.0764028239754098,-0.0,,
1627748,Thon Maker,2019-20,23.0,12.9,0.16,0.582,0.0481356036224288,0.037593984962406,0.0030806786318354,1.0,,4.64,0.6,0.7,0.1955555555555555,0.8044444444444445,0.194300518134715,1.0,0.0197744360902255,0.0519999999999999,-0.2569999999999999,0.212,0.3249999999999999,-0.0133639999999999,0.194,0.057,0.2,0.1,0.0,0.5104166666666666,0.3026103926482874,0.0484176628237259,-0.0,,
203501,Tim Hardaway Jr.,2019-20,28.0,29.5,0.204,0.581,0.1419011197309783,0.3809012875536481,0.0130746801562467,1.0828084373279618,44.80316782486096,4.4,1.8,0.2,0.2133333333333333,0.7866666666666666,0.4023149321266968,0.3143633897295337,0.056695278969957,-0.0109999999999999,-0.0399999999999999,0.193,-0.0539215686274508,0.0004399999999999,0.313,0.111,4.2,2.1,0.7,0.3987473903966597,0.3404871929611712,0.0694593873640789,-0.0,DAL,0.6002213362380753
202699,Tobias Harris,2019-20,27.0,34.3,0.236,0.556,0.1027058884316246,0.4974226804123711,0.0117750659483259,1.0516906563724742,45.884959378109286,4.35,3.1,2.9000000000000004,0.3444444444444444,0.6555555555555556,0.4919586399510457,0.3234047290915959,0.0759845360824742,-0.0169999999999999,-0.044,0.219,-0.0720338983050846,0.000748,0.43,0.111,4.9,1.2,0.4,0.5640194489465153,0.2581974369988545,0.0609345951317296,-0.0,PHI,0.5899999999999999
203107,Tomas Satoransky,2019-20,28.0,28.9,0.165,0.533,0.0757961205511742,0.5106990014265336,0.0050801074028112,1.0,45.08596577796993,4.96,4.4,0.5,0.5977777777777779,0.4022222222222221,0.6021735881285363,1.0,0.0131583452211127,-0.042,0.2999999999999999,0.123,-0.2545454545454546,-0.0126,0.506,0.047,1.9,0.5,0.1,0.4500907441016334,0.3905301664289111,0.0644374774607703,-0.0,,
203503,Tony Snell,2019-20,28.0,27.8,0.11,0.598,0.1260327855229871,0.1653696498054474,0.0045980380694939,1.0,44.80335225945183,4.38,1.2,0.1,0.2444444444444444,0.7555555555555555,0.2231977446637131,0.4699628003796161,0.0,-0.024,-0.1519999999999999,0.086,-0.2181818181818182,0.003648,0.206,0.059,1.1,0.4,0.2,0.304,0.3558844790315607,0.0391472926934716,-0.0,,
1628470,Torrey Craig,2019-20,29.0,18.5,0.123,0.553,0.0431152928321619,0.0974358974358974,0.0018598974854422,1.0,,4.36,0.6,0.2,0.1355555555555555,0.8644444444444445,0.1821561338289963,1.0,0.0534923076923077,-0.047,-0.164,0.076,-0.3821138211382114,0.007708,0.25,0.019,0.3,0.1,0.1,0.4034582132564842,0.2562279202279202,0.0315160341880341,-0.0,,
1629027,Trae Young,2019-20,21.0,35.3,0.339,0.595,0.1533096888957062,0.8848080133555928,0.0302600157445156,1.0,46.057039189165465,4.71,9.1,0.2,1.0,0.0,0.7487081973270924,0.1747510545548758,0.1632637729549249,0.1069999999999999,-0.0479999999999999,0.446,0.3156342182890855,-0.0051359999999999,0.788,0.054,11.4,7.7,2.6,0.4947958366693354,0.5307362270450752,0.1799195809682805,-0.0005616501986644,ATL,0.5359999999999999
1626203,Treveon Graham,2019-20,26.0,16.9,0.13,0.456,-0.0207372350899617,0.1903409090909091,-0.0009719991375667,1.0,,4.63,0.7,0.1,0.1533333333333333,0.8466666666666667,0.3140495867768595,1.0,0.0071903409090909,-0.076,-0.18,0.0539999999999999,-0.5846153846153846,0.01368,0.241,0.016,0.3,0.2,0.1,0.4074074074074074,0.2438202367424242,0.0316966307765151,-0.0,,
2772,Trevor Ariza,2019-20,35.0,28.2,0.117,0.593,0.1124999323765691,0.1398305084745763,0.0045022650035598,1.0,44.79201275514477,4.06,1.1,0.3,0.18,0.8200000000000001,0.2873962760574782,0.5,0.0431440677966101,-0.063,-0.515,0.054,-0.5384615384615384,0.032445,0.169,0.0,0.7,0.5,0.2,0.3152866242038216,0.3309049999999999,0.0387158849999999,-0.0,,
203504,Trey Burke,2019-20,27.0,15.8,0.196,0.548,0.0852800502691083,0.618860510805501,0.0073999971882915,1.0999109092999195,,4.49,2.3,0.2,0.52,0.48,0.2822966507177033,0.5,0.0749724950884086,-0.01,-0.161,0.186,-0.0510204081632653,0.00161,0.5,0.189,2.3,0.5,0.3,0.4552238805970149,0.4892817288801572,0.0958992188605108,-0.0,,
1626168,Trey Lyles,2019-20,24.0,20.2,0.136,0.557,0.0946085669824024,0.043010752688172,0.0047450285179825,1.0,45.80907942391619,4.78,1.0,0.4,0.1599999999999999,0.8400000000000001,0.216261742792355,0.5,0.0248172043010752,-0.017,-0.168,0.119,-0.1250000000000001,0.002856,0.144,0.069,0.7,0.2,0.1,0.3274336283185841,0.3202660215053762,0.0435561789247311,-0.0,,
202684,Tristan Thompson,2019-20,29.0,30.2,0.181,0.54,0.1225873668331469,0.2408874801901743,0.0094398170799238,1.0,45.985960103168225,4.14,1.8,2.6,0.26,0.74,0.7393939393939394,0.3983656882839986,0.0266782884310618,-0.032,-0.125,0.149,-0.1767955801104972,0.004,0.399,0.026,0.4,0.2,0.1,0.8520499108734403,0.353632678288431,0.064007514770206,-0.0,,
1628972,Troy Brown Jr.,2019-20,20.0,25.8,0.174,0.524,0.0895167868964905,0.4887820512820513,0.0064972317471368,1.0,45.63575837617627,4.7,1.9,0.6,0.3155555555555555,0.6844444444444444,0.5770642201834862,0.5,0.1093509615384615,0.011,-0.213,0.185,0.0632183908045977,-0.002343,0.374,0.137,2.7,0.5,0.1,0.4807073954983923,0.3319469230769231,0.0577587646153846,-0.0,,
1629639,Tyler Herro,2019-20,20.0,27.4,0.213,0.55,0.14269988057921,0.53125,0.0140279114194827,0.9929270031695062,45.95140224427091,4.97,2.4,0.3,0.2911111111111111,0.7088888888888889,0.3432593744393277,0.3998399995917704,0.09221125,-0.0209999999999999,0.1139999999999999,0.192,-0.0985915492957746,-0.0023939999999999,0.393,0.175,5.6,2.4,0.8,0.4574585635359116,0.3490929434974748,0.0743567969649621,-0.0,,
204020,Tyler Johnson,2019-20,28.0,18.2,0.177,0.504,0.023017937460634,0.2621951219512195,0.0017140611253774,1.6906946264744434,,4.79,1.9,0.3,0.3399999999999999,0.66,0.164,0.9753290682323106,0.0582764227642276,0.008,-0.1039999999999999,0.185,0.0451977401129943,-0.000832,0.247,0.212,1.8,0.2,0.1,0.2989690721649484,0.4032174390243902,0.071369486707317,-0.0,,
203506,Victor Oladipo,2019-20,28.0,27.8,0.259,0.506,0.0313383509832028,0.7285861713106294,0.0041307202755196,1.1263848231512623,,4.6,2.9,0.2,0.3533333333333333,0.6466666666666667,0.2601626016260163,0.955933765626882,0.0363611971104231,0.1059999999999999,-0.126,0.365,0.4092664092664091,-0.0133559999999999,0.567,0.16,6.7,3.3,1.1,0.390728476821192,0.3414161766028948,0.0884267897401497,-0.0,,
1713,Vince Carter,2019-20,43.0,14.6,0.163,0.47,-0.0001779994484815,0.2188295165394402,-1.171386091977848e-05,1.0,,4.21,0.7,0.5,0.18,0.8200000000000001,0.0822368421052631,0.98947812451656,0.0,-0.043,0.039,0.12,-0.2638036809815951,-0.001677,0.308,0.121,1.3,0.5,0.2,0.2828947368421052,0.2599873282442748,0.0423779345038168,-0.0,,
201961,Wayne Ellington,2019-20,32.0,15.5,0.146,0.509,0.070885339889333,0.0769230769230769,0.0039544465497978,1.0,,4.82,0.5,0.0,0.26,0.74,0.028735632183908,0.3015560714707466,0.0437692307692307,0.03,0.1159999999999999,0.176,0.2054794520547945,0.0034799999999999,0.115,0.055,1.6,1.2,0.3,0.4022988505747126,0.3308953846153846,0.0483107261538461,-0.0,,
1628976,Wendell Carter Jr.,2019-20,21.0,29.2,0.162,0.59,0.1149492511315014,0.1042016806722689,0.007495121339608,1.0,,4.37,1.1,2.7,0.27,0.73,0.2,0.4195813036594449,0.0183025210084033,-0.038,0.1149999999999999,0.124,-0.2345679012345679,-0.00437,0.295,0.066,0.3,0.0,0.0,0.6763848396501457,0.3598528991596639,0.0582961696638655,-0.0,,
202083,Wesley Matthews,2019-20,33.0,24.4,0.123,0.547,0.0921795867427998,0.1736526946107784,0.0039764215973073,0.0,44.8592880806492,4.7,0.7,0.4,0.1555555555555555,0.8444444444444444,0.3373956217558112,0.5,0.0446846307385229,-0.067,-0.247,0.0559999999999999,-0.5447154471544716,0.016549,0.18,0.036,1.3,0.8,0.3,0.2521008403361344,0.2912415169660678,0.0358227065868263,-0.0,,
203115,Will Barton,2019-20,29.0,33.0,0.197,0.549,0.1135445501086728,0.5932377049180328,0.0099280883458025,1.0,44.77098681004294,4.35,3.3,0.8,0.3666666666666666,0.6333333333333333,0.543881100228325,0.3128615001613878,0.1012684426229508,0.006,-0.045,0.203,0.0304568527918781,-0.00027,0.506,0.085,4.3,2.3,0.8,0.4552845528455284,0.3544665642076503,0.0698299131489071,-0.0,,
1626161,Willie Cauley-Stein,2019-20,26.0,20.3,0.144,0.589,0.1558125711640162,0.1023017902813299,0.0085142467520414,1.0,44.7085452231172,4.58,0.9,1.7,0.2177777777777778,0.7822222222222222,0.3285714285714286,0.5,0.0692583120204603,-0.088,0.285,0.0559999999999999,-0.6111111111111112,-0.02508,0.211,0.056,0.7,0.0,0.0,0.627906976744186,0.3700471611253197,0.053286791202046,-0.0,,
201163,Wilson Chandler,2019-20,33.0,21.0,0.128,0.531,0.0596759905106802,0.185614849187935,0.0027328424224053,1.0,,4.61,1.0,0.2,0.1777777777777777,0.8222222222222222,0.1202185792349725,1.0,0.0,-0.015,-0.276,0.113,-0.1171875,0.00414,0.243,0.059,0.5,0.2,0.0,0.2841530054644808,0.296607347254447,0.0379657404485692,-0.0,,
203897,Zach LaVine,2019-20,25.0,34.8,0.312,0.568,0.1217932183954836,0.6541666666666667,0.0212253567224737,1.0,45.14775999799228,4.76,4.5,1.0,0.5,0.5,0.736,0.2882751204690946,0.1088208333333333,0.137,-0.0599999999999999,0.449,0.4391025641025641,-0.0082199999999999,0.545,0.068,7.5,4.7,1.7,0.5241666666666667,0.390884375,0.121955925,-7.331265000000012e-05,,
1629627,Zion Williamson,2019-20,19.0,27.8,0.291,0.616,0.2074321041943953,0.2408500590318772,0.0325623287280515,1.0,,4.85,1.4,6.5,0.65,0.35,0.4,0.2502426604513067,0.0498299881936245,-0.0309999999999999,-0.005,0.26,-0.106529209621993,0.000155,0.238,0.011,0.4,0.3,0.2,0.8391812865497076,0.5330902597402597,0.1551292655844155,-0.0,,
203932,Aaron Gordon,2020-21,25.0,27.7,0.204,0.547,0.1266434591880532,0.3978494623655914,0.0116688488850803,0.90398240899096,43.02700316437193,4.4,2.9,1.8,0.3666666666666667,0.6333333333333333,0.6786372745490982,0.5,0.0753978494623655,-0.0739999999999999,-0.06,0.13,-0.3627450980392156,0.00444,0.42,0.078,3.2,1.3,0.4,0.5050167224080268,0.3404028673835125,0.0694421849462365,-0.0,DEN,0.647
1628988,Aaron Holiday,2020-21,24.0,17.8,0.189,0.503,0.0870466695664002,0.5188284518828452,0.0071522858916746,1.0,,4.7,1.2,0.1,0.3088888888888889,0.691111111111111,0.3027522935779816,0.4561960660034719,0.0643430962343096,-0.035,0.256,0.154,-0.1851851851851852,-0.00896,0.359,0.076,1.6,0.7,0.2,0.4508009153318077,0.3302699070199907,0.0624210124267782,-0.0,,
201143,Al Horford,2020-21,35.0,27.9,0.221,0.538,0.1032378984698102,0.1698113207547169,0.0107257474283177,1.0,,4.2,1.9,3.2,0.4577777777777777,0.5422222222222223,0.2138888888888888,0.4601423150824851,0.0,-0.015,-0.101,0.206,-0.0678733031674208,0.001515,0.309,0.121,1.2,0.2,0.0,0.3527777777777778,0.405606761557983,0.0896390943043142,-0.0,,
202692,Alec Burks,2020-21,29.0,25.6,0.208,0.564,0.1019806372836943,0.5337001375515819,0.0096741479300391,0.7600026122733307,,4.23,2.3,0.2,0.3,0.7,0.196,0.1717223865012102,0.050927097661623,0.0799999999999999,0.066,0.288,0.3846153846153846,0.00528,0.448,0.109,4.4,2.0,0.9,0.4327272727272727,0.3427833204951857,0.0712989306629986,-0.0,,
1630197,Aleksej Pokusevski,2020-21,19.0,24.2,0.197,0.43,-0.0441809528526802,0.3125925925925926,-0.0038630863630472,1.0,,4.87,1.6,0.1,0.2955555555555555,0.7044444444444444,0.1688555347091932,0.4049481221041129,0.04552,0.0859999999999999,0.0399999999999999,0.283,0.4365482233502536,0.0034399999999999,0.367,0.125,2.8,0.8,0.1,0.34,0.2555353777777778,0.0503404694222222,-0.0,,
1627936,Alex Caruso,2020-21,27.0,21.0,0.144,0.547,0.1311214578770123,0.3697674418604652,0.0071650216571878,0.7000152005948888,42.69230010626551,4.51,2.5,0.3,0.4222222222222222,0.5777777777777777,0.5828642128054438,0.2264566984439864,0.079053488372093,0.011,0.1439999999999999,0.155,0.0763888888888889,0.001584,0.331,0.043,1.0,0.3,0.1,0.3679525222551928,0.2927774054356963,0.0421599463827402,-0.0,,
203083,Andre Drummond,2020-21,27.0,27.0,0.269,0.519,0.0716103460783173,0.2608695652173913,0.0099908903494458,0.0,,3.98,1.9,5.0,0.5,0.5,0.4,1.0,0.0424492753623188,-0.076,-0.038,0.193,-0.2825278810408922,0.002888,0.429,0.0,0.2,0.0,0.0,0.8493150684931506,0.3048913043478261,0.0820157608695652,-0.0,,
203952,Andrew Wiggins,2020-21,26.0,33.3,0.229,0.568,0.1205489895790771,0.4584474885844748,0.0132104252520419,1.0,42.70745183616856,4.56,2.4,1.3,0.2666666666666666,0.7333333333333334,0.5498179419190317,0.5,0.0566776255707762,-0.074,-0.1339999999999999,0.155,-0.3231441048034935,0.0099159999999999,0.424,0.115,4.7,1.3,0.5,0.4514285714285714,0.344737503805175,0.078944888371385,-0.0,,
203076,Anthony Davis,2020-21,28.0,32.3,0.287,0.556,0.093611200397573,0.2690114068441064,0.0143929779294669,0.8962787015043548,,3.75,2.6,8.0,0.8,0.1999999999999999,0.2805872756933116,0.3061306107300409,0.0332794676806083,-0.0139999999999999,-0.069,0.273,-0.0487804878048779,0.0009659999999999,0.392,0.163,5.1,0.3,0.1,0.5417298937784522,0.3481579847908745,0.099921341634981,-0.0,,
1630162,Anthony Edwards,2020-21,19.0,32.1,0.264,0.523,0.0825375347631791,0.6104513064133016,0.0111958580501084,1.0,43.13752905990671,4.37,3.3,0.7999999999999999,0.3666666666666666,0.6333333333333333,0.6248554913294796,0.5,0.0392042755344418,-0.057,-0.0569999999999999,0.207,-0.215909090909091,0.003249,0.527,0.045,5.5,3.5,1.1,0.4532671629445823,0.3353770783847981,0.0885395486935867,-0.0,MIN,0.5984050948891094
203085,Austin Rivers,2020-21,28.0,23.5,0.15,0.551,0.137433809068266,0.4338235294117647,0.0079841828059086,1.0220567664664026,,4.2,2.0,0.1,0.3022222222222222,0.6977777777777778,0.2204081632653061,0.1868738661016518,0.0712794117647059,0.021,0.2139999999999999,0.171,0.1400000000000001,0.004494,0.462,0.035,1.6,1.2,0.3,0.3535031847133758,0.3906213687782805,0.058593205316742,-0.0,,
1628389,Bam Adebayo,2020-21,23.0,33.5,0.233,0.626,0.1794493841003665,0.2391826923076923,0.02018254147557,0.7001056139692077,43.00049403861585,4.23,3.1,5.2,0.5933333333333334,0.4066666666666666,0.928,0.0933347014634165,0.0283966346153846,-0.011,0.043,0.222,-0.0472103004291845,-0.000473,0.342,0.12,2.8,0.1,0.0,0.6144859813084113,0.3744670863381411,0.0872508311167868,-0.0,MIA,0.6070000000000001
1627732,Ben Simmons,2020-21,24.0,32.4,0.2,0.584,0.1714874157095727,0.6339031339031338,0.0153383007524947,1.010804363405519,43.14296035988131,4.47,5.8,2.3,0.6844444444444444,0.3155555555555556,0.9821782178217824,0.3413151678985625,0.060648148148148,-0.044,0.133,0.156,-0.22,-0.005852,0.588,0.017,0.7,0.1,0.0,0.7625368731563422,0.5004869215735881,0.1000973843147176,-0.0,,
202687,Bismack Biyombo,2020-21,28.0,20.4,0.113,0.574,0.1316235341765553,0.0095238095238095,0.0049997836606448,1.0,42.55772157369296,4.38,0.6,0.7,0.1933333333333333,0.8066666666666666,0.4594594594594594,0.4009075164397483,0.0057809523809523,-0.052,0.039,0.061,-0.4601769911504425,-0.002028,0.127,0.0,0.1,0.0,0.0,0.8223140495867769,0.3587273650793651,0.0405361922539682,-0.0,,
201933,Blake Griffin,2020-21,32.0,25.8,0.191,0.546,0.0936230037696403,0.4188163884673748,0.0078150654882613,1.7607132243684993,,3.94,2.0,2.6,0.38,0.62,0.3114355231143552,0.4728731540614287,0.0805584218512898,-0.041,-0.116,0.15,-0.2146596858638743,0.004756,0.397,0.016,2.4,1.9,0.5,0.4783505154639175,0.4582712795144157,0.0875298143872534,-0.0,,
203992,Bogdan Bogdanović,2020-21,28.0,29.7,0.21,0.616,0.1785976086675297,0.3454545454545454,0.0171871782737981,0.9713860461079326,,4.66,2.4,0.6,0.3755555555555556,0.6244444444444444,0.1203539823008849,0.3228199147233581,0.0650956937799043,-0.034,0.0869999999999999,0.176,-0.1619047619047619,-0.0029579999999999,0.363,0.097,3.9,1.7,0.7,0.3488943488943489,0.3293084215185564,0.0691547685188968,-0.0,,
202711,Bojan Bogdanovic,2020-21,32.0,30.8,0.225,0.588,0.1148775103999385,0.3991726990692865,0.0122605172367801,0.8492283136100776,42.30602578356615,4.52,1.6,1.2,0.2022222222222222,0.7977777777777778,0.5847128378378378,0.5,0.0512988624612202,-0.038,-0.1429999999999999,0.187,-0.1688888888888889,0.005434,0.345,0.034,3.0,1.4,0.5,0.4409820585457979,0.331822190982762,0.0746599929711214,-0.0,,
202954,Brad Wanamaker,2020-21,31.0,17.3,0.166,0.489,0.0337606123478351,1.0,0.002283349792308,1.0,,4.61,2.3,0.1,0.5577777777777778,0.4422222222222222,0.3812709030100334,0.5016706178441346,0.0,-0.012,0.126,0.154,-0.072289156626506,-0.001512,0.435,0.089,1.5,0.6,0.1,0.5254237288135594,0.313313619047619,0.0520100607619047,-0.0,,
203078,Bradley Beal,2020-21,28.0,35.8,0.331,0.593,0.1186462425684463,0.625,0.0225941485440894,1.1488727568491468,43.12604184720336,4.59,3.8,1.1,0.4488888888888889,0.5511111111111111,0.6521009249355062,0.1310107669628776,0.0545805687203791,0.0439999999999999,0.007,0.375,0.1329305135951661,0.000308,0.513,0.168,9.0,2.9,0.9,0.5594684385382059,0.3532646448087432,0.116930597431694,-0.0005254126763387,,
1627742,Brandon Ingram,2020-21,23.0,34.3,0.279,0.584,0.1211907442671979,0.6153244722439406,0.0178597657157927,1.0,42.78544056488032,4.65,3.9,1.1,0.4844444444444444,0.5155555555555555,0.5074296094459582,0.4081998378714786,0.0860484753713839,0.0239999999999999,-0.1029999999999999,0.303,0.0860215053763439,-0.0024719999999999,0.515,0.234,9.4,2.3,0.7,0.5490909090909091,0.3925995760576839,0.1095352817200938,-0.0,NOP,
201572,Brook Lopez,2020-21,33.0,27.2,0.166,0.611,0.0887277195158255,0.0590717299578059,0.0060009699421644,1.0,42.84947468390751,4.33,0.7,2.1,0.21,0.79,0.2810868818681318,0.5,0.0347341772151898,-0.058,-0.1019999999999999,0.108,-0.3493975903614458,0.005916,0.23,0.051,0.9,0.3,0.1,0.4620770128354726,0.3694507805907173,0.061328829578059,-0.0,,
1628971,Bruce Brown,2020-21,24.0,22.3,0.157,0.604,0.1265389612061939,0.1132075471698113,0.0078717944196689,0.0,43.03269771628452,4.62,1.1,1.3,0.22,0.78,0.3661538461538461,0.5,0.0164486373165618,-0.053,0.252,0.104,-0.3375796178343949,-0.013356,0.23,0.014,0.4,0.0,0.0,0.649402390438247,0.2747992452830189,0.0431434815094339,-0.0,BKN,
1627854,Bryn Forbes,2020-21,27.0,19.3,0.18,0.631,0.2073380087353346,0.1918063314711359,0.0158338920932428,0.0,,4.82,0.7,0.0,0.0999999999999999,0.9,0.0586011342155008,0.5,0.0246722532588454,-0.0949999999999999,-0.256,0.085,-0.5277777777777777,0.0243199999999999,0.148,0.154,2.5,0.8,0.3,0.2542901716068643,0.2622588454376163,0.0472065921787709,-0.0,,
1627741,Buddy Hield,2020-21,28.0,34.3,0.201,0.567,0.103238864247892,0.3637226970560303,0.0093033059670537,1.0,43.172718094141565,4.58,2.5,0.1,0.3133333333333333,0.6866666666666668,0.2263536866359446,0.4649695939595807,0.0513190883190882,-0.024,-0.0259999999999999,0.177,-0.1194029850746269,0.0006239999999999,0.333,0.056,5.7,3.8,1.5,0.3346774193548387,0.3524204653371319,0.0708365135327635,-0.0,,
203468,CJ McCollum,2020-21,29.0,34.0,0.265,0.577,0.1562115145893748,0.7217332430602573,0.0213099217081766,0.8633354163350042,,4.72,5.2,0.2,0.5777777777777778,0.4222222222222221,0.1380090497737556,0.3104175316045125,0.1148889641164523,-0.035,0.057,0.23,-0.1320754716981132,-0.001995,0.568,0.171,10.9,5.7,2.1,0.4148296593186373,0.3881897038048888,0.1028702715082955,-0.0,,
1629629,Cam Reddish,2020-21,21.0,28.9,0.183,0.488,0.0181412659090851,0.3118881118881119,0.0014201827188012,2.636141539916463,,4.59,1.5,0.7,0.1666666666666666,0.8333333333333334,0.2813688212927757,0.8929338676335077,0.0781258741258741,-0.036,0.018,0.147,-0.1967213114754098,-0.000648,0.281,0.041,2.4,1.2,0.2,0.4013377926421405,0.5013223776223776,0.0917419951048951,-0.0,,
1629661,Cameron Johnson,2020-21,25.0,24.0,0.164,0.563,0.0694435003090431,0.0911901081916537,0.0046120857729945,0.0,42.8900672532005,4.8,0.8,0.3,0.1844444444444444,0.8155555555555556,0.1527490223142396,1.0,0.0232967542503864,-0.095,0.168,0.069,-0.5792682926829268,-0.01596,0.079,0.056,1.0,0.3,0.1,0.2495755517826825,0.4138891911385883,0.0678778273467285,-0.0,,
1627747,Caris LeVert,2020-21,26.0,31.6,0.279,0.531,0.0806746008893302,0.7560975609756098,0.0118889398675679,1.0,,4.75,4.1,0.5,0.5666666666666667,0.4333333333333333,0.2555282555282555,0.5375496507346763,0.0549334811529933,0.0789999999999999,-0.047,0.358,0.2831541218637991,-0.003713,0.582,0.097,8.1,3.3,1.1,0.4705159705159705,0.3713521064301551,0.1036072376940133,-0.0,,
2546,Carmelo Anthony,2020-21,37.0,24.5,0.228,0.547,0.094482694031893,0.4462151394422311,0.0102861899162556,0.3824659854652751,42.91144746220835,3.75,1.4,2.7,0.27,0.73,0.3082743932301453,0.5,0.0674953519256307,-0.049,-0.12,0.179,-0.2149122807017544,0.00588,0.517,0.312,6.2,1.4,0.6,0.5041816009557945,0.2620813490039841,0.0597545475729083,-0.0,,
1626224,Cedi Osman,2020-21,26.0,25.6,0.198,0.488,0.0226291849326529,0.2837273991655076,0.0019937316214935,1.0,43.43093112375128,4.5,2.0,0.3,0.3844444444444444,0.6155555555555556,0.460150998034957,0.5924766177724752,0.0337635605006954,-0.006,0.015,0.192,-0.0303030303030303,-9.000000000000015e-05,0.274,0.036,2.2,1.2,0.3,0.3965217391304347,0.3213547797867408,0.0636282463977746,-0.0,,
1626184,Chasson Randle,2020-21,28.0,20.4,0.154,0.515,0.0655600241039046,0.5682326621923938,0.0039620521339562,1.0,,4.77,3.9,0.0,0.4333333333333333,0.5666666666666667,0.2310606060606059,1.0,0.0468724832214765,0.005,-0.242,0.159,0.0324675324675325,-0.00121,0.533,0.053,2.2,1.4,0.5,0.3839662447257383,0.3426580536912752,0.0527693402684563,-0.0,,
1628449,Chris Boucher,2020-21,28.0,24.2,0.202,0.634,0.1270119749768001,0.0167095115681233,0.0115311261499336,1.0,42.8266152985111,4.55,1.0,1.3,0.1511111111111111,0.8488888888888889,0.4064516129032258,0.3707707865229021,0.0101259640102827,-0.031,0.235,0.171,-0.1534653465346534,-0.007285,0.222,0.022,0.5,0.2,0.1,0.5196428571428572,0.3429586118251928,0.0692776395886889,-0.0,,
101108,Chris Paul,2020-21,36.0,31.4,0.221,0.599,0.1782714019801438,1.0,0.0185212413238949,1.012566705638061,42.833779576401305,4.19,7.2,0.3,0.9,0.0999999999999999,0.3181537461400942,0.0445802112744983,0.0,0.087,-0.001,0.308,0.3936651583710407,-8.700000000000007e-05,0.841,0.343,9.5,2.6,1.0,0.3128205128205128,0.5259570539419088,0.1162365089211618,-0.0,PHX,0.622329870942956
1626174,Christian Wood,2020-21,25.0,32.3,0.255,0.591,0.1480654760026974,0.1888598781549173,0.0190661970776497,1.0,,4.16,2.2,3.9,0.39,0.61,0.378125,0.3962128980455771,0.0246440382941688,-0.031,-0.0589999999999999,0.224,-0.1215686274509803,0.0018289999999999,0.271,0.049,2.3,0.8,0.3,0.5484375,0.4165523933855527,0.1062208603133159,-0.0,,
1629643,Chuma Okeke,2020-21,22.0,25.2,0.142,0.511,0.0926322467382398,0.3087934560327198,0.0049567237384046,1.0,,4.6,1.3,0.8999999999999999,0.2933333333333333,0.7066666666666667,0.1851851851851851,0.5,0.0373190184049079,-0.0779999999999999,0.1099999999999999,0.064,-0.5492957746478873,-0.0085799999999999,0.385,0.195,2.2,0.6,0.1,0.3549382716049383,0.3438203680981595,0.0488224922699386,-0.0,,
203991,Clint Capela,2020-21,27.0,30.1,0.193,0.601,0.1502286973008816,0.0155688622754491,0.0127376369034789,1.0,42.99779580111272,4.33,1.1,2.7,0.27,0.73,0.3963636363636363,0.1350000000000001,0.0097928143712574,-0.018,0.155,0.175,-0.0932642487046633,-0.00279,0.332,0.002,0.1,0.0,0.0,0.8772563176895307,0.4069490658682635,0.0785411697125748,-0.0,,
1629632,Coby White,2020-21,21.0,31.2,0.219,0.54,0.1031199286257981,0.5281818181818182,0.0105683886507908,1.0,42.83646051522516,4.57,5.4,0.2,0.6000000000000001,0.3999999999999999,0.4473553257392394,0.4902806080758542,0.0262245454545454,-0.032,0.1149999999999999,0.187,-0.1461187214611872,-0.0036799999999999,0.493,0.111,4.0,1.8,0.6,0.376940133037694,0.4158203636363637,0.0910646596363636,-0.0,,
203469,Cody Zeller,2020-21,28.0,20.9,0.177,0.599,0.0416481084040939,0.0823045267489712,0.0031013814197319,1.0,,4.77,0.9,1.9,0.2777777777777778,0.7222222222222222,0.2,1.0,0.0451851851851851,-0.0829999999999999,0.118,0.094,-0.4689265536723163,-0.0097939999999999,0.243,0.013,0.2,0.0,0.0,0.7469135802469136,0.3218816872427983,0.0569730586419753,-0.0,,
1630175,Cole Anthony,2020-21,21.0,27.1,0.235,0.496,0.0650970377724615,0.7562141491395793,0.0074158855714952,1.0,,4.93,6.1,0.1,0.6777777777777777,0.3222222222222223,0.2554347826086957,0.2823725607677035,0.0375229445506692,0.024,0.3289999999999999,0.259,0.1021276595744681,0.007896,0.753,0.136,4.2,1.5,0.5,0.5688405797101449,0.3846113076269385,0.0903836572923305,-0.0,,
1629012,Collin Sexton,2020-21,22.0,35.3,0.286,0.573,0.1204230648144163,0.6678648454349388,0.0184186894577902,1.0,42.75632991651505,4.51,5.9,1.2000000000000002,0.6555555555555556,0.3444444444444444,0.7160338382844778,0.1185634806721112,0.1071790079079798,0.049,0.088,0.335,0.1713286713286715,0.004312,0.53,0.077,7.0,1.9,0.6,0.5983455882352942,0.4327795990095056,0.1237749653167185,-0.0,,
202709,Cory Joseph,2020-21,29.0,23.0,0.159,0.556,0.1090731581645314,0.6178010471204188,0.0069153405904842,1.0,42.239022734506754,4.73,3.0,0.1,0.4533333333333333,0.5466666666666666,0.5052747859707262,0.5,0.0124188481675392,-0.039,-0.2740000000000001,0.12,-0.2452830188679245,0.010686,0.54,0.093,1.8,0.3,0.1,0.5,0.3753823036649214,0.0596857862827225,-0.0,,
1626156,D'Angelo Russell,2020-21,25.0,28.5,0.283,0.555,0.1164434446999652,0.6219415943172849,0.0175305159325754,1.0,,4.48,5.0,0.9,0.7177777777777777,0.2822222222222222,0.1441717791411043,0.1535186695521456,0.0684711917916337,0.113,0.0079999999999998,0.396,0.3992932862190814,0.0009039999999999,0.584,0.138,7.8,3.5,1.3,0.3788343558282208,0.4496530763834078,0.1272518206165044,-0.0,,
203081,Damian Lillard,2020-21,30.0,35.8,0.306,0.623,0.1601786680026062,0.8117154811715481,0.0271135770799533,1.1660006089670394,43.01371514251895,4.34,8.3,0.7,0.9222222222222224,0.0777777777777777,0.7032862965502173,0.0357692771081138,0.1301063956963538,0.06,0.0929999999999999,0.366,0.196078431372549,0.0055799999999999,0.724,0.075,10.9,8.1,3.0,0.4747956403269754,0.5478498348803283,0.1676420494733804,-1.2677405944308202e-05,,
1627814,Damion Lee,2020-21,28.0,18.9,0.127,0.636,0.1215265264677776,0.0557029177718832,0.0055001770080565,1.0,,5.09,0.9,0.0,0.2088888888888888,0.7911111111111111,0.052919708029197,0.4497335593059213,0.0345915119363395,0.064,-0.0849999999999999,0.191,0.5039370078740157,-0.0054399999999999,0.078,0.038,0.8,0.3,0.1,0.2344322344322344,0.3544513527851459,0.0450153218037135,-0.0,,
1628422,Damyean Dotson,2020-21,27.0,19.7,0.162,0.499,0.0880978109326856,0.4142259414225941,0.0057443069545441,1.0,,4.44,2.1,0.2,0.3577777777777778,0.6422222222222222,0.1877133105802047,0.1819425468289181,0.0,0.0279999999999999,0.0899999999999999,0.19,0.1728395061728395,0.0025199999999999,0.353,0.156,2.1,1.0,0.2,0.3161512027491409,0.3505679962807996,0.0567920153974895,-0.0,,
1628464,Daniel Theis,2020-21,29.0,24.6,0.154,0.609,0.1386923296545228,0.0131147540983606,0.0083817272519633,1.0,43.65767908905909,4.39,1.0,1.4,0.2155555555555555,0.7844444444444445,0.3187052932761087,0.2355055578756835,0.0080786885245901,0.008,-0.004,0.162,0.0519480519480519,-3.200000000000006e-05,0.147,0.112,0.4,0.2,0.0,0.4248927038626609,0.3694810637522768,0.0569000838178506,-0.0,,
201568,Danilo Gallinari,2020-21,32.0,24.0,0.211,0.613,0.1041464966182248,0.1902654867256637,0.0100941173244242,1.0155143769968054,42.577071943368935,4.21,1.6,2.0,0.22,0.78,0.5460780984719863,0.5,0.0307064896755162,-0.0779999999999999,-0.2079999999999999,0.133,-0.3696682464454975,0.0162239999999999,0.277,0.145,2.6,0.8,0.3,0.2770897832817337,0.3632026371681416,0.0766357564424778,-0.0,,
201980,Danny Green,2020-21,34.0,28.0,0.138,0.582,0.1539482978316609,0.0911949685534591,0.0078921171085256,0.0,42.7756572349452,4.67,1.0,0.1,0.1777777777777777,0.8222222222222222,0.0832534437825762,0.3908481428089075,0.0087924528301886,-0.003,-0.1199999999999999,0.135,-0.0217391304347826,0.00036,0.134,0.046,1.5,0.9,0.3,0.3288364249578415,0.3478703703703704,0.0480061111111111,-0.0,,
1627863,Danuel House Jr.,2020-21,28.0,25.9,0.153,0.525,0.0834065587188291,0.2701688555347092,0.0049915721067629,1.0,,4.62,1.5,0.4,0.2444444444444444,0.7555555555555555,0.2830882352941176,0.3184230052916608,0.0276022514071294,-0.001,-0.059,0.152,-0.0065359477124183,5.900000000000005e-05,0.273,0.044,2.0,1.4,0.5,0.3492647058823529,0.3275363769022306,0.0501130656660412,-0.0,,
1629647,Darius Bazley,2020-21,21.0,31.2,0.218,0.491,0.0193864145382215,0.4487704918032787,0.001973250563021,1.0,43.161340017865705,4.69,2.4,0.5,0.2666666666666666,0.7333333333333334,0.6709681159420289,1.0,0.0438524590163934,-0.067,-0.126,0.151,-0.3073394495412844,0.008442,0.399,0.042,2.3,1.5,0.5,0.4594202898550724,0.2812934426229508,0.0613219704918032,-0.0,,
1629636,Darius Garland,2020-21,21.0,33.1,0.245,0.547,0.1214532421068621,0.7264731750219877,0.0147284905020814,1.0,43.11298584857636,4.77,6.2,0.3,0.6888888888888889,0.3111111111111111,0.472590336239937,0.2269463477864357,0.1161310466138962,0.0399999999999999,0.003,0.285,0.1632653061224489,0.00012,0.577,0.085,5.5,2.4,0.9,0.4886363636363636,0.4373115606371542,0.1071413323561027,-0.0,,
1628368,De'Aaron Fox,2020-21,23.0,35.1,0.304,0.565,0.1419434723410841,0.8737244897959183,0.0237917178323321,1.0,42.749793525928204,4.57,7.4,0.3,0.8222222222222223,0.1777777777777777,0.745148813735201,0.1417684966181517,0.0506709183673469,0.081,-0.0109999999999998,0.385,0.2664473684210527,-0.0008909999999999,0.769,0.092,8.7,3.8,1.2,0.5216216216216216,0.4768109410430839,0.1449505260770975,-6.77102494331067e-06,,
1629631,De'Andre Hunter,2020-21,23.0,29.5,0.194,0.603,0.0953911963338569,0.3609625668449198,0.0081509999477499,0.9237471694397954,,4.51,1.5,2.2,0.22,0.78,0.2459677419354837,0.5,0.0438850267379678,-0.0289999999999999,-0.194,0.165,-0.1494845360824742,0.005626,0.3,0.145,3.1,0.8,0.2,0.5152542372881356,0.2960799732620321,0.0574395148128342,-0.0,,
1629001,De'Anthony Melton,2020-21,23.0,20.1,0.189,0.568,0.1335739432164765,0.4308681672025723,0.0109752507973185,0.8945942852782969,41.81867266738453,4.65,1.8,0.3,0.3822222222222222,0.6177777777777778,0.3487344314985937,0.3898034351520747,0.0538376205787781,-0.0179999999999999,0.211,0.171,-0.0952380952380951,-0.0037979999999999,0.395,0.042,2.0,1.1,0.4,0.4386792452830189,0.3477911111111111,0.06573252,-0.0,MEM,0.5598047582657167
201599,DeAndre Jordan,2020-21,32.0,21.9,0.128,0.736,0.2912220714537772,0.0048426150121065,0.013336419293572,1.0,42.870393614807995,4.01,0.7,1.2000000000000002,0.22,0.78,0.4181818181818181,0.2908682590027383,0.0037046004842615,-0.038,0.186,0.09,-0.296875,-0.007068,0.2,0.0,0.0,0.0,0.0,0.8232931726907631,0.4643901937046005,0.0594419447941888,-0.0,,
1627761,DeAndre' Bembry,2020-21,26.0,19.1,0.142,0.57,0.1247326845736815,0.3611940298507462,0.0066744085386205,1.0,,4.59,1.8,0.5,0.3488888888888888,0.6511111111111112,0.4,0.5,0.0015671641791044,-0.0839999999999999,-0.007,0.0579999999999999,-0.5915492957746479,0.000588,0.376,0.007,0.3,0.2,0.0,0.5921052631578947,0.3766319237147595,0.0534817331674958,-0.0,,
201942,DeMar DeRozan,2020-21,31.0,33.7,0.255,0.591,0.1026295007456855,0.8,0.0132154661574342,1.0,42.451383360593894,4.41,5.4,1.4,0.6866666666666666,0.3133333333333333,0.8145767348114021,0.0849905994618595,0.0,0.13,-0.007,0.385,0.5098039215686274,-0.00091,0.723,0.237,6.5,0.2,0.0,0.6499454743729552,0.4145322766251728,0.105705730539419,-0.0,,
1629731,Dean Wade,2020-21,24.0,19.2,0.128,0.573,0.078550499742316,0.0384615384615384,0.0035971943852113,1.0,,4.56,0.8,0.2,0.2088888888888888,0.7911111111111111,0.112540192926045,1.0,0.0218076923076923,-0.024,-0.2569999999999999,0.104,-0.1875,0.006168,0.142,0.032,0.3,0.1,0.0,0.2379421221864952,0.3295384615384615,0.042180923076923,-0.0,,
1629028,Deandre Ayton,2020-21,22.0,30.6,0.179,0.653,0.1664471350769119,0.0429128738621586,0.0126053779238207,1.0,42.879142213398325,4.21,1.3,5.0,0.5,0.5,0.35,0.5,0.0283654096228868,-0.0669999999999999,0.022,0.112,-0.3743016759776535,-0.001474,0.284,0.08,0.5,0.0,0.0,0.7242888402625821,0.4644265279583875,0.0831323485045513,-0.0,PHX,0.6076979069179489
1627749,Dejounte Murray,2020-21,24.0,31.9,0.231,0.509,0.0889722294261293,0.7189324437030858,0.0098780778123958,1.0,42.44962233361669,4.7,5.5,0.2,0.6111111111111112,0.3888888888888888,0.4037102598598031,0.5,0.0048423686405337,-0.05,0.0729999999999999,0.181,-0.2164502164502165,-0.0036499999999999,0.642,0.261,6.6,0.4,0.1,0.4974306269270298,0.3916269808173477,0.0904658325688073,-0.0,,
1626153,Delon Wright,2020-21,29.0,27.7,0.163,0.562,0.1193066801933968,0.6329305135951662,0.0078513830829716,1.0,44.27978364006595,4.65,5.0,0.3,0.5555555555555556,0.4444444444444444,0.6710613052076466,0.5,0.1347296072507552,-0.032,-0.163,0.131,-0.1963190184049079,0.005216,0.571,0.022,1.6,1.0,0.3,0.5463510848126233,0.4085436388049682,0.0665926131252098,-0.0,,
1630166,Deni Avdija,2020-21,20.0,23.3,0.118,0.515,0.0625193925521635,0.1776859504132231,0.0025341817596351,1.0,43.199852528904,4.69,0.9,0.5,0.1422222222222222,0.8577777777777778,0.3834659593280282,1.0,0.0080495867768595,-0.044,-0.14,0.074,-0.3728813559322034,0.00616,0.177,0.041,0.5,0.1,0.0,0.3397435897435897,0.2940939026629935,0.0347030805142332,-0.0,,
203471,Dennis Schröder,2020-21,27.0,32.1,0.227,0.543,0.0884853525460831,0.6561181434599156,0.0095699610755023,1.0158391835200662,42.321395368419665,4.58,6.1,0.3,0.6777777777777777,0.3222222222222223,0.6945263157894737,0.1549642352990633,0.0879177215189873,0.002,0.0579999999999999,0.229,0.0088105726872246,0.0001159999999999,0.56,0.155,4.0,0.7,0.1,0.5079171741778319,0.3763036199004476,0.0854209217174016,-0.0,,
1627756,Denzel Valentine,2020-21,27.0,16.7,0.19,0.479,0.0766193679759302,0.3359223300970873,0.0063455455603756,1.0,,4.57,1.0,0.1,0.3199999999999999,0.68,0.0889423076923077,1.0,0.0111009708737864,-0.083,-0.1039999999999999,0.107,-0.4368421052631579,0.0086319999999999,0.342,0.089,2.3,0.9,0.3,0.2860576923076923,0.3385133592233009,0.0643175382524271,-0.0,,
201565,Derrick Rose,2020-21,32.0,25.6,0.252,0.55,0.1119670741812282,0.7585470085470085,0.0141641703386178,1.0141426019636333,42.6165517520311,4.47,5.1,0.3,0.6133333333333334,0.3866666666666666,0.5241340452362425,0.5,0.0658910256410255,-0.0209999999999999,-0.233,0.231,-0.0833333333333333,0.0048929999999999,0.662,0.18,5.0,0.9,0.3,0.5930232558139535,0.4626744579263329,0.1165939633974359,-0.0,,
1628401,Derrick White,2020-21,26.0,29.5,0.223,0.55,0.0867864259142666,0.4524043179587831,0.0091392192873413,1.0,,4.57,3.1,0.2,0.3733333333333333,0.6266666666666667,0.1920529801324503,0.5,0.0538233562315995,-0.075,-0.014,0.148,-0.336322869955157,0.00105,0.344,0.043,3.1,1.6,0.4,0.4203539823008849,0.3510079620543016,0.0782747755381092,-0.0,,
1626164,Devin Booker,2020-21,24.0,33.9,0.319,0.587,0.1444775456188744,0.6353297952994693,0.0260307319357362,0.9660254340107416,42.78348010918616,4.64,4.0,2.3,0.4444444444444445,0.5555555555555556,0.5816482128982129,0.4733835404925206,0.0348036391205458,0.021,-0.1279999999999999,0.34,0.0658307210031348,-0.002688,0.552,0.197,9.2,2.8,0.9,0.5157412707498569,0.3682918753364523,0.1174851082323283,-0.0001919466330035,PHX,0.6351234935208322
1628984,Devonte' Graham,2020-21,26.0,30.2,0.211,0.552,0.0899631524990043,0.4399596367305751,0.0087194350812287,1.0,43.47765111554152,4.58,5.1,0.1,0.6044444444444445,0.3955555555555555,0.3659633904285818,0.2143148681682103,0.1123763874873864,0.016,0.1459999999999999,0.227,0.075829383886256,0.002336,0.337,0.086,5.3,3.3,1.0,0.3263473053892216,0.4136447202601188,0.087279035974885,-0.0,,
1628415,Dillon Brooks,2020-21,25.0,29.8,0.256,0.515,0.0785523514611375,0.5165496489468405,0.010174642019502,1.24676825991067,42.90227774706853,4.29,1.8,0.3,0.2488888888888888,0.7511111111111111,0.4189905148198067,0.769666511450932,0.0826048144433299,-0.0229999999999999,-0.035,0.233,-0.0898437499999999,0.000805,0.382,0.156,6.5,1.7,0.4,0.4680851063829787,0.3635553761283852,0.0930701762888666,-0.0,,
1627734,Domantas Sabonis,2020-21,25.0,36.0,0.239,0.601,0.1335583529393442,0.3122641509433962,0.0156051485089692,1.0,43.09272429393031,4.58,3.6,6.5,0.65,0.35,0.8356164383561644,0.5,0.0327471698113207,-0.062,-0.0519999999999999,0.177,-0.2594142259414226,0.0032239999999999,0.355,0.044,1.4,0.2,0.0,0.6283185840707964,0.4721085849056604,0.1128339517924528,-0.0,,
1628378,Donovan Mitchell,2020-21,24.0,33.4,0.327,0.569,0.1211157750630569,0.7867902665121668,0.0226476081228615,1.2511542552057822,42.85026852830148,4.46,6.1,0.1,0.6777777777777777,0.3222222222222223,0.5584971478913973,0.3759866924164694,0.1376251448435689,0.1069999999999999,-0.0789999999999999,0.434,0.3272171253822629,-0.0084529999999999,0.72,0.108,9.8,5.5,2.0,0.4845283018867924,0.4809245798217341,0.157262337601707,-0.0003055059813099,UTA,0.6237353269298794
1627827,Dorian Finney-Smith,2020-21,28.0,32.0,0.12,0.609,0.1597744276236421,0.0859375,0.0066416982334652,0.0,43.010870433567035,4.39,1.1,0.1,0.1555555555555555,0.8444444444444444,0.1836744800264113,0.2099999999999999,0.0014296875,-0.0079999999999999,0.0909999999999999,0.112,-0.0666666666666666,-0.0007279999999999,0.195,0.007,0.7,0.4,0.2,0.2911153119092627,0.32849375,0.0394192499999999,-0.0,DAL,0.5959855072463768
203926,Doug McDermott,2020-21,29.0,24.5,0.194,0.635,0.184045314824573,0.0830670926517572,0.0157263291495829,1.0,43.06292326929979,5.33,0.7,0.6,0.1666666666666666,0.8333333333333334,0.2891089108910891,0.5,0.0158658146964856,-0.121,-0.135,0.073,-0.6237113402061856,0.016335,0.155,0.016,1.3,1.0,0.4,0.5744360902255639,0.3769116080937167,0.073120851970181,-0.0,,
203110,Draymond Green,2020-21,31.0,31.5,0.128,0.53,0.0557635693885396,0.2546728971962617,0.00255367437969,1.0,42.79499031223636,4.19,3.0,0.8999999999999999,0.7666666666666666,0.2333333333333334,0.6799999999999999,0.6867459397845939,0.0,0.01,-0.054,0.138,0.078125,-0.00054,0.312,0.036,0.6,0.1,0.0,0.4842105263157895,0.4419638629283489,0.0565713744548286,-0.0,,
1628407,Dwayne Bacon,2020-21,25.0,25.7,0.193,0.49,0.060536398390521,0.6384364820846905,0.0051327787300081,1.0,43.28914468375439,4.31,1.6,0.3,0.1777777777777777,0.8222222222222222,0.595065870223386,1.0,0.0,0.005,-0.354,0.198,0.0259067357512953,-0.00177,0.555,0.109,3.9,1.3,0.4,0.5,0.274385776330076,0.0529564548317046,-0.0,,
2730,Dwight Howard,2020-21,35.0,17.3,0.173,0.61,0.1217177085254203,0.0516795865633075,0.0087583626233937,1.0,,4.21,0.8,0.6,0.1688888888888889,0.8311111111111111,0.2,0.5,0.0319896640826873,-0.0459999999999999,-0.2169999999999999,0.127,-0.2658959537572253,0.0099819999999999,0.404,0.029,0.0,0.0,0.0,0.8258258258258259,0.3164713809933964,0.0547495489118575,-0.0,,
1628410,Edmond Sumner,2020-21,25.0,16.2,0.176,0.626,0.1241115367559624,0.3760683760683761,0.0091639171648392,1.0,,5.01,0.7,0.2,0.1666666666666666,0.8333333333333334,0.4,0.5,0.0727065527065527,-0.0839999999999999,0.2069999999999999,0.092,-0.4772727272727272,-0.0173879999999999,0.25,0.015,0.5,0.2,0.1,0.5512367491166078,0.3245045109211775,0.0571127939221272,-0.0,,
202339,Eric Bledsoe,2020-21,31.0,29.7,0.181,0.533,0.0776543589911859,0.4671445639187574,0.005979759279219,1.0,42.8857211814281,4.47,2.9,0.2,0.3777777777777777,0.6222222222222222,0.4994946136454314,0.8284862075424684,0.0514599761051374,-0.0259999999999999,0.005,0.155,-0.1436464088397789,-0.00013,0.365,0.099,3.1,1.1,0.3,0.3342465753424657,0.3448164609053498,0.0624117794238683,-0.0,,
201569,Eric Gordon,2020-21,32.0,29.2,0.246,0.577,0.1095462073460047,0.4981549815498155,0.013365955377382,1.0,,4.02,2.9,0.1,0.3266666666666666,0.6733333333333333,0.2888283378746594,0.5,0.0,-0.091,-0.0539999999999999,0.155,-0.3699186991869919,0.0049139999999999,0.497,0.0,2.7,2.4,0.8,0.3557422969187675,0.3510801814268143,0.0863657246309963,-0.0,,
1629672,Eric Paschall,2020-21,24.0,17.4,0.234,0.561,0.110229865694682,0.3949771689497717,0.0124773703066236,1.0,,4.71,1.2,1.8,0.2777777777777778,0.7222222222222222,0.3590604026845637,0.5,0.0,-0.132,0.1909999999999999,0.102,-0.5641025641025641,-0.0252119999999999,0.392,0.199,1.9,0.1,0.1,0.5445205479452054,0.3453077752409944,0.0808020194063927,-0.0,,
203095,Evan Fournier,2020-21,28.0,30.0,0.222,0.598,0.1508730522213176,0.5017064846416383,0.0157812404888073,0.8865127980748195,,4.67,2.1,0.3,0.3777777777777777,0.6222222222222222,0.1737523105360443,0.1224124234564545,0.0627690557451649,0.011,-0.023,0.233,0.0495495495495495,-0.000253,0.372,0.092,5.6,3.1,1.2,0.4552980132450331,0.4628410504361016,0.1027507131968145,-0.0,,
1630267,Facundo Campazzo,2020-21,30.0,21.9,0.128,0.558,0.0962572037079416,0.4221698113207547,0.0044080670886912,0.8328083856164327,42.90188818426343,4.68,2.8,0.0,0.4777777777777777,0.5222222222222223,0.5055555555555555,0.4380993289824612,0.0612665094339622,-0.021,-0.04,0.107,-0.1640625,0.00084,0.367,0.015,1.4,1.0,0.3,0.2365038560411311,0.3841066256114606,0.0491656480782669,-0.0,,
1628402,Frank Jackson,2020-21,23.0,18.5,0.207,0.598,0.142945116340695,0.3108614232209737,0.013462472855833,1.0,,4.63,0.9,0.4,0.1755555555555555,0.8244444444444444,0.1808873720136518,0.5,0.0782172284644194,-0.066,-0.017,0.141,-0.3188405797101449,0.001122,0.254,0.056,1.5,0.6,0.1,0.409556313993174,0.34195898460258,0.070785509812734,-0.0,,
1627832,Fred VanVleet,2020-21,27.0,36.5,0.237,0.534,0.0805206995222028,0.5986496624156039,0.0092903068416531,1.0,43.020339651882544,4.77,5.8,0.4,0.6444444444444444,0.3555555555555556,0.4727648151971917,1.0,0.0680165041260315,-0.0029999999999999,-0.119,0.234,-0.0126582278481011,0.0003569999999999,0.512,0.08,6.8,4.1,1.5,0.4103448275862069,0.4028753188297075,0.0954814505626406,-0.0,,
1627788,Furkan Korkmaz,2020-21,23.0,19.3,0.195,0.544,0.0998864536950756,0.2884615384615384,0.0086011894099992,0.5955840571474958,,4.77,1.1,0.1,0.2466666666666666,0.7533333333333333,0.1580188679245283,0.1926328017380469,0.0679895104895104,0.0169999999999999,0.0899999999999999,0.212,0.0871794871794871,0.0015299999999999,0.259,0.06,2.3,1.3,0.4,0.2857142857142857,0.2896821794871794,0.056488025,-0.0,,
202066,Garrett Temple,2020-21,35.0,27.3,0.126,0.525,0.0603432484228534,0.2523900573613766,0.0026988857686299,1.0,42.693703833967255,4.48,1.2,0.2,0.2311111111111111,0.768888888888889,0.4265400648448356,0.9008107881057126,0.0018508604206501,-0.024,-0.006,0.102,-0.1904761904761905,0.000144,0.209,0.085,1.5,0.5,0.2,0.3727034120734908,0.3109473592521776,0.0391793672657743,-0.0,,
203914,Gary Harris,2020-21,26.0,27.7,0.164,0.511,0.0609848763142851,0.4198606271777003,0.0040503067841515,1.0,,4.36,1.3,0.5,0.2266666666666666,0.7733333333333333,0.3188405797101449,1.0,0.0763031358885017,-0.085,-0.0479999999999999,0.079,-0.5182926829268293,0.0040799999999999,0.29,0.082,2.4,1.1,0.3,0.4243323442136498,0.2997340766550522,0.0491563885714285,-0.0,,
1629018,Gary Trent Jr.,2020-21,22.0,31.1,0.204,0.534,0.1088775598321771,0.4924242424242424,0.010031910063128,1.0,42.8419877104044,4.11,1.6,0.1,0.1777777777777777,0.8222222222222222,0.2912101910828024,0.5,0.0668170995670995,-0.0489999999999999,0.0569999999999999,0.155,-0.2401960784313725,-0.0027929999999999,0.35,0.133,6.5,3.2,1.1,0.4076433121019108,0.3116299302549302,0.0635725057720057,-0.0,,
201588,George Hill,2020-21,35.0,22.4,0.161,0.596,0.1245068848865274,0.5238095238095237,0.0080432613675695,1.0526841459372789,,4.46,2.4,0.1,0.3466666666666667,0.6533333333333333,0.2944162436548223,0.3104929377765347,0.1103913043478261,-0.016,-0.0469999999999999,0.145,-0.0993788819875777,0.0007519999999999,0.432,0.084,2.1,0.8,0.2,0.4166666666666667,0.1638284126984126,0.0263763744444444,-0.0,,
203507,Giannis Antetokounmpo,2020-21,26.0,33.0,0.32,0.633,0.2186410882825237,0.6677524429967426,0.0395782646196682,0.8382162872735376,43.17162302089532,4.6,4.6,6.300000000000001,0.6300000000000001,0.3699999999999999,1.0,0.4391188541664778,0.1159495114006513,-0.0499999999999999,-0.009,0.27,-0.1562499999999999,0.00045,0.586,0.059,5.9,2.9,0.9,0.5828460038986355,0.4522223728977975,0.1447111593272952,-0.0001791110508408,,
201609,Goran Dragic,2020-21,35.0,26.7,0.239,0.552,0.1145878643679593,0.547085201793722,0.013388609558548,1.2028954087346024,42.28345602738647,4.76,4.3,0.5,0.5777777777777778,0.4222222222222221,0.5279279279279279,0.5,0.0576860986547085,-0.06,-0.206,0.179,-0.2510460251046025,0.01236,0.496,0.086,3.8,1.6,0.5,0.4243421052631579,0.4222221959982167,0.1009111048435738,-0.0,,
202330,Gordon Hayward,2020-21,31.0,34.0,0.235,0.584,0.1198498334706075,0.4130643611911623,0.0136533501553088,1.0,,4.91,3.0,1.7,0.42,0.5800000000000001,0.2431610942249239,0.1699872508593475,0.1007444764649375,0.037,0.022,0.272,0.1574468085106384,0.000814,0.322,0.134,5.2,1.4,0.5,0.3996960486322188,0.3892614217098943,0.0914764341018251,-0.0,,
203476,Gorgui Dieng,2020-21,31.0,14.5,0.169,0.67,0.1172441302650114,0.1134969325153374,0.0081455641114864,1.0,,4.32,0.7,1.0,0.2888888888888889,0.711111111111111,0.1349693251533742,0.5,0.0737730061349693,-0.066,0.3299999999999999,0.103,-0.3905325443786983,-0.02178,0.271,0.062,0.6,0.2,0.1,0.3703703703703703,0.371346284935242,0.0627575221540559,-0.0,,
1628960,Grayson Allen,2020-21,25.0,25.2,0.164,0.586,0.1157310498717177,0.2788461538461538,0.0076862705110152,0.0,43.66002965459229,4.7,1.4,0.1,0.2577777777777778,0.7422222222222222,0.3955066643385132,0.5,0.0401634615384615,-0.033,-0.1129999999999999,0.131,-0.2012195121951219,0.0037289999999999,0.208,0.019,2.2,1.3,0.5,0.2796420581655481,0.3260849358974358,0.0534779294871794,-0.0,MEM,0.5553880486757337
1628977,Hamidou Diallo,2020-21,22.0,23.6,0.218,0.541,0.0801362663373492,0.5771428571428572,0.0081566878886663,1.0,42.821341084577405,4.63,2.0,0.5,0.2955555555555555,0.7044444444444444,0.9066666666666666,0.7688460798783507,0.0762057142857142,-0.031,-0.12,0.187,-0.1422018348623853,0.00372,0.5,0.07,2.0,0.3,0.1,0.6191489361702127,0.3185734095238095,0.0694490032761904,-0.0,,
203084,Harrison Barnes,2020-21,29.0,36.2,0.169,0.626,0.1589421919948132,0.3705234159779614,0.0110425469657845,1.0,42.57375190680802,4.8,2.0,1.9,0.2844444444444444,0.7155555555555555,0.8077292245516543,0.1281938010810797,0.0443099173553718,0.0,-0.025,0.169,0.0,-0.0,0.323,0.017,1.8,1.3,0.5,0.5109034267912772,0.3799965197428834,0.0642194118365473,-0.0,,
1630193,Immanuel Quickley,2020-21,22.0,19.4,0.246,0.557,0.1270010859295501,0.6893939393939394,0.0154956605850521,1.0985368954213657,,4.66,3.0,0.1,0.3644444444444444,0.6355555555555555,0.0758620689655172,0.5,0.1597984848484849,-0.064,0.0109999999999998,0.182,-0.2601626016260163,-0.0007039999999999,0.59,0.066,5.2,2.8,0.9,0.4704918032786885,0.2351875985343632,0.0578561492394533,-0.0,,
1630171,Isaac Okoro,2020-21,20.0,32.4,0.142,0.514,0.0322365265376696,0.3709150326797386,0.0017249668658529,1.0,42.99830059085044,4.32,1.5,0.5,0.1911111111111111,0.8088888888888889,0.7325301204819277,0.9392341060518188,0.0470555555555555,-0.0359999999999999,0.0749999999999999,0.106,-0.2535211267605633,-0.0026999999999999,0.285,0.009,1.0,0.6,0.2,0.5163636363636364,0.2769002469135803,0.0393198350617284,-0.0,,
1629676,Isaiah Roby,2020-21,23.0,23.4,0.171,0.555,0.0766203341422049,0.3291139240506328,0.0054179901008462,1.0,42.28504066572436,4.85,1.3,1.3,0.2622222222222222,0.7377777777777779,0.7257142857142858,0.7625886612541606,0.0404050632911392,-0.03,0.0099999999999998,0.141,-0.1754385964912282,-0.0002999999999999,0.391,0.023,0.7,0.4,0.1,0.6155660377358491,0.3241354711673699,0.0554271655696202,-0.0,,
1630191,Isaiah Stewart,2020-21,20.0,21.4,0.15,0.597,0.0914762599468367,0.0211864406779661,0.0053142904702115,1.0,42.93044041306183,4.53,0.8,1.5,0.15,0.85,0.3399999999999999,0.2052346939576116,0.0121186440677966,-0.009,0.5289999999999999,0.141,-0.06,-0.004761,0.31,0.052,0.1,0.0,0.0,0.6814814814814815,0.3219317796610169,0.0482897669491525,-0.0,,
202397,Ish Smith,2020-21,32.0,21.0,0.155,0.473,0.0398090929625749,1.0,0.0024292926136955,1.1791276356927236,,4.97,2.9,0.2,0.5377777777777778,0.4622222222222222,0.2424242424242424,1.0,0.0,-0.092,-0.2229999999999999,0.063,-0.5935483870967742,0.0205159999999999,0.643,0.251,3.2,0.2,0.0,0.4,0.3701772839506173,0.0573774790123456,-0.0,,
1627826,Ivica Zubac,2020-21,24.0,22.3,0.147,0.693,0.1576131652334193,0.0415704387990762,0.0088831806250918,1.0,42.6670157585195,4.46,0.9,2.3,0.2299999999999999,0.77,0.4618181818181818,0.4425,0.0270623556581986,-0.059,0.088,0.088,-0.4013605442176871,-0.005192,0.265,0.006,0.0,0.0,0.0,0.8736141906873615,0.397278637413395,0.058399959699769,-0.0,,
1629630,Ja Morant,2020-21,21.0,32.6,0.267,0.537,0.0848406600567393,0.7510105092966856,0.0117049868654599,1.2408913057570423,42.923567335473685,4.6,6.8,0.4,0.7555555555555555,0.2444444444444444,0.8461447505912114,0.2122605944225809,0.070248181083266,0.0899999999999999,-0.033,0.357,0.3370786516853931,-0.00297,0.653,0.04,4.2,2.0,0.6,0.5878504672897197,0.4427341465527198,0.1182100171295762,-0.0,MEM,0.5776178293551365
1630183,Jaden McDaniels,2020-21,20.0,24.0,0.118,0.552,0.0601339107988702,0.1050228310502283,0.0024374878523472,1.0,43.097929667241765,4.88,0.8,0.2,0.1422222222222222,0.8577777777777778,0.1950295969181621,1.0,0.0610182648401826,-0.0619999999999999,-0.016,0.056,-0.5254237288135593,0.000992,0.177,0.042,0.8,0.3,0.1,0.332425068119891,0.2969673465246067,0.0350421468899036,-0.0,MIN,0.5704249333009944
203109,Jae Crowder,2020-21,30.0,27.5,0.152,0.574,0.1006133182207503,0.0444444444444444,0.0059623965119625,1.0,42.666313551254206,4.64,1.0,0.2,0.2266666666666666,0.7733333333333333,0.1398373983739837,0.5,0.0263555555555555,-0.0379999999999999,-0.1279999999999999,0.114,-0.2499999999999999,0.0048639999999999,0.08,0.056,1.2,0.8,0.3,0.2228826151560178,0.3440254814814814,0.0522918731851851,-0.0,,
1630256,Jae'Sean Tate,2020-21,25.0,29.2,0.161,0.576,0.1083827067588038,0.3408748114630467,0.0070016243598111,1.0,42.97524837845633,4.49,1.6,1.3,0.2822222222222222,0.7177777777777778,0.6831460674157303,0.337189081940405,0.0198431372549019,-0.018,-0.0639999999999999,0.143,-0.1118012422360249,0.001152,0.383,0.005,0.4,0.1,0.0,0.614516129032258,0.3488650108932462,0.0561672667538126,-0.0,,
1627751,Jakob Poeltl,2020-21,25.0,26.7,0.13,0.612,0.1524558715596208,0.0113421550094517,0.0071459370079989,1.0,42.41015050548834,4.67,1.0,2.5,0.25,0.75,0.3741935483870968,0.286500883837279,0.0071342155009451,-0.038,0.028,0.092,-0.2923076923076923,-0.001064,0.245,0.03,0.1,0.0,0.0,0.8051044083526682,0.3886661153119093,0.0505265949905482,-0.0,,
1628973,Jalen Brunson,2020-21,24.0,25.0,0.196,0.618,0.2009989075542257,0.692,0.0174412579033122,0.9005236258373333,42.62281923480987,4.61,3.9,0.2,0.4777777777777777,0.5222222222222223,0.5501144164759726,0.2165493447591882,0.0550666666666666,0.0289999999999999,-0.0599999999999999,0.225,0.1479591836734693,-0.0017399999999999,0.61,0.121,3.1,0.8,0.3,0.4903129657228018,0.3894429648148148,0.0763308211037037,-0.0,DAL,0.5923316503628904
1629667,Jalen McDaniels,2020-21,23.0,19.2,0.169,0.554,0.1338754004175784,0.1940639269406393,0.0093010256000657,1.0,,4.99,1.0,0.5,0.1999999999999999,0.8,0.4,0.5,0.0083652968036529,-0.096,-0.054,0.073,-0.5680473372781065,0.005184,0.271,0.023,0.6,0.1,0.0,0.4982332155477031,0.3507808219178082,0.0592819589041095,-0.0,,
1627750,Jamal Murray,2020-21,24.0,35.5,0.244,0.592,0.157739182339753,0.7088502894954508,0.0190118476208836,1.0,,4.56,5.3,1.1,0.5888888888888889,0.4111111111111111,0.1654040404040404,0.0711694200498338,0.0890463192721257,0.0449999999999999,0.088,0.289,0.1844262295081966,0.00396,0.582,0.181,9.4,4.0,1.6,0.329936305732484,0.4416743130227002,0.1077685323775388,-0.0,,
203516,James Ennis III,2020-21,30.0,24.1,0.137,0.613,0.1285178447628423,0.2423529411764706,0.0065169484335437,1.0,,4.74,1.0,0.3,0.1933333333333333,0.8066666666666666,0.3292181069958848,0.3753839215924754,0.0616517647058823,-0.025,-0.034,0.112,-0.1824817518248175,0.00085,0.278,0.046,1.1,0.6,0.2,0.4444444444444444,0.3426944470588235,0.0469491392470588,-0.0,,
201935,James Harden,2020-21,31.0,36.6,0.283,0.618,0.1622225437125599,1.0,0.0244225417283348,1.1566934389359864,,4.06,8.6,0.2,0.9822222222222222,0.0177777777777777,0.2888283378746594,0.0111664999959285,0.0,0.084,0.0799999999999999,0.367,0.2968197879858658,0.0067199999999999,0.804,0.017,7.6,6.6,2.4,0.5243179122182681,0.6084225664388763,0.1721835863022019,-0.0,,
201949,James Johnson,2020-21,34.0,20.5,0.166,0.51,0.0594268528621098,0.3779697624190065,0.0040192485474547,1.0,43.96754735943907,4.52,1.1,0.7,0.2977777777777778,0.7022222222222222,0.68125,0.5819743619132838,0.0,-0.013,0.0579999999999999,0.153,-0.0783132530120482,-0.0007539999999999,0.363,0.033,0.8,0.4,0.1,0.5412844036697247,0.3188735301175905,0.05293300599952,-0.0,,
1629020,Jarred Vanderbilt,2020-21,22.0,17.8,0.118,0.612,0.128785809835283,0.1102941176470588,0.0052202466604599,1.0,,4.9,0.7,0.7,0.2022222222222222,0.7977777777777778,0.2,0.2553884676419595,0.0729044117647059,-0.0199999999999999,0.0819999999999999,0.098,-0.1694915254237287,-0.0016399999999999,0.287,0.0,0.1,0.0,0.0,0.7796610169491526,0.3535107924836602,0.0417142735130719,-0.0,,
1628386,Jarrett Allen,2020-21,23.0,29.6,0.163,0.661,0.1945797459184516,0.029059829059829,0.012804983953259,1.0,42.83599718480895,4.25,1.3,2.7,0.27,0.73,0.5,0.4868888574654528,0.0198188034188034,-0.063,-0.012,0.1,-0.3865030674846625,0.000756,0.272,0.025,0.0,0.0,0.0,0.7933194154488518,0.4204850598290598,0.0685390647521367,-0.0,,
1629637,Jaxson Hayes,2020-21,21.0,16.1,0.156,0.675,0.1810810518365743,0.0271739130434782,0.0111573204339243,1.0,,4.43,0.5,1.0,0.1266666666666666,0.8733333333333333,0.2,0.1943361209679198,0.018125,-0.0189999999999999,-0.07,0.137,-0.1217948717948717,0.00133,0.229,0.031,0.2,0.1,0.0,0.725,0.3655329166666667,0.057023135,-0.0,,
1627759,Jaylen Brown,2020-21,24.0,34.5,0.29,0.586,0.1637613853775545,0.515003489183531,0.0255745794297811,1.0,43.160814221433256,4.45,2.7,1.2999999999999998,0.36,0.64,0.52887601260126,0.4859347361694574,0.0642379623168178,-0.0599999999999999,-0.0719999999999999,0.23,-0.2068965517241378,0.0043199999999999,0.442,0.109,6.4,2.3,0.7,0.5099099099099099,0.3955981856245638,0.1147234738311235,-0.0,BOS,0.576
1628369,Jayson Tatum,2020-21,23.0,35.8,0.298,0.576,0.1363019107045318,0.7114568599717114,0.0221730961377557,0.9378582325341212,42.73568588132329,4.33,4.8,2.9000000000000004,0.5333333333333333,0.4666666666666667,0.5560823253826774,0.1443571417610639,0.1287496463932107,0.0509999999999999,0.025,0.349,0.1711409395973154,0.001275,0.592,0.119,9.6,5.4,2.0,0.5447552447552447,0.3571950105894943,0.1064441131556693,-0.0,BOS,0.586
201145,Jeff Green,2020-21,34.0,27.0,0.154,0.624,0.1670074925857433,0.1702127659574468,0.0100929247880892,0.0,43.41722976030135,4.05,1.1,1.6,0.1777777777777777,0.8222222222222222,0.6824383164005805,0.4275702472352427,0.0287986906710311,-0.044,-0.05,0.11,-0.2857142857142857,0.0022,0.184,0.037,0.9,0.3,0.0,0.4103019538188277,0.3259312056737589,0.0501934056737588,-0.0,,
201952,Jeff Teague,2020-21,33.0,17.3,0.174,0.562,0.1043129933002161,1.0,0.0075711574913063,0.4448999662308271,,4.17,2.6,0.2,0.4044444444444444,0.5955555555555556,0.2253521126760562,0.5,0.0,-0.0989999999999999,0.4379999999999999,0.075,-0.5689655172413793,-0.0433619999999999,0.699,0.038,1.7,0.7,0.3,0.5509554140127388,0.1477145098039215,0.0257023247058823,-0.0,,
203924,Jerami Grant,2020-21,27.0,33.9,0.278,0.556,0.0747276665182185,0.4234388366124892,0.0109533916060342,1.0,43.76465456207228,4.48,2.6,1.1,0.3222222222222222,0.6777777777777778,0.699295442705103,0.2757083578632699,0.0539255774165953,0.0419999999999999,0.0,0.32,0.1510791366906474,0.0,0.35,0.124,4.9,1.0,0.3,0.4967462039045553,0.3319269793745842,0.0922757002661344,-0.0,,
203087,Jeremy Lamb,2020-21,29.0,21.3,0.18,0.587,0.0742350975482163,0.4133333333333333,0.0056691512148659,1.0,,4.66,1.6,0.2,0.2088888888888888,0.7911111111111111,0.1956521739130435,0.3247398362000475,0.1053866666666666,0.091,0.01,0.271,0.5055555555555558,0.00091,0.342,0.083,3.0,1.2,0.5,0.427536231884058,0.303801837037037,0.0546843306666666,-0.0,,
202710,Jimmy Butler III,2020-21,31.0,33.6,0.259,0.607,0.1061251327246911,0.6324376199616123,0.0139883951686885,0.7586769578840936,42.899152745297705,4.44,6.0,2.0,0.7666666666666666,0.2333333333333334,1.0,0.2939469236628135,0.0908608445297504,0.078,-0.0939999999999999,0.337,0.3011583011583012,-0.0073319999999999,0.62,0.115,3.9,0.8,0.1,0.6392009987515606,0.3105929830938948,0.0804435826213187,-0.0,MIA,0.6260000000000001
203925,Joe Harris,2020-21,29.0,31.0,0.157,0.663,0.2838516789095785,0.1292134831460674,0.0176579769642103,0.9913946817582758,42.87944730780469,4.82,1.0,0.6,0.18,0.8200000000000001,0.149829436725185,0.4884044221991371,0.0267696629213483,-0.0559999999999999,-0.15,0.101,-0.3566878980891719,0.0084,0.092,0.049,2.4,1.3,0.4,0.413751507840772,0.370682415730337,0.0581971392696629,-0.0,,
204060,Joe Ingles,2020-21,33.0,27.9,0.162,0.672,0.2126569568685848,0.4786585365853658,0.0138660293977769,1.3221797220406304,42.242124125582,4.58,3.8,0.1,0.5288888888888889,0.4711111111111111,0.3369598373157091,0.5,0.0906326219512194,-0.073,-0.068,0.089,-0.4506172839506173,0.004964,0.418,0.005,3.0,2.7,1.1,0.2761310452418096,0.512217419755849,0.0829792220004475,-0.0,,
203954,Joel Embiid,2020-21,27.0,31.1,0.352,0.636,0.0866289334468595,0.2509765625,0.0180915994031114,0.9372215693781112,41.92912757183901,4.01,2.9,10.9,1.0,0.0,0.8647385984427141,0.1649301428988327,0.0234208984375,0.033,-0.022,0.385,0.09375,-0.000726,0.514,0.193,5.5,0.6,0.3,0.4585232452142206,0.5640031383299332,0.1985291046921364,-0.0009085355139558,PHI,0.5969999999999999
1628381,John Collins,2020-21,23.0,29.3,0.214,0.645,0.1473167485978812,0.0499432463110102,0.0145838700232902,1.0,43.041586916279705,4.54,1.3,3.9,0.39,0.61,0.3512810699325975,0.5,0.0322133938706015,-0.068,0.146,0.146,-0.3177570093457944,-0.009928,0.226,0.099,1.0,0.1,0.0,0.5718782791185729,0.4040971396140749,0.086476787877412,-0.0,ATL,0.5734990582385293
202322,John Wall,2020-21,30.0,32.2,0.316,0.503,0.0570805579763536,0.7680193821926106,0.0101395535622986,1.0,,4.01,7.7,0.2,0.8555555555555556,0.1444444444444443,0.3457300275482093,0.613529066779503,0.0897443973349484,-0.019,-0.0389999999999999,0.297,-0.060126582278481,0.000741,0.747,0.112,6.7,2.7,0.7,0.4055172413793103,0.4168093646947979,0.1317117592435561,-0.0001236968026381,,
202685,Jonas Valančiūnas,2020-21,29.0,28.3,0.217,0.636,0.1479215742454772,0.0688405797101449,0.0149527516746678,0.5181818181818182,43.08170418616422,4.23,1.6,6.0,0.6,0.4,0.365,0.5,0.0095374396135265,-0.0769999999999999,0.041,0.14,-0.3548387096774192,-0.003157,0.407,0.045,0.5,0.0,0.0,0.72875,0.4718985507246376,0.1024019855072463,-0.0,,
203903,Jordan Clarkson,2020-21,29.0,26.7,0.286,0.549,0.1331972448809321,0.6411716842961758,0.0203724983571539,0.9219945254037442,42.69802714946272,4.89,2.5,0.4,0.3311111111111111,0.6688888888888889,0.285075066234913,0.5,0.003680227827502,-0.0499999999999999,0.0,0.236,-0.1748251748251748,-0.0,0.624,0.026,6.4,4.7,1.6,0.513338722716249,0.3096230472448046,0.0885521915120141,-0.0,,
1629673,Jordan Poole,2020-21,22.0,19.4,0.246,0.581,0.0918861269499698,0.3746355685131195,0.0112112130795603,1.0,,4.74,1.9,0.3,0.3577777777777778,0.6422222222222222,0.2342064714946069,0.2660243127463987,0.0557857142857142,-0.01,0.142,0.236,-0.040650406504065,-0.00142,0.254,0.052,2.7,1.4,0.4,0.3691983122362869,0.3558832539682539,0.0875472804761904,-0.0,,
1628404,Josh Hart,2020-21,26.0,28.7,0.133,0.566,0.0675664349835854,0.1897163120567375,0.0032772416547959,1.0,,4.63,1.4,0.2,0.2422222222222222,0.7577777777777778,0.3168604651162791,0.8651790471107121,0.0,-0.031,-0.0339999999999999,0.102,-0.2330827067669174,0.0010539999999999,0.245,0.041,0.7,0.2,0.1,0.377906976744186,0.3222135027580772,0.0428543958668242,-0.0,,
1628367,Josh Jackson,2020-21,24.0,25.2,0.254,0.516,0.0419203228422076,0.4509803921568627,0.0053663030342112,1.0,42.62781837473941,4.55,1.5,0.3,0.3333333333333333,0.6666666666666667,0.686667162956897,0.9205335794170566,0.0245441176470588,-0.042,0.008,0.212,-0.1653543307086614,-0.000336,0.422,0.097,2.4,0.7,0.2,0.5683760683760684,0.3109705882352941,0.0789865294117647,-0.0,,
1629006,Josh Okogie,2020-21,22.0,20.3,0.119,0.524,0.0310741203814427,0.1887905604719764,0.0012756140262268,1.0,43.576282291483935,4.35,0.7,0.4,0.1599999999999999,0.8400000000000001,0.9023255813953488,1.0,0.0176283185840707,-0.043,-0.137,0.076,-0.361344537815126,0.005891,0.284,0.006,0.4,0.3,0.1,0.484251968503937,0.2797755752212389,0.0332932934513274,-0.0,,
201950,Jrue Holiday,2020-21,31.0,32.3,0.217,0.592,0.1735424214123766,0.6687500000000001,0.017542652217137,0.8688130030978496,42.91351494797069,4.75,4.6,0.7,0.5622222222222222,0.4377777777777778,0.5314894621362447,0.1852186335073547,0.02915,0.032,-0.0519999999999999,0.249,0.1474654377880184,-0.0016639999999999,0.614,0.086,5.0,2.8,1.1,0.4880461665292663,0.3714840731534091,0.0806120438742897,-0.0,MIL,0.5493202262321573
1629308,Juan Toscano-Anderson,2020-21,28.0,20.9,0.108,0.676,0.1384611934174666,0.1258278145695364,0.0049143230695043,1.0,41.7601294692151,4.96,1.3,0.6,0.4022222222222222,0.5977777777777777,0.2923076923076922,0.4410680212720045,0.0858145695364238,-0.02,-0.076,0.088,-0.1851851851851852,0.00152,0.14,0.013,0.2,0.2,0.0,0.430622009569378,0.417992229580574,0.0451431607947019,-0.0,,
1627823,Juancho Hernangomez,2020-21,25.0,17.3,0.167,0.549,0.054061738907701,0.0649895178197065,0.0036894762368216,1.0,,4.83,0.6,0.6,0.1222222222222222,0.8777777777777778,0.1839464882943143,1.0,0.0360041928721174,-0.067,0.2199999999999999,0.1,-0.4011976047904191,-0.01474,0.154,0.0,0.1,0.1,0.0,0.4295302013422818,0.2906532028884231,0.0485390848823666,-0.0,,
203944,Julius Randle,2020-21,26.0,37.6,0.285,0.567,0.1021421536252864,0.5362204724409448,0.0155407616810066,0.7090372196900296,42.6433296510704,4.34,4.7,3.5,0.5977777777777779,0.4022222222222221,0.5877023760103538,0.3039040807116441,0.0730228346456692,0.022,-0.0619999999999999,0.307,0.0771929824561404,-0.001364,0.538,0.2,8.1,1.5,0.6,0.4175513092710545,0.3233999825868541,0.0921689950372534,-0.0,,
203200,Justin Holiday,2020-21,32.0,30.3,0.138,0.571,0.095969601709774,0.136231884057971,0.0049198552125617,1.0,43.06062871293669,4.78,0.9,0.1,0.1555555555555555,0.8444444444444444,0.1707586206896551,0.5,0.0153681159420289,-0.032,-0.0489999999999999,0.106,-0.2318840579710145,0.0015679999999999,0.128,0.048,1.7,1.1,0.4,0.3028846153846153,0.319298421900161,0.0440631822222222,-0.0,,
203994,Jusuf Nurkić,2020-21,26.0,23.8,0.217,0.554,0.0800737086665265,0.1815068493150685,0.0080943046169404,0.8675924788005407,,4.34,1.5,4.0,0.4577777777777777,0.5422222222222223,0.4,1.0,0.0328852739726027,-0.064,-0.158,0.153,-0.2949308755760368,0.010112,0.275,0.014,0.2,0.1,0.1,0.7731958762886598,0.3101347336377473,0.0672992371993911,-0.0,,
1626157,Karl-Anthony Towns,2020-21,25.0,33.8,0.286,0.612,0.1341790741246727,0.176672384219554,0.0205226689907356,1.0,43.22232108770146,4.11,2.5,5.8,0.58,0.42,0.7634285714285715,0.1445129179785195,0.0352864493996569,0.024,0.12,0.31,0.083916083916084,0.00288,0.334,0.055,2.0,0.9,0.2,0.5005714285714286,0.463503704974271,0.1325620596226415,-0.0,MIN,0.5302638505625134
202695,Kawhi Leonard,2020-21,30.0,34.1,0.282,0.622,0.1729581623921976,0.6543778801843317,0.0259008922340041,1.154982945013507,43.04964485224099,4.41,4.2,4.699999999999999,0.5288888888888889,0.4711111111111111,0.6034122089364379,0.3905261650285768,0.1002672811059907,0.08,-0.149,0.362,0.2836879432624114,-0.01192,0.622,0.158,8.6,2.2,0.7,0.4776785714285714,0.4703905372483734,0.1326501315040412,-0.0,,
1629640,Keldon Johnson,2020-21,21.0,28.5,0.189,0.557,0.0897784467497617,0.3666666666666667,0.0073767453857033,1.0,42.8003371067377,4.57,1.5,0.4,0.1933333333333333,0.8066666666666666,0.7294117647058823,0.4497412116502502,0.0570799999999999,-0.04,-0.051,0.149,-0.2116402116402116,0.00204,0.284,0.052,1.2,0.4,0.1,0.6439716312056738,0.3120089333333333,0.0589696883999999,-0.0,,
203482,Kelly Olynyk,2020-21,30.0,28.5,0.19,0.61,0.1156322197012702,0.0836653386454183,0.0095765540456074,1.0,43.92599034791931,4.66,1.6,1.7000000000000002,0.3355555555555555,0.6644444444444444,0.3171449067431851,0.4636609789034045,0.013339973439575,-0.031,-0.0559999999999999,0.159,-0.1631578947368421,0.0017359999999999,0.187,0.017,1.1,0.8,0.3,0.4224137931034483,0.3857485288475726,0.0732922204810388,-0.0,,
1626162,Kelly Oubre Jr.,2020-21,25.0,30.7,0.215,0.529,0.0771983446244894,0.2708333333333333,0.0076960109627116,1.0,43.21995098683851,4.61,1.4,0.8999999999999999,0.1555555555555555,0.8444444444444444,0.6237820190858865,0.8831584562083121,0.0388782894736842,-0.034,0.0529999999999999,0.181,-0.1581395348837209,-0.0018019999999999,0.248,0.038,2.1,0.8,0.2,0.5,0.3005147660818713,0.0646106747076023,-0.0,,
202689,Kemba Walker,2020-21,31.0,31.8,0.256,0.559,0.1000322718941464,0.7555732484076433,0.0129568693742284,0.6267998091414199,,4.66,5.6,0.0,0.6222222222222222,0.3777777777777777,0.1775147928994082,0.5,0.0785222929936305,-0.05,-0.187,0.206,-0.1953125,0.00935,0.606,0.094,8.5,5.5,1.9,0.4853556485355648,0.2293694242449525,0.0587185726067078,-0.0,,
1629134,Kendrick Nunn,2020-21,25.0,29.5,0.205,0.596,0.1571190982582455,0.440567066521265,0.014583432959674,1.0596718224550623,42.704825606033936,4.58,2.8,0.5,0.3111111111111111,0.6888888888888889,0.3793416104270773,0.5,0.0652824427480915,-0.0789999999999999,-0.1359999999999999,0.126,-0.3853658536585365,0.0107439999999999,0.395,0.098,3.3,1.5,0.4,0.4122681883024251,0.2028471985231751,0.0415836756972509,-0.0,,
1629026,Kenrich Williams,2020-21,26.0,21.6,0.148,0.599,0.1868133593581243,0.4097222222222222,0.0106365430767094,1.0,42.74873648127324,4.67,1.3,0.7,0.3399999999999999,0.66,0.5633780707950709,0.5,0.0774398148148147,-0.074,-0.028,0.074,-0.5,0.002072,0.425,0.095,1.4,0.3,0.1,0.5109489051094891,0.4124253240740739,0.0610389479629629,-0.0,,
203145,Kent Bazemore,2020-21,31.0,19.9,0.159,0.564,0.1184097690819278,0.2406542056074766,0.0075072904848591,1.0,,4.65,1.3,0.4,0.24,0.76,0.2678571428571428,0.4387880925809,0.0685864485981308,0.003,-0.0829999999999999,0.162,0.0188679245283019,-0.000249,0.256,0.05,1.1,0.3,0.1,0.3753213367609254,0.3499364018691588,0.0556398878971962,-0.0,,
201142,Kevin Durant,2020-21,32.0,33.1,0.303,0.666,0.1893044991606329,0.5235243798118049,0.0315736564126827,0.9469333805365872,,4.37,3.6,3.0999999999999996,0.5599999999999999,0.44,0.1641791044776119,0.0058896858507548,0.0605645851154833,0.025,0.02,0.328,0.0825082508250825,0.0005,0.478,0.193,8.1,2.2,1.0,0.6384180790960452,0.4424902703633208,0.1340745519200862,-4.1175875667301206e-06,,
1628989,Kevin Huerter,2020-21,22.0,30.8,0.167,0.541,0.1176920492836474,0.3805309734513274,0.0080319654503937,1.0755175354211697,42.8819778497685,4.47,2.1,0.3,0.3577777777777778,0.6422222222222222,0.2414216761737604,0.5,0.0125815423514538,-0.062,0.0359999999999999,0.105,-0.3712574850299401,-0.0022319999999999,0.383,0.1,3.3,1.4,0.5,0.3479692645444566,0.3803692972378159,0.0635216726387152,-0.0,ATL,0.6095891334685882
201567,Kevin Love,2020-21,32.0,24.9,0.211,0.556,0.0202263444390111,0.0631578947368421,0.0019603836945185,1.0,,4.01,1.5,1.7,0.3399999999999999,0.66,0.0734126984126984,1.0,0.0326526315789473,-0.0419999999999999,-0.188,0.169,-0.1990521327014217,0.0078959999999999,0.233,0.079,1.7,1.0,0.5,0.3492063492063492,0.3245127368421052,0.0684721874736842,-0.0,,
1629645,Kevin Porter Jr.,2020-21,21.0,32.1,0.247,0.528,0.1080589348653738,0.7407087294727744,0.0132649651179348,1.0,,4.45,5.9,0.4,0.6555555555555556,0.3444444444444444,0.2870229007633588,0.1634767207278163,0.0289783923941227,0.0389999999999999,0.2069999999999999,0.286,0.1578947368421051,0.0080729999999999,0.75,0.084,5.8,3.8,1.1,0.4196185286103542,0.4163901085181983,0.102848356803995,-0.0,,
1626172,Kevon Looney,2020-21,25.0,19.0,0.092,0.575,0.0353975156216619,0.0860655737704918,0.0009877670233155,1.0,,4.34,0.8,0.6,0.2933333333333333,0.7066666666666667,0.2,1.0,0.0468196721311475,-0.063,0.425,0.0289999999999999,-0.6847826086956522,-0.026775,0.352,0.08,0.1,0.0,0.0,0.7295918367346939,0.3215099453551913,0.0295789149726776,-0.0,,
203920,Khem Birch,2020-21,28.0,22.8,0.133,0.552,0.0245383201997821,0.0618101545253863,0.0011902064259714,1.0,43.22753604856033,4.53,0.8,2.1,0.21,0.79,0.4,1.0,0.0322030905077262,-0.059,-0.385,0.074,-0.443609022556391,0.022715,0.222,0.075,0.3,0.0,0.0,0.5263157894736842,0.2957221302428255,0.0393310433222958,-0.0,,
203114,Khris Middleton,2020-21,29.0,33.4,0.245,0.588,0.1550733005295109,0.6145203111495247,0.0188055550790955,0.9468370346806672,42.753085755001464,4.72,3.9,1.7999999999999998,0.5044444444444445,0.4955555555555555,0.4445937345307968,0.0552863446309483,0.0410838375108037,0.069,-0.01,0.314,0.2816326530612245,-0.00069,0.573,0.212,7.9,2.6,1.1,0.4809960681520314,0.4035685432693585,0.0988742931009928,-0.0,,
1630165,Killian Hayes,2020-21,19.0,25.8,0.185,0.422,0.0131919948198753,0.6724409448818898,0.0010497069308458,1.0,,4.7,5.3,0.3,0.6644444444444444,0.3355555555555556,0.1741293532338308,0.9789760682454218,0.0938771653543307,0.015,-0.14,0.2,0.0810810810810811,-0.0021,0.592,0.091,3.2,0.9,0.2,0.4747474747474747,0.345474447944007,0.0639127728696413,-0.0,,
204001,Kristaps Porziņģis,2020-21,25.0,30.9,0.259,0.582,0.0959939624081684,0.0821458507963118,0.0126530016547274,0.0,,4.18,1.5,5.1,0.51,0.49,0.1229868228404099,0.5,0.0158231349538977,-0.0569999999999999,-0.0409999999999999,0.202,-0.22007722007722,0.0023369999999999,0.212,0.123,2.9,0.5,0.2,0.4913907284768212,0.4144019698239731,0.107330110184409,-0.0,,
203937,Kyle Anderson,2020-21,27.0,27.4,0.181,0.578,0.1118537026378439,0.4039829302987197,0.0086132732914525,0.9466414228953894,43.13811220082077,4.5,2.0,0.6,0.4044444444444444,0.5955555555555556,0.5386210206366979,0.5,0.0088136557610241,-0.061,-0.0369999999999999,0.12,-0.3370165745856354,0.0022569999999999,0.425,0.091,2.7,0.7,0.3,0.4314285714285714,0.390453535640904,0.0706720899510036,-0.0,MEM,0.5562519250536491
1628398,Kyle Kuzma,2020-21,25.0,28.7,0.198,0.546,0.1014848158043181,0.2387706855791962,0.0089412626646822,0.9126849655484016,42.39628780926014,4.47,1.7,0.6000000000000001,0.2222222222222222,0.7777777777777778,0.4221571637687885,0.5,0.0343191489361702,-0.015,-0.111,0.183,-0.0757575757575758,0.001665,0.299,0.062,2.3,0.9,0.3,0.3675,0.1844342001576044,0.0365179716312056,-0.0,,
200768,Kyle Lowry,2020-21,35.0,34.8,0.209,0.593,0.1073931564144584,0.6180698151950718,0.010261149997448,1.0,,4.36,5.2,0.1,0.6911111111111111,0.3088888888888889,0.1845637583892617,0.1656151447063925,0.1201262833675564,0.068,-0.001,0.277,0.3253588516746413,-6.80000000000001e-05,0.481,0.081,6.0,3.8,1.4,0.3942953020134228,0.4353543315080994,0.0909890552851927,-0.0,,
202681,Kyrie Irving,2020-21,29.0,34.9,0.297,0.614,0.1846084003277785,0.7270574304322084,0.0298803811537198,0.7730170240041397,42.50044144304502,4.38,5.9,0.8999999999999999,0.6555555555555556,0.3444444444444444,0.4736125999835078,0.033783359130979,0.0720355239786855,0.021,0.022,0.318,0.0707070707070707,0.000462,0.67,0.154,9.2,3.5,1.3,0.5028022417934348,0.4271551662785343,0.1268650843847246,-0.0,,
200746,LaMarcus Aldridge,2020-21,35.0,25.9,0.224,0.556,0.0949730386330387,0.1150159744408945,0.0100686758824325,1.0,,4.13,1.3,3.0,0.3,0.7,0.0929054054054054,0.5,0.0,-0.078,0.0369999999999999,0.146,-0.3482142857142857,-0.0028859999999999,0.25,0.375,2.0,0.2,0.1,0.3783783783783784,0.3599705537806177,0.0806334040468583,-0.0,,
1630163,LaMelo Ball,2020-21,19.0,28.8,0.247,0.539,0.0963292444938759,0.6385998107852412,0.0118250662903557,1.0,43.28680932210408,5.04,5.0,0.3,0.7155555555555556,0.2844444444444444,0.6465638528138529,0.5,0.0542857142857143,-0.0799999999999999,-0.029,0.167,-0.3238866396761133,0.00232,0.577,0.057,4.2,2.1,0.7,0.4650817236255572,0.430359365079365,0.1062987631746031,-0.0,,
1629013,Landry Shamet,2020-21,24.0,23.0,0.164,0.578,0.1324543638386643,0.1851851851851852,0.0087969483726009,1.1801532238350956,42.96531488958085,5.03,1.3,0.1,0.2155555555555555,0.7844444444444445,0.3417719298245614,0.5,0.0368800705467372,-0.05,0.398,0.114,-0.3048780487804878,-0.0199,0.118,0.046,1.9,1.2,0.3,0.2756539235412474,0.3506928231871718,0.0575136230026961,-0.0,,
1626204,Larry Nance Jr.,2020-21,28.0,31.2,0.139,0.557,0.0982927412495708,0.0862068965517241,0.0050938206243653,1.0,,4.25,1.8,1.7,0.3222222222222222,0.6777777777777778,0.1764705882352941,0.4110655984078689,0.0109388714733542,-0.026,0.1499999999999999,0.113,-0.1870503597122302,-0.0038999999999999,0.188,0.055,0.4,0.1,0.1,0.4338235294117647,0.3702626349703936,0.0514665062608847,-0.0,,
1628374,Lauri Markkanen,2020-21,24.0,25.8,0.197,0.619,0.1539292118791901,0.0890736342042755,0.0134592352787844,1.0,43.566075512704835,4.77,0.9,1.4,0.1399999999999999,0.86,0.2383199729027887,0.4251159991093244,0.0035950118764845,-0.013,-0.119,0.184,-0.0659898477157361,0.001547,0.148,0.009,0.5,0.1,0.0,0.3653846153846153,0.3507808432304038,0.0691038261163895,-0.0,,
2544,LeBron James,2020-21,36.0,33.4,0.31,0.602,0.1561569681344583,0.6487252124645893,0.0269528012677852,0.9306861572535988,,3.88,6.4,3.0,0.8755555555555555,0.1244444444444444,0.3487241798298906,0.1887352574444937,0.0424915014164305,0.069,-0.0589999999999999,0.379,0.2225806451612903,-0.0040709999999999,0.626,0.098,6.8,3.4,1.3,0.4131868131868131,0.5019789818367133,0.1556134843693811,-3.980210181632875e-05,,
1629022,Lonnie Walker IV,2020-21,22.0,25.4,0.199,0.523,0.0952575057095123,0.3942028985507246,0.0084562695904368,1.0,43.15687986874714,4.37,1.5,0.2,0.2111111111111111,0.7888888888888889,0.3956920699314208,0.5,0.0544115942028985,-0.08,0.035,0.119,-0.4020100502512563,-0.0028,0.316,0.12,3.1,1.2,0.3,0.3825944170771757,0.3182729790660226,0.0633363228341385,-0.0,,
1628366,Lonzo Ball,2020-21,23.0,31.8,0.202,0.551,0.1370682239362333,0.3400402414486921,0.012444109948253,1.0,42.61392700240767,4.75,4.3,0.3,0.5466666666666666,0.4533333333333333,0.2791001124859392,0.5,0.0430724346076458,-0.046,-0.032,0.156,-0.2277227722772278,0.001472,0.334,0.072,4.3,2.4,0.7,0.2507163323782235,0.4430639839034205,0.0894989247484909,-0.0,,
101150,Lou Williams,2020-21,34.0,21.6,0.244,0.519,0.0746449554495013,0.757123473541384,0.0089967406805551,1.042603300640485,43.56373725074399,4.26,3.3,0.2,0.5177777777777778,0.4822222222222222,0.4809060466291779,0.592485096668903,0.074067842605156,-0.0149999999999999,0.0939999999999999,0.229,-0.0614754098360655,-0.0014099999999999,0.645,0.174,5.3,1.3,0.6,0.4385733157199472,0.2660818311042192,0.0649239667894294,-0.0,,
1629652,Luguentz Dort,2020-21,22.0,29.7,0.218,0.513,0.0519625131311713,0.4238683127572017,0.0052890160833978,1.0,43.66719941656285,4.4,2.1,0.0,0.2333333333333333,0.7666666666666666,0.6017099889308751,1.0,0.0587345679012346,-0.0519999999999999,0.1139999999999999,0.166,-0.238532110091743,-0.0059279999999999,0.344,0.022,1.9,1.3,0.3,0.4169278996865204,0.2955470164609054,0.0644292495884773,-0.0,,
1629029,Luka Dončić,2020-21,22.0,34.3,0.35,0.587,0.1760455359873135,0.8748584371460928,0.0364524802725818,1.0504526709909503,43.079353791250846,4.35,8.9,1.1,0.9888888888888888,0.011111111111111,0.6250842194580346,0.0637636096544101,0.0,0.014,-0.016,0.364,0.04,-0.000224,0.864,0.097,11.7,6.8,2.4,0.4418453541260558,0.5843478347245353,0.2045217421535873,-0.0007891304131886,DAL,0.6140457665903889
1628379,Luke Kennard,2020-21,25.0,19.6,0.166,0.608,0.1909720651455813,0.3285714285714285,0.0129161171839573,1.3483838045818155,,4.52,1.2,0.3,0.2666666666666666,0.7333333333333334,0.1159420289855072,0.3648923044188959,0.0529979591836734,-0.009,-0.1079999999999999,0.157,-0.0542168674698795,0.000972,0.269,0.146,2.4,0.8,0.4,0.288135593220339,0.4162757431457431,0.0691017733621933,-0.0,,
1630201,Malachi Flynn,2020-21,23.0,19.7,0.183,0.484,0.0457018678415548,0.6885521885521886,0.0035777548959805,1.0,,4.61,2.9,0.0,0.5,0.5,0.1936936936936936,1.0,0.0370117845117845,0.09,-0.1449999999999999,0.273,0.4918032786885247,-0.01305,0.646,0.091,3.6,1.8,0.6,0.436950146627566,0.3344911616161616,0.0612118825757575,-0.0,,
1627763,Malcolm Brogdon,2020-21,28.0,34.5,0.257,0.561,0.1328357182804599,0.7240677966101695,0.0173067114732598,1.0,42.95879502900908,4.77,6.6,0.4,0.7333333333333333,0.2666666666666667,0.5704489795918366,0.3540903263753562,0.1025030508474576,0.0319999999999999,-0.049,0.289,0.1245136186770426,-0.001568,0.617,0.121,7.2,3.6,1.2,0.4780388151174668,0.4588973559322035,0.1179366204745763,-0.0,,
1627736,Malik Beasley,2020-21,24.0,32.8,0.235,0.57,0.1323355240553163,0.267379679144385,0.0150757259780143,1.0,,4.84,1.9,0.6,0.2533333333333333,0.7466666666666666,0.2316666666666666,0.5,0.0423885918003564,-0.0389999999999999,-0.2169999999999999,0.196,-0.1659574468085105,0.0084629999999999,0.25,0.072,4.3,2.3,0.9,0.4483333333333333,0.3607164824717765,0.0847683733808674,-0.0,,
202694,Marcus Morris Sr.,2020-21,31.0,26.3,0.194,0.614,0.1739835659584073,0.2923673997412678,0.0148665714608822,1.5318464755726342,43.08836172802299,4.06,1.2,2.3,0.2299999999999999,0.77,0.2858380338436744,0.5,0.1192910737386804,-0.114,0.4,0.08,-0.5876288659793815,-0.0456,0.301,0.186,3.6,0.6,0.1,0.3915816326530612,0.3565609237157284,0.0691728192008513,-0.0,,
203935,Marcus Smart,2020-21,27.0,32.9,0.179,0.539,0.0475258057064224,0.4088200238379023,0.003599225314312,1.1914441845925858,,4.3,3.8,0.6000000000000001,0.5044444444444445,0.4955555555555555,0.1862745098039215,0.5489117165482742,0.0086352800953516,-0.0119999999999999,0.001,0.167,-0.0670391061452513,-1.1999999999999994e-05,0.443,0.077,3.2,1.6,0.5,0.3663194444444444,0.4510129747192773,0.0807313224747506,-0.0,,
203486,Mason Plumlee,2020-21,31.0,26.8,0.163,0.638,0.1729692715874011,0.1622718052738336,0.0113828329697369,1.0,43.60803978159063,4.48,2.0,2.5,0.4555555555555555,0.5444444444444445,0.9294117647058824,0.1855955471618952,0.044026369168357,-0.0229999999999999,-0.029,0.14,-0.1411042944785275,0.000667,0.278,0.038,0.4,0.0,0.0,0.7361477572559367,0.4562974757719179,0.0743764885508226,-0.0,,
1629680,Matisse Thybulle,2020-21,24.0,20.0,0.09,0.508,-0.0021304562425921,0.0862068965517241,-5.752231854998669e-05,1.0,42.59052707121899,4.36,0.5,0.1,0.1422222222222222,0.8577777777777778,0.2009120231342453,1.0,0.0433620689655172,-0.03,0.393,0.06,-0.3333333333333333,-0.01179,0.196,0.008,0.2,0.1,0.0,0.2949152542372881,0.2959044827586207,0.0266314034482758,-0.0,,
203090,Maurice Harkless,2020-21,28.0,20.9,0.114,0.527,0.0135764261109095,0.1807580174927113,0.000522567910485,1.0,,4.42,0.7,0.2,0.1577777777777777,0.8422222222222222,0.3575757575757576,1.0,0.0,-0.096,0.473,0.018,-0.8421052631578947,-0.045408,0.217,0.062,0.4,0.1,0.1,0.4424242424242424,0.2695850113378685,0.030732691292517,-0.0,,
203487,Michael Carter-Williams,2020-21,29.0,25.8,0.198,0.449,0.0031882399910268,0.5991440798858773,0.0002808980927036,1.0,,4.7,4.7,0.3,0.5288888888888889,0.4711111111111111,0.3814814814814815,0.6605245483939268,0.0303994293865905,-0.022,0.2549999999999999,0.176,-0.1111111111111112,-0.00561,0.581,0.036,1.7,0.3,0.1,0.6037037037037037,0.3154102139800285,0.0624512223680456,-0.0,,
1629008,Michael Porter Jr.,2020-21,23.0,31.3,0.214,0.663,0.2115219386535514,0.1666666666666666,0.0209399711150163,1.216493490355019,42.63109517231277,4.32,1.5,1.6,0.1666666666666666,0.8333333333333334,0.4687407515665247,0.5,0.024922290388548,-0.0849999999999999,0.018,0.129,-0.397196261682243,-0.00153,0.208,0.098,3.0,1.4,0.5,0.5216473072861668,0.3667682748538011,0.0784884108187134,-0.0,,
1628969,Mikal Bridges,2020-21,24.0,32.6,0.147,0.667,0.1909847061198124,0.1440798858773181,0.0107640223999045,1.327973853753827,42.683922271866955,4.6,1.0,0.9,0.1888888888888888,0.8111111111111111,0.2708375524374367,0.2542036540649783,0.020154065620542,0.013,-0.063,0.16,0.0884353741496599,-0.000819,0.154,0.039,1.3,0.2,0.1,0.3553719008264462,0.3575994610873355,0.0525671207798383,-0.0,PHX,0.6061461028199511
201144,Mike Conley,2020-21,33.0,29.4,0.224,0.589,0.1402618611113356,0.6919917864476386,0.0148700224666237,0.9119081367091856,42.269788219020704,4.69,5.2,0.4,0.6733333333333333,0.3266666666666666,0.4203624999999998,0.2355612315539185,0.0678028747433265,0.0259999999999999,0.158,0.25,0.1160714285714285,0.004108,0.581,0.053,6.2,4.0,1.7,0.3668555240793201,0.4586808066335525,0.1027445006859157,-0.0,UTA,0.604348707227131
1628970,Miles Bridges,2020-21,23.0,29.3,0.17,0.625,0.1638039209280612,0.2276064610866373,0.0114814747539042,1.0,43.02751485270208,4.67,1.3,0.8999999999999999,0.2511111111111111,0.7488888888888889,0.5948347814188958,0.3298655941588752,0.0328604992657855,-0.031,-0.033,0.139,-0.1823529411764705,0.001023,0.246,0.017,1.6,1.2,0.5,0.3842443729903537,0.3823017099037363,0.0649912906836351,-0.0,,
1629011,Mitchell Robinson,2020-21,23.0,27.5,0.114,0.642,0.1809765752557454,0.00625,0.0069659386060475,1.0,,4.41,0.8,0.3,0.0888888888888888,0.9111111111111112,0.2,0.1875,0.00409375,-0.025,-0.062,0.089,-0.2192982456140351,0.00155,0.374,0.0,0.0,0.0,0.0,0.8493975903614458,0.3543822916666667,0.04039958125,-0.0,,
1628420,Monte Morris,2020-21,26.0,25.5,0.161,0.574,0.1429152218831524,0.5601926163723916,0.0092324571774326,0.9278110809348686,,4.54,3.0,0.4,0.3822222222222222,0.6177777777777778,0.2790697674418604,0.5,0.0406966292134831,-0.075,0.259,0.086,-0.4658385093167702,-0.019425,0.489,0.125,2.7,0.7,0.3,0.4819277108433735,0.3579583930800785,0.0576313012858926,-0.0,,
1629650,Moses Brown,2020-21,21.0,21.4,0.157,0.572,0.1445171952969291,0.0208333333333333,0.0089901927488629,1.0,,4.55,0.6,0.9,0.09,0.91,0.2,0.2825198255192612,0.0130416666666666,-0.007,-0.0719999999999999,0.15,-0.0445859872611465,0.000504,0.493,0.0,0.0,0.0,0.0,0.8769230769230769,0.3340622916666667,0.0524477797916666,-0.0,,
1626167,Myles Turner,2020-21,25.0,31.0,0.167,0.599,0.106417126302597,0.0756533700137551,0.0072625014773313,1.0,,4.53,0.9,2.0,0.2,0.8,0.1840277777777778,0.3278612890018452,0.0117372764786795,0.035,-0.0439999999999999,0.202,0.2095808383233533,-0.0015399999999999,0.16,0.017,0.5,0.2,0.0,0.4560185185185185,0.3415576341127922,0.0570401248968363,-0.0,,
1630230,Naji Marshall,2020-21,23.0,21.9,0.16,0.508,0.0432856694301652,0.412,0.0027702828435305,1.0,,4.77,1.3,0.4,0.3666666666666667,0.6333333333333333,0.3607954545454545,0.7155305889803891,0.0812,-0.019,-0.073,0.141,-0.1187500000000001,0.001387,0.305,0.024,1.1,0.3,0.0,0.4759615384615384,0.3223966666666666,0.0515834666666666,-0.0,,
1629675,Naz Reid,2020-21,21.0,19.2,0.218,0.599,0.1555595055052022,0.1475128644939965,0.0158336592471096,1.0,,4.52,1.0,2.5,0.25,0.75,0.2,0.3290401196833087,0.0249296740994854,-0.034,0.162,0.184,-0.1559633027522936,-0.005508,0.299,0.003,0.2,0.0,0.0,0.6316695352839932,0.3819189536878216,0.0832583319039451,-0.0,,
1629638,Nickeil Alexander-Walker,2020-21,22.0,21.9,0.228,0.522,0.0674198192530429,0.4767726161369193,0.0073398951211355,1.0,,5.14,2.6,0.2,0.3444444444444444,0.6555555555555556,0.2947598253275109,0.8456328107554024,0.0386772616136919,0.0829999999999999,-0.1,0.311,0.3640350877192982,-0.0083,0.427,0.091,2.1,0.8,0.3,0.418859649122807,0.3289336185819072,0.0749968650366748,-0.0,,
201587,Nicolas Batum,2020-21,32.0,27.4,0.116,0.617,0.1179475075077334,0.0366088631984585,0.0046598909288934,1.0,42.62000683036912,4.23,1.0,0.4,0.2333333333333333,0.7666666666666667,0.1819711921056819,0.5,0.0222215799614643,-0.028,0.06,0.088,-0.2413793103448276,-0.00168,0.099,0.085,0.8,0.2,0.1,0.2879078694817658,0.3695247270391779,0.0428648683365446,-0.0,,
203999,Nikola Jokić,2020-21,26.0,34.6,0.293,0.647,0.1682952939790677,0.2297297297297297,0.0266915259201192,0.982952746294682,42.9627399048904,4.17,4.6,10.2,1.0,0.0,0.6698375870069606,0.1653176787489855,0.0235858505564387,0.084,-0.056,0.377,0.2866894197952219,-0.004704,0.455,0.128,2.1,0.2,0.1,0.6280771789753826,0.5909758948137326,0.1731559371804236,-0.0,DEN,0.547
202696,Nikola Vučević,2020-21,30.0,33.5,0.292,0.56,0.1010165084625979,0.174775928297055,0.0159392040587881,1.0,42.85723480834492,4.05,2.3,6.7,0.67,0.3299999999999999,0.3138954082734589,0.5,0.0152554417413572,-0.0709999999999999,-0.056,0.221,-0.2431506849315068,0.003976,0.284,0.203,2.5,0.0,0.0,0.4380816034359341,0.4623767061459666,0.1350139981946222,-0.0,,
1626181,Norman Powell,2020-21,28.0,32.0,0.221,0.618,0.1734710651214891,0.4832069339111592,0.0180225174881726,0.9653738901057844,43.53842786624108,4.66,1.8,0.3,0.2,0.8,0.695016954150081,0.4644197696793657,0.0522827735644637,-0.0549999999999999,-0.0849999999999999,0.166,-0.2488687782805429,0.0046749999999999,0.34,0.048,3.4,2.1,0.8,0.5160965794768612,0.3334369486426026,0.0736895656500151,-0.0,,
1628384,OG Anunoby,2020-21,23.0,33.3,0.193,0.605,0.1532906625399693,0.2925243770314192,0.0129972557521231,1.0,,4.3,1.7,1.0,0.2177777777777778,0.7822222222222222,0.3217726396917148,0.5,0.064,-0.083,-0.0459999999999999,0.11,-0.4300518134715026,0.0038179999999999,0.297,0.035,1.6,0.7,0.1,0.4305019305019305,0.36168,0.06980424,-0.0,,
203490,Otto Porter Jr.,2020-21,28.0,21.7,0.184,0.552,0.1154317204434848,0.2006633499170812,0.0091107032902837,1.0,,4.79,1.2,0.7,0.2955555555555555,0.7044444444444444,0.1762114537444934,0.5,0.0274825870646765,-0.0509999999999999,0.1469999999999999,0.133,-0.2771739130434782,-0.0074969999999999,0.245,0.133,2.4,0.4,0.0,0.3480176211453744,0.3663296130458817,0.0674046488004422,-0.0,,
200782,P.J. Tucker,2020-21,36.0,26.1,0.072,0.51,-0.0088021227141219,0.0328947368421052,-0.000170053730511,1.0,41.937261792351094,4.19,0.6,0.2,0.1266666666666666,0.8733333333333333,0.2012296444001328,0.6366620267688551,0.0155921052631578,0.023,0.2159999999999999,0.095,0.3194444444444446,0.004968,0.076,0.021,0.1,0.0,0.0,0.2988929889298893,0.2625948684210526,0.0189068305263157,-0.0,MIL,0.5882370664023785
1629023,P.J. Washington,2020-21,22.0,30.5,0.191,0.549,0.10289936699159,0.1150568181818181,0.0085893985384037,1.0,42.73999642914063,4.43,1.4,2.2,0.2666666666666666,0.7333333333333334,0.3053568022669681,0.5,0.0242769886363636,-0.068,-0.165,0.123,-0.356020942408377,0.01122,0.142,0.019,1.0,0.6,0.2,0.4941690962099125,0.3557579071969697,0.0679497602746212,-0.0,,
1628408,PJ Dozier,2020-21,24.0,21.8,0.166,0.501,0.0632993486848348,0.3832752613240418,0.0042811591562265,1.0,42.81563172046917,4.54,1.6,0.4,0.2577777777777778,0.7422222222222222,0.5239436619718308,1.0,0.0562543554006968,-0.048,-0.1139999999999999,0.118,-0.2891566265060242,0.005472,0.338,0.078,1.7,0.7,0.2,0.4273504273504273,0.3111400387146728,0.0516492464266356,-0.0,,
1627783,Pascal Siakam,2020-21,27.0,35.8,0.261,0.547,0.0905696255351311,0.5849889624724062,0.0120765624951768,1.0,43.563635968885464,4.63,4.2,3.4000000000000004,0.4666666666666667,0.5333333333333333,0.7118118239237229,0.3967793733537611,0.0475732155997056,-0.013,-0.094,0.248,-0.0498084291187739,0.001222,0.577,0.082,3.9,1.1,0.3,0.5348595213319459,0.3677129752268825,0.0959730865342163,-0.0,TOR,
1626192,Pat Connaughton,2020-21,28.0,22.8,0.113,0.578,0.0957273326222584,0.048582995951417,0.0036362490683457,1.0,42.70023963741863,4.81,0.9,0.2,0.1422222222222222,0.8577777777777778,0.1844407530454041,0.2920081355485302,0.028663967611336,0.015,0.146,0.128,0.1327433628318584,0.00219,0.101,0.004,0.2,0.2,0.0,0.2826086956521739,0.3319959064327485,0.0375155374269005,-0.0,MIL,0.5746632314390828
201976,Patrick Beverley,2020-21,32.0,22.5,0.146,0.58,0.115994069359245,0.2701525054466231,0.0064709056638621,1.347292954264524,,4.42,2.3,0.1,0.2733333333333333,0.7266666666666667,0.1909090909090909,0.3545656511891607,0.0620130718954248,-0.0209999999999999,0.235,0.125,-0.1438356164383561,-0.0049349999999999,0.29,0.014,1.0,0.7,0.3,0.306338028169014,0.3653309847494553,0.0533383237734204,-0.0,,
1630172,Patrick Williams,2020-21,19.0,27.9,0.146,0.562,0.1205902684205331,0.2984054669703872,0.0067273116223927,1.0,43.30720315655906,4.53,1.0,0.5,0.1511111111111111,0.8488888888888889,0.6233312858312858,0.5,0.0783006833712984,-0.0849999999999999,0.1889999999999999,0.061,-0.5821917808219178,-0.0160649999999999,0.212,0.147,2.1,0.2,0.1,0.509469696969697,0.3227136066818528,0.0471161865755505,-0.0,,
201988,Patty Mills,2020-21,32.0,24.8,0.177,0.57,0.1320124358863235,0.4179310344827586,0.0098304804592555,1.0,42.38501643367947,4.67,2.0,0.1,0.3155555555555555,0.6844444444444444,0.2808728859792689,0.5,0.0620786206896551,-0.0369999999999999,-0.0469999999999999,0.14,-0.2090395480225987,0.0017389999999999,0.302,0.095,3.7,2.4,0.8,0.3464052287581699,0.3683038406130268,0.0651897797885057,-0.0,,
202331,Paul George,2020-21,31.0,33.7,0.296,0.598,0.1572618688670152,0.6057142857142858,0.025325673231073,0.9499566245909358,43.18517610456991,4.51,4.6,1.1,0.5311111111111111,0.4688888888888889,0.5151149480110654,0.2274053196610597,0.0679964285714286,0.024,-0.0779999999999999,0.32,0.0810810810810811,-0.001872,0.571,0.141,7.1,3.3,1.3,0.4619442351168048,0.4088241427219383,0.1210119462456937,-0.0,,
200794,Paul Millsap,2020-21,36.0,20.8,0.184,0.565,0.1103798022068901,0.2053742802303263,0.0087119694940312,1.084036811798176,43.0515371398849,4.28,1.1,1.4,0.2511111111111111,0.7488888888888889,0.6192019950124688,0.5,0.0090153550863723,-0.097,-0.001,0.087,-0.5271739130434783,9.70000000000001e-05,0.293,0.044,0.7,0.1,0.1,0.5067264573991032,0.3549765936643863,0.065315693234247,-0.0,,
1629628,RJ Barrett,2020-21,21.0,34.9,0.228,0.535,0.1113708862142484,0.5292035398230088,0.0121247821993175,1.0594433576382716,42.779141500934344,4.6,2.7,0.8999999999999999,0.3,0.7,0.6969965344628417,0.3666453612536431,0.0860778761061946,-0.0269999999999999,0.0439999999999999,0.201,-0.1184210526315789,-0.0011879999999999,0.482,0.07,2.7,0.3,0.1,0.5385304659498208,0.2847483185840708,0.0649226166371681,-0.0,,
203526,Raul Neto,2020-21,29.0,21.9,0.155,0.575,0.1026199211842383,0.5294117647058824,0.0062622330226225,0.6016742455560149,42.93240533210849,4.7,2.1,0.3,0.3133333333333333,0.6866666666666668,0.4711792905081495,0.5,0.1158500948766603,-0.072,-0.0239999999999999,0.083,-0.464516129032258,0.0017279999999999,0.421,0.061,1.5,0.5,0.2,0.4615384615384615,0.2285818039215686,0.0354301796078431,-0.0,,
203493,Reggie Bullock Jr.,2020-21,30.0,30.0,0.14,0.606,0.1341280426851135,0.0406626506024096,0.0070260565436079,1.0,42.66794307822859,4.4,1.0,0.2,0.1599999999999999,0.8400000000000001,0.1048335613315093,0.5,0.0254548192771084,-0.038,0.1079999999999999,0.102,-0.2714285714285715,-0.004104,0.065,0.099,1.7,0.5,0.1,0.2516778523489933,0.299351626506024,0.0419092277108433,-0.0,,
202704,Reggie Jackson,2020-21,31.0,23.0,0.195,0.576,0.1462601973622377,0.5352697095435685,0.0125944171018106,1.151179023110035,42.52531239855948,4.39,3.4,0.1,0.4111111111111111,0.5888888888888889,0.3843206601827291,0.4373777781120409,0.1338077455048409,-0.0249999999999999,0.26,0.17,-0.1282051282051281,-0.0064999999999999,0.468,0.081,2.7,1.2,0.4,0.3870192307692308,0.4198278639926233,0.0818664334785615,-0.0,,
1626158,Richaun Holmes,2020-21,27.0,29.2,0.173,0.669,0.1582683603011688,0.0403768506056527,0.0113884142917303,1.0,43.25470617861831,4.18,1.2,5.5,0.55,0.4499999999999999,0.3787234042553191,0.2115522433617624,0.0262853297442799,-0.0089999999999999,-0.068,0.164,-0.0520231213872831,0.0006119999999999,0.183,0.101,0.2,0.0,0.0,0.5878260869565217,0.484153869448183,0.0837586194145356,-0.0,,
201937,Ricky Rubio,2020-21,30.0,26.1,0.155,0.516,0.0220626783972342,0.5008849557522124,0.0013463432015174,1.0,42.85090707588437,4.86,4.8,0.3,0.7333333333333334,0.2666666666666666,0.6186719480662375,1.0,0.0404955752212389,-0.065,0.046,0.09,-0.4193548387096774,-0.00299,0.42,0.079,2.2,0.7,0.2,0.3413654618473896,0.3826371681415929,0.0593087610619468,-0.0,,
203496,Robert Covington,2020-21,30.0,32.0,0.114,0.553,0.0448549716639069,0.0833333333333333,0.0017265050924144,1.0,43.23631026781453,4.14,1.2,0.1,0.1466666666666666,0.8533333333333333,0.1692574750383507,0.4826253657952993,0.0460833333333333,0.022,0.129,0.136,0.1929824561403509,0.002838,0.152,0.024,0.8,0.6,0.2,0.3504587155963303,0.3631588888888888,0.0414001133333333,-0.0,,
203918,Rodney Hood,2020-21,28.0,17.1,0.139,0.452,-0.0326816610270338,0.5373134328358209,-0.0016936603543829,1.0,,4.51,1.2,0.4,0.1844444444444444,0.8155555555555556,0.1076923076923077,1.0,0.0,-0.054,0.0479999999999999,0.085,-0.3884892086330935,-0.0025919999999999,0.521,0.236,2.3,0.7,0.3,0.4807692307692308,0.2268458606965174,0.0315315746368159,-0.0,,
1626220,Royce O'Neale,2020-21,28.0,31.6,0.095,0.599,0.0934064682237514,0.0760626398210291,0.0027350316682602,1.0,42.47973106739667,4.69,1.4,0.1,0.2288888888888888,0.7711111111111111,0.1733225657591139,0.4746709857436851,0.0457897091722595,-0.019,0.196,0.076,-0.2,-0.003724,0.166,0.004,0.5,0.4,0.1,0.2526096033402922,0.4280519661943823,0.0406649367884663,-0.0,UTA,0.6005899594168045
200752,Rudy Gay,2020-21,34.0,21.6,0.23,0.532,0.0970185650522986,0.3319268635724332,0.0107015479303607,1.0,42.91576869916781,4.37,1.5,1.1,0.2222222222222222,0.7777777777777778,0.3305350318471337,0.3798706578545088,0.0332939521800281,-0.016,-0.057,0.214,-0.0695652173913044,0.000912,0.398,0.168,3.7,0.7,0.2,0.4331210191082802,0.3261536958899828,0.075015350054696,-0.0,,
203497,Rudy Gobert,2020-21,29.0,30.8,0.166,0.683,0.2375744350898726,0.0111888111888111,0.0160680005276901,1.0,42.18948816119422,4.37,0.8,3.5,0.35,0.65,0.5,0.2179083171939535,0.008,-0.0289999999999999,0.1379999999999999,0.137,-0.1746987951807228,-0.0040019999999999,0.233,0.002,0.0,0.0,0.0,0.8528072837632777,0.5199416433566434,0.0863103127972028,-0.0,UTA,0.5798131880991155
1629060,Rui Hachimura,2020-21,23.0,31.5,0.18,0.549,0.0884867692189296,0.2542153047989623,0.0067575162124793,0.888,43.50020756416094,4.71,1.5,3.1,0.31,0.69,0.574057829759584,0.5,0.05389364461738,-0.076,0.0949999999999999,0.104,-0.4222222222222222,-0.0072199999999999,0.223,0.17,2.9,0.0,0.0,0.4359712230215827,0.4442853955901427,0.0799713712062256,-0.0,,
201566,Russell Westbrook,2020-21,32.0,36.4,0.295,0.509,0.0605884295297809,0.7788758492896851,0.0097078424517563,0.6169233668023004,43.34143455157864,4.59,8.5,1.2,1.0,0.0,0.6659229657342063,0.2921945740641527,0.0763446571957999,0.028,0.0829999999999999,0.323,0.0949152542372882,0.002324,0.763,0.208,8.1,2.0,0.6,0.4659606656580938,0.3052301118100112,0.0900428829839533,-0.0,,
1630180,Saddiq Bey,2020-21,22.0,27.3,0.182,0.567,0.118993689291703,0.2180645161290322,0.0092391285892649,1.0,42.662676219015175,4.34,1.1,0.7,0.1711111111111111,0.8288888888888889,0.4339955269043546,0.2641735938785305,0.0436967741935483,0.003,0.026,0.185,0.0164835164835164,7.800000000000013e-05,0.237,0.026,1.9,1.2,0.4,0.2819767441860465,0.3321875555555555,0.0604581351111111,-0.0,,
203552,Seth Curry,2020-21,30.0,28.7,0.169,0.607,0.1930191057799453,0.4432515337423313,0.0134100487360733,1.317539138668112,42.716488128305656,4.39,2.1,0.1,0.2911111111111111,0.7088888888888889,0.2764567458538771,0.5,0.0866564417177914,-0.06,-0.1089999999999999,0.109,-0.3550295857988166,0.00654,0.279,0.2,4.4,1.7,0.6,0.3490701001430615,0.4785349374998656,0.0808724044374773,-0.0,,
1628983,Shai Gilgeous-Alexander,2020-21,22.0,33.7,0.283,0.623,0.177602554856546,1.0,0.0267379965063822,1.0,,4.52,7.5,0.1,0.8333333333333334,0.1666666666666666,0.3946902654867256,0.0430743931736924,0.0,0.17,0.054,0.453,0.6007067137809189,0.00918,0.871,0.043,6.5,3.8,1.5,0.5514184397163121,0.5005908282520326,0.1416672043953252,-0.0,,
1629003,Shake Milton,2020-21,24.0,23.2,0.239,0.549,0.1076891657767903,0.6916461916461916,0.0125825557725845,0.7910306856609715,42.502921810686544,4.67,3.4,0.2,0.4666666666666666,0.5333333333333334,0.5538626912958615,0.5,0.0583402948402948,-0.091,-0.15,0.148,-0.3807531380753138,0.01365,0.533,0.152,4.2,1.1,0.3,0.5378151260504201,0.1932459459459458,0.046185781081081,-0.0,,
1626169,Stanley Johnson,2020-21,25.0,16.5,0.13,0.519,0.0163500913538129,0.2876712328767123,0.000766364205551,1.0,,4.66,1.0,0.0,0.2822222222222222,0.7177777777777778,0.2532188841201717,0.4326864965182293,0.034445205479452,0.0209999999999999,0.0519999999999999,0.151,0.1615384615384614,0.0010919999999999,0.36,0.03,0.6,0.4,0.1,0.3405172413793103,0.2933434627092846,0.0381346501522069,-0.0,,
201939,Stephen Curry,2020-21,33.0,34.2,0.331,0.655,0.2154012744814701,0.6056503825779871,0.0410194902667303,1.0,42.69565771763021,5.03,5.8,0.8999999999999999,0.6444444444444444,0.3555555555555556,0.5447240931111899,0.074228643114761,0.0368505002942907,0.059,-0.016,0.39,0.1782477341389728,-0.000944,0.498,0.066,9.8,7.2,2.9,0.5003684598378777,0.5131895886469166,0.1698657538421293,-0.0003717248053103,GSW,
1628425,Sterling Brown,2020-21,26.0,24.1,0.133,0.597,0.1510683228556228,0.2573529411764706,0.0073274163495955,1.0,42.12452175386434,4.39,1.1,0.1,0.1955555555555555,0.8044444444444445,0.344911804613297,0.5,0.0306323529411764,-0.055,-0.2589999999999999,0.078,-0.4135338345864662,0.0142449999999999,0.233,0.014,0.9,0.6,0.3,0.3586626139817629,0.3558975490196078,0.0473343740196078,-0.0,,
203500,Steven Adams,2020-21,27.0,27.7,0.118,0.596,0.131792644080907,0.0751295336787564,0.0053421266754193,1.0,42.99724562140671,4.31,1.2,2.2,0.22,0.78,0.460377358490566,0.1904063912561299,0.0483082901554404,-0.0239999999999999,0.054,0.094,-0.2033898305084745,-0.001296,0.402,0.009,0.1,0.0,0.0,0.8241042345276873,0.3627619430051813,0.0428059092746113,-0.0,,
1629004,Svi Mykhailiuk,2020-21,24.0,20.1,0.19,0.529,0.0702987247806567,0.3096446700507614,0.0058220757063945,1.0,43.18672044836168,4.92,1.3,0.2,0.2822222222222222,0.7177777777777778,0.3736871823828345,0.476234635473674,0.0337394247038917,0.002,0.028,0.192,0.0105263157894736,5.60000000000001e-05,0.274,0.068,2.0,1.3,0.5,0.424901185770751,0.3264926132731716,0.0620335965219026,-0.0,,
204456,T.J. McConnell,2020-21,29.0,26.0,0.149,0.583,0.1762870685795306,1.0,0.0101391105586402,1.0,43.17472454734478,5.01,4.3,0.2,0.7488888888888889,0.251111111111111,0.4958608795630927,0.1928687025296544,0.0,-0.0199999999999999,0.18,0.129,-0.134228187919463,-0.0035999999999999,0.613,0.164,2.1,0.2,0.1,0.536734693877551,0.4763829916476842,0.0709810657555049,-0.0,,
1629611,Terance Mann,2020-21,24.0,18.9,0.144,0.603,0.1158863588017041,0.463157894736842,0.0063325124966629,1.2034512079749575,,4.51,1.7,0.2,0.2533333333333333,0.7466666666666666,0.4,0.1664250460539696,0.0958210526315789,0.072,0.033,0.216,0.5000000000000001,0.002376,0.421,0.047,1.1,0.3,0.1,0.5111607142857143,0.3836876195112058,0.0552510172096136,-0.0,,
1629056,Terence Davis,2020-21,24.0,17.6,0.213,0.555,0.1526142728512635,0.3758620689655172,0.0150025318326593,1.0,,4.68,1.1,0.1,0.2711111111111111,0.7288888888888889,0.2872807017543859,0.0876188604801568,0.0581827586206896,-0.002,0.1749999999999999,0.211,-0.0093896713615023,-0.00035,0.333,0.026,1.7,1.4,0.4,0.4122807017543859,0.3716838467432949,0.0791686593563218,-0.0,,
203082,Terrence Ross,2020-21,30.0,29.3,0.23,0.53,0.0673707519157277,0.4743742550655542,0.0074312718430947,1.0,,4.69,1.7,0.6,0.2955555555555555,0.7044444444444444,0.086038961038961,0.3363200664763862,0.0644815256257449,-0.007,0.0329999999999999,0.223,-0.0304347826086956,-0.0002309999999999,0.413,0.248,7.1,2.2,0.7,0.5909090909090909,0.317099189511323,0.0729328135876042,-0.0,,
1626179,Terry Rozier,2020-21,27.0,34.5,0.238,0.575,0.1494497590100891,0.4992125984251969,0.0173524441253714,1.0,42.74308557371387,4.64,3.7,0.3,0.4288888888888889,0.5711111111111111,0.4326536757431065,0.2133764180126316,0.0539377952755905,0.0509999999999999,0.095,0.289,0.2142857142857142,0.004845,0.412,0.075,5.7,2.8,0.9,0.4429708222811671,0.4065633307086614,0.0967620727086614,-0.0,,
201152,Thaddeus Young,2020-21,33.0,24.3,0.216,0.578,0.1329506980936383,0.3412563667232597,0.0133466185619994,1.0,43.19029757196415,4.41,1.9,4.699999999999999,0.5622222222222222,0.4377777777777778,0.6103092783505155,0.5,0.0263140916808149,-0.0499999999999999,0.024,0.166,-0.2314814814814814,-0.0012,0.416,0.017,0.4,0.0,0.0,0.8340874811463047,0.4442068817204301,0.0959486864516129,-0.0,,
1630177,Theo Maledon,2020-21,20.0,27.3,0.188,0.489,0.0322784516279651,0.5523809523809524,0.0026311733861115,1.0,42.58587373494983,4.88,3.9,0.0,0.4377777777777777,0.5622222222222222,0.4700395037771154,1.0,0.0625360544217687,-0.041,0.2339999999999999,0.147,-0.2180851063829787,-0.009594,0.46,0.061,3.2,1.7,0.5,0.4003267973856209,0.320957969765684,0.0603400983159485,-0.0,,
1628418,Thomas Bryant,2020-21,23.0,27.1,0.163,0.704,0.2344323809523809,0.0,0.0154276225516177,1.0,,4.55,1.0,2.4000000000000004,0.24,0.76,0.0,0.1919160181664679,0.0,-0.001,-0.0409999999999999,0.162,-0.0061349693251533,4.099999999999996e-05,0.237,0.028,0.5,0.0,0.0,0.5164835164835165,0.4371,0.0712473,-0.0,,
203501,Tim Hardaway Jr.,2020-21,29.0,28.4,0.23,0.589,0.1546446606903178,0.3597046413502109,0.0170579439889643,0.6831136109520624,42.98454130764822,4.39,1.7,0.4,0.2177777777777778,0.7822222222222222,0.4074981001435446,0.5,0.042503164556962,-0.069,-0.1209999999999999,0.161,-0.3,0.0083489999999999,0.305,0.091,4.4,2.2,0.8,0.4396039603960396,0.2966146613299683,0.0682213721058927,-0.0,,
202699,Tobias Harris,2020-21,28.0,32.5,0.237,0.597,0.149401739661555,0.615813953488372,0.0172376545704238,0.9937107127545752,42.725477407361666,4.39,3.4,2.6,0.3888888888888888,0.6111111111111112,0.5460748423835671,0.1732822815404695,0.067887441860465,0.03,0.054,0.267,0.1265822784810127,0.00162,0.562,0.126,5.0,1.0,0.3,0.6128182616330115,0.4044417269354582,0.0958526892837036,-0.0,PHI,0.636
203107,Tomas Satoransky,2020-21,29.0,22.5,0.15,0.614,0.1530570709628652,0.4469026548672566,0.0088918123028769,1.0,43.0473302151229,4.97,3.6,0.3,0.6177777777777779,0.3822222222222221,0.5865301551751718,0.5,0.0389911504424778,-0.059,-0.0989999999999999,0.091,-0.3933333333333333,0.0058409999999999,0.432,0.081,1.2,0.2,0.1,0.4831804281345566,0.4675449360865291,0.0701317404129793,-0.0,,
1629027,Trae Young,2020-21,22.0,33.7,0.32,0.589,0.1164826471889489,0.8925510876730389,0.0210856114477736,0.9590595388184968,42.55138846147313,4.66,8.8,0.2,0.977777777777778,0.0222222222222221,0.7759815876112668,0.228591404489936,0.0530533948582729,0.0879999999999999,-0.023,0.408,0.2749999999999999,-0.002024,0.83,0.077,9.6,4.9,1.7,0.454421768707483,0.4547885281652765,0.1455323290128884,-0.0001780845887338,ATL,0.5981326639681788
202684,Tristan Thompson,2020-21,30.0,23.8,0.144,0.54,0.0770888696558718,0.2046035805626598,0.0042124563710276,0.0,43.1981393654466,4.25,1.0,1.7999999999999998,0.18,0.8200000000000001,0.8400000000000001,1.0,0.0212276214833759,-0.0669999999999999,0.1689999999999999,0.077,-0.4652777777777777,-0.0113229999999999,0.456,0.015,0.2,0.0,0.0,0.8805555555555555,0.2440276214833759,0.0351399774936061,-0.0,,
1629639,Tyler Herro,2020-21,21.0,30.3,0.225,0.543,0.145687758401735,0.5858250276854927,0.0155487986016912,0.6802112918495568,43.421665799274805,4.94,3.2,0.3,0.4088888888888888,0.5911111111111111,0.4063679009881225,0.4529278144963382,0.0725404208194905,-0.006,-0.094,0.219,-0.0266666666666666,0.000564,0.446,0.155,5.9,2.6,0.9,0.4735413839891452,0.2620140350067675,0.0589531578765226,-0.0,,
1630169,Tyrese Haliburton,2020-21,21.0,30.1,0.175,0.585,0.1733007195623926,0.5815950920245399,0.0126869561549015,1.0,43.30566701610038,4.73,3.6,0.1,0.5488888888888889,0.4511111111111111,0.2656228768136728,0.5,0.0444957055214724,-0.0609999999999999,0.178,0.114,-0.3485714285714285,-0.010858,0.486,0.112,4.8,2.2,0.8,0.3333333333333333,0.4526661036128152,0.0792165681322426,-0.0,,
203506,Victor Oladipo,2020-21,29.0,32.7,0.286,0.512,0.0995537128587166,0.6414219474497681,0.0152267252485274,1.0,,4.64,4.0,0.3,0.5177777777777778,0.4822222222222222,0.2777777777777778,0.3285219189252167,0.0773493044822256,-0.0239999999999999,-0.036,0.262,-0.0839160839160838,0.0008639999999999,0.545,0.067,6.8,3.4,1.0,0.4663120567375886,0.3829738055984887,0.1095305084011677,-0.0,,
201961,Wayne Ellington,2020-21,33.0,22.0,0.162,0.625,0.0713379100609163,0.0777777777777777,0.0046514986984033,1.0,,4.7,0.8,0.0,0.2155555555555555,0.7844444444444445,0.0428994082840236,1.0,0.0450333333333333,-0.097,-0.278,0.065,-0.5987654320987654,0.026966,0.087,0.05,2.5,2.0,1.0,0.3303030303030303,0.324533074074074,0.052574358,-0.0,,
1628976,Wendell Carter Jr.,2020-21,22.0,25.5,0.188,0.566,0.0337582557173626,0.0751252086811352,0.002751799405648,1.0,42.91577722301915,4.43,1.4,4.5,0.45,0.55,0.4329411764705882,0.5809959970619714,0.0403422370617696,-0.0249999999999999,0.123,0.163,-0.1329787234042553,-0.0030749999999999,0.222,0.092,0.4,0.0,0.0,0.6148796498905909,0.360076878130217,0.0676944530884808,-0.0,,
202083,Wesley Matthews,2020-21,34.0,19.5,0.111,0.517,0.0204470219956381,0.0803571428571428,0.0007561614493169,1.0,,4.45,0.5,0.1,0.1444444444444444,0.8555555555555555,0.0575396825396825,0.8600000000000001,0.0421875,-0.024,0.483,0.087,-0.2162162162162162,-0.011592,0.124,0.014,0.8,0.5,0.1,0.1595744680851064,0.2347030753968254,0.0260520413690476,-0.0,,
203115,Will Barton,2020-21,30.0,31.0,0.187,0.538,0.0825747149245116,0.4843161856963613,0.0066774322888613,1.1203074203420746,42.738132286798745,4.34,2.8,0.5,0.3111111111111111,0.6888888888888889,0.5250965717044905,0.3130951232345568,0.1032923462986198,-0.014,0.1529999999999999,0.173,-0.0748663101604278,-0.002142,0.417,0.082,3.1,1.6,0.6,0.4605873261205564,0.3428811206830631,0.0641187695677328,-0.0,,
1626195,Willy Hernangomez,2020-21,27.0,18.0,0.166,0.591,0.0677780262837017,0.0871559633027522,0.0045840679855992,1.0,,4.6,0.8,1.9,0.19,0.81,0.2,0.4889399177644148,0.0505504587155963,-0.018,-0.0529999999999999,0.148,-0.1084337349397591,0.0009539999999999,0.331,0.016,0.1,0.0,0.0,0.8314606741573034,0.3150224770642201,0.0522937311926605,-0.0,,
203897,Zach LaVine,2020-21,26.0,35.1,0.302,0.634,0.1909639433531132,0.7008959338387319,0.0316928860083859,1.0,42.490381919951936,4.81,5.4,0.9,0.6000000000000001,0.3999999999999999,0.6609670341775986,0.2433950639057257,0.1340096485182632,0.132,-0.0819999999999999,0.434,0.4370860927152318,-0.0108239999999999,0.589,0.097,8.6,5.4,2.1,0.4746215494211932,0.4719922811853894,0.1425416689179875,-1.7120308752584458e-06,,
1629627,Zion Williamson,2020-21,20.0,33.2,0.287,0.649,0.227910805730194,0.5467032967032966,0.0350419093316823,1.0,42.78741431852387,4.87,3.5,6.1,0.61,0.39,1.0,0.1977096283815912,0.0923241758241758,-0.0259999999999999,0.024,0.261,-0.0905923344947734,-0.0006239999999999,0.44,0.007,0.4,0.1,0.0,0.8736740597878495,0.5173540384615384,0.1484806090384615,-0.0,,
203932,Aaron Gordon,2021-22,26.0,31.7,0.194,0.602,0.1593125445783551,0.3006993006993007,0.0136129600260941,0.5819417607121644,44.11174782020392,4.19,2.0,2.5,0.25,0.75,0.7351351351351352,0.5,0.03352331002331,-0.078,0.0939999999999999,0.116,-0.4020618556701031,-0.0073319999999999,0.327,0.073,2.1,0.7,0.2,0.5168918918918919,0.2749125874125874,0.0533330419580419,-0.0,DEN,0.661
1630598,Aaron Wiggins,2021-22,23.0,24.2,0.149,0.556,0.0700130472244863,0.255813953488372,0.0040267844492298,1.0,44.28112278262064,4.96,0.9,0.4,0.1844444444444444,0.8155555555555556,0.6241707065694545,0.7098256080893484,0.0181705426356589,-0.0199999999999999,0.0649999999999999,0.129,-0.134228187919463,-0.0012999999999999,0.327,0.019,0.4,0.2,0.0,0.5074183976261127,0.3007478897502153,0.044811435572782,-0.0,,
201143,Al Horford,2021-22,36.0,29.1,0.147,0.574,0.089670362810835,0.0969609261939218,0.005053880038425,0.0,43.30868953414486,4.24,1.4,1.8,0.3533333333333333,0.6466666666666667,0.213159586780402,0.5,0.0135875542691751,-0.044,-0.1049999999999999,0.103,-0.2993197278911564,0.0046199999999999,0.222,0.066,0.3,0.1,0.1,0.3713527851458886,0.4344611287988422,0.0638657859334298,-0.0,BOS,0.5703462468926322
202692,Alec Burks,2021-22,30.0,28.6,0.171,0.559,0.0821852726756062,0.5028901734104045,0.0058114989810062,1.0,43.97590745905688,4.19,3.5,0.2,0.3888888888888889,0.6111111111111112,0.6034615384615383,1.0,0.1071026011560693,0.0119999999999999,-0.127,0.183,0.0701754385964911,-0.0015239999999999,0.393,0.064,3.5,1.8,0.7,0.394150417827298,0.3471509714193962,0.0593628161127167,-0.0,,
1630197,Aleksej Pokusevski,2021-22,20.0,20.2,0.195,0.485,0.0482188561522873,0.2258620689655172,0.0041521097161524,1.0,44.34686189078486,4.91,1.4,0.4,0.3577777777777778,0.6422222222222222,0.3807272727272726,0.5644700998221123,0.0295275862068965,0.0099999999999999,-0.007,0.205,0.0512820512820511,-6.999999999999993e-05,0.339,0.056,1.4,0.4,0.1,0.4232456140350877,0.3316184942528735,0.0646656063793103,-0.0,,
203458,Alex Len,2021-22,29.0,15.9,0.165,0.577,0.1411743509434777,0.039274924471299,0.0094619732527185,1.0,,4.47,0.6,1.7000000000000002,0.2311111111111111,0.768888888888889,0.2,0.5,0.0243897280966767,-0.106,0.673,0.059,-0.6424242424242425,-0.071338,0.213,0.017,0.1,0.0,0.0,0.6534090909090909,0.3672467673716011,0.0605957166163141,-0.0,,
1630578,Alperen Sengun,2021-22,19.0,20.7,0.214,0.552,0.0781010143092123,0.3378378378378378,0.0077317416533659,1.0,44.74755063016952,3.94,1.5,3.0,0.4288888888888889,0.5711111111111111,0.926027397260274,1.0,0.0187567567567567,-0.0839999999999999,-0.385,0.13,-0.3925233644859813,0.03234,0.502,0.012,0.5,0.2,0.0,0.6819047619047619,0.363826006006006,0.0778587652852852,-0.0,,
1629599,Amir Coffey,2021-22,25.0,22.7,0.154,0.598,0.1193450597262353,0.3045186640471513,0.0072124950383797,1.0,44.1794488892066,4.17,1.3,0.1,0.2488888888888888,0.7511111111111111,0.5160611854684511,0.4315206137106781,0.0338015717092337,-0.0169999999999999,-0.0829999999999999,0.137,-0.1103896103896103,0.0014109999999999,0.251,0.042,1.3,0.5,0.1,0.3537117903930131,0.3454416852215674,0.0531980195241213,-0.0,,
203952,Andrew Wiggins,2021-22,27.0,31.9,0.224,0.56,0.1223110281081262,0.3931623931623931,0.0129669442674798,0.9102856373094286,43.90078418434079,4.4,2.3,1.5,0.2555555555555555,0.7444444444444445,0.4921463619795317,0.5,0.086048433048433,-0.061,-0.108,0.163,-0.2723214285714285,0.006588,0.371,0.107,3.9,1.0,0.3,0.4330527926549349,0.3171189455871453,0.0710346438115205,-0.0,,
1629014,Anfernee Simons,2021-22,23.0,29.5,0.244,0.583,0.1723390899112288,0.6223776223776223,0.0207715322719047,1.0,45.22705066731014,4.54,5.3,0.2,0.5888888888888889,0.4111111111111111,0.3107008424448824,0.0741867845882539,0.1166713286713286,0.018,-0.012,0.262,0.0737704918032787,-0.000216,0.572,0.119,7.0,3.6,1.2,0.4422110552763819,0.4610388888888889,0.1124934888888888,-0.0,,
203076,Anthony Davis,2021-22,29.0,35.1,0.263,0.578,0.1385085852868116,0.1638655462184874,0.0186814385709833,1.0,,3.85,2.6,6.4,0.64,0.36,0.4,0.4512887439872471,0.0101932773109243,-0.043,0.011,0.22,-0.1634980988593156,-0.000473,0.346,0.155,3.9,0.1,0.1,0.5841726618705037,0.4787215126050421,0.125903757815126,-0.0,,
1630162,Anthony Edwards,2021-22,20.0,34.2,0.262,0.56,0.1317984042375029,0.6805970149253732,0.0176751085235333,1.1385542168674696,44.38302244518619,4.27,4.3,0.6,0.4777777777777777,0.5222222222222223,0.5982310745873668,0.5,0.0789492537313432,-0.05,-0.064,0.212,-0.1908396946564886,0.0032,0.561,0.047,6.8,5.1,1.7,0.4194977843426883,0.4437303482587065,0.1162573512437811,-0.0,MIN,0.544
1630559,Austin Reaves,2021-22,24.0,23.2,0.121,0.6,0.1371711202027296,0.2842639593908629,0.0057735208798873,1.0,44.299956800010534,4.48,1.4,0.2,0.2244444444444444,0.7755555555555556,0.6858019639934533,0.2355136444736158,0.0143274111675126,0.036,0.011,0.157,0.2975206611570248,0.000396,0.288,0.05,1.1,0.6,0.1,0.3333333333333333,0.3506028849407783,0.0424229490778341,-0.0,LAL,0.5725243193461118
202340,Avery Bradley,2021-22,31.0,22.7,0.119,0.55,0.1223358306486074,0.1557017543859649,0.0050219700371203,1.0,43.136078115065274,4.33,0.6,0.2,0.1022222222222222,0.8977777777777778,0.2299999999999999,0.5,0.0317017543859649,-0.044,0.1489999999999999,0.075,-0.3697478991596639,-0.0065559999999999,0.196,0.107,1.3,0.5,0.2,0.2571428571428571,0.313195477582846,0.0372702618323586,-0.0,,
1628389,Bam Adebayo,2021-22,24.0,32.6,0.248,0.608,0.1504694564481436,0.3073170731707317,0.0185834298834057,1.1236248622163785,44.268847058605495,4.4,2.9,4.699999999999999,0.4699999999999999,0.53,0.963076923076923,0.5,0.0419048780487805,-0.1,0.071,0.148,-0.4032258064516129,-0.0071,0.392,0.079,2.5,0.1,0.0,0.6570796460176991,0.5076412594334464,0.1258950323394947,-0.0,MIA,0.6070799985482526
203463,Ben McLemore,2021-22,29.0,20.1,0.207,0.567,0.0857579335567519,0.0543478260869565,0.0080766232679712,1.0,44.11961228110177,4.64,0.8,0.4,0.1711111111111111,0.8288888888888889,0.1528756957328385,0.5,0.0310326086956521,-0.0469999999999999,-0.1709999999999999,0.16,-0.2270531400966183,0.0080369999999999,0.069,0.073,1.7,1.2,0.3,0.3803339517625232,0.3161809057971014,0.0654494475,-0.0,,
1626171,Bobby Portis,2021-22,27.0,28.2,0.207,0.571,0.1282444785781872,0.1245865490628445,0.0120779768904759,0.965694914775602,43.957038955090574,4.57,1.1,1.8,0.18,0.8200000000000001,0.2033342505527037,0.5,0.0082613009922822,-0.104,0.056,0.103,-0.5024154589371981,-0.005824,0.302,0.124,1.9,0.2,0.1,0.4974619289340101,0.283703035395202,0.0587265283268068,-0.0,MIL,0.593
203992,Bogdan Bogdanović,2021-22,29.0,29.3,0.212,0.562,0.1211872603107854,0.4232365145228215,0.0118293466555137,0.9201109051990404,44.90650271390656,4.65,2.0,0.4,0.3377777777777778,0.6622222222222223,0.3049298308744151,0.2494690385403153,0.0246192946058091,0.0789999999999999,0.0079999999999998,0.291,0.3726415094339622,0.0006319999999999,0.415,0.101,4.7,2.5,0.9,0.3629893238434163,0.3262179437528815,0.0691582040756108,-0.0,,
202711,Bojan Bogdanovic,2021-22,33.0,30.9,0.232,0.599,0.1219103865908144,0.3414141414141414,0.0136229977785095,0.9816840526390532,43.3554679436625,4.39,1.5,1.5,0.1911111111111111,0.8088888888888889,0.5590485074626865,0.5,0.0542383838383838,-0.072,-0.023,0.16,-0.3103448275862069,0.001656,0.282,0.027,3.0,1.4,0.5,0.4386138613861386,0.3181179150740014,0.0738033562971683,-0.0,,
1630538,Bones Hyland,2021-22,21.0,19.0,0.231,0.558,0.0922175165292449,0.5014285714285714,0.0102383834800733,0.9165611285266456,,4.66,2.8,0.5,0.4888888888888889,0.5111111111111111,0.1770334928229665,0.5,0.0559514285714285,-0.042,-0.022,0.189,-0.1818181818181818,0.000924,0.452,0.063,3.1,2.0,0.8,0.3080724876441515,0.3718590396825397,0.0858994381666666,-0.0,,
203078,Bradley Beal,2021-22,29.0,36.0,0.297,0.539,0.086045335862908,0.7050754458161865,0.0139271421426029,1.0,,4.51,5.5,1.3,0.6866666666666666,0.3133333333333333,0.2594033722438392,0.1395194212702463,0.0596941015089163,0.042,-0.002,0.339,0.1414141414141415,-8.400000000000014e-05,0.592,0.17,8.1,2.5,0.8,0.5317769130998703,0.4109613077274805,0.1220555083950617,-0.0,,
1629634,Brandon Clarke,2021-22,25.0,19.5,0.171,0.66,0.2234624343595417,0.1520912547528517,0.0158015136689948,0.0,,4.72,0.7,2.1,0.2244444444444444,0.7755555555555556,0.4,0.2665633063245026,0.0192813688212927,-0.035,0.0599999999999999,0.136,-0.2046783625730994,-0.0020999999999999,0.295,0.027,0.4,0.0,0.0,0.775047258979206,0.3576658090409801,0.0611608533460076,-0.0,,
1629164,Brandon Goodwin,2021-22,26.0,13.9,0.177,0.501,0.0976830265930294,1.0,0.0072740956386154,1.0,,4.68,2.9,0.0,0.6177777777777779,0.3822222222222221,0.3033175355450237,0.5,0.0,0.034,-0.2269999999999999,0.211,0.192090395480226,-0.007718,0.641,0.035,1.5,0.7,0.2,0.4675324675324675,0.3841784984984986,0.0679995942342342,-0.0,,
1627742,Brandon Ingram,2021-22,24.0,34.0,0.291,0.554,0.0893563885462114,0.556420233463035,0.014027009507971,0.8088149441138507,43.996735270719654,4.41,4.2,2.1,0.5955555555555556,0.4044444444444444,0.5674534119131378,0.2504437857950701,0.0342871595330739,0.033,-0.046,0.324,0.1134020618556702,-0.001518,0.519,0.305,8.1,0.9,0.2,0.5611111111111111,0.4049439068980253,0.1178386769073253,-0.0,,
1630314,Brandon Williams,2021-22,22.0,26.7,0.246,0.476,0.0616032627022774,0.658703071672355,0.007516339272058,1.0,,4.75,4.6,0.3,0.5222222222222221,0.4777777777777778,0.2925851703406814,1.0,0.109362912400455,0.0559999999999999,-0.1359999999999999,0.302,0.2276422764227642,-0.0076159999999999,0.571,0.091,4.0,1.9,0.4,0.4858156028368794,0.3551626722285426,0.0873700173682214,-0.0,,
1628971,Bruce Brown,2021-22,25.0,24.6,0.146,0.575,0.1050437913789036,0.1768060836501901,0.0058600277440229,0.5144693999601303,44.4288014872147,4.54,1.5,1.2000000000000002,0.2533333333333333,0.7466666666666666,0.7085714285714286,0.4367531974218757,0.0137110266159695,-0.0379999999999999,-0.0489999999999999,0.108,-0.2602739726027397,0.0018619999999999,0.223,0.015,0.4,0.0,0.0,0.6077348066298343,0.436239524714829,0.063690970608365,-0.0,,
1627741,Buddy Hield,2021-22,29.0,30.8,0.214,0.548,0.1116233531208413,0.3725490196078431,0.0110503421299483,1.0,44.392960219897944,4.75,2.3,0.2,0.3,0.7,0.3014679095681988,0.4108976885539217,0.0490588235294117,0.007,-0.058,0.221,0.0327102803738318,-0.000406,0.321,0.077,4.7,3.0,0.9,0.376274328081557,0.3509617647058823,0.0751058176470588,-0.0,,
1629604,CJ Elleby,2021-22,22.0,20.2,0.143,0.491,0.0234715467524506,0.185,0.0012692458916321,1.0,44.474312172817115,4.6,1.0,0.3,0.2422222222222222,0.7577777777777778,0.6606431039064575,1.0,0.0219499999999999,-0.072,0.009,0.071,-0.5034965034965035,-0.000648,0.264,0.041,0.6,0.1,0.0,0.4545454545454545,0.2900899444444444,0.0414828620555555,-0.0,,
203468,CJ McCollum,2021-22,30.0,34.6,0.269,0.553,0.1309357169845786,0.7286397812713602,0.018267812723434,0.8878509923601866,44.59139441915725,4.68,5.0,0.5,0.5555555555555556,0.4444444444444444,0.3209658550851794,0.5,0.1157211209842788,-0.048,-0.084,0.221,-0.1784386617100372,0.004032,0.608,0.187,9.8,4.1,1.5,0.4763382467028704,0.3346204056184848,0.0900128891113724,-0.0,,
1630595,Cade Cunningham,2021-22,20.0,32.6,0.273,0.504,0.0667284735700307,0.6520446096654275,0.0095182073379981,1.0,44.51543375908557,4.83,5.8,0.5,0.6444444444444444,0.3555555555555556,0.4808258569128133,0.634121675404788,0.0,0.064,-0.0389999999999999,0.337,0.2344322344322344,-0.0024959999999999,0.639,0.102,5.1,2.0,0.6,0.5009881422924901,0.3883389178025609,0.1060165245600991,-0.0,,
1628997,Caleb Martin,2021-22,26.0,22.9,0.158,0.611,0.1442392987576814,0.2455089820359281,0.0090587699915377,1.0536807128784036,43.67103974423855,4.81,1.0,0.5,0.1511111111111111,0.8488888888888889,0.6823529411764706,0.5,0.0161057884231536,-0.113,0.453,0.045,-0.7151898734177216,-0.051189,0.303,0.058,1.0,0.5,0.2,0.463265306122449,0.2826470437370872,0.0446582329104597,-0.0,MIA,0.6067102520953127
1629629,Cam Reddish,2021-22,22.0,20.7,0.213,0.543,0.1040787255553111,0.3629489603024574,0.0102313129963142,1.0,,4.47,1.0,0.2,0.1733333333333333,0.8266666666666667,0.247549019607843,0.5,0.0248223062381852,-0.088,-0.033,0.125,-0.4131455399061032,0.002904,0.352,0.08,2.8,1.0,0.3,0.4068627450980392,0.3127975803402646,0.0666258846124763,-0.0,,
1630560,Cam Thomas,2021-22,20.0,17.6,0.212,0.519,0.0565230603180568,0.6942909760589319,0.005517336334018,1.0,,4.5,1.5,0.1,0.2266666666666666,0.7733333333333333,0.144578313253012,0.4871531000624775,0.0053388581952118,0.0709999999999999,-0.043,0.283,0.3349056603773584,-0.003053,0.523,0.253,4.2,1.2,0.3,0.4731610337972167,0.2813121669736034,0.0596381793984039,-0.0,,
1629661,Cameron Johnson,2021-22,26.0,26.2,0.167,0.625,0.1933805943631875,0.1120331950207468,0.0131973762217219,1.0517120587598503,44.34952414803591,4.75,0.9,0.5,0.1755555555555555,0.8244444444444444,0.1907707184299118,0.4547155568840432,0.006103734439834,-0.045,0.238,0.122,-0.2694610778443114,-0.01071,0.147,0.019,1.1,0.4,0.1,0.2745664739884393,0.3329311911510177,0.0555995089222199,-0.0,,
1626166,Cameron Payne,2021-22,27.0,22.0,0.235,0.5,0.0741410528318902,0.7163814180929096,0.0084461840778886,0.8644069759695069,43.75580901451201,4.7,4.6,0.1,0.7066666666666667,0.2933333333333333,0.4030900534687199,0.4892732619268667,0.0675183374083129,0.019,0.0999999999999999,0.254,0.0808510638297873,0.0019,0.683,0.089,3.4,1.7,0.5,0.504601226993865,0.2366016168672403,0.0556013799638014,-0.0,,
1627747,Caris LeVert,2021-22,27.0,30.7,0.252,0.525,0.1129620320787151,0.7729591836734694,0.0142900354935557,1.0,43.76077086739158,4.57,4.3,0.5,0.4866666666666666,0.5133333333333334,0.5199732351957176,0.3884365904130327,0.1203010204081632,0.012,-0.082,0.264,0.0476190476190476,-0.000984,0.625,0.079,6.6,2.6,0.7,0.5117096018735363,0.3781329081632653,0.0952894928571428,-0.0,CLE,0.5991333720349393
2546,Carmelo Anthony,2021-22,38.0,26.0,0.195,0.579,0.1064168176365486,0.1593830334190231,0.0091635168838357,1.0,43.74847023169555,3.91,1.1,2.1,0.21,0.79,0.3818059672001579,0.5,0.0099203084832905,-0.062,0.014,0.133,-0.3179487179487179,-0.000868,0.313,0.194,3.3,0.7,0.3,0.4799446749654218,0.3340082133676093,0.0651316016066838,-0.0,,
1626224,Cedi Osman,2021-22,27.0,22.1,0.206,0.563,0.0968143926288397,0.2338830584707646,0.009051921015781,1.0,43.343450755803005,4.34,1.5,0.5,0.3199999999999999,0.68,0.527610320713769,0.5,0.0125847076461769,-0.0429999999999999,-0.1599999999999999,0.163,-0.2087378640776698,0.0068799999999999,0.219,0.023,1.6,1.1,0.5,0.331588132635253,0.3540340929535232,0.0729310231484257,-0.0,,
1629002,Chimezie Metu,2021-22,25.0,21.3,0.184,0.546,0.0918222485213531,0.1402214022140221,0.007247273613446,1.0,45.05722734155017,4.54,1.0,0.6000000000000001,0.1577777777777777,0.8422222222222222,0.2534702258726899,0.2396759327105131,0.0099557195571955,0.016,0.2809999999999999,0.2,0.0869565217391305,0.004496,0.197,0.071,1.1,0.3,0.1,0.4330357142857143,0.3120467445674457,0.05741660100041,-0.0,,
1628449,Chris Boucher,2021-22,29.0,21.1,0.172,0.57,0.0810689134837366,0.0444078947368421,0.0057829178489152,1.0,44.059010671368256,4.39,0.7,0.8,0.08,0.92,0.4,1.0,0.0249128289473684,-0.0789999999999999,-0.0979999999999999,0.093,-0.4593023255813953,0.0077419999999999,0.25,0.019,0.5,0.1,0.0,0.5364667747163695,0.3947550986842105,0.0678978769736842,-0.0,,
1630537,Chris Duarte,2021-22,25.0,28.0,0.207,0.537,0.1132320237854573,0.5084525357607282,0.0106641142114261,1.0,44.89049468857367,4.8,2.3,0.4,0.2555555555555555,0.7444444444444445,0.4557522123893803,0.5,0.0655084525357607,0.003,-0.145,0.21,0.0144927536231884,-0.000435,0.414,0.153,4.7,2.0,0.6,0.4267310789049919,0.3330308047969946,0.0689373765929778,-0.0,,
101108,Chris Paul,2021-22,37.0,32.9,0.197,0.581,0.1631946494544228,1.0,0.0142693849752813,1.2203684713023182,44.2457162887495,4.11,7.4,0.2,0.9644444444444444,0.0355555555555555,0.3713231050404001,0.0448813824831602,0.0,0.1059999999999999,0.1079999999999999,0.303,0.5380710659898476,0.0114479999999999,0.848,0.322,8.5,2.1,0.6,0.3090079817559863,0.6478319125683059,0.1276228867759562,-0.0,,
1626174,Christian Wood,2021-22,26.0,30.8,0.233,0.595,0.160648333552715,0.2368137782561894,0.018068001019694,1.0,44.40112032177234,4.12,2.3,3.0999999999999996,0.3099999999999999,0.6900000000000001,0.8282513111193516,0.1505468018620021,0.0339892357373519,-0.001,-0.0369999999999999,0.232,-0.0042918454935622,3.699999999999996e-05,0.323,0.018,2.0,1.2,0.4,0.5187713310580204,0.3930070505920344,0.091570642787944,-0.0,,
1629643,Chuma Okeke,2021-22,23.0,25.0,0.159,0.501,0.0597593619528799,0.2071651090342679,0.0037887996307103,1.0,43.66133795763585,4.61,1.4,0.4,0.2311111111111111,0.768888888888889,0.3108377518557794,0.5983748501311468,0.0184657320872274,0.002,0.401,0.161,0.0125786163522012,0.000802,0.231,0.04,1.6,0.9,0.2,0.2760416666666667,0.3087222049151956,0.0490868305815161,-0.0,,
1629632,Coby White,2021-22,22.0,27.5,0.195,0.564,0.1226234470457524,0.419392523364486,0.0105590643689007,0.6040678190304248,43.887241766377315,4.3,2.8,0.3,0.3266666666666666,0.6733333333333333,0.385649830071487,0.5,0.0688703271028037,-0.126,-0.1199999999999999,0.069,-0.6461538461538462,0.0151199999999999,0.348,0.07,2.9,1.2,0.4,0.3105950653120464,0.2604027856839422,0.0507785432083687,-0.0,,
1628998,Cody Martin,2021-22,26.0,26.3,0.12,0.579,0.1143653904361333,0.2926829268292683,0.004754080004708,1.0,44.34761019788512,4.86,1.4,0.5,0.2755555555555555,0.7244444444444444,0.7,0.4633151637870504,0.0408181818181818,-0.0389999999999999,0.277,0.081,-0.3249999999999999,-0.0108029999999999,0.289,0.04,0.8,0.2,0.1,0.5287081339712919,0.3502559595959597,0.0420307151515151,-0.0,,
1630175,Cole Anthony,2021-22,22.0,31.7,0.245,0.519,0.0577650940064243,0.6422558922558923,0.0070051043814613,1.0,43.383555362189455,4.85,6.3,0.1,0.7,0.3,0.5300751879699248,0.38180971035146,0.0918627946127946,0.091,0.0699999999999999,0.336,0.3714285714285715,0.0063699999999999,0.602,0.089,5.5,2.4,0.7,0.4605263157894737,0.3945166245791246,0.0966565730218855,-0.0,,
1630557,Corey Kispert,2021-22,23.0,23.4,0.142,0.586,0.1046668879837708,0.0580524344569288,0.0056006937817252,1.0,43.82384253031284,4.88,0.7,0.5,0.1422222222222222,0.8577777777777778,0.1795554601095242,0.5,0.0344250936329588,-0.0609999999999999,0.302,0.081,-0.4295774647887323,-0.0184219999999999,0.111,0.032,0.8,0.2,0.0,0.3171206225680933,0.3190083354140658,0.0452991836287973,-0.0,,
202709,Cory Joseph,2021-22,30.0,24.6,0.141,0.579,0.1243103559405017,0.551440329218107,0.0065816681156382,1.0,45.38709539283185,4.76,3.8,0.1,0.4888888888888889,0.5111111111111111,0.619032258064516,0.2069153503879504,0.1309279835390946,0.005,0.016,0.146,0.0354609929078014,8.000000000000014e-05,0.421,0.069,1.8,0.5,0.2,0.41,0.4005647233653407,0.056479625994513,-0.0,,
1626156,D'Angelo Russell,2021-22,26.0,31.9,0.246,0.544,0.0883012018033815,0.6016326530612245,0.0107738090771633,0.8644537001259561,43.75968509720969,4.42,5.4,0.4,0.7111111111111111,0.2888888888888888,0.4426666666666665,0.2054123644837701,0.0490212244897959,0.094,0.0679999999999999,0.34,0.3821138211382115,0.0063919999999999,0.566,0.121,6.9,3.8,1.2,0.3572110792741165,0.393910133444886,0.0969018928274419,-0.0,MIN,0.5600000000000002
1627745,Damian Jones,2021-22,27.0,18.2,0.163,0.701,0.248096703876215,0.0114942528735632,0.0163268499349507,1.0,,4.27,0.7,2.5,0.25,0.75,0.2,0.1883248470035144,0.0082068965517241,-0.019,-0.012,0.144,-0.1165644171779142,0.000228,0.2,0.07,0.2,0.0,0.0,0.6541353383458647,0.4411206896551724,0.0719026724137931,-0.0,,
203081,Damian Lillard,2021-22,31.0,36.4,0.288,0.55,0.0914296913786374,0.7787042976266838,0.0141311005114378,1.0,,4.46,7.2,0.4,0.8,0.1999999999999999,0.2608695652173913,0.4867724041063732,0.0383008338678641,0.07,-0.139,0.358,0.2430555555555556,-0.00973,0.703,0.109,10.4,7.1,2.2,0.4076086956521739,0.4380292495189223,0.1261524238614496,-0.0,,
1627814,Damion Lee,2021-22,29.0,19.9,0.156,0.561,0.0531600667615085,0.1534653465346534,0.0032754608675581,0.0,,4.88,1.0,0.3,0.1599999999999999,0.8400000000000001,0.2193211488250652,0.4379993471419556,0.0286955445544554,0.011,0.0929999999999999,0.167,0.0705128205128205,0.001023,0.172,0.069,1.3,0.3,0.1,0.3341523341523341,0.0,0.0,-0.0,,
1629655,Daniel Gafford,2021-22,23.0,20.1,0.16,0.708,0.2594039355142322,0.022964509394572,0.0166018518729108,1.0,44.20878638977664,4.37,0.8,1.7999999999999998,0.18,0.8200000000000001,0.4210526315789473,0.384721889354939,0.0168329853862212,-0.051,-0.0579999999999999,0.109,-0.31875,0.0029579999999999,0.263,0.006,0.0,0.0,0.0,0.8146341463414634,0.4225385386221293,0.0676061661795407,-0.0,,
1628464,Daniel Theis,2021-22,30.0,20.8,0.162,0.595,0.1135232665528653,0.0037453183520599,0.0074021418087274,1.0,,4.15,0.7,1.3,0.1511111111111111,0.8488888888888889,0.2,0.4387643235997283,0.0021498127340823,-0.033,0.132,0.129,-0.2037037037037037,-0.004356,0.166,0.042,0.2,0.0,0.0,0.4327485380116959,0.3354389513108614,0.0543411101123595,-0.0,,
201568,Danilo Gallinari,2021-22,33.0,25.3,0.182,0.579,0.1220919823838473,0.2625368731563421,0.0094796920044842,1.1900878965042074,44.38887547519063,4.23,1.6,2.3,0.2299999999999999,0.77,0.4540033500837519,0.5,0.0496386430678465,-0.03,-0.2179999999999999,0.152,-0.1648351648351648,0.0065399999999999,0.336,0.161,2.9,0.8,0.2,0.3068535825545171,0.2979352986725664,0.054224224358407,-0.0,,
201980,Danny Green,2021-22,35.0,21.8,0.121,0.561,0.1210893322054191,0.0730593607305936,0.0050966397794693,1.0,44.64634888129547,4.56,0.7,0.0,0.1444444444444444,0.8555555555555555,0.063701923076923,0.3001876390603057,0.0452237442922374,0.005,0.0819999999999999,0.126,0.0413223140495868,0.00041,0.087,0.022,0.8,0.6,0.1,0.2860635696821516,0.3177192034500253,0.038444023617453,-0.0,,
1629647,Darius Bazley,2021-22,22.0,27.9,0.18,0.515,0.0282899017548612,0.2962466487935656,0.002160429987956,1.0,44.07887145930531,4.65,1.7,1.0,0.1888888888888888,0.8111111111111111,0.7058977805461757,1.0,0.0631836461126005,-0.0529999999999999,-0.024,0.127,-0.2944444444444444,0.001272,0.27,0.011,0.7,0.5,0.1,0.5054095826893354,0.2751186103663985,0.0495213498659517,-0.0,,
1629636,Darius Garland,2021-22,22.0,35.7,0.272,0.576,0.1384901537717746,0.7307121661721068,0.0196459146759926,1.0,44.48577890593644,4.69,7.7,0.5,0.8555555555555556,0.1444444444444443,0.466985990173903,0.3557655186626635,0.0313353115727002,0.0449999999999999,-0.0539999999999999,0.317,0.1654411764705881,-0.0024299999999999,0.666,0.14,7.8,3.8,1.5,0.4112627986348123,0.4988333498186614,0.1356826711506759,-0.0,CLE,0.581901883214058
1630561,David Duke Jr.,2021-22,22.0,15.5,0.15,0.444,-0.0053990877156497,0.2925659472422062,-0.0003136586521113,1.0,,4.59,0.8,0.2,0.1466666666666666,0.8533333333333333,0.3919753086419753,0.7455519631661172,0.0855731414868105,0.0249999999999999,-0.081,0.175,0.1666666666666666,-0.002025,0.333,0.038,0.5,0.2,0.0,0.5740740740740741,0.2462047322142286,0.0369307098321343,-0.0,,
1630558,Davion Mitchell,2021-22,23.0,27.7,0.202,0.489,0.0837810337029449,0.7252631578947369,0.0076062880588776,1.0,44.51908199067349,4.54,3.8,0.0,0.5222222222222221,0.4777777777777778,0.357597963591484,0.3003017304892334,0.0116010526315789,0.0059999999999999,-0.013,0.208,0.0297029702970295,-7.799999999999978e-05,0.645,0.181,5.1,1.9,0.5,0.4165666266506602,0.3679203099415204,0.0743199026081871,-0.0,,
1628432,Davon Reed,2021-22,27.0,13.9,0.117,0.624,0.2181877993741521,0.2521367521367521,0.0087319100782907,1.0,,4.62,0.8,0.3,0.2555555555555555,0.7444444444444445,0.1884816753926701,0.5,0.0166965811965811,0.0029999999999999,-0.624,0.12,0.0256410256410255,-0.0018719999999999,0.259,0.134,1.0,0.4,0.1,0.3167701863354037,0.4120127018043685,0.0482054861111111,-0.0,,
1628368,De'Aaron Fox,2021-22,24.0,35.3,0.284,0.549,0.1174999968570536,0.8592592592592593,0.0177834232554246,1.0,43.69514917284152,4.58,6.3,0.5,0.7,0.3,0.6427759627759627,0.2280621281708278,0.0387851851851851,0.063,-0.037,0.347,0.2218309859154929,-0.002331,0.736,0.143,8.7,2.6,0.7,0.520891364902507,0.4302825925925926,0.1222002562962962,-0.0,,
1629631,De'Andre Hunter,2021-22,24.0,29.8,0.194,0.547,0.1034115513101913,0.3132530120481928,0.0088363243330762,1.5805682592196164,45.04199039118497,4.39,1.2,1.1,0.1333333333333333,0.8666666666666667,0.6035748792270531,0.4488363781188337,0.0644457831325301,-0.018,-0.101,0.176,-0.0927835051546392,0.001818,0.26,0.118,2.8,0.3,0.1,0.4511627906976744,0.3685210843373493,0.0714930903614457,-0.0,,
1629001,De'Anthony Melton,2021-22,24.0,22.7,0.205,0.529,0.1002790636747,0.3942701227830831,0.0093076718143786,0.485726543178721,43.8390445793411,4.49,2.2,0.4,0.3488888888888888,0.6511111111111112,0.4035441120787579,0.5,0.0751705320600272,-0.0709999999999999,-0.021,0.134,-0.346341463414634,0.001491,0.338,0.048,2.6,1.4,0.4,0.3864541832669322,0.2398282119145066,0.0491647834424738,-0.0,,
1627761,DeAndre' Bembry,2021-22,27.0,18.3,0.111,0.601,0.1631212962629926,0.22007722007722,0.0060324694629364,1.0,,4.24,0.7,0.3,0.1933333333333333,0.8066666666666666,0.4,0.4008407523911251,0.0381544401544401,-0.022,-0.1409999999999999,0.089,-0.1981981981981982,0.0031019999999999,0.242,0.0,0.1,0.0,0.0,0.6846846846846847,0.3602945173745174,0.0399926914285714,-0.0,,
201942,DeMar DeRozan,2021-22,32.0,36.1,0.308,0.59,0.1291959647416567,0.805484693877551,0.0220838619704932,0.8870672914879272,44.229767491631634,4.37,5.5,2.3,0.6111111111111112,0.3888888888888888,0.6542458154610248,0.1026278039439355,0.0227136479591836,0.081,0.08,0.389,0.262987012987013,0.00648,0.739,0.329,12.2,0.3,0.1,0.6466257668711657,0.3250409281551162,0.1001126058717757,-3.679738059807263e-05,,
1629731,Dean Wade,2021-22,25.0,19.2,0.107,0.584,0.0863232609347577,0.0758426966292134,0.0030213671593971,1.0,,4.44,0.7,0.0,0.1711111111111111,0.8288888888888889,0.108294930875576,0.5,0.0442162921348314,-0.044,-0.284,0.063,-0.411214953271028,0.0124959999999999,0.222,0.052,0.4,0.1,0.0,0.2949308755760368,0.3154877933832709,0.0337571938920099,-0.0,,
1629028,Deandre Ayton,2021-22,23.0,29.5,0.217,0.656,0.1931241338900948,0.024364406779661,0.0195220827737518,1.0,43.38963842888018,4.27,1.1,6.3,0.63,0.37,0.3179913916786225,0.5,0.0162266949152542,-0.0799999999999999,0.1699999999999999,0.137,-0.368663594470046,-0.0135999999999999,0.188,0.104,0.5,0.0,0.0,0.6814469078179697,0.5168429555084745,0.1121549213453389,-0.0,,
1627749,Dejounte Murray,2021-22,25.0,34.8,0.268,0.533,0.1000823495126538,0.7664326738991704,0.0138854411857064,1.0,44.397140405454806,5.07,7.4,0.3,0.8622222222222222,0.1377777777777777,0.4842525197817729,0.2635885480574763,0.0556496490108488,0.1009999999999999,-0.036,0.369,0.3768656716417909,-0.003636,0.726,0.186,8.4,1.7,0.5,0.5511684125705076,0.4621573268098986,0.1238581635850528,-0.0,,
1630166,Deni Avdija,2021-22,21.0,24.2,0.158,0.536,0.0668812488183653,0.2963636363636364,0.0042003937554508,1.0,44.19478536124858,4.5,1.6,0.6000000000000001,0.26,0.74,0.5912963098105036,1.0,0.0116018181818181,-0.012,-0.126,0.146,-0.0759493670886076,0.001512,0.296,0.029,0.7,0.3,0.1,0.4507772020725388,0.3158808545454545,0.0499091750181818,-0.0,,
203471,Dennis Schröder,2021-22,28.0,28.7,0.223,0.539,0.0592655432095308,0.627212389380531,0.0062410773328812,1.0,43.74287481539403,4.4,5.5,0.1,0.6111111111111112,0.3888888888888888,0.5427712316041655,0.5722999531801646,0.0521382743362831,-0.012,0.016,0.211,-0.0538116591928251,-0.000192,0.609,0.136,3.9,1.0,0.3,0.4556962025316455,0.3760830567846608,0.0838665216629793,-0.0,,
201565,Derrick Rose,2021-22,33.0,24.5,0.217,0.541,0.1166235482440821,0.6921182266009851,0.0117889696969995,1.0,,4.57,4.2,0.2,0.5911111111111111,0.4088888888888888,0.2883211678832116,0.3127949119133634,0.0960615763546797,-0.006,-0.077,0.211,-0.0276497695852534,0.000462,0.59,0.071,3.6,1.3,0.5,0.5218978102189781,0.4128443459222769,0.089587223065134,-0.0,,
1628401,Derrick White,2021-22,27.0,29.3,0.196,0.549,0.0761004403530512,0.5064782096584216,0.0066034558242318,0.7972362873147424,44.502682054378376,4.77,3.4,0.3,0.5133333333333333,0.4866666666666667,0.5614135514018691,0.9417037569179828,0.0,-0.011,-0.106,0.185,-0.0561224489795918,0.001166,0.451,0.052,2.8,1.2,0.3,0.4375,0.3333206905182567,0.0653308553415783,-0.0,BOS,0.5757607414835939
1630217,Desmond Bane,2021-22,24.0,29.8,0.226,0.592,0.1813800613766384,0.3873659117997616,0.0194873238816905,0.912138016761628,43.67737884375643,4.6,2.6,0.6,0.3022222222222222,0.6977777777777778,0.3553797843346367,0.3226895884291532,0.0505077473182359,-0.034,-0.016,0.192,-0.1504424778761062,0.000544,0.297,0.11,6.0,3.0,1.3,0.4345757335448057,0.3904652018235938,0.0882451356121322,-0.0,,
1626164,Devin Booker,2021-22,25.0,34.5,0.313,0.576,0.1330470377435358,0.6545961002785515,0.0232981649574204,0.9086053198753788,43.64333400002586,4.57,4.2,1.2,0.4711111111111111,0.528888888888889,0.440829795042914,0.3132349904512638,0.0755849582172701,-0.018,0.132,0.295,-0.0575079872204473,-0.002376,0.536,0.238,11.8,3.8,1.3,0.5050825921219823,0.4055997908929123,0.1269527345494815,-8.355363533909797e-05,PHX,
1630170,Devin Vassell,2021-22,21.0,27.3,0.184,0.54,0.0825122054720495,0.2133152173913043,0.006512457918799,1.0,43.69179025465544,5.01,1.3,0.6,0.2133333333333333,0.7866666666666666,0.2996131786047751,0.5,0.0332133152173912,-0.0679999999999999,-0.414,0.116,-0.3695652173913043,0.028152,0.202,0.144,3.3,0.6,0.1,0.3560209424083769,0.3177639221014493,0.0584685616666666,-0.0,,
1628415,Dillon Brooks,2021-22,26.0,27.7,0.283,0.515,0.0482879800383423,0.6663507109004739,0.007269736871794,0.8138154677027147,,4.23,2.3,1.4,0.3266666666666666,0.6733333333333333,0.2585551330798479,1.0,0.0793004739336493,0.033,-0.147,0.316,0.1166077738515902,-0.004851,0.458,0.132,7.2,2.1,0.6,0.5374449339207048,0.2634258884676145,0.0745495264363348,-0.0,,
1627734,Domantas Sabonis,2021-22,26.0,34.4,0.221,0.637,0.1526967096847239,0.2168421052631579,0.0158641968258627,1.0,45.02761794570181,4.43,2.9,5.9,0.5900000000000001,0.4099999999999999,0.9184,0.3442420909241683,0.0313157894736842,-0.04,-0.027,0.181,-0.1809954751131222,0.00108,0.352,0.026,0.5,0.1,0.0,0.6967741935483871,0.471978947368421,0.104307347368421,-0.0,,
1628378,Donovan Mitchell,2021-22,25.0,33.8,0.322,0.572,0.1349200234208699,0.7612903225806451,0.024652457311849,0.8877464576748588,43.95346094897029,4.14,6.2,0.3,0.6888888888888889,0.3111111111111111,0.4764300907543958,0.5,0.0193935483870968,0.0549999999999999,-0.1779999999999999,0.377,0.170807453416149,-0.0097899999999999,0.708,0.077,9.5,6.2,2.2,0.4880794701986755,0.3718820740740741,0.1197460278518518,-0.0002556090761481,UTA,0.6399674089554765
1628978,Donte DiVincenzo,2021-22,25.0,23.9,0.187,0.51,0.0376399070776435,0.3117816091954022,0.0030437638337566,1.0,,4.66,2.1,0.1,0.3711111111111111,0.6288888888888888,0.1934523809523809,0.579003789288739,0.0590977011494252,-0.008,0.0919999999999999,0.179,-0.0427807486631016,-0.000736,0.305,0.021,1.9,1.3,0.4,0.3095238095238095,0.322829687100894,0.0603691514878671,-0.0,,
1627827,Dorian Finney-Smith,2021-22,29.0,33.0,0.138,0.604,0.1452154283399508,0.075,0.00744442895807,0.0,44.28820207526107,4.25,1.2,0.6,0.1777777777777777,0.8222222222222222,0.2033585808251943,0.4579953567186966,0.0192555555555555,-0.018,0.029,0.12,-0.1304347826086957,-0.000522,0.12,0.011,0.7,0.4,0.1,0.2815076560659599,0.3426302777777778,0.0472829783333333,-0.0,,
203926,Doug McDermott,2021-22,30.0,24.0,0.178,0.593,0.1491823388937162,0.1200657894736842,0.0112033373960338,1.0,44.744785651750426,5.35,0.8,0.3,0.1511111111111111,0.8488888888888889,0.1799125605577217,0.5,0.0299555921052631,-0.005,-0.1489999999999999,0.173,-0.0280898876404494,0.000745,0.079,0.062,1.5,0.9,0.4,0.4762931034482758,0.3442077814327485,0.0612689850950292,-0.0,,
203110,Draymond Green,2021-22,32.0,28.9,0.14,0.582,0.1171307595668645,0.2027397260273972,0.0061356844045252,0.8517398834829162,,4.24,2.7,1.4,0.7222222222222222,0.2777777777777778,0.4,0.2233071742050068,0.0,-0.009,0.181,0.131,-0.0642857142857143,-0.001629,0.252,0.023,0.3,0.0,0.0,0.571072319201995,0.4450922551656554,0.0623129157231917,-0.0,,
1630613,Duane Washington Jr.,2021-22,22.0,20.2,0.214,0.521,0.1121862689993761,0.4405487804878049,0.0111060689368778,1.0,,4.98,1.3,0.4,0.2844444444444444,0.7155555555555555,0.230603448275862,0.5,0.0760289634146341,-0.087,-0.204,0.127,-0.4065420560747663,0.017748,0.289,0.08,2.4,1.2,0.3,0.4473067915690866,0.3435702879403794,0.0735240416192412,-0.0,,
1629130,Duncan Robinson,2021-22,28.0,25.9,0.174,0.573,0.0548171911789729,0.0432900432900432,0.0039786950265398,1.0,43.73752149613086,4.75,0.9,0.1,0.2111111111111111,0.7888888888888889,0.0941849323272248,1.0,0.023073593073593,-0.0369999999999999,-0.005,0.137,-0.2126436781609194,0.000185,0.066,0.019,2.0,1.8,0.8,0.4022988505747126,0.2972019480519481,0.0517131389610389,-0.0,,
203939,Dwight Powell,2021-22,30.0,21.9,0.136,0.725,0.2400834121817951,0.0257009345794392,0.0120412207248533,1.0,43.74163472309432,4.46,0.8,1.0,0.18,0.8200000000000001,0.5,0.2964314177336628,0.018376168224299,-0.035,0.085,0.101,-0.2573529411764706,-0.002975,0.138,0.008,0.1,0.0,0.0,0.7208237986270023,0.3707695093457943,0.050424653271028,-0.0,,
202339,Eric Bledsoe,2021-22,32.0,25.2,0.198,0.514,0.077216883617842,0.6295754026354319,0.0068031501373227,1.0,43.872779965847016,4.36,4.2,0.2,0.5577777777777778,0.4422222222222222,0.5876363100501031,0.7608425449535545,0.0713792093704246,-0.006,-0.07,0.192,-0.0303030303030303,0.00042,0.543,0.094,2.7,0.7,0.1,0.3414096916299559,0.3774657491459249,0.0747382183308931,-0.0,,
201569,Eric Gordon,2021-22,33.0,29.3,0.182,0.614,0.1732227017072363,0.5275994865211809,0.0134496780894802,1.0,44.537788573301015,3.95,3.1,0.3,0.3444444444444444,0.6555555555555556,0.5710509348807221,0.1123390956884779,0.0490757381258022,0.0529999999999999,0.034,0.235,0.2912087912087912,0.001802,0.485,0.01,2.2,1.9,0.7,0.3829787234042553,0.3958879760376551,0.0720516116388532,-0.0,HOU,
203095,Evan Fournier,2021-22,29.0,29.5,0.201,0.554,0.1121865752473992,0.3545673076923077,0.010109623372225,1.0,44.09175073587425,4.5,1.7,0.0,0.2533333333333333,0.7466666666666666,0.2455787265019481,0.4326762049386864,0.0490324519230769,0.0189999999999999,-0.056,0.22,0.0945273631840795,-0.001064,0.281,0.091,4.7,2.7,1.0,0.3464818763326226,0.3396329967948718,0.0682662323557692,-0.0,,
1630596,Evan Mobley,2021-22,21.0,33.8,0.201,0.549,0.1367878652995918,0.2292191435768261,0.0123265533065783,1.0,43.02916867479526,4.37,2.0,3.8,0.38,0.62,0.77,0.1218972306822177,0.0322317380352644,-0.002,0.01,0.199,-0.0099502487562189,-2.0000000000000036e-05,0.332,0.099,2.1,0.1,0.0,0.7228915662650602,0.3979701007556674,0.0799919902518891,-0.0,CLE,0.5890776682682967
1628402,Frank Jackson,2021-22,24.0,22.0,0.203,0.53,0.0423353746361712,0.2802450229709035,0.0038721080189043,1.0,43.85842734829692,4.53,0.9,0.4,0.1711111111111111,0.8288888888888889,0.4707756012103837,1.0,0.0518361408882082,-0.044,-0.197,0.159,-0.2167487684729064,0.008668,0.206,0.057,2.2,1.2,0.3,0.3892339544513457,0.2799915041687936,0.0568382753462651,-0.0,,
1630532,Franz Wagner,2021-22,20.0,30.7,0.208,0.559,0.1105195227775173,0.5543981481481481,0.0104841687695355,1.0,43.84466232058453,5.04,2.4,0.8999999999999999,0.3355555555555555,0.6644444444444444,0.673170731707317,0.302431384779067,0.0909594907407407,-0.001,-0.051,0.207,-0.0048076923076923,5.100000000000009e-05,0.406,0.02,2.0,1.3,0.4,0.6123076923076923,0.3499426067386831,0.072788062201646,-0.0,,
1627832,Fred VanVleet,2021-22,28.0,37.9,0.233,0.552,0.136863105162985,0.6316557257476294,0.0153928937135962,0.8187653875986147,44.713851602273024,4.66,6.5,0.1,0.7222222222222222,0.2777777777777778,0.3626598631016272,0.3597687306433844,0.0829022611232677,0.0289999999999999,-0.051,0.262,0.1244635193133047,-0.001479,0.572,0.124,8.8,5.2,1.7,0.3622936576889661,0.3961863641198638,0.0923114228399282,-0.0,,
1629216,Gabe Vincent,2021-22,26.0,23.4,0.174,0.551,0.1091934746740622,0.4433333333333333,0.0079253884643206,1.1107238544277056,43.31934345171713,4.57,3.5,0.1,0.44,0.56,0.2936920077972708,0.3512597566096131,0.0582483333333333,-0.0089999999999999,0.1029999999999999,0.165,-0.0517241379310343,-0.0009269999999999,0.379,0.078,2.9,1.8,0.6,0.3059006211180124,0.3589899764705882,0.0624642559058823,-0.0,,
202066,Garrett Temple,2021-22,36.0,18.6,0.136,0.494,0.0654782317641526,0.1589743589743589,0.0032840163099158,1.0,,4.39,0.8,0.2,0.2266666666666666,0.7733333333333333,0.2033898305084746,1.0,0.017825641025641,-0.077,0.506,0.059,-0.5661764705882354,-0.038962,0.18,0.045,1.0,0.4,0.1,0.2491349480968858,0.3135202735042735,0.0426387571965811,-0.0,,
1629726,Garrison Mathews,2021-22,25.0,26.3,0.137,0.602,0.0952502828043123,0.0329861111111111,0.0048299999308394,1.0,44.213663837946534,4.32,0.7,0.0,0.1155555555555555,0.8844444444444445,0.296272646726345,0.1583121068104391,0.0188020833333333,0.0389999999999999,0.2279999999999999,0.176,0.2846715328467151,0.0088919999999999,0.076,0.006,0.9,0.8,0.3,0.4360086767895879,0.307445949074074,0.0421200950231481,-0.0,,
203914,Gary Harris,2021-22,27.0,28.4,0.16,0.571,0.1403923409499453,0.2712369597615499,0.0089851098207964,1.0,43.86414968709235,4.31,1.2,0.3,0.2088888888888888,0.7911111111111111,0.4171372930866601,0.5,0.0570461997019374,-0.06,-0.2989999999999999,0.1,-0.375,0.0179399999999999,0.246,0.071,2.2,0.9,0.2,0.3616636528028933,0.3487365192912733,0.0557978430866037,-0.0,,
1627780,Gary Payton II,2021-22,29.0,17.6,0.14,0.679,0.1739645867630804,0.072992700729927,0.0091128223353881,1.0,,4.56,0.6,0.6,0.1688888888888889,0.8311111111111111,0.2,0.5,0.0493430656934306,-0.062,0.238,0.078,-0.4428571428571429,-0.014756,0.17,0.004,0.1,0.0,0.0,0.4857142857142857,0.4106724736415247,0.0574941463098134,-0.0,,
1629018,Gary Trent Jr.,2021-22,23.0,35.0,0.212,0.546,0.1174348159188211,0.533920704845815,0.0114630625642301,0.7286295386768175,43.84621484193852,4.09,2.0,0.4,0.2222222222222222,0.7777777777777778,0.3359341769143943,0.2412623802179476,0.0643779735682819,-0.002,0.0769999999999999,0.21,-0.0094339622641509,-0.000154,0.424,0.157,7.5,3.0,1.0,0.4023972602739726,0.2753315721977484,0.0583702933059226,-0.0,,
1627777,Georges Niang,2021-22,29.0,22.8,0.16,0.594,0.1363157376259122,0.1258389261744966,0.0087242072080583,0.0,44.0157484300192,4.42,1.0,0.2,0.1999999999999999,0.8,0.137689021170371,0.5,0.0132919463087248,-0.054,-0.175,0.106,-0.3375,0.00945,0.118,0.02,0.6,0.2,0.1,0.2471358428805237,0.2942426174496644,0.0470788187919463,-0.0,,
203507,Giannis Antetokounmpo,2021-22,27.0,32.9,0.34,0.633,0.1805925088240396,0.6405124099279423,0.0358028918717616,0.9421075832627632,44.02295241001101,4.55,4.5,5.0,0.6755555555555556,0.3244444444444444,1.0,0.1287031378413908,0.1008935148118494,-0.012,-0.024,0.328,-0.0352941176470588,0.000288,0.569,0.085,6.6,2.7,0.7,0.5853499018966645,0.4488821279245618,0.152619923494351,-0.0007217885953207,,
201609,Goran Dragic,2021-22,36.0,23.7,0.166,0.474,0.0276201461743133,0.5499124343257443,0.0018680483156188,1.4721109152107712,,4.77,3.9,0.1,0.5044444444444445,0.4955555555555555,0.2317880794701986,1.0,0.0024938704028021,-0.08,0.041,0.086,-0.4819277108433735,-0.00328,0.614,0.064,2.3,0.7,0.1,0.4316939890710382,0.4934347624280302,0.081910170563053,-0.0,,
202330,Gordon Hayward,2021-22,32.0,31.9,0.202,0.57,0.1163329433329678,0.3599137931034482,0.0105616013388545,1.0,,4.8,2.5,1.5,0.3555555555555555,0.6444444444444444,0.2609400324149108,0.5,0.0433211206896551,-0.019,-0.1839999999999999,0.183,-0.0940594059405941,0.003496,0.332,0.141,3.8,0.8,0.3,0.3616666666666667,0.3698490181992337,0.0747095016762452,-0.0,,
1629684,Grant Williams,2021-22,23.0,24.4,0.123,0.635,0.1157419141788266,0.0931263858093126,0.0049928478041297,1.0,42.738322199796265,4.07,0.7,0.7,0.1288888888888889,0.8711111111111112,0.2477843915343915,0.5,0.0582039911308204,-0.002,-0.293,0.121,-0.016260162601626,0.000586,0.141,0.01,0.4,0.2,0.1,0.3506044905008635,0.3101991426459719,0.0381544945454545,-0.0,,
1628960,Grayson Allen,2021-22,26.0,27.3,0.148,0.609,0.159529684904823,0.2098950524737631,0.0090830996848097,0.7307577148888317,43.71272495203474,4.88,0.9,0.1,0.1666666666666666,0.8333333333333334,0.3292352965218457,0.5,0.0139175412293853,-0.062,-0.18,0.086,-0.4189189189189189,0.01116,0.188,0.027,1.8,1.2,0.5,0.2964669738863287,0.4081300984123323,0.0604032545650251,-0.0,,
1628977,Hamidou Diallo,2021-22,23.0,21.9,0.213,0.541,0.0932249282818855,0.4016949152542373,0.0091643456933379,1.0,44.9186756925428,4.66,1.5,0.8,0.2177777777777778,0.7822222222222222,0.7164835164835164,0.466575251672229,0.0,-0.0419999999999999,-0.124,0.171,-0.1971830985915492,0.005208,0.448,0.091,1.8,0.2,0.1,0.5700389105058365,0.3161175668549905,0.0673330417401129,-0.0,,
203084,Harrison Barnes,2021-22,30.0,33.6,0.184,0.623,0.1488436160155012,0.3274695534506089,0.0117478108873383,1.0,44.39549683335107,4.82,1.8,1.0,0.2288888888888888,0.7711111111111111,0.9105515587529976,0.3288972269401812,0.0511705006765899,0.033,-0.0789999999999999,0.217,0.1793478260869565,-0.0026069999999999,0.294,0.025,1.8,1.1,0.3,0.48,0.3568874590287175,0.065667292461284,-0.0,,
1630529,Herbert Jones,2021-22,23.0,29.9,0.136,0.573,0.0937566316267534,0.2533081285444234,0.0047023002779619,1.1447121134460958,44.4046508943218,4.47,1.4,0.5,0.2155555555555555,0.7844444444444445,0.7405405405405405,0.1974994497411605,0.0322230623818525,0.031,0.096,0.167,0.2279411764705882,0.002976,0.292,0.043,0.3,0.1,0.0,0.5196078431372549,0.3265800252047889,0.0444148834278512,-0.0,,
1630193,Immanuel Quickley,2021-22,23.0,23.1,0.217,0.543,0.0670228043241702,0.7360114777618365,0.0067750451866882,1.0,43.98974738843281,4.59,3.9,0.2,0.5422222222222222,0.4577777777777778,0.444954965678689,1.0,0.0,-0.071,-0.206,0.146,-0.3271889400921659,0.014626,0.592,0.068,5.3,3.3,1.2,0.4283707865168539,0.3591574461979914,0.0779371658249641,-0.0,,
1630171,Isaac Okoro,2021-22,21.0,29.6,0.123,0.589,0.1207427478106204,0.265658747300216,0.0052085726035204,1.0,43.28026981786978,4.1,1.2,0.3,0.1844444444444444,0.8155555555555556,0.8312499999999998,0.5,0.0492419006479481,-0.045,0.041,0.078,-0.3658536585365853,-0.001845,0.222,0.01,0.3,0.1,0.0,0.5197215777262181,0.3303167410607151,0.0406289591504679,-0.0,,
1628392,Isaiah Hartenstein,2021-22,24.0,17.9,0.177,0.664,0.2090938161018332,0.0597701149425287,0.015570447280514,1.0,,4.66,1.1,2.6,0.4288888888888889,0.5711111111111111,0.2,0.017029924754748,0.0421379310344827,0.048,0.1169999999999999,0.225,0.2711864406779662,0.005616,0.245,0.004,0.3,0.1,0.0,0.6666666666666666,0.4735781226053639,0.0838233277011494,-0.0,,
1630543,Isaiah Jackson,2021-22,20.0,15.0,0.214,0.607,0.1573683274021352,0.0,0.0155789430221536,1.0,,4.84,0.4,1.5,0.15,0.85,0.2,0.0675893481988218,0.0,-0.002,-0.018,0.212,-0.0093457943925233,3.600000000000006e-05,0.233,0.02,0.3,0.1,0.0,0.7281553398058253,0.3541999999999999,0.0757987999999999,-0.0,,
1630587,Isaiah Livers,2021-22,23.0,20.2,0.125,0.629,0.1706665314923544,0.1258907363420427,0.0075424663587394,1.0,,4.66,0.8,0.0,0.1711111111111111,0.8288888888888889,0.0637254901960784,0.5,0.0099453681710213,0.075,-0.415,0.2,0.6000000000000001,-0.031125,0.146,0.066,0.7,0.2,0.1,0.2111111111111111,0.3624908788598575,0.0453113598574821,-0.0,,
1629676,Isaiah Roby,2021-22,24.0,21.1,0.185,0.607,0.1401915110321855,0.1511627906976744,0.0111552500425877,1.0,,4.7,1.0,1.0,0.26,0.74,0.4,0.0831994449874022,0.0,0.009,0.261,0.194,0.0486486486486486,0.002349,0.253,0.031,0.5,0.3,0.2,0.541795665634675,0.3695096511627906,0.0683592854651162,-0.0,,
1630191,Isaiah Stewart,2021-22,21.0,25.6,0.144,0.55,0.0532253170917315,0.0572519083969465,0.002908452635042,1.0,44.184337985169776,4.34,1.0,1.5,0.1555555555555555,0.8444444444444444,0.3304347826086956,0.7431857062525654,0.0308015267175572,-0.0339999999999999,-0.015,0.11,-0.236111111111111,0.00051,0.296,0.044,0.1,0.0,0.0,0.7587628865979381,0.2930480067854114,0.0421989129770992,-0.0,,
202397,Ish Smith,2021-22,33.0,17.3,0.195,0.465,0.0839978565091522,1.0,0.0072330275742362,1.0,,4.91,3.4,0.0,0.7066666666666667,0.2933333333333333,0.2325581395348837,0.1716952466715697,0.0,-0.005,0.086,0.19,-0.0256410256410256,-0.00043,0.746,0.376,3.9,0.6,0.2,0.3776722090261282,0.3936091954022988,0.0767537931034482,-0.0,,
1627826,Ivica Zubac,2021-22,25.0,24.4,0.168,0.66,0.1479207147189896,0.0780287474332648,0.0101857478082598,1.0,43.81239959233804,4.32,1.0,3.3,0.3299999999999999,0.67,0.4769230769230769,0.0086130117107597,0.0507967145790554,0.0149999999999999,0.0689999999999999,0.183,0.0892857142857141,0.0010349999999999,0.281,0.01,0.1,0.0,0.0,0.8727272727272727,0.3991351848049282,0.0670547110472279,-0.0,LAC,0.5719999999999998
1629630,Ja Morant,2021-22,22.0,33.1,0.33,0.575,0.1409455978860262,0.8001135718341852,0.0267191369547311,1.0704066946948716,44.27238383039635,4.49,7.6,0.5,0.8444444444444444,0.1555555555555555,0.810119523884155,0.1515217237524896,0.0845269733106189,0.0829999999999999,-0.0139999999999999,0.413,0.2515151515151514,-0.0011619999999999,0.712,0.023,6.3,2.4,0.8,0.5648286140089419,0.4799396838917282,0.1583800956842703,-0.0003780542844974,,
1630183,Jaden McDaniels,2021-22,21.0,25.8,0.149,0.553,0.0740390232641767,0.1305903398926654,0.0042583375432926,0.0,44.404026414172904,4.85,0.9,0.5,0.1399999999999999,0.86,0.2354534993200125,1.0,0.0,-0.0549999999999999,0.0269999999999999,0.094,-0.3691275167785234,-0.0014849999999999,0.196,0.053,0.9,0.2,0.1,0.4159592529711375,0.3766282647584973,0.0561176114490161,-0.0,,
203109,Jae Crowder,2021-22,31.0,28.1,0.146,0.541,0.0426878321158918,0.0701468189233279,0.0023814056713642,1.0,43.51205810187279,4.52,1.1,0.3,0.1777777777777777,0.8222222222222222,0.1348992374727668,0.935801241997524,0.0373882544861337,-0.0249999999999999,0.131,0.121,-0.1712328767123287,-0.0032749999999999,0.115,0.13,1.8,0.8,0.2,0.2480739599383667,0.2694094616639478,0.0393337814029363,-0.0,,
1630256,Jae'Sean Tate,2021-22,26.0,26.4,0.194,0.567,0.1173630443309512,0.3402674591381872,0.0100284534105358,1.0,44.686996347198,4.43,1.8,1.5,0.38,0.62,0.7096774193548386,0.3435344257948322,0.0046924219910847,-0.0239999999999999,0.005,0.17,-0.1237113402061855,-0.00012,0.433,0.002,0.3,0.3,0.1,0.663923182441701,0.3783322288261516,0.0733964523922734,-0.0,,
1627751,Jakob Poeltl,2021-22,26.0,29.0,0.182,0.613,0.1587561223052941,0.0283018867924528,0.0123264371164762,1.0,43.98740538226488,4.76,1.5,4.9,0.49,0.51,0.3714285714285714,0.2572034020339734,0.0179150943396226,-0.034,-0.033,0.148,-0.1868131868131868,0.001122,0.298,0.017,0.4,0.0,0.0,0.7782805429864253,0.4582382547169811,0.0833993623584905,-0.0,,
1628973,Jalen Brunson,2021-22,25.0,31.9,0.215,0.583,0.1516325901066532,0.7630827783063748,0.0151164650154295,0.9763548617887862,44.36306625718618,4.41,5.4,0.4,0.6000000000000001,0.3999999999999999,0.4555059523809522,0.3557600833819724,0.0538268315889628,-0.0169999999999999,-0.1199999999999999,0.198,-0.0790697674418604,0.0020399999999999,0.636,0.174,5.2,1.0,0.3,0.491281273692191,0.4189264970123371,0.0900691968576524,-0.0,DAL,
1630224,Jalen Green,2021-22,20.0,31.9,0.234,0.547,0.091642256064975,0.5667259786476868,0.0103733625860009,1.0,44.709640067609214,4.72,3.1,0.2,0.3444444444444444,0.6555555555555556,0.6206989667571523,0.4219506410380005,0.0588398576512455,-0.031,0.0319999999999999,0.203,-0.1324786324786324,-0.0009919999999999,0.475,0.069,4.7,3.0,1.0,0.4255765199161425,0.3389076512455515,0.079304390391459,-0.0,,
1630188,Jalen Smith,2021-22,22.0,18.1,0.193,0.595,0.1115283879437502,0.0408921933085501,0.0094563031936075,1.0,,4.56,0.7,1.3,0.13,0.87,0.1731234866828087,0.494460985964583,0.0241672862453531,-0.039,-0.0949999999999999,0.154,-0.2020725388601036,0.0037049999999999,0.216,0.064,0.3,0.0,0.0,0.5045045045045045,0.3202604832713754,0.0618102732713754,-0.0,,
1630591,Jalen Suggs,2021-22,21.0,27.2,0.244,0.455,-0.010947866723846,0.6263096623981373,-0.0013195147257654,1.0,,4.8,4.1,0.5,0.5533333333333333,0.4466666666666666,0.3429541595925297,1.0,0.028278230500582,-0.0559999999999999,0.1349999999999999,0.188,-0.2295081967213114,-0.0075599999999999,0.571,0.074,3.5,1.8,0.3,0.4661791590493601,0.3081205743112146,0.0751814201319363,-0.0,,
201935,James Harden,2021-22,32.0,37.2,0.266,0.583,0.1007855863062318,0.8722570532915361,0.0138267745486198,0.9957547272947324,44.37161105769457,3.95,9.2,0.3,1.0,0.0,0.882258064516129,0.1248244327372139,0.053557210031348,0.004,-0.0209999999999999,0.27,0.0150375939849624,-8.399999999999971e-05,0.786,0.029,7.4,5.8,1.9,0.5765217391304348,0.4174264685838899,0.1110354406433147,-0.0,PHI,0.5795912768883146
201949,James Johnson,2021-22,35.0,19.2,0.136,0.513,0.0965425623707927,0.4059945504087193,0.0048420267451438,1.0,,4.34,1.1,0.3,0.3399999999999999,0.66,0.4,0.3262964523981086,0.0038610354223433,-0.023,0.001,0.113,-0.1691176470588235,-2.3000000000000027e-05,0.424,0.012,0.6,0.3,0.0,0.6143790849673203,0.3498331062670299,0.047577302452316,-0.0,,
1628991,Jaren Jackson Jr.,2021-22,22.0,27.3,0.248,0.535,0.0654662741338848,0.2421621621621622,0.008085281517011,0.6551706597487156,44.12751432173256,4.45,1.2,2.7,0.27,0.73,0.6827067669172933,1.0,0.0116064864864864,-0.06,-0.049,0.188,-0.2419354838709677,0.00294,0.312,0.014,0.7,0.3,0.1,0.5521628498727735,0.2964326450450451,0.0735152959711711,-0.0,,
1628386,Jarrett Allen,2021-22,24.0,32.3,0.177,0.698,0.2352217441216825,0.0162962962962962,0.0175160979619478,1.0,42.83880655859598,4.12,1.4,4.5,0.45,0.55,0.4597938144329897,0.1900451708738795,0.0114725925925925,-0.0239999999999999,0.147,0.153,-0.135593220338983,-0.0035279999999999,0.268,0.035,0.1,0.0,0.0,0.7992633517495396,0.5020823703703703,0.0888685795555555,-0.0,CLE,0.5521561595010023
1627759,Jaylen Brown,2021-22,25.0,33.6,0.298,0.574,0.1455839472393581,0.5193571950328707,0.0236830638805192,1.0031826227902576,42.98484696606851,4.32,3.3,1.9,0.3844444444444444,0.6155555555555556,0.5768068307670322,0.3465138928185475,0.0430438276113951,-0.0189999999999999,-0.0749999999999999,0.279,-0.0637583892617448,0.0014249999999999,0.446,0.108,5.6,2.4,0.8,0.5123304562268804,0.368302409890311,0.1097541181473126,-0.0,BOS,0.5693604802137627
1628369,Jayson Tatum,2021-22,24.0,35.9,0.313,0.578,0.1207348540547921,0.6260330578512396,0.0211421508782543,0.8963405100773711,43.16028632879439,4.16,4.7,2.3,0.5222222222222223,0.4777777777777777,0.6329041789784717,0.2992438885333834,0.0535730027548208,0.013,-0.0679999999999999,0.326,0.0415335463258786,-0.000884,0.527,0.094,8.2,5.0,1.7,0.5439205955334988,0.407558569630474,0.1275658322943383,-8.322260173245005e-05,BOS,0.5668334323351619
203924,Jerami Grant,2021-22,28.0,31.9,0.253,0.556,0.0770043628488922,0.3951985226223453,0.009799323917062,1.0,,4.48,2.4,1.4,0.2888888888888889,0.711111111111111,0.2503576537911302,0.7868828074362024,0.0465207756232687,-0.032,-0.05,0.221,-0.1264822134387351,0.0016,0.359,0.148,4.2,0.4,0.1,0.4234620886981402,0.3244643890427824,0.0820894904278239,-0.0,,
1630526,Jeremiah Robinson-Earl,2021-22,21.0,22.2,0.152,0.526,0.04143184835445,0.0366666666666666,0.0024552724478357,1.0,,4.83,0.7,0.7999999999999999,0.1533333333333333,0.8466666666666667,0.1537467700258397,0.910144937913188,0.01892,-0.0279999999999999,0.032,0.124,-0.1842105263157894,-0.000896,0.142,0.044,0.2,0.1,0.0,0.324074074074074,0.2866494666666667,0.0435707189333333,-0.0,,
203087,Jeremy Lamb,2021-22,30.0,16.7,0.189,0.521,0.0494373177782149,0.4692144373673036,0.0040620719003802,1.0,,4.63,1.4,0.1,0.2755555555555555,0.7244444444444444,0.1095100864553314,0.9867914423113792,0.0411104033970275,-0.0239999999999999,-0.139,0.165,-0.1269841269841269,0.0033359999999999,0.459,0.132,2.4,1.0,0.3,0.4985590778097982,0.2996851427223401,0.0566404919745222,-0.0,,
202710,Jimmy Butler III,2021-22,32.0,33.9,0.26,0.592,0.0942498149792962,0.567698259187621,0.0124951227890304,1.1215303680244255,43.6632717524797,4.26,5.0,3.0,0.5866666666666667,0.4133333333333333,0.9715319662243668,0.5,0.071311411992263,0.059,-0.185,0.319,0.2269230769230769,-0.010915,0.595,0.121,4.4,0.7,0.1,0.6493955094991365,0.4305063914779978,0.1119316617842794,-0.0,,
204060,Joe Ingles,2021-22,34.0,24.9,0.129,0.551,0.1468325551161826,0.2804123711340206,0.0068031010484113,1.0,,4.37,2.2,0.0,0.4333333333333333,0.5666666666666667,0.087719298245614,0.5,0.0,-0.056,-0.301,0.073,-0.434108527131783,0.016856,0.296,0.006,1.8,1.6,0.5,0.2210526315789473,0.4175639862542956,0.0538657542268041,-0.0,,
203954,Joel Embiid,2021-22,28.0,33.8,0.375,0.616,0.1049595588466714,0.3657522859517872,0.0241028777626845,0.9441672008760011,44.445077271705784,3.91,3.4,10.1,1.0,0.0,0.8916041979010494,0.1260394273931493,0.0321695760598503,0.0359999999999999,-0.01,0.411,0.0959999999999999,-0.00036,0.459,0.159,7.3,1.3,0.5,0.4862876254180602,0.5418272061781031,0.2031852023167886,-0.0020147219652481,,
1628381,John Collins,2021-22,24.0,30.8,0.202,0.61,0.1532411074037521,0.0657015590200445,0.0139124089767989,0.0,44.95319809087787,4.42,1.4,3.3,0.3299999999999999,0.67,0.3511782974059189,0.5,0.0084732739420935,-0.082,-0.2079999999999999,0.12,-0.405940594059406,0.017056,0.171,0.098,1.0,0.1,0.0,0.5542521994134897,0.3821047048997773,0.077185150389755,-0.0,,
202685,Jonas Valančiūnas,2021-22,30.0,30.3,0.238,0.617,0.1363410925001302,0.0751121076233184,0.0158304115394451,1.7710811525244514,44.20865541810112,4.13,2.0,5.699999999999999,0.57,0.43,0.3820131625337877,0.4869789141507211,0.0111390134529147,-0.0459999999999999,0.147,0.192,-0.1932773109243697,-0.0067619999999999,0.333,0.081,0.9,0.0,0.0,0.6246246246246246,0.4029285313901345,0.095896990470852,-0.0,,
1630228,Jonathan Kuminga,2021-22,19.0,16.9,0.227,0.6,0.142731962372821,0.2927835051546392,0.0154368975749583,1.0968905020132649,,4.63,1.1,1.5,0.1933333333333333,0.8066666666666666,0.4,0.5,0.0234597938144329,-0.048,0.035,0.179,-0.2114537444933921,-0.00168,0.309,0.021,0.5,0.2,0.0,0.5395256916996047,0.3327387438300532,0.075531694849422,-0.0,,
203903,Jordan Clarkson,2021-22,30.0,27.1,0.258,0.532,0.0872696206459659,0.6197916666666667,0.0114364871692709,1.1457642154615204,43.8116437896896,4.61,2.4,0.4,0.3199999999999999,0.68,0.3363804935864348,0.5,0.0,-0.144,-0.151,0.1139999999999999,-0.558139534883721,0.021744,0.594,0.041,5.0,3.6,1.2,0.515177065767285,0.4352388210408684,0.112291615828544,-0.0,,
1629673,Jordan Poole,2021-22,23.0,30.0,0.252,0.598,0.1417929320421245,0.4805687203791469,0.0179372307166478,1.0509486078144636,43.69582410822336,4.67,4.3,0.3,0.4777777777777777,0.5222222222222223,0.5034815247990643,0.3765738941001371,0.022678672985782,-0.001,-0.0619999999999999,0.251,-0.0039682539682539,6.2e-05,0.456,0.063,4.7,2.9,1.0,0.4006163328197226,0.4728246475776725,0.1191518111895734,-0.0,,
1630528,Josh Christopher,2021-22,20.0,18.0,0.205,0.534,0.0855275763752297,0.5427509293680297,0.0079384727260939,1.0,,4.58,1.8,0.5,0.3777777777777777,0.6222222222222222,0.3391003460207612,0.5,0.0190037174721189,-0.0509999999999999,-0.068,0.154,-0.248780487804878,0.0034679999999999,0.491,0.027,1.8,0.8,0.2,0.508,0.3444418835192069,0.0706105861214374,-0.0,,
1630581,Josh Giddey,2021-22,19.0,31.5,0.218,0.478,0.0327618707994409,0.5333333333333332,0.0033346743861874,1.0,44.13729695074454,4.74,4.4,0.6,0.7222222222222222,0.2777777777777778,0.4185639649139623,1.0,0.015003125,-0.0169999999999999,-0.128,0.201,-0.0779816513761467,0.0021759999999999,0.594,0.074,3.3,0.9,0.3,0.5044776119402985,0.3857750868055555,0.0840989689236111,-0.0,,
1628404,Josh Hart,2021-22,27.0,33.2,0.184,0.61,0.1553766595862938,0.4973474801061008,0.0122634457693907,1.0,45.415096829289155,4.45,2.8,0.5,0.4222222222222222,0.5777777777777777,0.8457142857142856,0.2063622894452679,0.0,-0.0199999999999999,0.037,0.164,-0.1086956521739129,-0.00074,0.46,0.047,2.4,1.2,0.4,0.5026833631484794,0.4078505157677572,0.0750444949012673,-0.0,POR,
1626196,Josh Richardson,2021-22,28.0,24.6,0.171,0.573,0.1316213687487523,0.3268072289156626,0.0093072326155226,1.0,43.15320488862939,4.53,1.8,0.4,0.2333333333333333,0.7666666666666667,0.398593221887275,0.5,0.0553388554216867,-0.062,-0.0629999999999999,0.109,-0.3625730994152047,0.0039059999999999,0.299,0.129,2.1,0.2,0.1,0.4117647058823529,0.3475910391566266,0.0594380676957831,-0.0,,
1630563,Joshua Primo,2021-22,19.0,19.3,0.152,0.487,0.0406827241517398,0.3127962085308057,0.002410878965817,1.0,,5.03,1.3,0.2,0.2466666666666666,0.7533333333333333,0.2465437788018433,1.0,0.0191374407582938,0.017,-0.1619999999999999,0.169,0.1118421052631579,-0.002754,0.307,0.042,0.9,0.3,0.1,0.3962962962962963,0.2953743285939968,0.0448968979462875,-0.0,,
201950,Jrue Holiday,2021-22,32.0,32.9,0.231,0.593,0.1871603663508199,0.793103448275862,0.020779345129762,0.6685750997885604,43.93596614583803,4.67,6.0,1.9,0.6666666666666666,0.3333333333333333,0.4996574836861841,0.0571112934458062,0.0517417998317913,0.0239999999999999,-0.003,0.255,0.1038961038961038,-7.200000000000004e-05,0.738,0.132,6.2,3.3,1.4,0.4768713204373423,0.3532925226216678,0.0816105727256052,-0.0,MIL,0.5709999999999997
203944,Julius Randle,2021-22,27.0,35.3,0.279,0.509,0.0400669630086533,0.5054852320675105,0.0059046305607314,1.0,44.042804359643746,4.25,4.1,3.5,0.5577777777777778,0.4422222222222222,0.6733510238543685,0.957773464767668,0.0324320675105484,-0.046,-0.017,0.233,-0.1648745519713262,0.000782,0.535,0.138,6.9,2.0,0.7,0.4726530612244898,0.356394578527895,0.0994340874092827,-0.0,,
203200,Justin Holiday,2021-22,33.0,27.8,0.156,0.543,0.0608261376995819,0.0631741140215716,0.0037478063120857,1.0,44.96202193339585,4.77,0.9,0.2,0.1911111111111111,0.8088888888888889,0.1203978410672459,1.0,0.0346825885978428,-0.05,-0.061,0.106,-0.3205128205128205,0.00305,0.096,0.075,2.1,1.2,0.4,0.3036253776435045,0.306304591679507,0.047783516302003,-0.0,,
1626159,Justise Winslow,2021-22,26.0,16.1,0.178,0.479,0.0155925794576842,0.2567237163814181,0.0011709759334404,1.0,,4.42,1.0,0.7,0.3444444444444444,0.6555555555555556,0.4,0.5020974176568569,0.0366650366748166,-0.0079999999999999,0.081,0.17,-0.0449438202247189,-0.0006479999999999,0.264,0.036,0.6,0.1,0.0,0.53515625,0.3047418364574843,0.0542440468894322,-0.0,,
203994,Jusuf Nurkić,2021-22,27.0,28.2,0.233,0.586,0.0940017612411234,0.228169014084507,0.0105723095932416,1.0,45.17087508112899,4.25,1.8,5.9,0.5900000000000001,0.4099999999999999,0.9383177570093458,0.3063446135619793,0.0149323943661971,-0.035,0.08,0.198,-0.1502145922746781,-0.0028,0.358,0.021,0.3,0.1,0.0,0.800332778702163,0.4245837464788732,0.0989280129295774,-0.0,,
1630231,KJ Martin,2021-22,21.0,21.0,0.158,0.603,0.1598102811073339,0.1293634496919918,0.0100366861965018,1.0,44.52739309305554,4.16,0.9,0.7999999999999999,0.2022222222222222,0.7977777777777778,0.3454545454545454,0.5,0.0070841889117043,-0.09,-0.4029999999999999,0.068,-0.5696202531645569,0.03627,0.208,0.0,0.1,0.1,0.0,0.5919540229885057,0.3654249486652978,0.057737141889117,-0.0,,
1626157,Karl-Anthony Towns,2021-22,26.0,33.5,0.272,0.64,0.1524970482840694,0.1984126984126984,0.0216329025373654,0.4508403664430498,44.11477986849907,3.97,2.3,5.300000000000001,0.53,0.47,0.8390645718648289,0.4192271534143856,0.010015873015873,-0.051,-0.0849999999999999,0.221,-0.1875,0.0043349999999999,0.382,0.047,1.7,0.7,0.3,0.5735294117647058,0.3623367857142857,0.0985556057142857,-0.0,,
1628966,Keita Bates-Diop,2021-22,26.0,16.2,0.144,0.578,0.1178116189544704,0.0825688073394495,0.0064377167165796,1.0,,4.85,0.5,0.5,0.1311111111111111,0.8688888888888889,0.2,0.5,0.0512752293577981,-0.0539999999999999,0.297,0.09,-0.375,-0.016038,0.221,0.042,0.3,0.1,0.0,0.6653992395437263,0.3222110091743119,0.0463983853211009,-0.0,,
1629640,Keldon Johnson,2021-22,22.0,31.9,0.21,0.574,0.1466314690407676,0.2966194111232279,0.0141109459289797,1.0,44.11447974568864,4.72,1.8,0.6,0.2022222222222222,0.7977777777777778,0.5574546653478404,0.5,0.0578724100327154,-0.0169999999999999,-0.2119999999999999,0.193,-0.0809523809523809,0.0036039999999999,0.246,0.041,1.7,0.5,0.1,0.5336633663366337,0.3493222513025567,0.0733576727735369,-0.0,,
1626162,Kelly Oubre Jr.,2021-22,26.0,26.3,0.223,0.56,0.0979738398228299,0.2052752293577981,0.0103173324299383,1.0,44.14400103794903,4.37,1.1,0.6,0.1399999999999999,0.86,0.5035590913849053,0.5,0.0160974770642201,-0.0539999999999999,-0.025,0.169,-0.2421524663677129,0.00135,0.239,0.018,2.3,1.5,0.5,0.4008667388949079,0.3077444380733946,0.0686270096903669,-0.0,,
202689,Kemba Walker,2021-22,32.0,25.6,0.202,0.537,0.1208666742478569,0.7465145754119138,0.0109732083792064,1.0,,4.43,5.0,0.1,0.5555555555555556,0.4444444444444444,0.1756756756756756,0.5,0.0552446134347275,0.0549999999999999,-0.268,0.257,0.2722772277227722,-0.01474,0.644,0.093,5.5,3.6,1.2,0.4918918918918919,0.4034764117729896,0.0815022351781439,-0.0,,
1629026,Kenrich Williams,2021-22,27.0,21.9,0.153,0.532,0.1106527797296784,0.3414634146341463,0.0066221570260007,1.0,,4.62,1.2,0.4,0.3533333333333333,0.6466666666666667,0.3091482649842271,0.5,0.0595,-0.065,0.2859999999999999,0.088,-0.4248366013071896,-0.0185899999999999,0.342,0.099,1.5,0.5,0.2,0.4605678233438486,0.3664149999999999,0.0560614949999999,-0.0,,
203484,Kentavious Caldwell-Pope,2021-22,29.0,30.2,0.185,0.568,0.1277818782335446,0.31640625,0.0101677968381369,1.0,43.9593856047023,4.33,1.6,0.6,0.1999999999999999,0.8,0.3645623911003884,0.5,0.0453320312499999,-0.059,0.1080000000000001,0.126,-0.3189189189189189,-0.006372,0.252,0.189,3.9,1.2,0.4,0.3433734939759036,0.33640078125,0.06223414453125,-0.0,WAS,
1630553,Keon Johnson,2021-22,20.0,18.8,0.207,0.453,0.0318653168644462,0.5849056603773585,0.0030010536513026,1.0,,4.64,2.2,0.2,0.3866666666666666,0.6133333333333334,0.3153153153153153,1.0,0.0570960548885077,-0.0739999999999999,0.1099999999999999,0.133,-0.3574879227053139,-0.0081399999999999,0.49,0.015,2.4,1.1,0.5,0.5407407407407407,0.3070800686106346,0.0635655742024013,-0.0,,
1630556,Kessler Edwards,2021-22,21.0,20.6,0.132,0.516,0.0335916966774264,0.094298245614035,0.0016109899714679,1.0,,4.55,0.6,0.4,0.0888888888888888,0.9111111111111112,0.1379310344827586,1.0,0.0504495614035087,-0.039,-0.326,0.093,-0.2954545454545454,0.012714,0.2,0.099,0.6,0.0,0.0,0.3857677902621723,0.2638107943469786,0.0348230248538011,-0.0,,
201142,Kevin Durant,2021-22,33.0,37.2,0.31,0.634,0.1604530677713497,0.5836879432624114,0.0276943110519662,0.4162586129622358,44.042755534167675,4.06,4.4,4.7,0.6088888888888889,0.3911111111111111,0.5558240738695354,0.2519034429506044,0.0584092198581559,0.0989999999999999,-0.0979999999999999,0.409,0.3193548387096773,-0.0097019999999999,0.49,0.275,11.4,2.8,1.1,0.6984126984126984,0.2616487605803551,0.08111111577991,-6.38351239419646e-05,,
1628989,Kevin Huerter,2021-22,23.0,29.6,0.169,0.57,0.1347523852497031,0.3263707571801567,0.0093619543319239,1.040683580377135,44.26057901609456,4.42,1.8,0.4,0.2777777777777778,0.7222222222222222,0.2144481349003575,0.5,0.0651723237597911,-0.069,0.027,0.1,-0.4082840236686391,-0.001863,0.304,0.108,3.4,1.3,0.4,0.3011152416356877,0.2909221424427037,0.0491658420728169,-0.0,,
201567,Kevin Love,2021-22,33.0,22.5,0.239,0.594,0.0969108420837543,0.045219638242894,0.0113232010545463,1.0,43.29039508979847,4.12,1.3,1.9,0.3399999999999999,0.66,0.2210134850669149,0.3120337770256212,0.0261369509043927,0.008,-0.0349999999999999,0.247,0.0334728033472803,-0.0002799999999999,0.22,0.081,1.9,1.1,0.4,0.3561103810775295,0.3697482428940568,0.0883698300516795,-0.0,,
1629645,Kevin Porter Jr.,2021-22,22.0,31.3,0.239,0.531,0.1201962636398769,0.754337899543379,0.0140439029311431,1.0,44.23132762702652,4.37,6.0,0.5,0.6711111111111111,0.3288888888888889,0.5433843384338434,0.3737400671278284,0.2025515981735159,-0.0139999999999999,-0.08,0.225,-0.0585774058577405,0.0011199999999999,0.618,0.057,6.5,4.8,1.6,0.3886138613861386,0.4323568868594623,0.1033332959594114,-0.0,,
1626172,Kevon Looney,2021-22,26.0,21.1,0.12,0.586,0.1110044617444824,0.0728476821192053,0.0046143688225987,1.0,44.0235343318445,4.19,0.9,1.0,0.2822222222222222,0.7177777777777778,0.4045454545454545,0.0703626050424981,0.0442913907284768,0.01,0.126,0.13,0.0833333333333334,0.00126,0.264,0.049,0.3,0.0,0.0,0.748314606741573,0.3964699043414275,0.0475763885209713,-0.0,,
1630165,Killian Hayes,2021-22,20.0,25.0,0.154,0.461,0.0362628546549547,0.5255474452554744,0.0021915080513286,1.0,43.56275583936088,4.55,3.5,0.2,0.5399999999999999,0.4600000000000001,0.4089456489456489,1.0,0.0478686131386861,-0.071,-0.119,0.083,-0.461038961038961,0.0084489999999999,0.517,0.093,2.1,0.5,0.1,0.4409799554565701,0.3481411678832116,0.0536137398540145,-0.0,,
202691,Klay Thompson,2021-22,32.0,29.4,0.284,0.547,0.086454499468731,0.2990033222591362,0.0130847404043656,0.8874541179392069,,4.78,1.7,1.0,0.3399999999999999,0.66,0.0890052356020942,0.5,0.0162433554817275,-0.0629999999999999,-0.099,0.221,-0.2218309859154928,0.0062369999999999,0.248,0.19,7.3,2.6,1.2,0.4057815845824411,0.3694920284302036,0.1049357360741778,-0.0,,
204001,Kristaps Porziņģis,2021-22,26.0,29.0,0.286,0.577,0.0760452551052581,0.1051693404634581,0.0116311102086692,1.0,44.101330768165354,4.11,1.6,5.5,0.55,0.4499999999999999,0.3472073011734028,0.3031629820059751,0.0128805704099821,0.024,0.094,0.31,0.083916083916084,0.002256,0.25,0.128,2.8,0.3,0.0,0.4902216427640156,0.4077425579322638,0.1166143715686274,-0.0,,
203937,Kyle Anderson,2021-22,28.0,21.5,0.156,0.506,0.0483325158591486,0.4130879345603271,0.0029780110141227,1.483349024170942,43.307273225122074,4.44,1.4,0.8,0.36,0.64,0.5887996989840711,1.0,0.0696482617586912,-0.077,-0.202,0.079,-0.4935897435897435,0.015554,0.407,0.054,1.4,0.2,0.0,0.573076923076923,0.365528117791411,0.0570223863754601,-0.0,MEM,
1628398,Kyle Kuzma,2021-22,26.0,33.4,0.238,0.547,0.1050580755389412,0.3963178294573643,0.0121981754790615,1.0,43.97211998897122,4.53,2.8,0.9,0.3644444444444444,0.6355555555555555,0.5053689659323461,0.1950116341687104,0.0365581395348837,0.023,0.0369999999999999,0.261,0.0966386554621849,0.0008509999999999,0.39,0.08,3.8,1.3,0.3,0.4679487179487179,0.3625614470284238,0.0862896243927648,-0.0,,
200768,Kyle Lowry,2021-22,36.0,33.9,0.178,0.6,0.1243742157531348,0.5310077519379846,0.0093402899618177,0.6653788840443733,43.99233260016521,4.13,5.0,0.2,0.7133333333333334,0.2866666666666666,0.4922998405103667,0.2182489284946371,0.0122015503875969,0.055,0.006,0.233,0.3089887640449439,0.00033,0.514,0.092,4.7,2.9,1.1,0.3183730715287517,0.2987342764857881,0.0531747012144702,-0.0,MIA,0.6102492560228974
202681,Kyrie Irving,2021-22,30.0,37.6,0.283,0.592,0.1395081314791635,0.7265668330560178,0.0210028956797087,0.9724044965171592,,4.17,5.8,0.7,0.6444444444444444,0.3555555555555556,0.1314935064935065,0.3106719188400201,0.0659800332778702,0.037,-0.0719999999999999,0.32,0.1307420494699648,-0.002664,0.644,0.156,10.9,3.7,1.6,0.4845360824742268,0.4392139643803537,0.1242975519196401,-0.0,,
200746,LaMarcus Aldridge,2021-22,36.0,22.3,0.219,0.604,0.1112135123753233,0.1261744966442953,0.0113978707866163,1.0,,4.21,1.0,4.1,0.41,0.5900000000000001,0.1146288209606987,0.4258065471208532,0.0184214765100671,-0.036,-0.04,0.183,-0.1643835616438356,0.00144,0.238,0.379,2.0,0.0,0.0,0.4335511982570806,0.3945028590604026,0.0863961261342281,-0.0,,
1630163,LaMelo Ball,2021-22,20.0,32.3,0.271,0.554,0.1065267791215376,0.5996978851963747,0.0150283995371214,1.0,44.24438579274291,4.94,6.1,0.2,0.7577777777777778,0.2422222222222222,0.4811362920092827,0.5,0.0946382175226586,-0.047,-0.136,0.224,-0.1734317343173432,0.006392,0.537,0.066,6.3,3.0,1.0,0.414516129032258,0.4538246332661967,0.1229864756151393,-0.0,,
1630205,Lamar Stevens,2021-22,24.0,16.1,0.169,0.544,0.0943045642757498,0.3447293447293447,0.0065518322544387,1.0,,4.32,0.8,0.2,0.1466666666666666,0.8533333333333333,0.4,0.5,0.0,-0.069,-0.141,0.1,-0.4082840236686391,0.009729,0.353,0.11,1.1,0.0,0.0,0.5924764890282131,0.3009346628679962,0.0508579580246913,-0.0,,
202362,Lance Stephenson,2021-22,31.0,17.7,0.219,0.536,0.1301055016997149,1.0,0.0133340424677594,1.0,,4.18,3.0,0.1,0.6622222222222222,0.3377777777777778,0.3003095975232198,0.5,0.0,-0.0549999999999999,-0.23,0.164,-0.2511415525114155,0.01265,0.728,0.208,3.1,0.7,0.2,0.3808049535603715,0.4216795321637427,0.0923478175438596,-0.0,,
1629013,Landry Shamet,2021-22,25.0,20.8,0.16,0.55,0.116267940350828,0.2226277372262773,0.0074411481824529,1.1342928335006883,43.68047848123531,5.02,0.9,0.1,0.2311111111111111,0.768888888888889,0.3232400589101619,0.5,0.0332153284671532,0.0279999999999999,-0.109,0.188,0.175,-0.003052,0.173,0.066,1.8,0.9,0.3,0.3302063789868668,0.3077777777777778,0.0492444444444444,-0.0,,
1626204,Larry Nance Jr.,2021-22,29.0,22.6,0.128,0.59,0.1082474994251058,0.1036144578313253,0.0049571587503903,1.0,,4.39,1.2,1.2,0.2555555555555555,0.7444444444444445,0.2,0.4095612555353016,0.0645518072289156,-0.03,0.2299999999999999,0.098,-0.234375,-0.0068999999999999,0.256,0.031,0.2,0.1,0.0,0.5384615384615384,0.3269466666666666,0.0418491733333333,-0.0,,
1628374,Lauri Markkanen,2021-22,25.0,30.8,0.192,0.582,0.1137003909878744,0.1122770199370409,0.0095656349093707,1.0,43.948997453501555,4.34,1.3,1.7,0.1699999999999999,0.8300000000000001,0.2665198837281216,0.3178858474305189,0.014803777544596,-0.01,0.125,0.182,-0.0520833333333333,-0.00125,0.182,0.036,1.0,0.2,0.0,0.3931623931623931,0.3294697901364112,0.0632581997061909,-0.0,,
2544,LeBron James,2021-22,37.0,37.2,0.317,0.619,0.1633119167559825,0.53510226644555,0.0291478663413324,1.0,44.2232463446958,3.92,6.2,4.8,0.6888888888888889,0.3111111111111111,0.724214623297192,0.3480465289172872,0.0625970149253731,0.025,-0.126,0.342,0.0788643533123029,-0.00315,0.555,0.092,7.1,4.0,1.3,0.4373464373464373,0.4884291873963515,0.1548320524046434,-0.0001189439648424,LAL,0.5328249258160236
1629022,Lonnie Walker IV,2021-22,23.0,23.0,0.232,0.512,0.0694939647765541,0.4258793969849246,0.0077656724274726,1.0,44.39933612351789,4.48,1.6,0.3,0.3044444444444444,0.6955555555555555,0.439307843796532,1.0,0.0265276381909547,-0.046,0.047,0.186,-0.1982758620689655,-0.002162,0.347,0.146,3.9,1.2,0.3,0.3560209424083769,0.3218536404243439,0.0746700445784478,-0.0,,
1628366,Lonzo Ball,2021-22,24.0,34.6,0.17,0.575,0.1533924764194205,0.302071973827699,0.0107517075016897,1.0,,4.63,4.2,0.1,0.4666666666666667,0.5333333333333333,0.1592689295039164,0.5,0.0555550708833151,-0.041,-0.2799999999999999,0.129,-0.2411764705882353,0.01148,0.296,0.031,3.1,1.8,0.7,0.2454308093994778,0.4307929480189022,0.0732348011632133,-0.0,,
1629652,Luguentz Dort,2021-22,23.0,32.7,0.228,0.541,0.0569861593972313,0.3937219730941704,0.00620399814129,1.0,43.82821638170597,4.5,2.1,0.5,0.2333333333333333,0.7666666666666666,0.5619873511038684,0.4070899155929098,0.0154188340807175,0.038,0.0599999999999999,0.266,0.1666666666666666,0.0022799999999999,0.338,0.025,2.7,1.9,0.7,0.3911845730027548,0.2982083856502242,0.0679915119282511,-0.0,,
1629029,Luka Dončić,2021-22,23.0,35.4,0.368,0.571,0.1503585597577519,0.8947945205479451,0.03356602278857,0.9822298782923986,44.58581722227017,4.2,9.3,2.1,1.0,0.0,0.5741862675219767,0.1680727121673871,0.0118180821917807,-0.019,0.001,0.349,-0.0516304347826087,-1.9000000000000035e-05,0.858,0.088,12.9,7.6,2.7,0.4119658119658119,0.5050592155566052,0.1858617913248307,-0.0018262061872662,,
1628379,Luke Kennard,2021-22,26.0,27.4,0.16,0.619,0.1960768095127074,0.1981845688350983,0.0125489158088132,1.0,43.91375997460307,4.43,1.2,0.2,0.2466666666666666,0.7533333333333333,0.2248671516277149,0.5,0.0354175491679274,-0.057,0.282,0.103,-0.35625,-0.016074,0.171,0.089,3.1,1.3,0.5,0.3004694835680751,0.3980497276853252,0.063687956429652,-0.0,,
1627763,Malcolm Brogdon,2021-22,29.0,33.5,0.241,0.557,0.1067016933166945,0.7359098228663447,0.0126239967900418,1.0,,4.57,5.8,0.1,0.6444444444444444,0.3555555555555556,0.3683241252302026,0.2556758663703242,0.0,0.074,-0.023,0.315,0.3070539419087137,-0.001702,0.671,0.093,5.4,2.6,0.8,0.4825046040515653,0.4155949364823761,0.1001583796922526,-0.0,,
1627736,Malik Beasley,2021-22,25.0,25.0,0.189,0.544,0.1085334606513276,0.1598599766627771,0.0089177718488008,1.4029095703095058,44.50415526338608,4.48,1.1,0.2,0.1888888888888888,0.8111111111111111,0.1888888888888888,0.4869223494931781,0.0148424737456242,-0.0279999999999999,-0.08,0.161,-0.1481481481481481,0.00224,0.166,0.05,2.4,1.5,0.5,0.3098434004474273,0.3411542331129262,0.064478150058343,-0.0,,
1628370,Malik Monk,2021-22,24.0,28.1,0.195,0.597,0.15774827372173,0.4163522012578616,0.0135836515482169,1.0,43.95784579026808,4.63,2.0,0.4,0.3199999999999999,0.68,0.4484305928871314,0.2116506190114591,0.0774981132075471,-0.018,0.015,0.177,-0.0923076923076923,-0.00027,0.327,0.034,3.2,2.3,0.8,0.4,0.3844512452830188,0.0749679928301886,-0.0,,
202694,Marcus Morris Sr.,2021-22,32.0,29.0,0.228,0.549,0.092405721396541,0.4688172043010752,0.0100600730046138,1.0,44.44803837038213,4.0,1.7,2.7,0.27,0.73,0.318248010130246,0.5,0.0611096774193548,-0.044,0.0729999999999999,0.184,-0.1929824561403509,-0.0032119999999999,0.48,0.255,6.1,0.9,0.2,0.543026706231454,0.3256853548387096,0.0742562609032258,-0.0,,
203935,Marcus Smart,2021-22,28.0,32.3,0.179,0.54,0.0792675899771307,0.436670687575392,0.0060030947862844,0.8597896729121535,44.03499473129226,4.15,4.0,0.6000000000000001,0.5444444444444444,0.4555555555555556,0.5073361096555337,0.668233044075141,0.0416320868516285,-0.0149999999999999,-0.044,0.164,-0.0837988826815641,0.00066,0.417,0.019,1.5,0.8,0.2,0.4268292682926829,0.3528065729923456,0.0631523765656298,-0.0,,
1628963,Marvin Bagley III,2021-22,23.0,23.9,0.191,0.551,0.1177804887050797,0.0881355932203389,0.0098315819340129,1.0,,4.69,1.0,1.6,0.16,0.84,0.2,0.5,0.0047593220338983,-0.071,0.13,0.12,-0.3717277486910995,-0.00923,0.316,0.037,0.5,0.1,0.0,0.6390134529147982,0.330159593220339,0.0630604823050847,-0.0,,
203486,Mason Plumlee,2021-22,32.0,24.6,0.117,0.603,0.1660491955063036,0.1131498470948012,0.0066453149437893,1.0,44.68504416403489,4.64,1.3,1.4,0.3666666666666667,0.6333333333333333,0.5,0.2065733401751748,0.078525993883792,-0.027,0.2239999999999999,0.09,-0.2307692307692308,-0.006048,0.224,0.013,0.2,0.0,0.0,0.7955974842767296,0.4205739041794087,0.0492071467889908,-0.0,,
1629622,Max Strus,2021-22,26.0,23.3,0.177,0.614,0.1570648929805545,0.081081081081081,0.0116960447772508,0.4021024967148489,43.555876792127485,4.96,0.9,0.1,0.1911111111111111,0.8088888888888889,0.1356433437911893,0.3826618350686858,0.0239009009009009,-0.0439999999999999,0.062,0.133,-0.2485875706214688,-0.002728,0.092,0.011,1.3,1.1,0.4,0.4142091152815013,0.3294548948948949,0.0583135163963964,-0.0,MIA,0.6058903660104187
1628467,Maxi Kleber,2021-22,30.0,24.6,0.131,0.537,0.0915720249336046,0.0038167938931297,0.004341799470455,1.0,44.65745991775335,4.18,0.8,0.4,0.1488888888888889,0.8511111111111112,0.2018079096045197,0.3647464780852541,0.0021068702290076,-0.007,0.14,0.124,-0.0534351145038168,-0.00098,0.071,0.015,0.5,0.1,0.0,0.1978260869565217,0.4040098473282442,0.05292529,-0.0,,
1628969,Mikal Bridges,2021-22,25.0,34.8,0.149,0.627,0.1613341983244577,0.1991279069767442,0.0092790996349417,0.6658630075166764,43.73604300849921,4.52,1.1,1.6,0.1866666666666666,0.8133333333333334,0.4875391275391274,0.2006226765574259,0.0102369186046511,-0.0179999999999999,0.0789999999999999,0.131,-0.1208053691275167,-0.0014219999999999,0.181,0.069,2.5,0.4,0.1,0.4160732451678535,0.3331716649814626,0.0496425780822379,-0.0,,
201144,Mike Conley,2021-22,34.0,28.6,0.202,0.572,0.1243538967755485,0.7744186046511629,0.0112898053212431,0.8541097689018632,43.86473443172729,4.58,5.4,0.0,0.6244444444444445,0.3755555555555555,0.3722744512125042,0.249718701527541,0.0760279069767441,0.0079999999999999,0.079,0.21,0.0396039603960395,0.0006319999999999,0.613,0.028,5.4,3.9,1.6,0.3659976387249115,0.2674494797601199,0.0540247949115442,-0.0,UTA,0.6219563877154924
203488,Mike Muscala,2021-22,30.0,13.8,0.198,0.63,0.1266147643483497,0.0093457943925233,0.0111553226587939,1.0,,4.88,0.5,0.5,0.1333333333333333,0.8666666666666667,0.0806451612903225,0.3400000000000001,0.0055140186915887,-0.012,0.0919999999999999,0.186,-0.0606060606060606,-0.001104,0.071,0.052,0.2,0.0,0.0,0.1975806451612903,0.331208722741433,0.0655793271028037,-0.0,,
1628970,Miles Bridges,2021-22,24.0,35.5,0.224,0.593,0.1557436153582938,0.4224390243902439,0.0165113384426913,1.0,44.68011622442861,4.68,2.4,1.7000000000000002,0.3399999999999999,0.66,0.7315789473684211,0.1183632130119046,0.0609980487804878,0.008,-0.021,0.232,0.0357142857142857,-0.000168,0.344,0.027,3.0,2.0,0.6,0.493322203672788,0.3886013073170731,0.0870466928390243,-0.0,,
1629011,Mitchell Robinson,2021-22,24.0,25.7,0.11,0.722,0.3036722229723062,0.0068493150684931,0.0110788350513751,1.0,44.20978218666287,4.17,0.6,0.3,0.0711111111111111,0.9288888888888888,0.5,0.2099999999999999,0.0052534246575342,-0.0279999999999999,-0.0729999999999999,0.082,-0.2545454545454545,0.0020439999999999,0.483,0.0,0.0,0.0,0.0,0.861764705882353,0.4079576103500761,0.0448753371385083,-0.0,,
1628964,Mo Bamba,2021-22,24.0,25.7,0.17,0.582,0.1173197513635373,0.0370860927152317,0.0082232693563321,1.0,44.0032833245791,4.33,1.0,0.9,0.1622222222222222,0.8377777777777777,0.2359023081652042,0.5,0.0220662251655629,-0.043,-0.009,0.127,-0.2529411764705883,0.000387,0.28,0.05,0.6,0.1,0.0,0.4174757281553398,0.3329381824871229,0.0565994910228109,-0.0,,
1628420,Monte Morris,2021-22,27.0,29.9,0.173,0.583,0.1358079438252674,0.4696969696969696,0.0097722445942264,1.1790414969099217,44.12178049858777,4.53,4.1,0.4,0.4555555555555555,0.5444444444444445,0.3351411095341563,0.3665125061251081,0.0607790404040403,-0.0129999999999999,0.062,0.16,-0.0751445086705201,-0.0008059999999999,0.374,0.195,3.9,0.9,0.3,0.3689320388349514,0.4377351767676766,0.075728185580808,-0.0,,
1626149,Montrezl Harrell,2021-22,28.0,23.1,0.198,0.68,0.2400782451254205,0.175438596491228,0.0211519588692106,1.0,45.16019526678593,4.02,1.3,3.5,0.35,0.65,1.0,0.1742983101236191,0.0525653021442495,-0.023,-0.041,0.175,-0.1161616161616162,0.000943,0.344,0.043,0.7,0.1,0.0,0.7823741007194245,0.4619934210526316,0.091474697368421,-0.0,,
1626167,Myles Turner,2021-22,26.0,29.4,0.173,0.615,0.1419952009643925,0.0817438692098092,0.0102174570643357,1.0,,4.42,0.8,2.8,0.2799999999999999,0.72,0.1475826972010178,0.5,0.0030245231607629,-0.0639999999999999,-0.198,0.109,-0.3699421965317919,0.0126719999999999,0.22,0.033,0.7,0.3,0.1,0.4543147208121827,0.3801443051771117,0.0657649647956403,-0.0,,
1629642,Nassir Little,2021-22,22.0,25.9,0.155,0.575,0.113530369175352,0.2504708097928437,0.0069280274114029,1.0,,4.42,1.1,0.6,0.1644444444444444,0.8355555555555556,0.3365079365079365,0.5,0.0052184557438795,-0.09,0.055,0.065,-0.5806451612903225,-0.00495,0.228,0.049,1.3,0.6,0.2,0.3936507936507936,0.3212594768780079,0.0497952189160912,-0.0,,
201587,Nicolas Batum,2021-22,33.0,24.8,0.13,0.608,0.1409976690996235,0.0553571428571428,0.0066088662335747,1.0,43.26886636700081,4.28,0.9,0.4,0.22,0.78,0.1217289170777542,0.4297381594464052,0.034875,-0.015,0.315,0.115,-0.1153846153846153,-0.004725,0.084,0.102,0.9,0.4,0.2,0.3255208333333333,0.36302625,0.0471934125,-0.0,,
203999,Nikola Jokić,2021-22,27.0,33.5,0.309,0.661,0.181578428324216,0.2001557632398753,0.0311890374479198,1.0697423332998202,44.69340439211692,4.29,4.3,10.0,1.0,0.0,0.7985908027253099,0.172955251495843,0.0,0.1139999999999999,-0.063,0.423,0.3689320388349514,-0.007182,0.377,0.068,1.5,0.5,0.1,0.6852505292872265,0.56246581406788,0.1738019365469749,-2.734026906050177e-05,DEN,0.6020000000000001
202696,Nikola Vučević,2021-22,31.0,33.1,0.244,0.533,0.0573001395476591,0.1246963562753036,0.0069062201640493,1.9045557840060603,44.38816997605409,4.04,1.8,5.800000000000001,0.5800000000000001,0.4199999999999999,0.196272733255819,1.0,0.0122145748987854,-0.0749999999999999,0.016,0.169,-0.3073770491803278,-0.0012,0.233,0.146,1.0,0.0,0.0,0.4273092369477911,0.4155636680161942,0.1013975349959514,-0.0,,
1626181,Norman Powell,2021-22,29.0,32.4,0.231,0.603,0.1476431248434045,0.5206971677559913,0.0163919717992377,1.0,,4.37,1.9,0.4,0.2355555555555555,0.7644444444444445,0.3090909090909091,0.5,0.0900936819172113,-0.067,0.131,0.164,-0.29004329004329,-0.008777,0.351,0.089,3.8,2.0,0.7,0.5223140495867769,0.3483687920600339,0.0804731909658678,-0.0,,
1628384,OG Anunoby,2021-22,24.0,36.0,0.204,0.549,0.0968898502472488,0.3855743544078361,0.0089273700219637,1.2607234856338034,,4.18,2.3,2.0,0.2555555555555555,0.7444444444444445,0.3012912482065997,0.1683016733961564,0.0998521816562778,0.011,0.007,0.215,0.053921568627451,7.700000000000014e-05,0.385,0.073,3.9,1.6,0.4,0.3948717948717948,0.360185366054372,0.0734778146750919,-0.0,,
1630167,Obi Toppin,2021-22,24.0,17.1,0.205,0.614,0.1157612964102561,0.0795454545454545,0.0107446970116207,1.0,,4.7,0.7,0.8999999999999999,0.2333333333333333,0.7666666666666667,0.2,0.5,0.0490795454545454,-0.0539999999999999,-0.364,0.151,-0.2634146341463414,0.0196559999999999,0.139,0.009,0.2,0.1,0.0,0.4957627118644068,0.3502176136363636,0.0717946107954545,-0.0,,
1629052,Oshae Brissett,2021-22,24.0,23.3,0.166,0.53,0.070668995809602,0.1177536231884057,0.0047795944943758,1.0,45.01951439591438,4.68,0.9,0.5,0.1422222222222222,0.8577777777777778,0.3793233082706766,1.0,0.0112807971014492,-0.048,-0.11,0.118,-0.2891566265060242,0.00528,0.212,0.013,0.6,0.3,0.1,0.4901185770750988,0.2968174114331723,0.0492716902979066,-0.0,,
203490,Otto Porter Jr.,2021-22,29.0,22.2,0.145,0.581,0.0947477087573207,0.0514851485148514,0.0052314336284226,1.0,44.4823357107562,4.64,1.0,0.9,0.2155555555555555,0.7844444444444445,0.1954763986013986,0.5,0.029809900990099,-0.0439999999999999,0.063,0.101,-0.3034482758620688,-0.002772,0.176,0.097,1.0,0.3,0.1,0.3217213114754098,0.3545390429042904,0.0514081612211221,-0.0,,
200782,P.J. Tucker,2021-22,37.0,27.9,0.116,0.593,0.1003100203673603,0.0791666666666666,0.0039630659762465,1.0,44.11676889061197,4.29,1.0,0.6000000000000001,0.2377777777777777,0.7622222222222222,0.2161682242990654,0.5,0.0475,-0.034,0.1159999999999999,0.082,-0.2931034482758621,-0.003944,0.116,0.041,0.4,0.1,0.0,0.3631284916201117,0.3670114259259259,0.0425733254074074,-0.0,,
1629023,P.J. Washington,2021-22,23.0,27.2,0.154,0.588,0.102650552618318,0.0546021840873634,0.0062035797974786,1.0,44.78521315258027,4.49,1.0,0.8999999999999999,0.2488888888888888,0.7511111111111111,0.2503988630111864,0.2557036719019226,0.0321606864274571,0.006,0.059,0.16,0.0389610389610389,0.000354,0.128,0.006,0.6,0.5,0.2,0.3951310861423221,0.3477152158086324,0.0535481432345293,-0.0,,
1627783,Pascal Siakam,2021-22,28.0,37.9,0.257,0.565,0.1164537276065402,0.6200545702592087,0.0151723579302424,1.0021135520643965,43.97952617323875,4.39,5.1,2.9,0.5666666666666667,0.4333333333333333,0.6542472282472096,0.5,0.0533676671214188,-0.065,-0.0939999999999999,0.192,-0.2529182879377432,0.0061099999999999,0.626,0.099,5.0,0.5,0.1,0.556316590563166,0.4007525353105634,0.1029934015748148,-0.0,,
1626192,Pat Connaughton,2021-22,29.0,26.0,0.137,0.62,0.1657151659974171,0.0777126099706744,0.0084031691743212,0.0,43.9446673145096,4.62,0.8,0.1,0.1488888888888889,0.8511111111111112,0.1538837011884549,0.1171015628085529,0.0009765395894428,0.0049999999999999,-0.003,0.142,0.0364963503649633,-1.4999999999999944e-05,0.11,0.016,0.3,0.2,0.1,0.2585616438356164,0.3311267921146952,0.0453643705197132,-0.0,,
201976,Patrick Beverley,2021-22,33.0,25.4,0.158,0.539,0.1209241123726105,0.4278606965174129,0.0075944886715972,0.9162576264966285,45.17003766312023,4.39,3.5,0.3,0.5533333333333333,0.4466666666666666,0.5560733944954127,0.3487274418396822,0.0282587064676616,-0.0219999999999999,0.0559999999999999,0.136,-0.1392405063291138,-0.0012319999999999,0.497,0.034,2.0,1.2,0.3,0.3938144329896907,0.4538554063018242,0.0717091541956882,-0.0,,
202331,Paul George,2021-22,32.0,34.8,0.329,0.538,0.0851938567527214,0.7185273159144893,0.0160768931829725,1.0,,4.48,5.3,2.5,0.6355555555555555,0.3644444444444444,0.1823899371069182,0.197133359032421,0.1066401425178146,-0.011,0.0919999999999999,0.318,-0.033434650455927,-0.001012,0.69,0.196,11.4,5.1,1.6,0.4772370486656201,0.3969165056743203,0.1305855303668514,-0.0004230932187278,,
1630202,Payton Pritchard,2021-22,24.0,14.1,0.18,0.578,0.1367265957603188,0.4045454545454545,0.0104414727273127,1.1143553906936927,,4.46,1.9,0.0,0.4933333333333333,0.5066666666666666,0.1264916467780429,0.5,0.0665590909090909,-0.18,-0.578,0.0,-1.0,0.10404,0.363,0.113,1.7,1.0,0.4,0.231578947368421,0.4173263330828951,0.0751187399549211,-0.0,,
1630173,Precious Achiuwa,2021-22,22.0,23.6,0.18,0.503,0.0942018796130532,0.2128378378378378,0.0071939650904901,1.0324380885943496,44.53885949619892,4.42,1.2,0.7,0.1599999999999999,0.8400000000000001,0.6602409638554216,0.5,0.0494847972972972,-0.0229999999999999,-0.174,0.157,-0.1277777777777777,0.0040019999999999,0.325,0.045,1.0,0.2,0.0,0.5786259541984733,0.3348380538325209,0.0602708496898537,-0.0,,
1629656,Quentin Grimes,2021-22,22.0,17.1,0.149,0.565,0.131262490597175,0.1415094339622641,0.007549532220889,1.0,,4.34,0.6,0.1,0.2111111111111111,0.7888888888888889,0.0512820512820512,0.497534503075121,0.0346202830188679,-0.0389999999999999,-0.0649999999999999,0.11,-0.261744966442953,0.0025349999999999,0.126,0.058,1.2,0.8,0.2,0.2606837606837607,0.3502410508385744,0.0521859165749475,-0.0,,
1630181,R.J. Hampton,2021-22,21.0,21.9,0.18,0.481,0.0605569440853404,0.5603603603603604,0.0046245843875533,1.0,44.20721597419995,4.55,2.6,0.1,0.3977777777777777,0.6022222222222222,0.6006762915698786,1.0,0.1294072072072072,-0.0689999999999999,0.24,0.111,-0.3833333333333333,-0.01656,0.457,0.029,1.3,0.8,0.2,0.4398249452954048,0.3309887407407407,0.0595779733333333,-0.0,,
1629628,RJ Barrett,2021-22,22.0,34.5,0.268,0.511,0.0515593305999341,0.5664335664335665,0.0071533497775175,1.0,44.27785224676139,4.6,3.0,0.9,0.3333333333333333,0.6666666666666667,0.7763642775279909,0.2542420718498088,0.0748989898989899,0.0169999999999999,0.051,0.285,0.0634328358208953,0.0008669999999999,0.456,0.04,3.1,1.3,0.3,0.5679117147707979,0.3094006734006733,0.0829193804713804,-0.0,,
200765,Rajon Rondo,2021-22,36.0,17.9,0.152,0.496,0.078582710867161,0.5376344086021506,0.0046568514930292,1.0,,4.21,3.4,0.0,0.8133333333333332,0.1866666666666667,0.2840909090909091,0.6651020196458901,0.0965322580645161,0.015,-0.0459999999999999,0.167,0.0986842105263158,-0.00069,0.574,0.032,1.2,0.6,0.2,0.4011299435028249,0.447410752688172,0.0680064344086021,-0.0,,
203526,Raul Neto,2021-22,30.0,19.6,0.18,0.538,0.1330064216212953,1.0,0.0101573722083356,1.0,,4.67,3.3,0.1,0.5066666666666667,0.4933333333333333,0.2834467120181406,0.2395733919513138,0.0,-0.0099999999999999,0.0479999999999999,0.17,-0.0555555555555554,-0.0004799999999999,0.608,0.091,2.0,0.6,0.2,0.5374149659863946,0.3844029035339064,0.0691925226361031,-0.0,,
203493,Reggie Bullock Jr.,2021-22,31.0,28.0,0.128,0.558,0.0839931258939078,0.032258064516129,0.0038464376656174,1.0,44.15351432978283,4.16,0.8,0.1,0.1333333333333333,0.8666666666666667,0.1066569563575551,0.5,0.018,0.0,-0.125,0.128,0.0,-0.0,0.08,0.058,0.9,0.4,0.1,0.1871165644171779,0.3251935483870967,0.0416247741935483,-0.0,,
202704,Reggie Jackson,2021-22,32.0,31.2,0.273,0.488,0.0609334436962709,0.6912408759124088,0.008691599251265,1.0,43.60620689415726,4.28,6.1,0.3,0.6777777777777777,0.3222222222222223,0.3518158906750473,0.4637041223610892,0.0366802919708029,0.0779999999999999,0.0869999999999999,0.351,0.2857142857142855,0.0067859999999999,0.662,0.108,7.4,3.1,1.0,0.4220563847429519,0.3886737550689375,0.1061079351338199,-0.0,,
1626158,Richaun Holmes,2021-22,28.0,23.9,0.153,0.689,0.19634011042455,0.0353634577603143,0.0117502248466784,1.0,,4.17,0.9,3.2,0.32,0.6799999999999999,0.2,0.5,0.0239056974459724,-0.077,0.078,0.076,-0.5032679738562091,-0.006006,0.247,0.03,0.2,0.0,0.0,0.671280276816609,0.4303822396856582,0.0658484826719057,-0.0,,
201937,Ricky Rubio,2021-22,31.0,28.5,0.234,0.488,0.0414453361500742,0.6684210526315789,0.0046913674743951,1.0,,4.73,6.0,0.2,0.7733333333333332,0.2266666666666668,0.2262773722627737,1.0,0.0403115789473684,-0.024,-0.187,0.21,-0.1025641025641026,0.004488,0.584,0.112,5.2,2.4,0.9,0.3527980535279805,0.3951770666666666,0.0924714336,-0.0,,
203496,Robert Covington,2021-22,31.0,27.3,0.134,0.572,0.0668916595499127,0.0797227036395147,0.003281173295288,1.0,45.02972862146867,4.23,1.1,0.2,0.1466666666666666,0.8533333333333333,0.1951520367183017,0.7894199346570319,0.0449636048526863,-0.022,-0.0659999999999999,0.112,-0.1641791044776119,0.0014519999999999,0.177,0.017,0.7,0.4,0.2,0.3727454909819639,0.2975808665511265,0.0398758361178509,-0.0,,
1629057,Robert Williams III,2021-22,24.0,29.6,0.112,0.745,0.2761036253408052,0.003454231433506,0.0103490180193699,1.0,43.5040829102367,4.04,0.8,0.6,0.2111111111111111,0.7888888888888889,0.35,0.0929855158884213,0.0025457685664939,-0.0119999999999999,0.0759999999999999,0.1,-0.1071428571428571,-0.0009119999999999,0.306,0.013,0.0,0.0,0.0,0.7832957110609481,0.4157865764728459,0.0465680965649587,-0.0,,
1626220,Royce O'Neale,2021-22,29.0,31.2,0.098,0.608,0.0725521600835925,0.0813186813186813,0.0022258170287378,1.0,43.77313349659656,4.58,1.6,0.2,0.2311111111111111,0.768888888888889,0.1929092885989437,1.0,0.046432967032967,-0.0289999999999999,-0.361,0.069,-0.2959183673469387,0.010469,0.143,0.004,0.4,0.4,0.2,0.2421711899791231,0.214889768009768,0.0210591972649572,-0.0,UTA,0.6107721356653659
203497,Rudy Gobert,2021-22,30.0,32.1,0.166,0.732,0.2589709532377846,0.029585798816568,0.0175151228359524,1.0,43.56369277430592,4.24,0.7,2.7,0.27,0.73,0.5,0.0060613140556126,0.0218047337278106,0.0129999999999999,0.027,0.179,0.0783132530120481,0.0003509999999999,0.276,0.0,0.1,0.0,0.0,0.8595194085027726,0.4110140828402367,0.0682283377514793,-0.0,UTA,0.5775822784810125
201566,Russell Westbrook,2021-22,33.0,34.3,0.264,0.512,0.0785610326999849,0.7528174305033809,0.010656462819039,1.0,44.27118440902538,4.28,6.4,1.1,0.7111111111111111,0.2888888888888888,0.7873417721518987,0.5588512376413012,0.0420631104432757,-0.019,-0.029,0.245,-0.071969696969697,0.000551,0.708,0.121,5.1,1.4,0.4,0.5511363636363636,0.4071904499540864,0.1074982787878788,-0.0,LAL,0.6153466944299842
1630180,Saddiq Bey,2021-22,23.0,33.0,0.209,0.529,0.0760582256163257,0.3201189296333003,0.0072671750011418,1.0,44.55160802857024,4.28,1.9,1.2,0.3066666666666667,0.6933333333333334,0.4856393672940434,0.4649526938136934,0.0653577799801783,0.0,0.1039999999999999,0.209,0.0,0.0,0.353,0.077,3.8,1.8,0.5,0.3371783496007098,0.3323129170796168,0.0694533996696399,-0.0,,
1630567,Scottie Barnes,2021-22,20.0,35.4,0.187,0.552,0.1013818336911522,0.4274509803921569,0.0081982763175403,0.8926832649447036,43.89091958528275,4.63,3.2,2.4,0.3555555555555555,0.6444444444444444,0.6047764375333042,0.4078760026230329,0.0397676470588235,-0.032,0.0329999999999999,0.155,-0.1711229946524064,-0.0010559999999999,0.519,0.109,2.3,0.4,0.1,0.5944558521560575,0.2796150189198486,0.0522880085380116,-0.0,,
203552,Seth Curry,2021-22,31.0,33.3,0.182,0.615,0.1936132766068884,0.4784263959390862,0.0150328809015646,0.6592900792407216,44.07036870450971,4.27,3.0,0.0,0.36,0.64,0.2295934576690003,0.4889018223122722,0.0656840101522842,-0.0569999999999999,0.136,0.125,-0.3131868131868132,-0.007752,0.375,0.254,6.0,2.1,0.7,0.3791773778920309,0.396023937635968,0.0720763566497461,-0.0,,
1628983,Shai Gilgeous-Alexander,2021-22,23.0,34.7,0.298,0.557,0.0972801668194279,1.0,0.0158251816136307,1.0,44.211492331335,4.53,7.3,0.3,0.8111111111111111,0.1888888888888888,0.7590041258797832,0.2010319892648696,0.0,0.0499999999999999,-0.029,0.348,0.1677852348993288,-0.00145,0.832,0.076,8.2,4.4,1.2,0.5285714285714286,0.4297251280338454,0.1280580881540859,-0.0,,
1629003,Shake Milton,2021-22,25.0,21.4,0.174,0.517,0.0739658592478664,0.6084558823529411,0.0053685274636274,0.9816883517079366,43.85992454329955,4.29,2.8,0.1,0.3955555555555555,0.6044444444444445,0.4866514837350012,0.9301914864439256,0.0809117647058823,-0.0339999999999999,-0.007,0.14,-0.1954022988505745,0.000238,0.491,0.071,2.5,0.7,0.2,0.5056689342403629,0.179646369775739,0.0312584683409785,-0.0,,
203915,Spencer Dinwiddie,2021-22,29.0,29.6,0.208,0.543,0.0903562883971197,0.7217962760131436,0.0085714320251927,0.9603689801105012,44.84502000703268,4.31,5.2,0.1,0.6,0.4,0.6322325293753864,0.2569640461212631,0.0627437020810515,-0.0139999999999999,0.0829999999999999,0.194,-0.0673076923076922,-0.0011619999999999,0.676,0.067,4.5,2.7,0.8,0.4967602591792656,0.4227133838239646,0.0879243838353846,-0.0,,
1626169,Stanley Johnson,2021-22,26.0,22.8,0.125,0.564,0.0752272977772714,0.2405405405405405,0.0033246082742905,1.0,,4.33,1.0,0.5,0.2088888888888888,0.7911111111111111,0.3266932270916334,1.0,0.0,-0.06,0.3580000000000001,0.065,-0.48,-0.02148,0.342,0.056,0.6,0.2,0.1,0.4023904382470119,0.3108576096096096,0.0388572012012012,-0.0,,
201939,Stephen Curry,2021-22,34.0,34.5,0.293,0.601,0.1490824965554416,0.6024250159540524,0.0236443885444627,1.0376034102358125,44.08899841174993,4.83,5.6,0.4,0.6355555555555555,0.3644444444444444,0.4619546247818498,0.5,0.0293044033184428,0.093,-0.13,0.386,0.31740614334471,-0.01209,0.523,0.072,9.0,6.5,2.4,0.4407696933253157,0.4581021248846988,0.1342239225912167,-0.0,,
204456,T.J. McConnell,2021-22,30.0,24.2,0.157,0.525,0.0884630974367111,0.725328947368421,0.0055031534170271,1.0,,5.04,4.4,0.2,0.6377777777777777,0.3622222222222223,0.3461538461538461,0.5,0.0,0.0179999999999999,-0.198,0.175,0.1146496815286623,-0.0035639999999999,0.68,0.122,2.4,0.3,0.1,0.5480769230769231,0.3996797331871344,0.0627497181103801,-0.0,,
201959,Taj Gibson,2021-22,37.0,18.2,0.099,0.606,0.0892174033533792,0.0233463035019455,0.0027790884608193,1.0,,4.28,0.4,0.8999999999999999,0.1111111111111111,0.8888888888888888,0.2,0.4104384251333293,0.0130505836575875,-0.034,0.061,0.065,-0.3434343434343434,-0.002074,0.267,0.087,0.1,0.0,0.0,0.5337423312883436,0.3033052313013403,0.0300272178988326,-0.0,,
1629659,Talen Horton-Tucker,2021-22,21.0,25.2,0.189,0.503,0.0437100642218305,0.618380062305296,0.0035914857767133,1.0,44.66912767707785,4.3,2.5,0.6,0.3399999999999999,0.66,0.6554646840148699,1.0,0.0039750778816199,-0.069,-0.194,0.12,-0.3650793650793651,0.013386,0.509,0.07,2.7,1.2,0.3,0.4516728624535316,0.3028566978193146,0.0572399158878504,-0.0,,
1629611,Terance Mann,2021-22,25.0,28.6,0.157,0.572,0.1283803134283621,0.5247524752475248,0.007986342113193,1.0,44.160832278546366,4.43,2.5,0.6,0.2911111111111111,0.7088888888888889,0.6533674339300937,0.3594176774009636,0.1226864686468647,-0.0209999999999999,0.09,0.136,-0.1337579617834394,-0.00189,0.407,0.078,2.8,1.0,0.3,0.4298245614035088,0.3513846241290795,0.0551673859882654,-0.0,LAC,0.6599999999999999
1629056,Terence Davis,2021-22,25.0,17.9,0.244,0.543,0.0515559936048791,0.4542635658914729,0.0062138948599848,1.0,,4.94,1.1,0.2,0.2377777777777777,0.7622222222222222,0.2958801498127341,0.3272172463518832,0.0267751937984496,0.02,0.0389999999999999,0.264,0.0819672131147541,0.0007799999999999,0.336,0.045,2.4,2.0,0.7,0.4263565891472868,0.2928735745047373,0.0714611521791559,-0.0,,
203082,Terrence Ross,2021-22,31.0,23.0,0.196,0.515,0.0488400037709126,0.4597701149425287,0.0042379887141298,1.0,43.47805687479329,4.63,1.3,0.2,0.2822222222222222,0.7177777777777778,0.4199376435838529,0.4094137299125806,0.0179392446633826,-0.004,0.127,0.192,-0.0204081632653061,-0.000508,0.386,0.172,4.0,1.4,0.4,0.6184448462929476,0.3013611731435869,0.059066789936143,-0.0,,
1626179,Terry Rozier,2021-22,28.0,33.7,0.227,0.566,0.1294618061655169,0.4414029084687767,0.0140016896595737,1.0,44.52046675082796,4.69,4.1,0.3,0.4555555555555555,0.5444444444444445,0.4002227934875749,0.2603064684951807,0.0368229255774165,0.03,-0.0159999999999999,0.257,0.13215859030837,-0.0004799999999999,0.39,0.085,5.3,2.5,0.9,0.4592720970537262,0.4018622041631023,0.0912227203450242,-0.0,,
1630678,Terry Taylor,2021-22,22.0,21.6,0.151,0.656,0.1637487209230749,0.0808988764044943,0.0096082288201228,1.0,,4.75,0.7,1.6,0.18,0.8200000000000001,0.2,0.048755563714931,0.0542022471910112,0.016,0.135,0.167,0.1059602649006623,0.00216,0.311,0.025,0.4,0.1,0.0,0.6940639269406392,0.3633206741573033,0.0548614217977528,-0.0,,
203501,Tim Hardaway Jr.,2021-22,30.0,29.6,0.214,0.52,0.0531681914935422,0.3552631578947368,0.0052634748017129,1.0,,4.26,1.8,0.3,0.2555555555555555,0.7444444444444445,0.1169811320754717,0.8944666308633633,0.0451074561403508,-0.04,-0.012,0.174,-0.1869158878504673,0.00048,0.268,0.164,5.1,2.2,0.7,0.4358490566037736,0.3031492080896686,0.064873930531189,-0.0,,
202699,Tobias Harris,2021-22,29.0,34.8,0.214,0.566,0.1171977103362633,0.5189999999999999,0.0116021850253886,1.1872662412501058,44.5381248688551,4.21,3.1,2.2,0.3511111111111111,0.6488888888888888,0.536477495107632,0.5,0.0494009999999999,-0.066,-0.0899999999999999,0.148,-0.308411214953271,0.0059399999999999,0.465,0.081,3.6,0.6,0.2,0.5675675675675675,0.3830814236444443,0.0819794246599111,-0.0,PHI,0.5875669123339972
1629027,Trae Young,2021-22,23.0,34.9,0.333,0.603,0.1416587107411273,1.0,0.0272213484708,0.5472888072685095,44.25781098847405,4.47,8.7,0.1,0.9822222222222222,0.0177777777777777,0.6271229485183388,0.1960800737458297,0.0,0.1019999999999999,-0.005,0.435,0.3063063063063062,-0.00051,0.831,0.13,12.0,6.9,2.6,0.3918164910105394,0.2814755555555555,0.0937313599999999,-0.00067357312,,
1630200,Tre Jones,2021-22,22.0,16.6,0.151,0.545,0.1381480975962359,1.0,0.0081060696247689,1.0,,4.95,2.8,0.4,0.6222222222222222,0.3777777777777777,0.3694581280788177,0.5,0.0,0.0,-0.17,0.151,0.0,-0.0,0.524,0.102,1.5,0.2,0.0,0.6390532544378699,0.4180556026365349,0.0631263959981167,-0.0,,
1630544,Tre Mann,2021-22,21.0,22.8,0.213,0.501,0.0840047176521834,0.6974025974025974,0.0082579658319291,1.0,43.42589955536584,4.64,2.0,0.1,0.24,0.76,0.3302616346376474,0.3985274365944362,0.0711103896103896,-0.0159999999999999,-0.0429999999999999,0.197,-0.0751173708920187,0.0006879999999999,0.554,0.08,4.5,2.5,0.9,0.3877551020408163,0.3012515584415584,0.0641665819480519,-0.0,,
1626168,Trey Lyles,2021-22,26.0,20.5,0.205,0.588,0.0960710340560453,0.1443298969072164,0.0089170921934652,1.0,44.59849617939724,4.49,1.1,1.7000000000000002,0.1999999999999999,0.8,0.4392740213523132,0.5,0.004041237113402,-0.0979999999999999,0.158,0.107,-0.4780487804878048,-0.015484,0.298,0.038,0.9,0.2,0.0,0.4945848375451263,0.3257752577319587,0.0667839278350515,-0.0,,
1629639,Tyler Herro,2021-22,22.0,32.6,0.278,0.561,0.1207414743233998,0.66692367000771,0.0176979787135691,0.9976220624170417,44.089004290423105,4.77,4.7,0.5,0.5222222222222223,0.4777777777777777,0.4067379679144384,0.3265200890586749,0.132893600616808,0.0,-0.053,0.278,0.0,-0.0,0.535,0.154,8.2,3.4,1.3,0.5126630851880276,0.3387756713263432,0.0941796366287234,-0.0,,
1630169,Tyrese Haliburton,2021-22,22.0,35.0,0.184,0.595,0.1482259220286444,0.7367841409691629,0.0116990580261938,1.0,44.495290919407935,4.86,6.0,0.1,0.7444444444444445,0.2555555555555555,0.4181536797747571,0.4289540156942675,0.1120936123348017,-0.0189999999999999,-0.0719999999999999,0.165,-0.1032608695652173,0.0013679999999999,0.607,0.135,6.4,3.1,1.2,0.4120267260579064,0.4770239047968673,0.0877723984826235,-0.0,,
1630178,Tyrese Maxey,2021-22,21.0,35.3,0.199,0.594,0.1646393889901329,0.6983050847457627,0.014615489332158,1.0858705287735335,44.29553490054485,4.73,5.8,0.1,0.6444444444444444,0.3555555555555556,0.6075217084337172,0.321162948215752,0.1185491525423729,-0.02,-0.0999999999999999,0.179,-0.1005025125628141,0.002,0.478,0.101,5.2,1.9,0.8,0.4715378079864061,0.4832133837114664,0.0961594633585818,-0.0,PHI,0.5756998339330196
1626145,Tyus Jones,2021-22,26.0,21.2,0.164,0.544,0.0966600635386489,0.5921501706484642,0.0064196721346043,0.9227772269923664,43.10940691428622,4.62,3.8,0.2,0.6333333333333333,0.3666666666666667,0.2671052631578947,0.5,0.1028907849829351,-0.057,0.1979999999999999,0.107,-0.3475609756097561,-0.011286,0.482,0.104,3.4,0.6,0.2,0.4596273291925465,0.3971819667277197,0.065137842543346,-0.0,,
201961,Wayne Ellington,2021-22,34.0,18.8,0.135,0.593,0.1444108094899822,0.0628019323671497,0.0071630891310027,1.0,,4.48,0.6,0.0,0.1222222222222222,0.8777777777777778,0.0253164556962025,0.5,0.0400676328502415,-0.05,-0.0929999999999999,0.085,-0.3703703703703703,0.0046499999999999,0.061,0.014,1.4,1.2,0.3,0.2025316455696202,0.3355064949006978,0.0452933768115942,-0.0,,
1628976,Wendell Carter Jr.,2021-22,23.0,29.9,0.206,0.601,0.1210775694729344,0.0901339829476248,0.0113204717386747,1.0,44.35114963540281,4.21,1.8,2.8,0.3333333333333333,0.6666666666666667,0.3678654970760234,0.5,0.0116248477466504,-0.059,-0.2209999999999999,0.147,-0.2864077669902912,0.0130389999999999,0.315,0.082,1.1,0.1,0.0,0.5087976539589443,0.3815834348355664,0.0786061875761266,-0.0,,
202083,Wesley Matthews,2021-22,35.0,20.5,0.104,0.536,0.0511354631162555,0.0916666666666666,0.0017150319002829,1.0,,4.67,0.4,0.1,0.1044444444444444,0.8955555555555555,0.0931818181818181,1.0,0.0506916666666666,-0.0339999999999999,0.1519999999999999,0.07,-0.3269230769230768,-0.0051679999999999,0.149,0.0,0.5,0.4,0.0,0.2816901408450704,0.2919322777777777,0.0303609568888888,-0.0,,
203115,Will Barton,2021-22,31.0,32.1,0.205,0.548,0.1044275889031994,0.4658254468980021,0.0096927283747969,0.6465135537447934,44.427820293385224,4.35,3.1,0.6,0.38,0.62,0.4124999999999998,0.5,0.060844374342797,-0.0069999999999999,-0.162,0.198,-0.0341463414634145,0.0011339999999999,0.393,0.075,4.0,2.3,0.8,0.4328824141519251,0.3316269233624048,0.0679835192892929,-0.0,,
203897,Zach LaVine,2021-22,27.0,34.7,0.284,0.605,0.1698333669821886,0.6985074626865672,0.025703989180633,0.6283835672969821,44.12304582368533,4.61,4.5,0.8999999999999999,0.5,0.5,0.6739274587704004,0.0377787168915804,0.1793716417910447,0.011,0.039,0.295,0.0387323943661972,0.000429,0.579,0.124,8.5,4.3,1.4,0.4318910256410256,0.3621293360782296,0.1028447314462172,-0.0,,
1630533,Ziaire Williams,2021-22,20.0,21.7,0.144,0.559,0.093434770159128,0.1384615384615384,0.005105664340252,0.0,44.458316059597855,4.28,0.6,0.4,0.1377777777777777,0.8622222222222222,0.1796227351700173,0.5,0.0231999999999999,-0.0239999999999999,-0.3340000000000001,0.12,-0.1666666666666666,0.0080159999999999,0.136,0.096,1.4,0.4,0.1,0.3397435897435897,0.2563325811965812,0.0369118916923077,-0.0,,
1631100,AJ Griffin,2022-23,19.0,19.5,0.174,0.577,0.0818915207064911,0.3561904761904761,0.0059437811230955,1.0,,4.96,0.7,0.3,0.1555555555555555,0.8444444444444444,0.1275797373358349,0.7519473299978797,0.0274609523809523,0.021,-0.0769999999999999,0.195,0.1206896551724139,-0.001617,0.306,0.097,2.5,0.8,0.4,0.3939962476547842,0.3111558941798941,0.0541411255873015,-0.0,,
203932,Aaron Gordon,2022-23,27.0,30.2,0.206,0.617,0.1553201221754566,0.2775800711743772,0.0145220709433535,0.9569792249218084,36.67957981718479,4.22,2.1,2.4,0.2866666666666667,0.7133333333333334,0.8928571428571428,0.2934525814761092,0.0434626334519572,-0.033,0.044,0.173,-0.1601941747572815,-0.001452,0.354,0.025,1.7,0.9,0.3,0.5941422594142259,0.3825947665264746,0.0788145219044537,-0.0,,
1630174,Aaron Nesmith,2022-23,23.0,24.9,0.168,0.566,0.0576606093460601,0.1563088512241054,0.0039704812567009,1.0,37.989709469057416,4.66,1.0,0.3,0.1622222222222222,0.8377777777777777,0.5589934432039694,1.0,0.0104444444444444,-0.036,0.094,0.132,-0.2142857142857143,-0.003384,0.179,0.049,1.2,0.6,0.3,0.3508474576271186,0.3100550617283951,0.0520892503703703,-0.0,,
1630598,Aaron Wiggins,2022-23,24.0,18.5,0.143,0.607,0.1144749243667006,0.2493827160493827,0.0061903388379021,1.0,,4.94,0.7,0.2,0.1866666666666666,0.8133333333333334,0.4,0.5,0.0385925925925926,-0.0829999999999999,-0.2739999999999999,0.06,-0.5804195804195804,0.0227419999999999,0.237,0.0,0.2,0.1,0.1,0.5674931129476584,0.3449683950617284,0.0493304804938271,-0.0,,
201143,Al Horford,2022-23,37.0,30.5,0.119,0.631,0.1223932642209962,0.0490341753343239,0.0050243277247915,1.0,36.951171717866345,4.2,1.2,0.6,0.2844444444444444,0.7155555555555555,0.1051038347434347,0.5,0.0313818722139673,-0.0269999999999999,-0.151,0.092,-0.2268907563025209,0.004077,0.123,0.01,0.3,0.1,0.0,0.2225859247135843,0.2998691101205217,0.035684424104342,-0.0,,
202692,Alec Burks,2022-23,31.0,22.0,0.218,0.602,0.1313528349737023,0.5745341614906833,0.0133697778439253,1.0,37.44431247076728,4.26,1.7,0.4,0.3333333333333333,0.6666666666666667,0.5979084967320261,0.1654300397364724,0.0680248447204969,0.03,0.006,0.248,0.1376146788990825,0.00018,0.505,0.113,4.6,2.2,0.9,0.3777777777777777,0.377983436853002,0.0824003892339544,-0.0,,
1630197,Aleksej Pokusevski,2022-23,21.0,20.6,0.179,0.522,0.0093659655765557,0.0894454382826475,0.0007093035014356,1.0,,4.96,1.1,1.0,0.2888888888888889,0.711111111111111,0.1682692307692307,0.6514138509351765,0.0483005366726297,-0.005,-0.049,0.174,-0.0279329608938547,0.000245,0.269,0.022,0.5,0.1,0.0,0.4337349397590361,0.3168729874776386,0.0567202647584973,-0.0,,
1627936,Alex Caruso,2022-23,29.0,23.5,0.109,0.588,0.1047854188414924,0.2438356164383561,0.0037708616657005,1.0,37.24319823679827,4.71,1.8,0.2,0.3444444444444444,0.6555555555555556,0.6251585623678647,0.5,0.0097479452054794,-0.049,0.019,0.06,-0.4495412844036697,-0.000931,0.292,0.027,0.4,0.2,0.0,0.375886524822695,0.3846805479452054,0.0419301797260273,-0.0,,
1630578,Alperen Sengun,2022-23,20.0,28.9,0.211,0.599,0.1113986974272025,0.3653295128939828,0.0107970172606021,1.0,37.223299050387475,3.92,2.3,4.9,0.49,0.51,0.8261682242990653,0.5,0.0038338108882521,-0.0189999999999999,-0.1709999999999999,0.192,-0.0900473933649288,0.0032489999999999,0.48,0.022,0.5,0.1,0.0,0.8020050125313283,0.422538810888252,0.0891556890974211,-0.0,,
1629614,Andrew Nembhard,2022-23,23.0,27.6,0.159,0.528,0.0749994989794094,0.5378787878787878,0.0047550386207387,1.0,37.49388180565653,4.63,3.0,0.2,0.4933333333333333,0.5066666666666666,0.3128026500017075,0.8796485030169412,0.0648484848484848,0.0199999999999999,-0.055,0.179,0.1257861635220125,-0.0011,0.43,0.113,2.9,0.9,0.3,0.3214285714285714,0.383899797979798,0.0610400678787878,-0.0,,
203952,Andrew Wiggins,2022-23,28.0,32.2,0.212,0.564,0.1160663918654695,0.2626262626262626,0.0113294877771004,1.170467579313139,,4.38,1.8,1.6,0.2222222222222222,0.7777777777777778,0.1909262759924385,0.5,0.0652764003673094,-0.1139999999999999,-0.0259999999999999,0.098,-0.5377358490566038,0.0029639999999999,0.26,0.114,3.1,0.8,0.2,0.4285714285714285,0.3308001141796903,0.0701296242060943,-0.0,,
1629014,Anfernee Simons,2022-23,24.0,35.0,0.247,0.581,0.1149738901230781,0.6008836524300442,0.0141138226455405,1.0,37.18353535046076,4.52,5.4,0.3,0.6000000000000001,0.3999999999999999,0.3953908439738399,0.2081719479491643,0.054941089837997,0.01,0.03,0.257,0.0404858299595142,0.0003,0.531,0.1,7.4,4.1,1.5,0.4602870813397129,0.4384471281296023,0.1082964406480117,-0.0,,
203076,Anthony Davis,2022-23,30.0,34.0,0.277,0.627,0.1337044720637136,0.2040457343887423,0.0194924122186319,0.6954594422591802,36.923382452490046,4.03,2.5,7.5,0.75,0.25,0.9511627906976744,0.4525811357197236,0.0269973614775725,-0.02,-0.156,0.257,-0.072202166064982,0.00312,0.362,0.11,3.0,0.1,0.0,0.6611706512778236,0.488278645069872,0.1352531846843545,-0.0,,
1630162,Anthony Edwards,2022-23,21.0,36.0,0.292,0.564,0.1178156017931066,0.7575966850828729,0.0185899012633618,1.0573869845655763,36.48189941615995,4.28,4.7,0.9,0.5222222222222223,0.4777777777777777,0.6603524185094594,0.2493807499823122,0.1081899171270718,0.042,-0.0439999999999999,0.334,0.1438356164383563,-0.0018479999999999,0.601,0.087,7.9,4.6,1.5,0.5088902513795218,0.388603401787105,0.1134721933218346,-0.0,,
1630559,Austin Reaves,2022-23,25.0,28.8,0.154,0.687,0.1783278327129868,0.4865319865319865,0.0107770578153616,0.8164841741293956,36.45133947845569,4.44,2.5,0.2,0.3444444444444444,0.6555555555555556,0.830612244897959,0.407041369520521,0.0,-0.0399999999999999,0.1669999999999999,0.114,-0.2597402597402597,-0.0066799999999999,0.444,0.058,2.5,0.8,0.3,0.3762811127379209,0.4145952361782072,0.0638476663714439,-0.0,,
1630245,Ayo Dosunmu,2022-23,23.0,26.2,0.145,0.567,0.083618403258302,0.4186046511627907,0.0046169362035014,1.0,37.42329297300759,4.64,2.5,0.2,0.3,0.7,0.5690140845070423,0.4785105549678149,0.0,-0.0319999999999999,-0.0279999999999999,0.113,-0.2206896551724137,0.0008959999999999,0.356,0.061,0.9,0.1,0.0,0.5284697508896797,0.3472662790697675,0.0503536104651162,-0.0,,
1628389,Bam Adebayo,2022-23,25.0,34.6,0.251,0.592,0.0992160835777502,0.3263681592039801,0.0124764968724309,0.915222880215522,37.605789098245566,4.25,2.9,6.3,0.63,0.37,0.7930680900798861,0.5,0.0362646766169154,-0.068,0.0959999999999999,0.183,-0.2709163346613546,-0.0065279999999999,0.399,0.068,3.2,0.1,0.0,0.6502395619438741,0.4093211269965959,0.1027396028761455,-0.0,,
1627732,Ben Simmons,2022-23,26.0,26.3,0.142,0.559,0.1667124171761714,0.4420289855072463,0.0089207314385782,1.0,,4.32,3.5,1.3,0.6555555555555556,0.3444444444444444,0.4,0.5,0.0759057971014492,-0.071,-0.02,0.071,-0.5,0.00142,0.383,0.027,0.4,0.0,0.0,0.7319148936170212,0.5091613123993558,0.0723009063607085,-0.0,,
1631097,Bennedict Mathurin,2022-23,21.0,28.5,0.235,0.566,0.0465619655601059,0.4922879177377892,0.0053043613103347,1.0,38.01251869399725,4.52,1.7,0.9,0.1888888888888888,0.8111111111111111,0.930370835536753,0.7669264082636762,0.0418958868894601,-0.0239999999999999,-0.1189999999999999,0.211,-0.102127659574468,0.0028559999999999,0.366,0.052,3.0,1.6,0.6,0.61198738170347,0.291339667237932,0.068464821800914,-0.0,,
1626171,Bobby Portis,2022-23,28.0,26.0,0.211,0.575,0.1015845405069034,0.1937424789410348,0.0098458066619686,1.3079941482444737,36.3318468155799,4.6,1.5,2.6,0.26,0.74,0.4493453895717147,0.5,0.0231251504211792,-0.061,-0.0899999999999999,0.15,-0.2890995260663507,0.0054899999999999,0.307,0.148,2.1,0.1,0.0,0.4881516587677725,0.3302267057761733,0.0696778349187725,-0.0,,
203992,Bogdan Bogdanović,2022-23,30.0,27.9,0.196,0.586,0.1221482064744765,0.3887079261672095,0.0105991539828326,1.3173933047571464,37.01328096712769,4.7,1.8,0.4,0.2977777777777778,0.7022222222222222,0.2648755123618613,0.5,0.0283355048859934,-0.035,-0.2059999999999999,0.161,-0.1785714285714285,0.0072099999999999,0.352,0.108,3.8,1.8,0.8,0.3819548872180451,0.4890456271974905,0.0958529429307081,-0.0,,
202711,Bojan Bogdanovic,2022-23,34.0,32.1,0.251,0.627,0.1534688515654418,0.5225311601150527,0.0192988231093734,1.0,38.00112716086519,4.47,2.3,1.2,0.2955555555555555,0.7044444444444444,0.5978130849655298,0.237419923741419,0.0819012464046021,0.006,-0.0769999999999999,0.257,0.0239043824701195,-0.000462,0.365,0.127,5.5,1.7,0.6,0.4970896391152503,0.3848439703845744,0.0965958365665281,-0.0,,
1629626,Bol Bol,2022-23,23.0,21.5,0.177,0.603,0.1551401117000256,0.3958810068649885,0.0115527133960856,1.0,36.819809561611855,4.32,0.9,0.6,0.1533333333333333,0.8466666666666667,0.6496431208466649,0.5,0.0490343249427917,-0.0949999999999999,0.069,0.082,-0.5367231638418078,-0.006555,0.437,0.085,1.8,0.6,0.2,0.6464435146443515,0.3505935392829901,0.0620550564530892,-0.0,,
1630538,Bones Hyland,2022-23,22.0,19.4,0.271,0.535,0.060600046876861,0.6146341463414635,0.008549227940091,1.3546493690222663,,4.49,3.6,0.1,0.5444444444444444,0.4555555555555556,0.2049036777583187,0.6233083369133039,0.0926390243902439,-0.016,0.0749999999999999,0.255,-0.0590405904059041,-0.0012,0.553,0.058,4.1,2.8,1.0,0.4048780487804878,0.3628467256496094,0.0983314626510441,-0.0,,
203078,Bradley Beal,2022-23,30.0,33.5,0.288,0.593,0.1226154068994891,0.7076923076923076,0.0189510717253976,1.0,36.522981535586,4.47,5.1,1.5,0.5777777777777778,0.4222222222222221,0.5904017394905776,0.1613371686485095,0.0705846153846153,0.119,0.089,0.407,0.4131944444444445,0.010591,0.543,0.172,7.3,2.2,0.7,0.5210946408209807,0.4302721367521368,0.1239183753846153,-0.0,,
1629634,Brandon Clarke,2022-23,26.0,19.5,0.174,0.681,0.147753588139855,0.0770791075050709,0.0107241260203596,1.0,,4.68,0.7,2.5,0.25,0.75,0.2,0.4690448617019195,0.0527221095334685,-0.0489999999999999,-0.135,0.125,-0.2816091954022988,0.0066149999999999,0.231,0.036,0.2,0.0,0.0,0.7593123209169055,0.3945486815415822,0.0686514705882353,-0.0,,
1627742,Brandon Ingram,2022-23,25.0,34.2,0.306,0.582,0.0911287945654168,0.6782608695652174,0.0154254472612574,1.0,,4.3,4.5,2.5999999999999996,0.6155555555555556,0.3844444444444443,0.1844311377245509,0.1157101010493192,0.0842371541501976,0.095,0.1050000000000001,0.401,0.3104575163398694,0.009975,0.547,0.236,9.6,1.0,0.3,0.5911270983213429,0.4174295432586737,0.1277334402371541,-1.737253644268778e-05,,
201572,Brook Lopez,2022-23,35.0,30.4,0.187,0.63,0.1015404322721565,0.0396995708154506,0.0082111014455075,1.0,36.763942864335114,4.13,0.8,3.2,0.32,0.6799999999999999,0.2798336315713111,0.2163608411796001,0.0243358369098712,0.003,-0.002,0.19,0.0160427807486631,-6.00000000000001e-06,0.191,0.066,1.1,0.3,0.1,0.4606625258799172,0.3935887339055793,0.0736010932403433,-0.0,,
1628971,Bruce Brown,2022-23,26.0,28.5,0.174,0.571,0.1022916967071442,0.4036568213783403,0.0074244494508348,1.2577936632943598,36.76638098135349,4.37,3.0,0.9,0.3644444444444444,0.6355555555555555,0.6027861216316224,0.4696693881654578,0.0546315049226441,-0.0399999999999999,0.06,0.134,-0.2298850574712642,-0.0024,0.355,0.03,1.6,0.4,0.1,0.5441657579062159,0.3841635270216854,0.0668444537017732,-0.0,,
1627741,Buddy Hield,2022-23,30.0,31.0,0.205,0.614,0.129338624445934,0.2990455991516437,0.0120049133403471,1.0,37.86032515149761,5.0,2.0,0.4,0.2911111111111111,0.7088888888888889,0.3307366236846004,0.5,0.0465111346765641,-0.0339999999999999,-0.018,0.171,-0.1658536585365852,0.000612,0.24,0.061,3.8,2.4,1.1,0.2851637764932562,0.3818389230587958,0.0782769792270531,-0.0,,
203468,CJ McCollum,2022-23,31.0,35.3,0.26,0.541,0.0835087397368177,0.653737658674189,0.0110711300303129,1.0,36.51404599312114,4.82,5.5,0.5,0.6111111111111112,0.3888888888888888,0.3730072825219472,0.4242926761933648,0.0824957686882933,-0.0269999999999999,-0.033,0.233,-0.1038461538461538,0.000891,0.533,0.148,8.2,2.9,1.0,0.4515648286140089,0.4120450752233192,0.107131719558063,-0.0,,
1630595,Cade Cunningham,2022-23,21.0,33.3,0.287,0.492,0.0584876256741516,0.7932159165035877,0.0089926323121566,1.0,,4.67,7.0,0.6,0.7777777777777778,0.2222222222222222,0.2276785714285714,1.0,0.0,0.054,-0.248,0.341,0.1881533101045298,-0.013392,0.763,0.226,8.8,2.8,0.7,0.4955357142857143,0.4204908313401464,0.120680868594622,-0.0,,
1628997,Caleb Martin,2022-23,27.0,29.3,0.143,0.571,0.0682042450016068,0.252129471890971,0.0036882084795336,1.0019255402352216,37.02997920394168,4.92,1.6,0.5,0.1822222222222222,0.8177777777777777,0.5522703573798464,1.0,0.0311277683134582,-0.0499999999999999,-0.0799999999999999,0.093,-0.3496503496503496,0.0039999999999999,0.307,0.114,1.4,0.5,0.2,0.3713527851458886,0.3941010434932556,0.0563564492195355,-0.0,,
1629629,Cam Reddish,2022-23,23.0,24.7,0.166,0.561,0.0531350639400088,0.3098859315589353,0.0035937125772978,1.0,,4.4,1.5,0.5,0.1888888888888888,0.8111111111111111,0.3397435897435897,1.0,0.0,-0.057,0.1819999999999999,0.109,-0.3433734939759036,-0.0103739999999999,0.23,0.026,1.4,0.8,0.3,0.4185303514376997,0.3056879700042247,0.0507442030207013,-0.0,,
1629661,Cameron Johnson,2022-23,27.0,28.6,0.202,0.617,0.1249487528876572,0.2535377358490566,0.0113438109445006,1.1117516004125076,,4.55,1.5,0.2,0.22,0.78,0.2299578059071729,0.5,0.0385188679245283,-0.066,-0.198,0.136,-0.3267326732673267,0.013068,0.229,0.092,2.5,0.7,0.2,0.3383742911153119,0.3713428950471698,0.0750112647995283,-0.0,,
1626166,Cameron Payne,2022-23,28.0,20.2,0.239,0.512,0.0362334976495038,0.6596931659693167,0.0042335735607393,1.5416876755744435,,4.64,4.1,0.0,0.6844444444444444,0.3155555555555556,0.1589403973509933,0.3662313131223852,0.0453444909344491,0.002,0.019,0.241,0.00836820083682,3.800000000000007e-05,0.569,0.105,3.7,1.5,0.6,0.4271457085828343,0.5052355439330545,0.120751295,-0.0,,
1627747,Caris LeVert,2022-23,28.0,30.2,0.183,0.546,0.0841925241092285,0.579874213836478,0.0065909825913694,0.9372573286575964,37.32994624736405,4.32,2.8,0.3,0.4044444444444444,0.5955555555555556,0.5588894878706199,0.5,0.0856993710691823,-0.0469999999999999,-0.015,0.136,-0.2568306010928961,0.000705,0.494,0.031,3.2,1.5,0.6,0.3987577639751553,0.3641940642241522,0.0666475137530198,-0.0,,
1628449,Chris Boucher,2022-23,30.0,20.0,0.175,0.59,0.0535470137755348,0.0558375634517766,0.0039200565220477,1.0,37.00307554798553,4.46,0.7,0.4,0.0777777777777777,0.9222222222222224,0.3885714285714285,1.0,0.0318832487309644,-0.0619999999999999,-0.0469999999999999,0.113,-0.3542857142857142,0.0029139999999999,0.326,0.039,0.4,0.1,0.0,0.5549242424242424,0.290524027072758,0.0508417047377326,-0.0,,
101108,Chris Paul,2022-23,38.0,32.0,0.195,0.555,0.1097403161495796,0.8098290598290598,0.0094497022388759,1.004706467049411,36.8125302514619,3.93,6.9,0.2,0.8644444444444445,0.1355555555555555,0.3256478194054367,0.2746385671776217,0.2252948717948717,0.0149999999999999,-0.027,0.21,0.0769230769230768,-0.000405,0.707,0.254,8.3,2.9,0.9,0.3148880105401844,0.4492355091008768,0.0876009242746709,-0.0,,
1631128,Christian Braun,2022-23,22.0,15.5,0.127,0.568,0.084127235559205,0.3155893536121673,0.003807520055276,0.982492620095965,,4.58,0.7,0.3,0.1555555555555555,0.8444444444444444,0.4,0.294353863547824,0.0173155893536122,-0.0129999999999999,0.097,0.114,-0.1023622047244094,-0.001261,0.266,0.017,0.4,0.2,0.1,0.5748502994011976,0.0908518853816699,0.011538189443472,-0.0,,
1626174,Christian Wood,2022-23,27.0,25.9,0.259,0.624,0.1392330333235857,0.2154963680387409,0.0183523604697679,1.0,37.12888989893454,3.99,1.7,2.8,0.2799999999999999,0.72,0.7958681517498727,0.5,0.0195714285714285,-0.064,-0.031,0.195,-0.2471042471042471,0.001984,0.29,0.045,1.5,0.7,0.1,0.4512353706111833,0.3900342857142858,0.10101888,-0.0,,
203991,Clint Capela,2022-23,29.0,26.6,0.151,0.656,0.1904943938837635,0.017725258493353,0.0111775757090991,1.0,37.170837213475544,4.23,0.8,1.7999999999999998,0.18,0.8200000000000001,0.3463414634146341,0.3149999999999999,0.0122658788774002,-0.0419999999999999,-0.1129999999999999,0.109,-0.2781456953642384,0.0047459999999999,0.266,0.003,0.0,0.0,0.0,0.8954703832752613,0.3726455686853766,0.0562694808714918,-0.0,,
1629632,Coby White,2022-23,23.0,23.4,0.17,0.572,0.0973338314259209,0.3909774436090225,0.0068224003545573,1.0,36.766245751188066,4.27,2.2,0.1,0.3533333333333333,0.6466666666666667,0.3572222222222222,0.5,0.0373684210526315,-0.047,0.18,0.123,-0.2764705882352942,-0.00846,0.354,0.064,1.8,0.8,0.2,0.300509337860781,0.3725940350877192,0.0633409859649122,-0.0,,
1630175,Cole Anthony,2022-23,23.0,25.9,0.209,0.57,0.0994538703696251,0.6363636363636364,0.0095025708877673,1.0,37.88862050639752,4.79,4.1,0.3,0.5066666666666667,0.4933333333333333,0.5162970106075215,0.4246361900987908,0.0348776223776223,-0.031,0.066,0.178,-0.1483253588516746,-0.002046,0.621,0.138,3.8,1.0,0.4,0.4442622950819672,0.3986055244755245,0.0833085546153846,-0.0,,
1629012,Collin Sexton,2022-23,24.0,23.9,0.23,0.616,0.1128979889620318,0.6693766937669376,0.0124531138908026,1.0,,4.29,3.7,0.2,0.4111111111111111,0.5888888888888888,0.358974358974359,0.2577171240657221,0.0,-0.017,0.1149999999999999,0.213,-0.0739130434782609,-0.001955,0.591,0.058,2.2,0.9,0.4,0.5884861407249466,0.3805678711231557,0.0875306103583258,-0.0,,
1630557,Corey Kispert,2022-23,24.0,28.3,0.139,0.657,0.1721611235358992,0.0916149068322981,0.0089218987143152,1.0,37.38128113311429,4.77,0.8,0.4,0.1244444444444444,0.8755555555555555,0.2022503516174401,0.5,0.0017142857142857,-0.081,-0.496,0.0579999999999999,-0.5827338129496403,0.040176,0.113,0.012,0.7,0.4,0.2,0.3071672354948805,0.3678539682539682,0.0511317015873015,-0.0,,
202709,Cory Joseph,2022-23,31.0,19.8,0.149,0.558,0.0866709434746383,0.5774058577405858,0.0049848595543159,1.0,,4.65,3.3,0.0,0.5688888888888889,0.4311111111111111,0.1481481481481481,0.1773542311068671,0.0899832635983263,0.002,0.0919999999999999,0.151,0.0134228187919463,0.000184,0.507,0.094,2.2,1.0,0.3,0.3190883190883191,0.409493128777313,0.0610144761878196,-0.0,,
1626156,D'Angelo Russell,2022-23,27.0,32.5,0.225,0.605,0.1466704315037392,0.571830985915493,0.0156536762271141,0.8475169899822029,35.99189746843126,4.61,5.4,0.5,0.6088888888888889,0.3911111111111111,0.4384879400466023,0.3363617598821701,0.0374469483568075,0.007,-0.0529999999999999,0.232,0.0311111111111111,-0.0003709999999999,0.526,0.128,6.1,3.0,1.2,0.3590192644483362,0.3990812179029734,0.089793274028169,-0.0,,
1630227,Daishen Nix,2022-23,21.0,16.0,0.149,0.447,-0.0660406953052366,0.4716417910447761,-0.0037983155342286,1.0,,4.23,2.7,0.1,0.4244444444444444,0.5755555555555556,0.2689655172413793,0.4736249492574417,0.006510447761194,0.051,0.3989999999999999,0.2,0.342281879194631,0.020349,0.37,0.009,0.9,0.8,0.3,0.3586497890295358,0.2702808922056384,0.0402718529386401,-0.0,,
203081,Damian Lillard,2022-23,32.0,36.3,0.331,0.645,0.1406834848526458,0.7226586102719034,0.0267907645927101,1.0,36.480424674418096,4.46,7.6,0.4,0.8444444444444444,0.1555555555555555,0.8260724878825145,0.2708700372586219,0.0079577039274925,0.0199999999999999,-0.071,0.351,0.0604229607250754,-0.0014199999999999,0.685,0.06,9.7,7.4,2.7,0.5058236272878536,0.518327895266868,0.1715665333333333,-0.0003667868926485,,
1629655,Daniel Gafford,2022-23,24.0,20.6,0.146,0.739,0.2434606622571415,0.0385604113110539,0.013581823510719,1.0,37.10551915140595,4.31,0.7,1.6,0.1644444444444444,0.8355555555555556,0.4823529411764705,0.1424999999999999,0.029305912596401,-0.0189999999999999,0.003,0.127,-0.1301369863013698,-5.700000000000002e-05,0.332,0.02,0.1,0.0,0.0,0.8734177215189873,0.4254263353327621,0.0621122449585832,-0.0,,
1629647,Darius Bazley,2022-23,23.0,14.3,0.165,0.524,0.0513979164954908,0.2639296187683285,0.003444858842103,1.0,,4.74,0.8,0.6,0.1955555555555555,0.8044444444444445,0.4,1.0,0.0520703812316715,-0.09,-0.191,0.075,-0.5454545454545455,0.01719,0.169,0.027,0.3,0.0,0.0,0.5519125683060109,0.3090090387748452,0.0509864913978494,-0.0,,
1629636,Darius Garland,2022-23,23.0,35.5,0.262,0.587,0.1169388059875537,0.7663839629915189,0.0156823301344212,0.8492234933990359,37.020100107966066,4.53,7.3,0.4,0.8111111111111111,0.1888888888888888,0.5449653265354619,0.5,0.1219128758673862,0.0289999999999999,-0.1609999999999999,0.291,0.1106870229007632,-0.0046689999999999,0.619,0.111,7.2,3.4,1.3,0.4309346567411083,0.4066845112653131,0.106551341951512,-0.0,,
1630558,Davion Mitchell,2022-23,24.0,18.1,0.14,0.545,0.0762503774967773,0.5174129353233832,0.0039942390348716,1.030422263679008,,4.78,2.6,0.1,0.3844444444444444,0.6155555555555556,0.2606516290726817,0.9056253402129396,0.0346268656716418,-0.03,0.1819999999999999,0.11,-0.2142857142857143,-0.00546,0.403,0.116,1.7,0.8,0.2,0.3370786516853932,0.3460516776621501,0.048447234872701,-0.0,,
1628368,De'Aaron Fox,2022-23,25.0,33.4,0.288,0.599,0.1580405564478117,0.8090849242922975,0.024426277223215,0.8327388260958047,36.558697658044665,4.64,6.6,0.3,0.7333333333333333,0.2666666666666667,0.6097291138613451,0.0402160720505042,0.0139229756418695,0.14,0.015,0.428,0.4861111111111112,0.0021,0.761,0.13,8.6,2.7,0.8,0.4411764705882353,0.4319802587983898,0.1244103145339362,-0.0,,
1629631,De'Andre Hunter,2022-23,25.0,31.7,0.193,0.563,0.0583721461649951,0.3821871476888387,0.0049492754479349,0.7486783527082036,37.33321658685583,4.42,1.4,1.3,0.1555555555555555,0.8444444444444444,0.5068185864340393,1.0,0.0184836527621195,-0.087,0.02,0.106,-0.4507772020725389,-0.00174,0.327,0.208,3.9,0.5,0.2,0.4465270121278941,0.3100290807966929,0.0598356125937617,-0.0,,
1629001,De'Anthony Melton,2022-23,25.0,27.9,0.162,0.566,0.1063230702821965,0.3358098068350669,0.0069326620671332,0.3190927500811463,37.447672850073026,4.38,2.1,0.3,0.2955555555555555,0.7044444444444444,0.3857088641908376,0.4243242187613678,0.0530668647845468,-0.019,0.146,0.143,-0.117283950617284,-0.002774,0.292,0.028,1.8,1.3,0.4,0.3319672131147541,0.3141702661277008,0.0508955831126875,-0.0,,
201942,DeMar DeRozan,2022-23,33.0,36.2,0.272,0.592,0.1195064000713937,0.7674242424242425,0.016952920298628,1.0,37.19271601468646,4.2,4.6,3.3,0.5111111111111111,0.4888888888888889,0.6728859973487754,0.1125146527817625,0.0,0.1139999999999999,0.008,0.386,0.4191176470588235,0.000912,0.714,0.35,10.1,0.4,0.1,0.643579766536965,0.4053967676767676,0.1102679208080808,-0.0,,
1629028,Deandre Ayton,2022-23,24.0,30.4,0.231,0.617,0.0831131116352755,0.0477178423236514,0.0092275734716217,1.0,36.64759602714481,4.1,1.4,7.199999999999999,0.72,0.28,0.3201291380547299,0.4053480965428565,0.0285352697095435,-0.035,-0.017,0.196,-0.1515151515151515,0.000595,0.207,0.123,1.1,0.0,0.0,0.6212424849699398,0.4872827800829875,0.1125623221991701,-0.0,,
1627749,Dejounte Murray,2022-23,26.0,36.4,0.239,0.54,0.0737364307628133,0.7179319371727748,0.0086154697722096,1.041366004490882,37.26655589873537,4.57,5.9,0.2,0.6555555555555556,0.3444444444444444,0.3557206259423634,0.4176392480662658,0.0204496073298429,0.039,-0.003,0.278,0.1631799163179917,-0.000117,0.69,0.22,8.5,1.8,0.6,0.5428973277074542,0.4228908346376169,0.1010709094783904,-0.0,,
1626153,Delon Wright,2022-23,31.0,24.4,0.125,0.581,0.0768898560999308,0.5485232067510547,0.0033980836657949,1.0,36.35125692877572,4.41,4.0,0.2,0.4644444444444444,0.5355555555555556,0.5128806730655291,1.0,0.0319831223628691,-0.045,-0.0809999999999999,0.08,-0.36,0.0036449999999999,0.558,0.049,1.4,0.9,0.3,0.4948453608247423,0.3771068026254102,0.0471383503281762,-0.0,,
1630166,Deni Avdija,2022-23,22.0,26.6,0.165,0.535,0.025507640716427,0.3350515463917525,0.0017096066855332,1.0,37.466208252100074,4.41,2.1,0.5,0.3155555555555555,0.6844444444444444,0.7221525315880375,0.8707199739049893,0.0058092783505154,-0.034,0.0699999999999999,0.131,-0.206060606060606,-0.0023799999999999,0.352,0.011,0.8,0.5,0.1,0.5094991364421416,0.3184898969072165,0.0525508329896907,-0.0,,
203471,Dennis Schröder,2022-23,29.0,30.1,0.183,0.545,0.0371490687442905,0.6164053075995175,0.0029082019807547,1.0323186143158138,35.84983950504283,4.32,4.3,0.1,0.4777777777777777,0.5222222222222223,0.6868445839874409,0.3072346459486357,0.050260554885404,0.005,0.1449999999999999,0.188,0.0273224043715847,0.000725,0.574,0.133,3.2,0.5,0.1,0.4522546419098143,0.336346500469106,0.0615514095858464,-0.0,,
1628372,Dennis Smith Jr.,2022-23,25.0,25.7,0.175,0.475,0.0070833249117638,0.6431852986217458,0.0005185542957547,1.0,37.01040274507209,4.56,3.8,0.2,0.6111111111111112,0.3888888888888888,0.6640328697850819,0.3384473024902485,0.0439050535987749,0.04,0.034,0.215,0.2285714285714286,0.00136,0.511,0.089,2.3,0.4,0.0,0.5530973451327433,0.3512987068232091,0.0614772736940615,-0.0,,
1628401,Derrick White,2022-23,28.0,28.3,0.174,0.604,0.0942116840469286,0.3890410958904109,0.0068379928029446,1.1430863819020858,36.88954239478743,4.41,3.2,0.3,0.4244444444444444,0.5755555555555556,0.5150395778364116,0.2386869193941849,0.037304109589041,0.007,0.15,0.181,0.0402298850574713,0.00105,0.329,0.029,1.9,0.9,0.3,0.3832271762208068,0.4586436399558301,0.0798039933523144,-0.0,,
1630217,Desmond Bane,2022-23,25.0,31.7,0.252,0.606,0.131203338243257,0.5457170356111646,0.0165976153745415,0.7387502945106825,36.020728095182925,4.67,3.1,0.8,0.4488888888888889,0.5511111111111111,0.5382794935510591,0.2018892957618108,0.0653994225216554,0.0479999999999999,0.006,0.3,0.1904761904761904,0.000288,0.402,0.066,5.4,3.3,1.3,0.5256166982922201,0.3755629240331127,0.0946418568563444,-0.0,,
1626164,Devin Booker,2022-23,26.0,34.6,0.311,0.601,0.1167869484595492,0.7518248175182481,0.020255123447524,1.1982967119925472,36.160688350314274,4.4,5.1,1.7000000000000002,0.5666666666666667,0.4333333333333333,0.5952859880541062,0.4874259067775233,0.0926627737226278,0.008,-0.1439999999999999,0.319,0.0257234726688103,-0.001152,0.55,0.208,11.0,3.8,1.2,0.5925076452599388,0.5146470691847661,0.1600552385164622,-4.662770462864339e-05,,
1630170,Devin Vassell,2022-23,22.0,31.0,0.24,0.55,0.1146810860679669,0.4432432432432432,0.0134836869127065,1.0,,5.03,3.0,0.6,0.3844444444444444,0.6155555555555556,0.161344537815126,0.5,0.065054054054054,-0.061,-0.127,0.179,-0.2541666666666666,0.007747,0.375,0.208,7.0,2.1,0.6,0.3966386554621848,0.3896836936936936,0.0935240864864864,-0.0,,
1628984,Devonte' Graham,2022-23,28.0,18.3,0.165,0.552,0.0424483094868244,0.3891304347826087,0.0028450264959833,1.0,,4.59,2.1,0.1,0.4599999999999999,0.54,0.0765661252900232,0.3334915459385291,0.0630760869565217,0.0,0.006,0.165,0.0,0.0,0.329,0.048,2.5,1.9,0.6,0.3364269141531322,0.3620244565217392,0.0597340353260869,-0.0,,
1628415,Dillon Brooks,2022-23,27.0,30.3,0.214,0.494,0.036949543045981,0.4994775339602926,0.0036578823408155,1.3396556775987438,36.44185710762663,4.11,1.8,0.4,0.26,0.74,0.3820650560930728,1.0,0.0412006269592476,-0.0979999999999999,0.0919999999999999,0.116,-0.4579439252336448,-0.0090159999999999,0.431,0.08,5.0,2.1,0.6,0.39456419868791,0.2926977939009936,0.0626373278948126,-0.0,,
1627734,Domantas Sabonis,2022-23,27.0,34.6,0.213,0.668,0.1575949709547931,0.2430875576036866,0.0154921523671679,0.7396750051332148,36.60157436217958,4.58,3.4,7.300000000000001,0.7300000000000001,0.2699999999999999,0.9546218487394956,0.4680238029542187,0.0198663594470046,-0.0579999999999999,-0.023,0.155,-0.272300469483568,0.001334,0.397,0.046,0.3,0.0,0.0,0.7466281310211946,0.4280664903690678,0.0911781624486114,-0.0,,
1628378,Donovan Mitchell,2022-23,26.0,35.8,0.31,0.614,0.1618162270306519,0.7345078979343863,0.0279295932878551,0.8296600408851942,37.363557400294034,4.07,5.6,0.7,0.6222222222222222,0.3777777777777777,0.5527942052269296,0.2308474070933448,0.0,0.066,-0.0809999999999999,0.376,0.2129032258064516,-0.0053459999999999,0.66,0.092,9.6,5.7,2.2,0.5146082337317397,0.4468673268529769,0.1385288713244228,-4.5313267314702395e-05,,
1628978,Donte DiVincenzo,2022-23,26.0,26.3,0.146,0.593,0.112517666809022,0.1737089201877933,0.0062769692576616,0.0,36.8021499466821,4.75,2.2,0.3,0.3911111111111111,0.6088888888888889,0.3303703703703702,0.5,0.050262910798122,-0.0389999999999999,-0.0849999999999999,0.107,-0.2671232876712328,0.0033149999999999,0.187,0.018,1.0,0.7,0.2,0.2606473594548552,0.3051823474178403,0.0445566227230046,-0.0,,
203926,Doug McDermott,2022-23,31.0,20.5,0.186,0.59,0.1078703675243222,0.0723327305605786,0.0086530970522258,1.0,37.35465080478493,5.23,0.8,0.3,0.2177777777777778,0.7822222222222222,0.186606351723173,0.5,0.0461482820976491,-0.045,0.054,0.141,-0.2419354838709678,-0.00243,0.084,0.037,1.6,0.7,0.3,0.4728682170542636,0.3603719349005425,0.0670291798915009,-0.0,,
203110,Draymond Green,2022-23,33.0,31.5,0.129,0.592,0.0851260251419752,0.1211498973305955,0.0039440909438116,0.5437512659509824,36.675457705012725,4.29,2.2,1.4,0.5955555555555556,0.4044444444444444,0.3384615384615384,0.2899043430797861,0.0085934291581108,-0.0119999999999999,0.023,0.117,-0.0930232558139534,-0.000276,0.124,0.032,0.2,0.0,0.0,0.5464285714285714,0.3629266392881587,0.0468175364681724,-0.0,,
1629234,Drew Eubanks,2022-23,26.0,20.3,0.122,0.666,0.1463041014095058,0.0795454545454545,0.0062344227366109,1.0,36.74883582237591,4.39,0.8,1.9,0.2044444444444444,0.7955555555555556,0.4232558139534884,0.409564428245758,0.0544090909090909,-0.0269999999999999,-0.133,0.095,-0.221311475409836,0.0035909999999999,0.21,0.058,0.3,0.0,0.0,0.7383177570093458,0.3791536363636364,0.0462567436363636,-0.0,,
203939,Dwight Powell,2022-23,31.0,19.2,0.123,0.738,0.2573901136643047,0.030716723549488,0.0111032349251454,1.0,,4.51,0.7,0.9,0.1488888888888889,0.8511111111111112,0.2,0.0223904043827517,0.0236211604095563,-0.001,0.033,0.122,-0.008130081300813,-3.300000000000006e-05,0.213,0.008,0.0,0.0,0.0,0.7509293680297398,0.4281787334091771,0.0526659842093287,-0.0,,
1630700,Dyson Daniels,2022-23,20.0,17.7,0.113,0.503,0.0359553849092968,0.4057971014492754,0.0013657827006875,1.0,,4.65,1.6,0.1,0.3822222222222222,0.6177777777777778,0.352112676056338,0.4181514481511637,0.1001739130434783,0.001,0.012,0.114,0.0088495575221239,1.200000000000002e-05,0.345,0.018,0.5,0.3,0.1,0.4736842105263157,0.3371420289855072,0.0380970492753623,-0.0,,
201569,Eric Gordon,2022-23,34.0,28.5,0.171,0.587,0.0923922825051536,0.4607464607464607,0.0065332587962674,0.8890335967506954,36.4985794926723,3.88,2.2,0.1,0.2955555555555555,0.7044444444444444,0.5500926896107037,0.5,0.028028314028314,-0.05,-0.0409999999999999,0.121,-0.2923976608187135,0.0020499999999999,0.419,0.005,1.7,1.3,0.5,0.3486370157819225,0.308965822965823,0.0528331557271557,-0.0,,
1630647,Eugene Omoruyi,2022-23,26.0,16.1,0.192,0.533,-0.0265758931319219,0.1102941176470588,-0.0022358348012851,1.0,,4.54,0.5,0.7,0.1444444444444444,0.8555555555555555,0.2,1.0,0.05625,-0.106,-0.012,0.086,-0.5520833333333334,0.001272,0.287,0.007,0.3,0.2,0.1,0.5219298245614035,0.2596458333333333,0.0498519999999999,-0.0,,
1630596,Evan Mobley,2022-23,22.0,34.4,0.199,0.591,0.1200584107012731,0.211706102117061,0.0106579138297547,0.0,36.87747837887034,4.35,1.9,3.9,0.39,0.61,0.7799999999999999,0.5,0.0483810709838107,-0.073,0.068,0.126,-0.3668341708542714,-0.004964,0.25,0.056,1.5,0.0,0.0,0.7339357429718876,0.410898194271482,0.0817687406600249,-0.0,,
1628373,Frank Ntilikina,2022-23,24.0,12.9,0.125,0.461,-0.0334642390256384,1.0,-0.0014789243963922,1.0,,4.29,0.9,0.0,0.2822222222222222,0.7177777777777778,0.2045454545454545,1.0,0.0,-0.044,0.0389999999999999,0.081,-0.352,-0.0017159999999999,0.292,0.193,0.6,0.2,0.1,0.3636363636363636,0.2315617908496731,0.0289452238562091,-0.0,,
1630532,Franz Wagner,2022-23,21.0,32.6,0.23,0.589,0.1192033877505781,0.6013448607108549,0.0131486253871775,1.0,37.20270758138603,4.97,3.2,0.8,0.3711111111111111,0.6288888888888888,0.7069000766675184,0.3737502330451852,0.0997560038424591,0.0219999999999999,-0.0859999999999999,0.252,0.0956521739130434,-0.0018919999999999,0.456,0.044,3.2,1.8,0.5,0.5792300805729633,0.378593939588003,0.0870766061052407,-0.0,,
1627832,Fred VanVleet,2022-23,29.0,36.7,0.225,0.54,0.0453612036876721,0.6697841726618705,0.0048412593357707,1.0,37.71818694596375,4.67,6.4,0.1,0.7111111111111111,0.2888888888888888,0.4674605657089235,0.9620591288832094,0.0421884892086331,0.0179999999999999,-0.109,0.243,0.0799999999999999,-0.0019619999999999,0.62,0.105,7.5,4.4,1.5,0.3839928057553957,0.4036609592326139,0.0908237158273381,-0.0,,
1629216,Gabe Vincent,2022-23,27.0,25.9,0.17,0.533,0.0710468375178178,0.4508320726172466,0.0049798714626849,0.953981030741998,37.87992233292874,4.56,2.8,0.1,0.3111111111111111,0.6888888888888889,0.2789655978410997,1.0,0.0054190620272314,-0.073,0.1929999999999999,0.097,-0.4294117647058824,-0.0140889999999999,0.412,0.115,3.1,1.8,0.6,0.3493234932349323,0.3718764206716775,0.0632189915141851,-0.0,,
203914,Gary Harris,2022-23,28.0,24.7,0.125,0.62,0.1520518156249957,0.1745098039215686,0.00671980437001,1.0,,4.33,0.7,0.1,0.1488888888888889,0.8511111111111112,0.1726384364820846,0.5,0.0268058823529411,-0.066,-0.406,0.059,-0.528,0.026796,0.21,0.025,1.0,0.6,0.3,0.2899022801302932,0.3597137320261439,0.0449642165032679,-0.0,,
1629018,Gary Trent Jr.,2022-23,24.0,32.1,0.209,0.56,0.090821602670603,0.4574574574574575,0.0086777790980936,1.0,37.98733688317689,4.16,1.6,0.4,0.1777777777777777,0.8222222222222222,0.4042178202907283,0.5,0.0612822822822822,-0.0419999999999999,0.0109999999999998,0.167,-0.2009569377990429,-0.0004619999999999,0.353,0.136,5.9,2.2,0.7,0.413903743315508,0.3166559893226559,0.066181101768435,-0.0,,
201588,George Hill,2022-23,37.0,18.1,0.11,0.61,0.1118775059252808,0.4357366771159874,0.0040816128059841,1.0,,4.35,2.3,0.2,0.3955555555555555,0.6044444444444445,0.2349397590361445,0.5,0.0411347962382445,-0.065,0.454,0.045,-0.5909090909090909,-0.02951,0.359,0.086,0.9,0.5,0.1,0.3132530120481928,0.3913592755137582,0.0430495203065134,-0.0,,
1627777,Georges Niang,2022-23,30.0,19.4,0.162,0.61,0.0984208833774065,0.0726577437858508,0.0064174099091883,1.0,,4.54,0.6,0.0,0.1644444444444444,0.8355555555555556,0.0617529880478087,0.5,0.0456290630975143,-0.05,0.194,0.112,-0.3086419753086419,-0.0097,0.077,0.009,0.6,0.4,0.1,0.2379182156133829,0.337449543233482,0.054666826003824,-0.0,,
203507,Giannis Antetokounmpo,2022-23,28.0,32.1,0.373,0.605,0.1476599738527266,0.6625811103100216,0.0336376800113251,0.6976403255459146,37.018132288825534,4.43,5.2,4.4,0.6977777777777777,0.3022222222222223,1.0,0.3626650144858498,0.1151961067051189,-0.011,-0.125,0.362,-0.0294906166219839,0.001375,0.571,0.07,4.8,1.5,0.3,0.6463963963963963,0.4173533325341649,0.1556727930352435,-0.0025720240909254,,
202330,Gordon Hayward,2022-23,33.0,31.5,0.196,0.563,0.0659110937092318,0.4472361809045225,0.0057192966770824,1.0,36.86404609143293,4.79,2.4,1.0,0.4155555555555555,0.5844444444444444,0.5048726927414089,0.8737075888111422,0.0362085427135678,-0.03,0.054,0.166,-0.1530612244897959,-0.00162,0.38,0.199,4.9,0.7,0.2,0.342512908777969,0.3636501758793971,0.0712754344723618,-0.0,,
1629684,Grant Williams,2022-23,24.0,25.9,0.128,0.605,0.1059947461682138,0.1533018867924528,0.0048539946534904,0.0,37.41754025916844,4.09,0.9,0.3,0.1911111111111111,0.8088888888888889,0.4869747899159664,0.3746232233425793,0.0,0.009,-0.039,0.137,0.0703125,-0.000351,0.213,0.019,1.0,0.7,0.3,0.3175803402646502,0.3529790356394129,0.0451813165618448,-0.0,,
1628960,Grayson Allen,2022-23,27.0,27.4,0.143,0.612,0.1169399675305626,0.28125,0.0063236383575897,0.0,36.81205904520564,4.7,1.4,0.2,0.2377777777777777,0.7622222222222222,0.5031406654386905,0.2903891443400823,0.0501961805555555,0.015,0.1049999999999999,0.158,0.1048951048951049,0.001575,0.229,0.013,1.7,1.3,0.5,0.2742474916387959,0.3336197916666666,0.0477076302083333,-0.0,,
203084,Harrison Barnes,2022-23,31.0,32.5,0.168,0.632,0.0942719022256692,0.3031609195402299,0.0064915169136369,1.0288640821088295,36.672922237274854,4.7,1.7,1.2,0.1888888888888888,0.8111111111111111,0.9173198482932996,0.5,0.0429741379310344,-0.061,-0.0939999999999999,0.107,-0.3630952380952381,0.0057339999999999,0.291,0.029,1.3,0.7,0.3,0.460093896713615,0.2769835905349795,0.0465332432098765,-0.0,,
1629312,Haywood Highsmith,2022-23,26.0,18.0,0.121,0.517,-0.0134233016920606,0.1044776119402985,-0.0005649856360551,1.0,,4.68,0.6,0.1,0.1444444444444444,0.8555555555555555,0.1327272727272727,0.4778732666098615,0.0545373134328358,0.0,-0.006,0.121,0.0,-0.0,0.237,0.042,0.3,0.1,0.0,0.3803921568627451,0.3843283582089551,0.0465037313432835,-0.0,,
1630529,Herbert Jones,2022-23,24.0,29.6,0.144,0.567,0.0643437389563255,0.1580952380952381,0.0035160094357625,1.0,36.447171955147375,4.51,1.6,0.5,0.24,0.76,0.7789473684210526,0.4791860016093726,0.0059333333333333,0.024,-0.0199999999999999,0.168,0.1666666666666668,-0.0004799999999999,0.26,0.015,0.2,0.0,0.0,0.512,0.3348413333333333,0.0482171519999999,-0.0,,
1630193,Immanuel Quickley,2022-23,24.0,28.9,0.203,0.578,0.1065863272795364,0.6356756756756756,0.0097486741551598,0.7925230662873248,36.8840652213328,4.53,3.9,0.1,0.4333333333333333,0.5666666666666667,0.4745358090185675,0.5,0.0446789189189188,-0.075,-0.2759999999999999,0.128,-0.3694581280788178,0.0207,0.554,0.066,4.8,2.5,0.9,0.3792415169660678,0.3055422541020107,0.0620250775827081,-0.0,,
1630198,Isaiah Joe,2022-23,23.0,19.1,0.17,0.626,0.1138368433136781,0.1636029411764706,0.0079791425941761,1.0,,4.78,0.8,0.2,0.1933333333333333,0.8066666666666666,0.0746003552397868,0.5,0.0339705882352941,-0.02,-0.146,0.15,-0.1176470588235295,0.00292,0.116,0.078,2.0,1.2,0.4,0.1948818897637795,0.3514542156862745,0.0597472166666666,-0.0,,
1630587,Isaiah Livers,2022-23,24.0,23.1,0.117,0.567,0.0677821611651514,0.1502145922746781,0.0027126527601635,1.0,37.45640000967753,4.49,0.8,0.4,0.1066666666666666,0.8933333333333333,0.2791206179441473,1.0,0.0177360515021459,-0.002,-0.3399999999999999,0.115,-0.0170940170940171,0.00068,0.158,0.087,1.2,0.4,0.2,0.2007042253521127,0.3011593848354792,0.035235648025751,-0.0,,
1630191,Isaiah Stewart,2022-23,22.0,28.3,0.17,0.56,0.0499963386925058,0.1106442577030812,0.003504383150497,1.0,37.98569187947707,4.31,1.1,1.5,0.1622222222222222,0.8377777777777777,0.389043271139341,1.0,0.0117114845938375,-0.06,-0.027,0.11,-0.3529411764705882,0.00162,0.205,0.021,0.1,0.1,0.0,0.4547563805104408,0.3081565483971367,0.0523866132275132,-0.0,,
1627826,Ivica Zubac,2022-23,26.0,28.5,0.149,0.661,0.1020169055800933,0.0745967741935483,0.0058674790661703,1.0,36.200681654995506,4.25,1.1,3.9,0.39,0.61,0.4735294117647059,0.0707260534535991,0.0472197580645161,-0.0089999999999999,0.2109999999999999,0.14,-0.0604026845637582,-0.0018989999999999,0.267,0.01,0.0,0.0,0.0,0.8915441176470589,0.357594314516129,0.0532815528629032,-0.0,,
1629630,Ja Morant,2022-23,23.0,31.9,0.338,0.557,0.0866772561241231,0.8305281485780616,0.0170325708896939,0.949425621667989,36.39081397367131,4.44,7.6,0.3,0.9155555555555556,0.0844444444444445,0.8475855388971214,0.382897299835302,0.0673511317469529,0.0419999999999999,-0.107,0.38,0.1242603550295857,-0.004494,0.761,0.043,7.1,3.1,0.9,0.5666666666666667,0.435094492112542,0.1470619383340392,-0.0006713235533894,,
1631095,Jabari Smith Jr.,2022-23,20.0,31.0,0.183,0.514,0.0060105208859226,0.2148541114058355,0.0004705315459218,1.0,36.90509631302034,4.29,1.5,1.5,0.1666666666666666,0.8333333333333334,0.4675734163343861,0.8250150821099507,0.0137320954907161,-0.007,-0.088,0.176,-0.0382513661202186,0.000616,0.275,0.125,3.2,0.8,0.3,0.4327354260089686,0.2778229442970821,0.050841598806366,-0.0,,
1630702,Jaden Hardy,2022-23,20.0,14.8,0.248,0.571,0.0925436157321454,0.5709023941068141,0.0114294145450566,1.0,,4.5,1.7,0.1,0.3266666666666666,0.6733333333333333,0.3063725490196078,0.2839611638643039,0.1094843462246777,0.093,-0.0529999999999999,0.341,0.3750000000000001,-0.0049289999999999,0.404,0.048,2.1,1.2,0.5,0.4294294294294294,0.3505820503376305,0.0869443484837323,-0.0,,
1631093,Jaden Ivey,2022-23,21.0,31.1,0.251,0.528,0.0350266585401034,0.7055606198723792,0.0044046285639247,1.0,37.88832502639935,4.6,4.8,0.5,0.5977777777777779,0.4022222222222221,0.7473970210812315,0.3286849488398594,0.100968094804011,0.001,0.0669999999999999,0.252,0.0039840637450199,6.7e-05,0.611,0.105,5.1,2.3,0.7,0.463768115942029,0.3659165998176846,0.0918450665542388,-0.0,,
1630183,Jaden McDaniels,2022-23,22.0,30.6,0.156,0.611,0.131397965148641,0.2873194221508828,0.0080960939129739,1.0,36.17337826255245,4.67,1.2,0.5,0.1822222222222222,0.8177777777777777,0.5767481122229725,0.5,0.045322632423756,-0.034,-0.118,0.122,-0.2179487179487179,0.004012,0.246,0.055,1.4,0.2,0.1,0.4781382228490832,0.3515203995006242,0.0548371823220973,-0.0,,
1630256,Jae'Sean Tate,2022-23,27.0,21.9,0.178,0.546,0.0795083382389935,0.532803180914513,0.005970939627941,1.0,,4.39,2.4,1.1,0.4088888888888888,0.5911111111111111,0.4,0.8173888901603237,0.0,-0.035,-0.037,0.143,-0.1966292134831461,0.001295,0.582,0.014,0.5,0.2,0.0,0.7074235807860262,0.3657117031146455,0.0650966831544068,-0.0,,
1627751,Jakob Poeltl,2022-23,27.0,26.5,0.18,0.635,0.1241327049786519,0.0510708401976935,0.0094797083654028,1.0,37.70617522373978,4.68,1.4,4.4,0.44,0.5599999999999999,0.3953488372093023,0.2988817426920048,0.0328385502471169,-0.031,0.036,0.149,-0.1722222222222222,-0.001116,0.344,0.025,0.4,0.0,0.0,0.7881773399014779,0.4393162438220758,0.0790769238879736,-0.0,,
1628973,Jalen Brunson,2022-23,26.0,35.0,0.266,0.597,0.1353994844539315,0.8617090671885191,0.0185754552228874,1.021506961508768,37.93497775292943,4.6,8.5,0.7,0.9444444444444444,0.0555555555555555,0.5904336249524532,0.1382188031749072,0.1546314416177429,0.0469999999999999,0.025,0.313,0.1766917293233082,0.001175,0.741,0.122,8.3,2.8,1.1,0.4863157894736842,0.5031991632985782,0.1338509774374218,-0.0,,
1631105,Jalen Duren,2022-23,19.0,24.9,0.139,0.655,0.1692714596112663,0.0596658711217183,0.0087721477814421,1.0,37.43172706780393,4.26,1.0,1.6,0.16,0.84,0.4338983050847457,0.5,0.0415274463007159,-0.009,-0.233,0.13,-0.0647482014388489,0.002097,0.333,0.023,0.2,0.0,0.0,0.806615776081425,0.3795940811455848,0.0527635772792362,-0.0,,
1630224,Jalen Green,2022-23,21.0,34.2,0.274,0.538,0.0597766629151677,0.7062146892655368,0.0085734873369993,1.0,37.3369576457073,4.66,4.9,0.2,0.5444444444444445,0.4555555555555555,0.6929709242336419,0.5060684230091401,0.0772810734463277,-0.015,0.007,0.259,-0.0547445255474453,-0.000105,0.576,0.096,7.3,4.0,1.3,0.4974207811348563,0.3727662821720026,0.1021379613151287,-0.0,,
1630188,Jalen Smith,2022-23,23.0,18.8,0.201,0.565,0.0211035308363783,0.0457875457875457,0.0019017315406004,1.0,,4.73,0.7,1.3,0.1688888888888889,0.8311111111111111,0.2,1.0,0.0243589743589743,-0.069,0.1130000000000001,0.132,-0.3432835820895522,-0.007797,0.207,0.037,0.4,0.1,0.0,0.5,0.2966879772079772,0.0596342834188034,-0.0,,
1630591,Jalen Suggs,2022-23,22.0,23.5,0.196,0.528,0.0628799825082056,0.5578124999999999,0.0054562783709931,1.0,36.48188975503979,4.47,2.6,0.3,0.3977777777777777,0.6022222222222222,0.5913127413127413,0.4402195989656,0.0298875,0.0449999999999999,0.0699999999999999,0.241,0.2295918367346938,0.0031499999999999,0.543,0.084,2.9,1.7,0.5,0.3910112359550561,0.3495230694444444,0.0685065216111111,-0.0,,
1631114,Jalen Williams,2022-23,22.0,30.3,0.18,0.601,0.1206630036549239,0.5369738339021616,0.0092147358372552,1.0,36.34953527497773,5.04,2.7,0.8,0.3377777777777778,0.6622222222222223,0.6830188679245284,0.359904028906256,0.0660978384527872,-0.0239999999999999,-0.006,0.156,-0.1333333333333333,0.000144,0.498,0.045,2.0,0.4,0.1,0.5768261964735516,0.3745123347238023,0.0674122202502844,-0.0,,
1627750,Jamal Murray,2022-23,26.0,32.8,0.256,0.571,0.1002158811346814,0.7003284072249589,0.0129806517086737,1.091252637502961,36.46770938023491,4.61,5.7,1.3,0.6333333333333333,0.3666666666666667,0.4473078770413063,0.2790344525381889,0.1002750410509031,0.0299999999999999,-0.0259999999999999,0.286,0.1171874999999998,-0.0007799999999999,0.571,0.146,8.5,3.8,1.5,0.3797381116471399,0.4618579100491248,0.1182356249725759,-0.0,,
201935,James Harden,2022-23,33.0,36.8,0.247,0.607,0.1057040911112902,0.8121410992616899,0.0129758921199914,0.8922788149940131,37.44627911727704,3.84,8.6,0.5,0.9755555555555556,0.0244444444444444,0.7233172249979521,0.27924711355858,0.0755537325676784,0.001,-0.0659999999999999,0.248,0.0040485829959514,-6.6e-05,0.747,0.059,7.6,5.3,2.0,0.5185185185185185,0.4925701780731554,0.1216648339840693,-0.0,,
1630164,James Wiseman,2022-23,22.0,19.3,0.212,0.589,0.0966303299542292,0.036144578313253,0.0094322923674801,1.0,,4.47,0.8,3.1,0.31,0.69,0.2,0.5,0.0219036144578313,-0.0839999999999999,0.176,0.128,-0.3962264150943396,-0.014784,0.275,0.053,0.6,0.0,0.0,0.7315634218289085,0.3825831325301205,0.0811076240963855,-0.0,,
1628991,Jaren Jackson Jr.,2022-23,23.0,28.4,0.243,0.613,0.1137656154978105,0.2542759407069555,0.0136276330608146,0.8078482622410674,35.831777388166124,4.44,1.4,3.5999999999999996,0.36,0.64,0.8257870110424854,0.5,0.0237730900798175,-0.061,-0.0809999999999999,0.182,-0.2510288065843621,0.0049409999999999,0.317,0.003,0.7,0.4,0.1,0.6187845303867403,0.318263160100856,0.077337947904508,-0.0,,
1629020,Jarred Vanderbilt,2022-23,24.0,24.1,0.136,0.604,0.12299002646303,0.1136842105263157,0.0061684813712806,0.0,36.49449328656114,4.55,1.1,0.8,0.2977777777777778,0.7022222222222222,0.3862068965517241,0.5,0.0190105263157894,-0.017,-0.2279999999999999,0.119,-0.1250000000000001,0.003876,0.283,0.003,0.2,0.0,0.0,0.6027397260273972,0.2565037286549708,0.034884507097076,-0.0,,
1628386,Jarrett Allen,2022-23,25.0,32.6,0.162,0.67,0.1735497286751246,0.0147453083109919,0.0113160917715595,1.0,36.94176390300509,4.04,1.1,3.5,0.35,0.65,0.4152173913043478,0.5,0.0099235924932975,-0.065,-0.131,0.097,-0.4012345679012346,0.008515,0.226,0.027,0.1,0.0,0.0,0.7326283987915407,0.3897174932975871,0.0631342339142091,-0.0,,
1629637,Jaxson Hayes,2022-23,23.0,13.0,0.149,0.605,0.0717341060938246,0.0476190476190476,0.0041257707577251,1.0,,4.34,0.4,0.7,0.1955555555555555,0.8044444444444445,0.2,1.0,0.0279047619047619,-0.0549999999999999,0.176,0.094,-0.3691275167785234,-0.00968,0.209,0.009,0.0,0.0,0.0,0.6410256410256411,0.3336169312169311,0.0497089227513227,-0.0,,
1627759,Jaylen Brown,2022-23,26.0,35.9,0.307,0.581,0.1083417989596677,0.5509693558474047,0.0184290778978761,0.9625773182065652,37.21102744391682,4.33,3.7,1.6,0.4111111111111111,0.5888888888888888,0.6094518038034664,0.5,0.0027667292057536,-0.061,-0.0469999999999999,0.246,-0.1986970684039088,0.0028669999999999,0.473,0.108,6.4,2.6,0.8,0.5348970251716247,0.4158190417334306,0.1276564458121632,-2.372486695506194e-05,,
1631119,Jaylin Williams,2022-23,21.0,18.7,0.133,0.559,0.0356101671184313,0.0236966824644549,0.0017272351729541,1.0,,4.37,0.9,0.7,0.2422222222222222,0.7577777777777778,0.1160714285714285,0.9500000000000002,0.0127251184834123,-0.03,0.3129999999999999,0.103,-0.2255639097744361,-0.00939,0.108,0.083,0.1,0.0,0.0,0.2692307692307692,0.3256329541864139,0.043309182906793,-0.0,,
1628369,Jayson Tatum,2022-23,25.0,36.9,0.319,0.607,0.1111061864986087,0.5564356435643565,0.0200181650702776,1.0303692571134495,36.97446890578593,4.11,4.8,3.5,0.5333333333333333,0.4666666666666667,0.7695788708888004,0.3743679442054239,0.0915287128712871,0.0259999999999999,-0.1129999999999999,0.345,0.0815047021943572,-0.0029379999999999,0.442,0.05,6.9,4.8,1.4,0.5929699439633215,0.3855071436389869,0.1229767788208368,-0.0001857319211463,,
203924,Jerami Grant,2022-23,29.0,35.6,0.227,0.606,0.0924521313085974,0.3330170777988614,0.0099989803115688,1.0,36.92491381221518,4.26,2.2,1.6,0.2444444444444444,0.7555555555555555,0.7601495637723308,0.4154239486521313,0.0536688804554079,-0.037,-0.03,0.19,-0.1629955947136564,0.00111,0.29,0.095,2.8,0.4,0.2,0.4753559693318729,0.3430504743833016,0.0778724576850094,-0.0,,
1630526,Jeremiah Robinson-Earl,2022-23,22.0,18.9,0.143,0.548,0.0027242372423979,0.0324543610547667,0.0001473156824393,1.0,,5.04,0.6,0.4,0.1533333333333333,0.8466666666666667,0.2,0.9967040010633552,0.0164543610547667,-0.0349999999999999,-0.048,0.108,-0.2447552447552447,0.00168,0.136,0.034,0.1,0.0,0.0,0.4274193548387097,0.2828813184584178,0.0404520285395537,-0.0,,
1631110,Jeremy Sochan,2022-23,20.0,26.0,0.195,0.509,0.0102193510913593,0.3403361344537815,0.0008799849342173,1.0,37.602483268239894,4.9,2.2,1.2,0.2933333333333333,0.7066666666666667,0.6545454545454545,1.0,0.0606064425770308,-0.0559999999999999,-0.037,0.139,-0.2871794871794871,0.002072,0.356,0.059,1.4,0.3,0.1,0.6132596685082873,0.3028945004668534,0.0590644275910364,-0.0,,
1630579,Jericho Sims,2022-23,24.0,15.6,0.074,0.78,0.3357064756858681,0.0112994350282485,0.0067578305583766,1.0,,4.48,0.4,0.3,0.0977777777777777,0.9022222222222224,0.2,0.0095198720336934,0.0094350282485875,0.008,0.2339999999999999,0.082,0.1081081081081082,0.001872,0.289,0.0,0.1,0.0,0.0,0.7102803738317757,0.4531434400502196,0.0335326145637162,-0.0,,
202710,Jimmy Butler III,2022-23,33.0,33.4,0.248,0.647,0.1474971092206259,0.6163021868787276,0.0182163360718404,0.7986120240493381,37.30913591724864,4.17,4.6,2.3,0.5866666666666667,0.4133333333333333,1.0,0.1600129252775654,0.1029025844930417,0.1079999999999999,-0.04,0.356,0.4354838709677419,-0.00432,0.599,0.104,3.5,0.5,0.1,0.6796992481203008,0.4077913067648291,0.1011322440776776,-0.0,,
203954,Joel Embiid,2022-23,29.0,34.6,0.37,0.655,0.128513954598807,0.3294329432943294,0.0289236351032005,0.8535657949128292,37.862984050671095,3.69,3.1,11.1,1.0,0.0,0.9177710843373494,0.1337205266813203,0.0512619261926192,0.008,-0.018,0.378,0.0216216216216216,-0.000144,0.374,0.157,7.0,1.2,0.3,0.4888588791357191,0.4765747682876396,0.1763326642664266,-0.0020747836353905,,
1628381,John Collins,2022-23,25.0,30.0,0.168,0.593,0.0477678904310569,0.0699708454810495,0.0032892734880821,1.0,36.97463866601049,4.31,1.2,2.8,0.2799999999999999,0.72,0.3232673267326732,1.0,0.0400233236151603,-0.052,-0.0479999999999999,0.116,-0.3095238095238095,0.0024959999999999,0.175,0.097,0.9,0.1,0.0,0.5058670143415906,0.3583216326530612,0.0601980342857142,-0.0,,
202322,John Wall,2022-23,32.0,22.2,0.259,0.497,0.0250625580362782,0.6858108108108109,0.0033035055575302,1.0,,3.99,5.2,0.2,0.8444444444444444,0.1555555555555555,0.2861356932153392,1.0,0.0970304054054054,-0.134,-0.1639999999999999,0.125,-0.5173745173745173,0.021976,0.667,0.13,3.1,0.6,0.0,0.4497041420118343,0.4149719594594595,0.1074777375,-0.0,,
202685,Jonas Valančiūnas,2022-23,31.0,24.9,0.229,0.61,0.1065552634988316,0.0940397350993377,0.0116769153236209,1.0,36.36064221757001,4.24,1.5,4.800000000000001,0.4800000000000001,0.5199999999999999,0.3631067961165048,0.5,0.0055536423841059,-0.102,0.141,0.127,-0.4454148471615721,-0.014382,0.386,0.081,0.4,0.0,0.0,0.6368098159509202,0.4354503046357615,0.0997181197615894,-0.0,,
203903,Jordan Clarkson,2022-23,31.0,32.6,0.273,0.558,0.0843611402655782,0.6404744255003707,0.0120333462067734,1.0,36.50090395353707,4.65,3.9,0.7,0.4644444444444444,0.5355555555555556,0.4498820585517593,0.1897813883421141,0.0063661971830986,0.0549999999999999,0.0429999999999999,0.328,0.2014652014652014,0.0023649999999999,0.605,0.049,6.0,3.5,1.2,0.5524271844660195,0.3760940845070422,0.1026736850704225,-0.0,,
1630692,Jordan Goodwin,2022-23,24.0,17.8,0.165,0.531,0.0842839511293608,0.5754923413566739,0.0056489899609224,1.0,,4.79,2.7,0.1,0.4888888888888889,0.5111111111111111,0.255863539445629,0.5,0.0221859956236324,-0.071,0.1959999999999999,0.094,-0.4303030303030303,-0.0139159999999999,0.608,0.108,1.9,0.6,0.2,0.4815864022662889,0.386972647702407,0.0638504868708971,-0.0,,
1629670,Jordan Nwora,2022-23,24.0,19.2,0.187,0.561,0.108296183785065,0.3617424242424242,0.0087574075796438,1.0,,4.68,1.0,0.2,0.2377777777777777,0.7622222222222222,0.2696629213483146,0.5,0.079590909090909,0.008,-0.2750000000000001,0.195,0.0427807486631016,-0.0022,0.273,0.07,1.6,0.7,0.2,0.4134831460674157,0.3493065151515151,0.0653203183333333,-0.0,,
1629673,Jordan Poole,2022-23,24.0,30.0,0.282,0.573,0.0698873906049039,0.5575,0.0104658013680135,0.7291327861423956,36.807758388015216,4.72,4.6,0.7,0.52,0.48,0.5957505718069098,0.7561789637148635,0.0578499999999999,-0.0029999999999999,-0.0769999999999999,0.279,-0.0106382978723402,0.0002309999999999,0.455,0.073,5.8,3.5,1.0,0.4373657838224767,0.3069411101654846,0.0865573930666666,-0.0,,
1630631,Jose Alvarado,2022-23,25.0,21.5,0.191,0.525,0.0521738922329817,0.4452773613193403,0.0043551517058937,1.0,37.06926818272746,4.7,3.3,0.2,0.4422222222222222,0.5577777777777777,0.4424437627811861,1.0,0.0197571214392803,-0.0549999999999999,0.031,0.136,-0.287958115183246,-0.001705,0.388,0.015,1.2,0.5,0.2,0.4151329243353783,0.3607306979843412,0.0688995633150091,-0.0,,
1630581,Josh Giddey,2022-23,20.0,31.1,0.239,0.533,0.0840289267066369,0.5599662162162162,0.0098180596828854,1.0,36.8063397089913,4.75,4.4,0.9,0.6511111111111111,0.3488888888888889,0.5316923716051305,0.4496216397972815,0.0469459459459459,-0.0269999999999999,-0.096,0.212,-0.1129707112970711,0.002592,0.557,0.04,2.4,0.3,0.1,0.6270125223613596,0.4301590690690691,0.1028080175075075,-0.0,,
1630182,Josh Green,2022-23,22.0,25.7,0.14,0.645,0.1513518548769377,0.3038793103448275,0.0079282950012312,1.0,37.00695283575201,4.58,1.6,0.5,0.2133333333333333,0.7866666666666666,0.6612565445026177,0.5,0.0159633620689655,-0.041,-0.175,0.099,-0.2928571428571428,0.007175,0.224,0.033,0.5,0.1,0.0,0.4109947643979058,0.3719088936781609,0.0520672451149425,-0.0,,
1628404,Josh Hart,2022-23,28.0,32.3,0.124,0.622,0.174615946318392,0.3992015968063872,0.0076245888501239,0.9040844543597484,37.0415653449348,4.33,2.0,0.2,0.3422222222222222,0.6577777777777778,0.8058823529411765,0.2989218825000244,0.018878243512974,-0.03,-0.051,0.094,-0.2419354838709677,0.00153,0.433,0.019,0.8,0.2,0.0,0.5130293159609121,0.3643569127595981,0.0451802571821901,-0.0,,
1629006,Josh Okogie,2022-23,24.0,18.8,0.174,0.531,0.0324060897954758,0.2357142857142857,0.0023520714127417,0.0,,4.36,0.9,0.2,0.2311111111111111,0.768888888888889,0.3115942028985507,0.5817330137589345,0.0343452380952381,0.031,-0.025,0.205,0.1781609195402299,-0.000775,0.352,0.034,0.9,0.4,0.1,0.3813747228381374,0.1811272222222222,0.0315161366666666,-0.0,,
1626196,Josh Richardson,2022-23,29.0,23.5,0.18,0.555,0.0881017087756521,0.3410404624277456,0.0067281100966136,1.0,36.645201303914234,4.77,2.3,0.1,0.3555555555555555,0.6444444444444444,0.2777150138033552,0.5,0.0237919075144508,-0.0429999999999999,0.0159999999999999,0.137,-0.2388888888888888,-0.0006879999999999,0.351,0.153,2.9,0.5,0.2,0.3339449541284404,0.3702077071290944,0.066637387283237,-0.0,,
201950,Jrue Holiday,2022-23,33.0,32.6,0.244,0.586,0.1573240971374633,0.7646586345381526,0.0189618186014696,0.7921612147403507,36.79662537405303,4.55,6.1,1.0,0.7133333333333334,0.2866666666666666,0.4385256741992984,0.0530676517447395,0.0863614457831325,0.026,0.1,0.27,0.1065573770491804,0.0026,0.694,0.105,7.3,4.3,1.5,0.4232851985559567,0.4029400118208683,0.0983173628842918,-0.0,,
1629308,Juan Toscano-Anderson,2022-23,30.0,13.5,0.109,0.505,0.0690013718340901,1.0,0.002483118651494,1.0,,4.86,0.7,0.2,0.2711111111111111,0.7288888888888889,0.4,0.935066845360094,0.0,-0.0409999999999999,0.537,0.068,-0.3761467889908256,-0.022017,0.297,0.052,0.3,0.1,0.0,0.5944055944055944,0.2946777777777778,0.0321198777777777,-0.0,,
203944,Julius Randle,2022-23,28.0,35.5,0.288,0.581,0.0995443680114399,0.4484339190221542,0.0153852807387457,0.6756077598617909,37.32785078062531,4.19,3.5,3.6,0.4088888888888888,0.5911111111111111,0.6951612903225806,0.2920578503152684,0.0266906035141328,-0.0219999999999999,-0.0619999999999999,0.266,-0.0763888888888887,0.0013639999999999,0.495,0.085,6.6,3.0,1.0,0.4214195183776932,0.295915931215701,0.0852237881901218,-0.0,,
203200,Justin Holiday,2022-23,34.0,15.4,0.132,0.494,-0.0073555635758639,0.0794117647058823,-0.0003527579826944,1.0,,4.67,0.5,0.1,0.1777777777777777,0.8222222222222222,0.0784313725490196,1.0,0.0410558823529411,-0.055,0.256,0.077,-0.4166666666666667,-0.01408,0.104,0.078,1.1,0.5,0.2,0.2794117647058823,0.2802782026143791,0.036996722745098,-0.0,,
1626159,Justise Winslow,2022-23,27.0,26.8,0.139,0.466,-0.0051068547934295,0.2655038759689923,-0.0002646523226609,1.0,,4.27,3.1,0.5,0.3933333333333333,0.6066666666666667,0.4,1.0,0.0397267441860465,-0.061,-0.248,0.078,-0.4388489208633094,0.015128,0.358,0.041,1.0,0.0,0.0,0.5353535353535354,0.3206570348837209,0.0445713278488372,-0.0,,
203994,Jusuf Nurkić,2022-23,28.0,26.8,0.218,0.589,0.0876017740478965,0.2050898203592814,0.0089165662696857,1.0,36.93458252167593,4.12,1.5,4.6,0.4599999999999999,0.54,0.8577319587628867,0.4350186240560457,0.0242005988023952,-0.043,0.058,0.175,-0.1972477064220184,-0.002494,0.34,0.026,0.2,0.1,0.0,0.693069306930693,0.4079235628742515,0.0889273367065868,-0.0,,
1630231,KJ Martin,2022-23,22.0,28.0,0.16,0.635,0.1421509753580866,0.0949367088607595,0.0090976624229175,1.0,37.111392611879126,3.9,0.9,1.3,0.1755555555555555,0.8244444444444444,0.3840909090909091,0.3430432445137156,0.0160443037974683,-0.008,-0.0779999999999999,0.152,-0.05,0.000624,0.19,0.0,0.1,0.1,0.0,0.5861111111111111,0.3667472925457102,0.0586795668073136,-0.0,,
1626157,Karl-Anthony Towns,2022-23,27.0,33.0,0.25,0.618,0.1014011550386538,0.1869658119658119,0.0126751443798317,1.8692087906219128,,4.13,2.2,3.3,0.5,0.5,0.2546728971962617,0.4296880731721733,0.0336559829059829,0.019,-0.1089999999999999,0.269,0.076,-0.002071,0.297,0.083,1.6,0.6,0.2,0.4989561586638831,0.3896274038461539,0.0974068509615384,-0.0,,
202695,Kawhi Leonard,2022-23,32.0,33.6,0.267,0.623,0.1587932121870133,0.6445131375579598,0.0219078029535621,1.0744865221200874,36.85334494822919,4.48,3.9,3.0,0.4333333333333333,0.5666666666666667,0.5602263408233557,0.185107130703462,0.0383230293663059,0.0569999999999999,-0.0659999999999999,0.324,0.2134831460674157,-0.0037619999999999,0.594,0.207,8.4,2.1,0.8,0.4437158469945355,0.5201473814483792,0.1388793508467172,-0.0,,
1631099,Keegan Murray,2022-23,22.0,29.8,0.156,0.597,0.1241755481810423,0.0933997509339975,0.0076510842358287,1.0005537214991131,36.97516327187908,4.76,1.0,0.4,0.1177777777777777,0.8822222222222222,0.1708290095699296,0.5,0.0108717310087173,-0.091,-0.034,0.065,-0.5833333333333334,0.003094,0.136,0.029,1.1,0.4,0.2,0.294047619047619,0.2870905660789583,0.0447861283083174,-0.0,,
1628966,Keita Bates-Diop,2022-23,27.0,21.7,0.165,0.609,0.1302981942765681,0.2415254237288135,0.0087330171584498,1.0,36.43680975323938,4.8,0.9,0.8,0.22,0.78,0.7826086956521738,0.3223876948287205,0.0290127118644067,-0.024,0.0979999999999999,0.141,-0.1454545454545456,-0.002352,0.271,0.009,0.5,0.1,0.0,0.6284403669724771,0.3647722457627119,0.0601874205508474,-0.0,,
1629640,Keldon Johnson,2022-23,23.0,32.8,0.273,0.551,0.0768755525629395,0.4634946677604594,0.0109655954852511,1.0,37.29567888886681,4.69,2.8,1.1,0.3111111111111111,0.6888888888888889,0.6930634869873756,0.5124813131936845,0.0298096800656275,0.0259999999999999,-0.046,0.299,0.0952380952380951,-0.0011959999999999,0.386,0.033,2.9,1.3,0.3,0.5760667903525046,0.3429803208458664,0.0936336275909215,-0.0,,
203482,Kelly Olynyk,2022-23,32.0,28.6,0.176,0.643,0.1143059232518098,0.1937716262975778,0.0084399084848148,1.0,36.94395763856919,4.5,2.0,0.8999999999999999,0.3844444444444444,0.6155555555555556,0.7884047817138853,0.3800590388040546,0.0254065743944636,-0.0259999999999999,-0.027,0.15,-0.1477272727272727,0.000702,0.248,0.028,1.1,0.4,0.2,0.414721723518851,0.4060530046136101,0.0714653288119953,-0.0,,
1626162,Kelly Oubre Jr.,2022-23,27.0,32.2,0.257,0.534,0.0651150203427507,0.3726003490401395,0.0084836133250555,1.0,,4.49,1.7,1.0,0.1888888888888888,0.8111111111111111,0.3052503052503053,1.0,0.0,-0.1,0.027,0.157,-0.3891050583657587,-0.0027,0.346,0.066,3.8,1.5,0.5,0.5379901960784313,0.3092195220089199,0.0794694171562924,-0.0,,
1629026,Kenrich Williams,2022-23,28.0,22.8,0.134,0.585,0.1373928679920799,0.217564870259481,0.0067394023776951,1.0,36.57436064422488,4.64,1.0,0.7999999999999999,0.26,0.74,0.5049533125833702,0.5,0.0466107784431137,-0.049,0.288,0.085,-0.3656716417910448,-0.014112,0.246,0.094,1.2,0.3,0.1,0.4335260115606936,0.3826552095808383,0.0512757980838323,-0.0,,
203484,Kentavious Caldwell-Pope,2022-23,30.0,31.3,0.136,0.598,0.1518644887046947,0.1625441696113074,0.0076166604437276,0.4994419076610856,36.45176936659055,4.12,1.2,0.6,0.2044444444444444,0.7955555555555556,0.4227809974073507,0.499185045835167,0.0108409893992932,-0.048,-0.1639999999999999,0.088,-0.3529411764705883,0.007872,0.116,0.136,2.3,0.7,0.2,0.3236775818639798,0.322461981416045,0.0438548294725821,-0.0,,
201142,Kevin Durant,2022-23,34.0,35.6,0.305,0.677,0.1981360231488093,0.5972540045766591,0.0333743795693726,0.8323735878692685,,3.98,4.0,4.1,0.5066666666666667,0.4933333333333333,0.1218097447795822,0.1687024406503541,0.0274294431731503,0.017,-0.065,0.322,0.0557377049180328,-0.001105,0.499,0.268,10.0,2.1,0.8,0.6447733580018501,0.4098237455377575,0.124996242389016,-1.2254406361556084e-05,,
1628989,Kevin Huerter,2022-23,24.0,29.4,0.197,0.617,0.1575333253819173,0.2204928664072633,0.0137743711195546,0.8610895646181869,36.9275582794052,4.82,1.6,0.6,0.3044444444444444,0.6955555555555555,0.3413635907219599,0.0902744181031386,0.0137522697795071,-0.002,0.031,0.195,-0.0101522842639593,-6.200000000000011e-05,0.224,0.061,3.5,2.1,0.9,0.3496801705756929,0.2551904438075255,0.0502725174300825,-0.0,,
1628995,Kevin Knox II,2022-23,23.0,15.1,0.175,0.579,0.0892921844434771,0.1844919786096256,0.0065368801230044,1.0,,4.65,0.6,0.1,0.1177777777777777,0.8822222222222222,0.2740963855421687,0.5,0.0325267379679144,-0.0679999999999999,0.101,0.107,-0.3885714285714285,-0.006868,0.204,0.048,1.0,0.4,0.1,0.3091482649842271,0.3143600564468211,0.0550130098781936,-0.0,,
201567,Kevin Love,2022-23,34.0,20.0,0.185,0.548,0.0027825914060571,0.0575539568345323,0.0002214149963316,1.0,37.98236453641885,3.99,1.1,0.7,0.2911111111111111,0.7088888888888889,0.1948529411764705,1.0,0.0298129496402877,-0.0579999999999999,-0.446,0.127,-0.3135135135135135,0.025868,0.206,0.055,1.0,0.7,0.2,0.283609576427256,0.3364459072741806,0.0622424928457234,-0.0,,
1629645,Kevin Porter Jr.,2022-23,23.0,34.3,0.239,0.565,0.1063837022248882,0.7843137254901961,0.0124300235486379,1.0,37.652485301298015,4.31,6.9,0.3,0.7666666666666667,0.2333333333333332,0.5760633484162896,0.3988323422317315,0.1601945098039216,-0.0079999999999999,-0.0959999999999999,0.231,-0.0334728033472802,0.0007679999999999,0.696,0.074,7.3,4.4,1.5,0.4377828054298642,0.4609281830065359,0.110161835738562,-0.0,,
1626172,Kevon Looney,2022-23,27.0,23.9,0.104,0.639,0.1423205642250068,0.0302197802197802,0.0047732882981275,1.0,36.71296156082646,4.2,1.0,1.2000000000000002,0.3022222222222222,0.6977777777777778,0.4425531914893617,0.5,0.0196428571428571,-0.0109999999999999,-0.198,0.093,-0.1057692307692307,0.0021779999999999,0.331,0.035,0.1,0.0,0.0,0.782312925170068,0.3738093284493284,0.0388761701587301,-0.0,,
203114,Khris Middleton,2022-23,31.0,24.3,0.259,0.551,0.0736620295589793,0.6216494845360825,0.0097094208689633,1.235545485832282,,4.53,3.2,1.5,0.6399999999999999,0.3600000000000001,0.1551724137931034,1.0,0.0,-0.098,-0.233,0.161,-0.3783783783783784,0.022834,0.588,0.209,5.9,2.5,0.8,0.4451219512195122,0.4968557525773197,0.1286856399175258,-0.0,,
1630165,Killian Hayes,2022-23,21.0,28.3,0.201,0.455,0.0087367070389819,0.6935817805383023,0.0007873029146562,1.0,37.77697730706545,4.42,5.5,0.3,0.7222222222222222,0.2777777777777778,0.2842194150605364,0.4986518902277626,0.0291045548654244,0.0,0.0479999999999999,0.201,0.0,0.0,0.697,0.17,5.5,1.2,0.3,0.3771929824561403,0.3727710777547734,0.0749269866287094,-0.0,,
202691,Klay Thompson,2022-23,33.0,33.0,0.256,0.576,0.1114644640296459,0.2079131109387121,0.014437645701267,1.1233606656468764,36.84271808046575,4.68,1.7,1.0,0.2333333333333333,0.7666666666666667,0.2122288316594001,0.5,0.0266097750193948,-0.018,-0.1449999999999999,0.238,-0.0703125,0.00261,0.183,0.139,6.2,2.7,1.1,0.4134154688569473,0.3306030229480889,0.0846343738747107,-0.0,,
1627739,Kris Dunn,2022-23,29.0,25.8,0.195,0.606,0.1530123778707483,0.8224513172966781,0.0131758451266907,1.0,,4.73,5.1,0.2,0.7,0.3,0.33184855233853,0.5,0.067238258877434,-0.085,0.193,0.11,-0.4358974358974359,-0.016405,0.741,0.007,1.0,0.3,0.2,0.7592592592592593,0.480047479954181,0.0936092585910653,-0.0,,
204001,Kristaps Porziņģis,2022-23,27.0,32.6,0.272,0.627,0.109190549126849,0.1036217303822937,0.0154895359211309,1.0,37.58511623062119,4.13,1.8,6.5,0.65,0.35,0.3496940422709696,0.5,0.0078410462776659,-0.067,-0.064,0.205,-0.2463235294117648,0.004288,0.29,0.117,3.6,0.6,0.2,0.5569744597249509,0.4868811368209255,0.1324316692152917,-0.0,,
203937,Kyle Anderson,2022-23,29.0,28.4,0.143,0.583,0.12167657194287,0.511066398390342,0.0065797746810291,0.9828224074188816,36.696941239322655,4.33,2.4,0.6,0.5,0.5,0.6444444444444444,0.5,0.0575895372233399,-0.0519999999999999,-0.0809999999999999,0.091,-0.3636363636363636,0.0042119999999999,0.417,0.034,1.1,0.2,0.1,0.5733590733590733,0.417010814889336,0.059632546529175,-0.0,,
1628398,Kyle Kuzma,2022-23,27.0,35.0,0.273,0.544,0.0827877763107674,0.4733637747336377,0.0118089202078136,1.0,37.13171828755482,4.44,3.3,0.9,0.3666666666666666,0.6333333333333333,0.4972490603907986,0.4779449315123082,0.0188477929984779,-0.039,-0.116,0.234,-0.1428571428571428,0.004524,0.436,0.057,4.5,2.3,0.7,0.4719789842381786,0.3609040081177067,0.0985267942161339,-0.0,,
200768,Kyle Lowry,2022-23,37.0,31.2,0.162,0.565,0.0449148431143732,0.4386206896551723,0.0029286158524562,0.999381704265864,36.81518986332792,3.99,4.1,0.1,0.5177777777777778,0.4822222222222222,0.503795688847235,0.5820671613281747,0.019375172413793,-0.012,0.015,0.15,-0.0740740740740741,-0.00018,0.454,0.046,3.0,1.9,0.7,0.3444613050075872,0.3549127803191929,0.0574958704117092,-0.0,,
202681,Kyrie Irving,2022-23,31.0,37.3,0.286,0.613,0.1443474977534604,0.6778816199376948,0.0220779278390511,1.0,37.16119800598111,4.27,5.7,1.2,0.6333333333333333,0.3666666666666667,0.4724656021637446,0.1784329831257609,0.0169819314641743,0.076,0.027,0.362,0.2657342657342658,0.002052,0.64,0.129,9.3,4.4,1.7,0.4879467996674979,0.4655147559709243,0.1331372202076843,-0.0,,
1630163,LaMelo Ball,2022-23,21.0,35.2,0.289,0.541,0.0841075020313482,0.6193625977149729,0.013067168727303,1.0,,4.94,7.4,0.1,0.8222222222222223,0.1777777777777777,0.2080443828016642,0.5,0.0805868911605532,-0.0609999999999999,0.0219999999999999,0.228,-0.2110726643598615,-0.0013419999999999,0.554,0.079,8.2,5.1,1.8,0.3411927877947295,0.4695986102759404,0.1357139983697467,-0.0,,
1629013,Landry Shamet,2022-23,26.0,20.2,0.186,0.537,0.0764749076302393,0.3339253996447602,0.0061346300468964,1.2495015286454871,,5.06,1.8,0.2,0.3711111111111111,0.6288888888888888,0.1666666666666666,1.0,0.0677335701598579,0.002,-0.204,0.188,0.010752688172043,-0.000408,0.212,0.04,2.5,1.6,0.5,0.3739130434782609,0.4190351786066706,0.0779405432208407,-0.0,,
1626204,Larry Nance Jr.,2022-23,30.0,21.2,0.118,0.649,0.1526912049037446,0.0409356725146198,0.0061892358599123,1.0,36.912203156154135,4.28,0.9,1.5,0.26,0.74,0.3531914893617021,0.3306015133224499,0.0273040935672514,0.006,-0.1119999999999999,0.124,0.0508474576271186,-0.000672,0.22,0.023,0.2,0.0,0.0,0.6491803278688525,0.4030084210526315,0.0475549936842105,-0.0,,
1628374,Lauri Markkanen,2022-23,26.0,34.4,0.259,0.64,0.1450663625348747,0.1763358778625954,0.0191212538700546,1.0,36.14864187019308,4.45,1.9,3.1,0.31,0.69,0.7035212156397506,0.261522768341125,0.019967175572519,-0.014,-0.01,0.245,-0.0540540540540541,0.00014,0.25,0.039,2.2,0.8,0.2,0.4829694323144105,0.4054665,0.1050158235,-0.0,,
2544,LeBron James,2022-23,38.0,35.5,0.322,0.583,0.1144502893514152,0.5418304323413812,0.0209122471300141,0.9569183794388528,36.15020750124948,4.07,5.7,4.2,0.6844444444444444,0.3155555555555556,0.6962774094849565,0.1959754277825458,0.0417782144862436,0.02,-0.0229999999999999,0.342,0.062111801242236,-0.0004599999999999,0.558,0.093,6.5,2.8,0.9,0.4702380952380952,0.4518951063502343,0.1455102242447754,-0.0002168827685264,,
1629022,Lonnie Walker IV,2022-23,24.0,23.2,0.198,0.57,0.0863444729407233,0.3709449929478138,0.0076073312651537,1.166192004720962,36.530612303547485,4.22,1.3,0.3,0.1577777777777777,0.8422222222222222,0.5139004400662117,0.5,0.066428772919605,-0.101,-0.1989999999999999,0.097,-0.51010101010101,0.0200989999999999,0.292,0.083,2.2,0.8,0.2,0.3728522336769759,0.3153429496995016,0.0624379040405013,-0.0,,
1629652,Luguentz Dort,2022-23,24.0,30.7,0.194,0.513,0.0215377539071748,0.3584499461786868,0.0018403609318161,1.0,36.67309207823017,4.56,1.9,0.2,0.2111111111111111,0.7888888888888889,0.7167569456578717,0.97354513487053,0.023032292787944,-0.042,0.02,0.152,-0.2164948453608247,-0.00084,0.339,0.03,1.6,0.9,0.3,0.4478808705612829,0.2894360004784117,0.0561505840928118,-0.0,,
1629029,Luka Dončić,2022-23,24.0,36.2,0.368,0.609,0.1584512670873872,0.8991323210412148,0.0353726375837996,1.0,36.79375669480721,4.04,9.1,3.6,1.0,0.0,0.7901185770750987,0.3205665215263015,0.0101832971800434,-0.0409999999999999,-0.0679999999999999,0.327,-0.1114130434782608,0.0027879999999999,0.847,0.085,11.6,7.0,2.4,0.4927536231884058,0.5628167028199565,0.207116546637744,-0.0015591355661605,,
1630201,Malachi Flynn,2022-23,25.0,13.0,0.168,0.479,0.0011583935006734,0.5165745856353592,7.97664078557332e-05,1.0,,4.57,1.8,0.0,0.3222222222222222,0.6777777777777778,0.1652892561983471,1.0,0.1166381215469613,-0.077,-0.479,0.091,-0.4583333333333333,0.036883,0.356,0.057,1.7,0.8,0.2,0.3264462809917355,0.2924503529772867,0.0491316593001841,-0.0,,
1631103,Malaki Branham,2022-23,20.0,23.5,0.188,0.524,0.0597076224303285,0.4407514450867051,0.0048670583365458,1.0,36.629191931466615,4.92,2.1,0.3,0.2488888888888888,0.7511111111111111,0.3451755427811297,0.8556164225496269,0.0227875722543352,-0.0189999999999999,-0.007,0.169,-0.1010638297872339,0.000133,0.383,0.131,2.8,0.7,0.2,0.4561101549053356,0.317350427103404,0.0596618802954399,-0.0,,
1627763,Malcolm Brogdon,2022-23,30.0,26.0,0.223,0.615,0.1399670862130317,0.6805708013172339,0.014739515776059,0.98697671548969,37.14136439107188,4.4,4.0,0.3,0.4955555555555555,0.5044444444444445,0.5732039905750237,0.5,0.0906212952799121,-0.079,0.1989999999999999,0.144,-0.3542600896860987,-0.015721,0.54,0.082,3.9,2.0,0.9,0.4224137931034483,0.4016365500182949,0.0895649506540797,-0.0,,
1627736,Malik Beasley,2022-23,26.0,25.8,0.207,0.531,0.0662692212751922,0.2724288840262582,0.0062411897337445,0.2801720969752564,36.70365560567177,4.24,1.3,0.2,0.1911111111111111,0.8088888888888889,0.1425238288006476,1.0,0.0070175054704595,-0.065,-0.129,0.142,-0.3140096618357488,0.008385,0.27,0.07,3.6,2.1,0.8,0.3944387229660144,0.239939423018478,0.0496674605648249,-0.0,,
1628370,Malik Monk,2022-23,25.0,22.3,0.247,0.587,0.0854660266323663,0.4591439688715953,0.0104915328238175,0.8599297233384962,36.841748862735614,4.82,1.9,0.1,0.5733333333333334,0.4266666666666666,0.5884324535297848,0.4168267281571847,0.0508002594033722,-0.0289999999999999,0.081,0.218,-0.117408906882591,-0.002349,0.35,0.056,2.8,1.8,0.6,0.40607424071991,0.3505167794655383,0.0865776445279879,-0.0,,
203935,Marcus Smart,2022-23,29.0,32.1,0.176,0.538,0.0761984571105304,0.4002375296912114,0.0056262001688244,0.849841687915044,36.833688754651945,4.05,4.1,0.5,0.5688888888888889,0.4311111111111111,0.4130272827947245,0.5963785476075323,0.0,-0.0059999999999999,0.0299999999999999,0.17,-0.0340909090909089,-0.0001799999999999,0.46,0.028,1.8,1.1,0.3,0.3818181818181818,0.4132214832409606,0.072726981050409,-0.0,,
1631109,Mark Williams,2022-23,21.0,19.3,0.168,0.659,0.1572978418467112,0.0328638497652582,0.010831452179486,1.0,,4.41,0.6,2.1,0.21,0.79,0.2,0.0,0.0219201877934272,0.002,0.2209999999999999,0.17,0.0119047619047619,0.000442,0.319,0.026,0.0,0.0,0.0,0.8366533864541833,0.3902732863849766,0.065565912112676,-0.0,,
1628365,Markelle Fultz,2022-23,25.0,29.6,0.208,0.564,0.1076410347544765,0.7406976744186047,0.0102111079249334,1.0,37.575401078370845,4.86,5.5,0.5,0.6444444444444444,0.3555555555555556,0.6274740313057984,0.1621699541693492,0.0247372093023255,0.0279999999999999,0.101,0.236,0.1346153846153846,0.002828,0.628,0.165,3.6,0.3,0.1,0.6715758468335787,0.4335271834625324,0.0901736541602067,-0.0,,
1628963,Marvin Bagley III,2022-23,24.0,23.6,0.202,0.587,0.1074952255536551,0.1449579831932773,0.0097592451940156,1.0,,4.43,1.1,2.3,0.2299999999999999,0.77,0.1910994764397905,0.5,0.026516806722689,-0.075,-0.1349999999999999,0.127,-0.3712871287128713,0.0101249999999999,0.342,0.06,1.0,0.3,0.0,0.6490765171503958,0.3594571638655461,0.0726103471008403,-0.0,,
1629680,Matisse Thybulle,2022-23,26.0,16.9,0.102,0.552,0.0352590181905231,0.0808080808080808,0.0011486043919507,1.0,,4.29,0.4,0.0,0.1311111111111111,0.8688888888888889,0.1561264822134387,1.0,0.0455757575757575,-0.0469999999999999,-0.552,0.055,-0.4607843137254901,0.025944,0.127,0.014,0.2,0.2,0.1,0.3241106719367589,0.2931977104377104,0.0299061664646464,-0.0,,
1629622,Max Strus,2022-23,27.0,28.4,0.17,0.557,0.0796930358436127,0.1355081555834379,0.0055859076749589,0.9944233015914832,37.4528663306971,4.9,1.3,0.4,0.2555555555555555,0.7444444444444445,0.1540084388185653,1.0,0.0164090338770388,-0.036,-0.145,0.134,-0.2117647058823529,0.00522,0.145,0.011,1.4,1.1,0.3,0.4279877425944842,0.3297481319898729,0.0560571824382784,-0.0,,
1628467,Maxi Kleber,2022-23,31.0,25.1,0.1,0.592,0.0800534351145036,0.0,0.0025315118948233,1.0,,4.08,0.7,0.4,0.1755555555555555,0.8244444444444444,0.1301775147928994,0.7100000000000002,0.0,-0.014,0.1019999999999999,0.086,-0.1400000000000001,-0.001428,0.078,0.036,0.2,0.1,0.0,0.2544378698224852,0.335621111111111,0.0335621111111111,-0.0,,
1629008,Michael Porter Jr.,2022-23,25.0,29.0,0.22,0.621,0.1684723880187997,0.1550218340611353,0.0173845219648862,0.8756249999999999,36.27644402819576,4.14,1.2,1.3,0.1333333333333333,0.8666666666666667,0.3795816178925112,0.5,0.0265087336244541,-0.095,-0.036,0.125,-0.4318181818181818,0.00342,0.158,0.098,3.5,1.8,0.6,0.4919124643196955,0.3166549263100436,0.0696640837882096,-0.0,,
1628969,Mikal Bridges,2022-23,26.0,35.7,0.223,0.587,0.0977314693885262,0.4586739327883742,0.0102918091234473,1.1692413550353689,36.86079304587291,4.55,2.3,1.1,0.3133333333333333,0.6866666666666668,0.5322035996719128,0.5,0.0424895549500453,-0.075,-0.1079999999999999,0.148,-0.336322869955157,0.0081,0.352,0.144,5.9,0.9,0.3,0.4211309523809524,0.3276640112208597,0.0730690745022517,-0.0,,
201144,Mike Conley,2022-23,35.0,30.3,0.161,0.583,0.1162947457492277,0.6153846153846154,0.0075127494884205,0.8910172807303551,37.058200537653704,4.48,5.9,0.1,0.6555555555555556,0.3444444444444444,0.4493424608178705,0.4036337815539101,0.1070165912518853,-0.0219999999999999,0.002,0.139,-0.1366459627329192,-4.4000000000000026e-05,0.456,0.048,4.2,2.9,1.0,0.3654743390357698,0.3953806267806267,0.0636562809116809,-0.0,,
1629011,Mitchell Robinson,2022-23,25.0,26.9,0.101,0.652,0.2174027448745746,0.0123456790123456,0.0069782589901326,1.0,36.95229044033434,4.04,0.6,0.3,0.0977777777777777,0.9022222222222224,0.4680851063829787,0.3325,0.0088395061728395,-0.012,-0.133,0.089,-0.1188118811881189,0.001596,0.426,0.0,0.0,0.0,0.0,0.875,0.3415308641975308,0.0344946172839506,-0.0,,
1628420,Monte Morris,2022-23,28.0,27.4,0.155,0.579,0.1053858793351344,0.6518518518518519,0.0064310216386324,1.0,37.63427836380695,4.51,4.8,0.1,0.5533333333333333,0.4466666666666666,0.3366007720201192,0.5,0.052437037037037,0.039,-0.1109999999999999,0.194,0.2516129032258065,-0.0043289999999999,0.559,0.173,3.6,1.1,0.4,0.3864077669902913,0.4144005679012346,0.0642320880246913,-0.0,,
1629021,Moritz Wagner,2022-23,26.0,19.5,0.201,0.63,0.0389530875007238,0.0588235294117647,0.0035102332248686,1.0,,4.56,1.0,1.9,0.2555555555555555,0.7444444444444445,0.2,1.0,0.0327647058823529,-0.058,-0.02,0.143,-0.2885572139303483,0.00116,0.167,0.01,0.1,0.1,0.0,0.5252525252525253,0.3291032679738562,0.0661497568627451,-0.0,,
1626167,Myles Turner,2022-23,27.0,29.4,0.225,0.651,0.1460973537643668,0.1077777777777777,0.0155925134331336,1.0,38.48690412026538,4.36,1.1,4.7,0.47,0.53,0.4123060559113927,0.5,0.0143344444444444,-0.066,0.0619999999999999,0.159,-0.2933333333333333,-0.0040919999999999,0.182,0.041,0.9,0.3,0.1,0.5320600272851296,0.4605991833333333,0.10363481625,-0.0,,
1630230,Naji Marshall,2022-23,25.0,23.3,0.172,0.539,0.0313025097348442,0.4120781527531083,0.0022329131412102,1.0,36.46199225102063,4.38,1.8,0.3,0.3266666666666666,0.6733333333333333,0.6697689257554349,1.0,0.0074316163410301,-0.0549999999999999,0.0839999999999999,0.117,-0.319767441860465,-0.0046199999999999,0.348,0.037,1.1,0.3,0.0,0.4938704028021016,0.3201036944937833,0.0550578354529307,-0.0,,
1629675,Naz Reid,2022-23,23.0,18.4,0.242,0.617,0.1408686561387068,0.1870748299319727,0.0167701682781811,1.0,,4.58,1.0,1.9,0.2177777777777778,0.7822222222222222,0.4,0.5,0.0001989795918367,0.029,-0.2,0.271,0.1198347107438017,-0.0058,0.261,0.008,0.4,0.2,0.0,0.5736568457538995,0.3737366213151927,0.0904442623582766,-0.0,,
1630208,Nick Richards,2022-23,25.0,18.7,0.151,0.676,0.1542706648871926,0.0157480314960629,0.0090520881025078,1.0,,4.73,0.6,1.6,0.16,0.84,0.2,0.5,0.0102992125984251,-0.0569999999999999,-0.226,0.094,-0.3774834437086092,0.012882,0.36,0.015,0.1,0.0,0.0,0.8741935483870967,0.3733464566929134,0.0563753149606299,-0.0,,
1629638,Nickeil Alexander-Walker,2022-23,24.0,15.0,0.177,0.565,0.0909105864641426,0.482051282051282,0.0067697769363545,1.2642692624535568,,4.88,2.0,0.1,0.3733333333333333,0.6266666666666667,0.2067796610169491,0.5,0.0075615384615384,-0.003,-0.2179999999999999,0.174,-0.0169491525423729,0.000654,0.45,0.083,1.4,0.8,0.3,0.3416149068322981,0.420907886039886,0.0745006958290598,-0.0,,
203999,Nikola Jokić,2022-23,28.0,33.7,0.263,0.701,0.1936951397967427,0.241779497098646,0.0261247622168545,0.8821314482138736,36.60135902240019,4.21,4.4,10.5,1.0,0.0,0.8864864864864864,0.1448577422994812,0.0116402321083172,0.0429999999999999,-0.0519999999999999,0.306,0.1634980988593155,-0.0022359999999999,0.373,0.053,1.1,0.3,0.1,0.7061281337047354,0.6162565590437932,0.1620754750285176,-0.0,,
202696,Nikola Vučević,2022-23,32.0,33.5,0.218,0.594,0.096113236230101,0.1371640407784985,0.0097829073617971,1.0,37.31217562194337,4.07,1.6,5.3,0.53,0.47,0.2151393728222996,0.5,0.0101482854494902,-0.0829999999999999,-0.0439999999999999,0.135,-0.3807339449541284,0.0036519999999999,0.211,0.115,1.0,0.0,0.0,0.4773735581188997,0.4389965616311399,0.0957012504355885,-0.0,,
1626181,Norman Powell,2022-23,30.0,26.1,0.251,0.612,0.1257012876808541,0.5475372279495991,0.0158070311390766,1.033981554856306,36.06352506207581,4.44,1.8,0.2,0.2555555555555555,0.7444444444444445,0.7846980186201955,0.5,0.0520767468499427,-0.089,0.048,0.162,-0.3545816733067728,-0.004272,0.356,0.059,3.2,1.5,0.5,0.5699745547073791,0.3535696920596691,0.0887459927069769,-0.0,,
1628384,OG Anunoby,2022-23,25.0,35.6,0.192,0.586,0.1108137836092322,0.3336755646817248,0.0093227840970658,1.0,38.1335063841933,4.16,1.8,1.2,0.2,0.8,0.5639958911145352,0.5,0.070370636550308,-0.041,0.006,0.151,-0.2135416666666667,-0.000246,0.302,0.055,2.4,0.7,0.2,0.4338983050847457,0.3417776180698151,0.0656213026694045,-0.0,,
1630534,Ochai Agbaji,2022-23,23.0,20.5,0.154,0.561,0.0506294450441218,0.1995926680244399,0.0030597380571453,1.0,37.295099298484594,4.71,0.7,0.4,0.1599999999999999,0.8400000000000001,0.4251997887695828,0.4878241269563866,0.0486435845213849,0.039,0.0739999999999999,0.193,0.2532467532467533,0.0028859999999999,0.127,0.017,0.9,0.6,0.1,0.3636363636363636,0.3029667209775967,0.0466568750305498,-0.0,,
1631115,Orlando Robinson,2022-23,22.0,13.7,0.116,0.565,0.0245615483545779,0.0129310344827586,0.0009703819842871,1.0,,4.28,0.4,0.7999999999999999,0.1911111111111111,0.8088888888888889,0.2,1.0,0.0067370689655172,-0.003,-0.3149999999999999,0.113,-0.0258620689655172,0.000945,0.426,0.0,0.0,0.0,0.0,0.7865168539325843,0.3062721455938698,0.0355275688888888,-0.0,,
200782,P.J. Tucker,2022-23,38.0,25.6,0.066,0.566,0.0781329553101655,0.0185185185185185,0.0013247994975831,1.0,37.96674176488827,4.17,0.5,0.1,0.0888888888888888,0.9111111111111112,0.1644444444444444,0.7021715540957103,0.0107037037037037,-0.002,0.193,0.064,-0.0303030303030303,-0.000386,0.125,0.03,0.1,0.0,0.0,0.2644927536231884,0.2912273662551441,0.0192210061728395,-0.0,,
1629023,P.J. Washington,2022-23,24.0,32.6,0.2,0.542,0.0739462437095808,0.1863580998781973,0.0066139531046155,1.0,37.66062712930324,4.71,1.6,2.2,0.2377777777777777,0.7622222222222222,0.4521441870402587,0.4227244885503152,0.0120523751522533,0.0209999999999999,0.0909999999999999,0.221,0.1049999999999999,0.0019109999999999,0.198,0.054,2.4,0.9,0.3,0.4958932238193018,0.3384998078224387,0.0676999615644877,-0.0,,
1631094,Paolo Banchero,2022-23,20.0,33.7,0.272,0.529,0.0563945509949481,0.6732673267326733,0.0080000094365081,1.0,37.278827662878655,4.58,3.9,1.7000000000000002,0.4333333333333333,0.5666666666666667,0.8808060520854254,0.4233848180193724,0.0694905490549055,-0.016,0.0529999999999999,0.256,-0.0588235294117647,-0.0008479999999999,0.543,0.124,5.6,1.8,0.5,0.5757575757575758,0.3457984398439844,0.0940571756375637,-0.0,,
1627783,Pascal Siakam,2022-23,29.0,37.4,0.27,0.565,0.0855591573723361,0.6138211382113821,0.012003617417355,1.0,37.777085824038615,4.49,4.9,3.0999999999999996,0.5444444444444445,0.4555555555555555,0.6828809616928427,0.4307476195901542,0.0446016260162602,-0.005,-0.1139999999999999,0.265,-0.0185185185185185,0.00057,0.603,0.127,6.2,1.0,0.3,0.5346534653465347,0.3995465221318879,0.1078775609756097,-0.0,,
1626192,Pat Connaughton,2022-23,30.0,23.7,0.133,0.531,-0.0091850690364558,0.0545454545454545,-0.0004455124923456,1.0,36.82327960295209,4.65,0.9,0.2,0.1533333333333333,0.8466666666666667,0.1487555509656097,1.0,0.027490909090909,-0.096,-0.156,0.037,-0.7218045112781954,0.014976,0.097,0.013,0.3,0.2,0.1,0.2638580931263858,0.3860101818181818,0.0513393541818181,-0.0,,
201976,Patrick Beverley,2022-23,34.0,27.1,0.107,0.534,0.0693536964536708,0.2875816993464052,0.0024274219784895,1.0,36.21104914007328,4.38,2.4,0.2,0.3044444444444444,0.6955555555555555,0.3722222222222221,1.0,0.0,-0.0419999999999999,-0.179,0.065,-0.3925233644859813,0.007518,0.354,0.029,0.8,0.6,0.2,0.2896935933147632,0.3473786710239651,0.0371695177995642,-0.0,,
1630172,Patrick Williams,2022-23,21.0,28.3,0.156,0.576,0.1137679940559619,0.2724077328646749,0.0070098221317642,1.0,37.2351103266258,4.57,1.1,0.4,0.1311111111111111,0.8688888888888889,0.4774643626203484,0.5,0.0515166959578207,-0.084,-0.1039999999999999,0.072,-0.5384615384615385,0.0087359999999999,0.239,0.13,1.9,0.2,0.1,0.405365126676602,0.327164446397188,0.0510376536379613,-0.0,,
202331,Paul George,2022-23,33.0,34.6,0.294,0.588,0.1086391856988313,0.6125874125874126,0.0173183892763545,1.0,36.24791311183032,4.32,4.9,1.9,0.5444444444444445,0.4555555555555555,0.5545104498208284,0.1468695928116609,0.0334027972027971,0.021,0.073,0.315,0.0714285714285715,0.001533,0.577,0.153,8.1,3.8,1.4,0.4671314741035856,0.4174611732711732,0.1227335849417249,-0.0,,
1630173,Precious Achiuwa,2022-23,23.0,20.7,0.19,0.554,0.0643055605945805,0.2003577817531306,0.0053257273626506,1.0,37.42878200091189,4.35,1.1,1.0,0.1399999999999999,0.86,0.7780821917808218,0.3730823816149403,0.02304114490161,0.004,-0.016,0.194,0.0210526315789473,-6.400000000000012e-05,0.316,0.02,0.5,0.2,0.0,0.5767326732673267,0.3054965474060823,0.0580443440071556,-0.0,,
1629656,Quentin Grimes,2022-23,23.0,29.9,0.142,0.619,0.125849963118137,0.1246200607902735,0.0067341937784124,0.0,36.886965316215736,4.16,1.0,0.4,0.2133333333333333,0.7866666666666666,0.2265448646802697,0.3791066314269027,0.0272036474164133,-0.0169999999999999,0.0759999999999999,0.125,-0.1197183098591548,-0.0012919999999999,0.103,0.013,1.0,0.8,0.2,0.3302469135802469,0.2288885106382978,0.0325021685106382,-0.0,,
1630181,R.J. Hampton,2022-23,22.0,15.9,0.175,0.558,0.0865207352011706,0.4527845036319612,0.0063339885533014,1.0,,4.64,1.4,0.2,0.2444444444444444,0.7555555555555555,0.2301790281329923,0.5,0.0231331719128329,-0.119,-0.058,0.0559999999999999,-0.68,0.006902,0.412,0.046,1.1,0.5,0.1,0.4008438818565401,0.3321838041431262,0.058132165725047,-0.0,,
1629628,RJ Barrett,2022-23,23.0,33.9,0.256,0.531,0.0601620760048675,0.5183121019108281,0.0077926067789637,0.8858706875316019,37.72079967868781,4.5,2.6,1.4,0.2888888888888889,0.711111111111111,0.7698314108251996,1.0,0.0298017515923566,-0.064,-0.032,0.192,-0.25,0.002048,0.457,0.027,2.2,0.7,0.1,0.5701492537313433,0.312083325256845,0.0798933312657523,-0.0,,
203493,Reggie Bullock Jr.,2022-23,32.0,30.3,0.098,0.577,0.1023300281759732,0.0113851992409867,0.0031393678562137,1.0,36.95334909852654,4.05,0.8,0.1,0.1399999999999999,0.86,0.0968085106382978,0.5,0.006819734345351,0.0229999999999999,-0.0979999999999999,0.121,0.2346938775510203,-0.0022539999999999,0.047,0.018,0.5,0.3,0.0,0.1170212765957446,0.3375427514231499,0.0330791896394686,-0.0,,
1629057,Robert Williams III,2022-23,25.0,23.5,0.113,0.742,0.2670534351145037,0.0,0.0101441540052674,1.0,,4.28,0.7,0.7,0.1911111111111111,0.8088888888888889,0.2,0.3243955082564098,0.0,-0.043,-0.0749999999999999,0.07,-0.3805309734513274,0.0032249999999999,0.315,0.007,0.1,0.0,0.0,0.7843137254901961,0.4859733333333333,0.0549149866666666,-0.0,,
203497,Rudy Gobert,2022-23,31.0,30.7,0.161,0.675,0.1877425369408139,0.0272435897435897,0.012128343712091,1.0,36.265937309855374,4.42,1.1,3.0999999999999996,0.3099999999999999,0.6900000000000001,0.5,0.1875000000000001,0.0189342948717948,0.0269999999999999,-0.075,0.188,0.1677018633540372,-0.002025,0.256,0.004,0.1,0.0,0.0,0.848381601362862,0.4727693429487179,0.0761158642147435,-0.0,,
1629060,Rui Hachimura,2022-23,25.0,23.3,0.194,0.556,0.082362725339617,0.2838709677419355,0.0070377413822357,1.346238532110092,37.64765174992441,4.5,1.1,1.3,0.1333333333333333,0.8666666666666667,0.5533804684047724,0.5,0.0200258064516128,-0.08,-0.118,0.114,-0.4123711340206185,0.00944,0.313,0.195,2.7,0.0,0.0,0.4489510489510489,0.4027208602150537,0.0781278468817204,-0.0,,
201566,Russell Westbrook,2022-23,34.0,29.1,0.266,0.513,0.0678028013905052,0.6780529461998291,0.0093018662980521,0.8088013081655725,36.46929026504584,4.34,5.4,1.0,0.8088888888888889,0.1911111111111111,0.7794117647058824,0.7518176058165593,0.0355431255337318,-0.029,-0.0539999999999999,0.237,-0.1090225563909775,0.001566,0.681,0.088,3.8,1.3,0.4,0.5054945054945055,0.4323533766385276,0.1150059981858483,-0.0,,
1630180,Saddiq Bey,2022-23,24.0,27.6,0.194,0.564,0.073535601066906,0.3638644918444165,0.0062834800640965,0.2791549794896312,38.46181635992323,4.28,1.5,1.1,0.1777777777777777,0.8222222222222222,0.6235810543874281,1.0,0.0455558343789209,-0.083,-0.0039999999999998,0.111,-0.4278350515463918,0.0003319999999999,0.391,0.043,2.4,1.4,0.4,0.3986013986013986,0.235190203446718,0.0456268994686633,-0.0,,
1630583,Santi Aldama,2022-23,22.0,21.8,0.157,0.591,0.0965785399748226,0.1013133208255159,0.0060080026324443,0.0,35.90276430766318,4.66,0.9,0.6000000000000001,0.1688888888888889,0.8311111111111111,0.326163079059617,0.5,0.0152307692307692,-0.097,-0.29,0.06,-0.6178343949044586,0.02813,0.211,0.023,0.5,0.3,0.1,0.4175627240143369,0.3765916572858036,0.0591248901938711,-0.0,,
1630567,Scottie Barnes,2022-23,21.0,34.8,0.2,0.524,0.0314016667838163,0.4722492697176241,0.0028086504614164,1.0,37.67390509512684,4.58,3.8,2.2,0.4333333333333333,0.5666666666666667,0.631460272011453,0.4692406899644632,0.052126582278481,-0.009,0.123,0.191,-0.045,-0.001107,0.46,0.071,2.9,0.7,0.2,0.5797244094488189,0.341759282700422,0.0683518565400844,-0.0,,
1628983,Shai Gilgeous-Alexander,2022-23,24.0,35.5,0.318,0.626,0.1227038355628731,0.9005555555555556,0.0220038572295612,1.0,36.881485342378056,4.49,6.8,2.2,0.7555555555555555,0.2444444444444444,0.9613323678493844,0.2845986689607687,0.0960677777777777,0.0359999999999999,-0.0819999999999999,0.354,0.1132075471698112,-0.0029519999999999,0.79,0.097,9.0,1.7,0.6,0.5380159304851557,0.4625293950617284,0.1470843476296296,-0.000141740476,,
1631323,Simone Fontecchio,2022-23,27.0,14.7,0.192,0.495,0.035411873031288,0.1750599520383693,0.0029792074233976,1.0,,4.94,0.5,0.1,0.1755555555555555,0.8244444444444444,0.1538461538461538,1.0,0.0,-0.012,-0.2169999999999999,0.18,-0.0625,0.002604,0.148,0.067,1.5,0.7,0.2,0.4519230769230769,0.2994734825472955,0.0574989086490807,-0.0,,
203915,Spencer Dinwiddie,2022-23,30.0,34.5,0.22,0.573,0.1093206253738585,0.7532923617208077,0.0112807020508005,0.997244467195296,37.13702979308962,4.23,6.5,0.5,0.7222222222222222,0.2777777777777778,0.6151378446115288,0.2585015482661872,0.080270412642669,0.005,-0.0369999999999999,0.225,0.0227272727272727,-0.0001849999999999,0.691,0.076,5.5,3.5,1.2,0.4968210717529518,0.3243723682624939,0.0713619210177486,-0.0,,
1626169,Stanley Johnson,2022-23,27.0,15.6,0.148,0.625,0.2131430064524204,0.4083969465648855,0.0121356672639479,1.0,,4.81,1.0,0.3,0.3977777777777777,0.6022222222222222,0.3360655737704918,0.5,0.024236641221374,-0.0099999999999999,-0.375,0.138,-0.0675675675675674,0.0037499999999999,0.4,0.046,0.7,0.2,0.1,0.5041322314049587,0.4645957251908397,0.0687601673282442,-0.0,,
201939,Stephen Curry,2022-23,35.0,34.7,0.297,0.656,0.1692666985023789,0.5962695547533092,0.0273972010964974,0.875062318636941,36.90175109605355,4.91,5.8,0.8,0.6444444444444444,0.3555555555555556,0.4470738335969518,0.2804829137374708,0.0242039711191335,0.088,-0.092,0.385,0.2962962962962964,-0.008096,0.521,0.079,8.8,6.0,2.7,0.4371508379888268,0.4729914789877116,0.1404784692593503,-0.0,,
203500,Steven Adams,2022-23,29.0,27.0,0.139,0.564,0.0932899172175166,0.0629213483146067,0.004834559483506,1.0,,4.19,1.3,2.2,0.2377777777777777,0.7622222222222222,0.2,0.3325000000000001,0.0388224719101123,-0.031,0.266,0.108,-0.223021582733813,-0.008246,0.497,0.0,0.0,0.0,0.0,0.8631178707224335,0.3578276479400748,0.0497380430636704,-0.0,,
204456,T.J. McConnell,2022-23,31.0,20.4,0.182,0.59,0.1559315256802439,1.0,0.0121071245496755,1.0,38.28991582478041,5.02,4.2,0.1,0.8666666666666667,0.1333333333333333,0.5565217391304347,0.5,0.0,0.04,-0.1919999999999999,0.222,0.2197802197802198,-0.0076799999999999,0.721,0.135,2.0,0.2,0.1,0.5738963531669866,0.5138784,0.0935258688,-0.0,,
201959,Taj Gibson,2022-23,38.0,9.8,0.151,0.585,0.0361428864039733,0.0828402366863905,0.0021207440328784,1.0,,4.13,0.4,0.8999999999999999,0.2088888888888888,0.7911111111111111,0.192,1.0,0.046887573964497,-0.0539999999999999,-0.2519999999999999,0.097,-0.357615894039735,0.0136079999999999,0.292,0.143,0.2,0.0,0.0,0.624,0.3137746219592373,0.0473799679158448,-0.0,,
1629659,Talen Horton-Tucker,2022-23,22.0,20.2,0.25,0.508,0.0175048235900774,0.7317073170731707,0.0021881029487596,1.0,36.480911309908215,4.5,3.8,0.1,0.6088888888888889,0.3911111111111111,0.6598104890493215,0.5158492118877356,0.0,-0.009,-0.03,0.241,-0.036,0.00027,0.665,0.049,2.8,1.4,0.4,0.4518760195758564,0.3523404706889174,0.0880851176722293,-0.0,,
1631106,Tari Eason,2022-23,22.0,21.6,0.184,0.525,0.0620014779657108,0.2888146911519199,0.004893603483812,1.0,36.93889638610757,4.38,1.2,0.5,0.1666666666666666,0.8333333333333334,0.67,1.0,0.0388631051752921,-0.0549999999999999,-0.183,0.129,-0.2989130434782608,0.010065,0.426,0.005,0.4,0.1,0.0,0.6212121212121212,0.3063298553144128,0.0563646933778519,-0.0,,
1627752,Taurean Prince,2022-23,29.0,22.1,0.165,0.597,0.1395908060282649,0.1876484560570071,0.0093558388201386,1.1677119113573409,36.391957354605545,4.38,1.0,0.1,0.2088888888888888,0.7911111111111111,0.5064907651715038,0.5,0.0095320665083135,-0.041,0.155,0.124,-0.2484848484848485,-0.006355,0.169,0.057,1.4,0.6,0.1,0.4119106699751861,0.3324573660596464,0.0548554653998416,-0.0,,
1629611,Terance Mann,2022-23,26.0,23.1,0.149,0.619,0.1402360797671686,0.4247422680412371,0.0080656461561623,1.4302376719811862,36.36426556133563,4.42,2.1,0.4,0.3088888888888889,0.691111111111111,0.6769230769230768,0.443865805169234,0.0487175257731959,-0.031,-0.038,0.118,-0.2080536912751678,0.001178,0.353,0.05,1.4,0.7,0.2,0.4388489208633093,0.4907985870561284,0.0731289894713631,-0.0,,
1626179,Terry Rozier,2022-23,29.0,35.3,0.262,0.517,0.0627554534626322,0.694019471488178,0.0084159550854406,1.0,37.632011433690295,4.79,5.8,0.3,0.6444444444444444,0.3555555555555556,0.4663299663299663,0.8326282035321806,0.0311279554937412,0.0379999999999999,-0.093,0.3,0.1450381679389312,-0.0035339999999999,0.564,0.104,8.3,4.3,1.4,0.5131467345207803,0.4003170143718128,0.1048830577654149,-0.0,,
201152,Thaddeus Young,2022-23,35.0,14.7,0.131,0.573,0.1117932710218441,0.2371134020618556,0.0053005704010042,1.0,,4.34,0.8,0.8,0.2955555555555555,0.7044444444444444,0.4,0.5,0.0120927835051546,-0.057,0.154,0.074,-0.4351145038167939,-0.008778,0.426,0.042,0.2,0.0,0.0,0.7272727272727273,0.3756510080183276,0.0492102820504009,-0.0,,
1628418,Thomas Bryant,2022-23,25.0,18.3,0.181,0.682,0.1712509134613071,0.0238095238095238,0.013187144316795,1.0,,4.38,0.7,2.1,0.21,0.79,0.2,0.0519135896320714,0.016095238095238,0.073,0.1089999999999999,0.254,0.4033149171270719,0.007957,0.196,0.066,0.2,0.0,0.0,0.6233062330623306,0.3992423809523809,0.0722628709523809,-0.0,,
203501,Tim Hardaway Jr.,2022-23,31.0,30.3,0.201,0.554,0.0888716853917693,0.2775956284153005,0.0080086165905709,1.0,37.04904209165484,4.18,1.7,0.3,0.1955555555555555,0.8044444444444445,0.3665254531564691,0.5,0.0419125683060109,-0.05,-0.181,0.151,-0.2487562189054727,0.00905,0.2,0.075,3.5,1.7,0.6,0.3565525383707202,0.3306233758348512,0.0664552985428051,-0.0,,
202699,Tobias Harris,2022-23,30.0,32.9,0.18,0.602,0.1325955041282004,0.3825887743413516,0.0101259914533811,1.0304782886483257,37.481402242317216,4.14,2.2,1.7000000000000002,0.2533333333333333,0.7466666666666666,0.4890065400186856,0.5,0.0372989690721649,-0.06,-0.011,0.12,-0.3333333333333333,0.00066,0.374,0.061,2.1,0.5,0.2,0.4637385086823289,0.3881505347335967,0.0698670962520474,-0.0,,
1628470,Torrey Craig,2022-23,32.0,24.7,0.128,0.566,0.0980985376912121,0.1026119402985074,0.0044923903748275,1.513594916862648,37.12367399002415,4.7,0.9,0.5,0.1777777777777777,0.8222222222222222,0.2031428571428571,0.4606879862159202,0.0158358208955223,-0.0109999999999999,-0.0789999999999999,0.117,-0.0859374999999999,0.0008689999999999,0.246,0.024,0.6,0.1,0.0,0.3779816513761468,0.3869758084577114,0.049532903482587,-0.0,,
1629027,Trae Young,2022-23,24.0,34.8,0.313,0.573,0.0725464636067916,0.8964662120272783,0.0127037738295729,0.9423104885662278,37.02103701307941,4.46,7.9,0.2,0.92,0.08,0.7557894736842106,0.462052618955607,0.0888313701177928,0.0439999999999999,-0.0369999999999999,0.357,0.1405750798722044,-0.0016279999999999,0.787,0.102,10.1,5.0,1.6,0.4392462638076673,0.3786446335519765,0.1185157703017686,-8.810905692971613e-05,,
1630200,Tre Jones,2022-23,23.0,29.2,0.189,0.534,0.0654486374656151,0.7526254375729288,0.0053776596934311,1.0,37.296330025931674,4.92,5.9,0.3,0.6799999999999999,0.32,0.6130490078654598,0.3498784279726478,0.005078179696616,0.039,0.0479999999999999,0.228,0.2063492063492064,0.0018719999999999,0.66,0.087,3.9,0.5,0.1,0.5685997171145686,0.4064943290548425,0.0768274281913652,-0.0,,
1630544,Tre Mann,2022-23,22.0,17.7,0.2,0.492,0.0413634348764928,0.6932006633499171,0.0036996580866689,1.0,,4.65,2.0,0.1,0.3199999999999999,0.68,0.1867572156196944,1.0,0.038441127694859,0.0119999999999999,-0.278,0.212,0.0599999999999999,-0.0033359999999999,0.594,0.085,3.5,2.3,0.7,0.313373253493014,0.307268855721393,0.0614537711442786,-0.0,,
1630570,Trendon Watford,2022-23,22.0,19.1,0.158,0.625,0.1525294465786918,0.4266304347826087,0.0095794224278237,1.0,,4.35,1.4,0.8999999999999999,0.36,0.64,0.4,0.326968827926285,0.0216059782608695,-0.036,0.275,0.122,-0.2278481012658228,-0.0099,0.309,0.017,0.5,0.0,0.0,0.617363344051447,0.4096279347826087,0.0647212136956521,-0.0,,
1626168,Trey Lyles,2022-23,27.0,16.9,0.174,0.607,0.0541922674850408,0.0853080568720379,0.0039333373433105,1.0,,4.68,0.7,0.2,0.1622222222222222,0.8377777777777777,0.159313725490196,0.7129554891845016,0.0500758293838862,-0.0189999999999999,0.1089999999999999,0.155,-0.1091954022988505,-0.0020709999999999,0.171,0.004,0.4,0.3,0.1,0.3816964285714285,0.2737418904686677,0.0476310889415481,-0.0,,
1630530,Trey Murphy III,2022-23,23.0,31.0,0.159,0.65,0.1583868621647191,0.1237623762376237,0.0100418757039647,1.0,36.50892053293557,4.38,1.0,0.4,0.1399999999999999,0.86,0.2648764156991238,0.2286807578316141,0.0025841584158415,-0.011,0.0919999999999999,0.148,-0.0691823899371069,-0.001012,0.178,0.017,1.0,0.6,0.2,0.2991239048811013,0.3633270297029703,0.0577689977227722,-0.0,,
1630169,Tyrese Haliburton,2022-23,23.0,33.6,0.238,0.624,0.1535187724404981,0.817948717948718,0.0178248927172208,1.0,37.759076271526666,4.91,7.5,0.2,1.0,0.0,0.5531605231866825,0.185400098289399,0.0682982905982905,0.0439999999999999,-0.039,0.282,0.1848739495798318,-0.001716,0.675,0.069,7.4,5.5,2.2,0.4102259215219976,0.5657017094017095,0.1346370068376068,-0.0,,
1630178,Tyrese Maxey,2022-23,22.0,33.6,0.236,0.605,0.1390289744369774,0.6386630532971995,0.0159394497016926,0.9202525085995712,37.40498919893408,4.58,5.1,0.2,0.5666666666666667,0.4333333333333333,0.5678907015622298,0.5,0.102523938572719,-0.0529999999999999,-0.196,0.183,-0.2245762711864406,0.0103879999999999,0.453,0.079,5.6,2.6,1.0,0.4425339366515837,0.4297520156913914,0.1014214757031683,-0.0,,
1626145,Tyus Jones,2022-23,27.0,24.2,0.175,0.546,0.0840995794853998,0.5819444444444445,0.0061567411853289,1.249226450436284,35.671029660498775,4.7,4.5,0.0,0.6355555555555555,0.3644444444444444,0.2674315556258901,0.5,0.0369916666666666,-0.0559999999999999,0.2849999999999999,0.119,-0.32,-0.0159599999999999,0.518,0.095,3.9,1.2,0.4,0.4195710455764075,0.3782255086877,0.0661894640203475,-0.0,,
1630586,Usman Garuba,2022-23,21.0,12.9,0.099,0.569,0.0955396294541248,0.0051020408163265,0.0029760234190547,1.0,,4.13,0.4,0.3,0.2133333333333333,0.7866666666666666,0.2,0.1966400059790266,0.0030051020408163,0.0259999999999999,0.299,0.125,0.2626262626262625,0.007774,0.279,0.0,0.0,0.0,0.0,0.5988700564971752,0.3555035714285715,0.0351948535714285,-0.0,,
1631117,Walker Kessler,2022-23,21.0,23.0,0.13,0.702,0.228424951857301,0.0105263157894736,0.0107067723947195,1.0,36.481952235471134,4.54,0.6,1.3,0.13,0.87,0.425,0.2412803257987818,0.0076421052631578,-0.032,0.035,0.098,-0.2461538461538461,-0.00112,0.329,0.006,0.0,0.0,0.0,0.8429951690821256,0.4058722105263158,0.052763387368421,-0.0,,
1628976,Wendell Carter Jr.,2022-23,24.0,29.6,0.204,0.621,0.1242954192970552,0.0898203592814371,0.011452501962469,1.0,37.060775716514506,4.17,1.5,2.2,0.2644444444444444,0.7355555555555555,0.3642559361972085,0.5,0.0024071856287425,-0.0519999999999999,0.149,0.152,-0.2549019607843137,-0.007748,0.267,0.081,1.1,0.1,0.0,0.4526143790849673,0.3835014570858283,0.0782342972455089,-0.0,,
1630214,Xavier Tillman,2022-23,24.0,19.3,0.136,0.621,0.151372628584636,0.0940438871473354,0.0075919915329621,1.0,,4.56,0.8,1.9,0.2422222222222222,0.7577777777777778,0.2,0.1719086061225601,0.0657366771159874,-0.021,0.153,0.115,-0.1544117647058824,-0.003213,0.282,0.028,0.3,0.0,0.0,0.7236467236467237,0.3786967014977361,0.0515027514036921,-0.0,,
1628380,Zach Collins,2022-23,25.0,22.9,0.209,0.599,0.0931693734367064,0.1368760064412238,0.0089021027775061,1.0,36.969692122765714,4.39,1.2,4.4,0.44,0.5599999999999999,0.342927258998238,0.2707607811139031,0.0050644122383252,0.032,-0.0369999999999999,0.241,0.1531100478468899,-0.0011839999999999,0.338,0.057,0.3,0.1,0.0,0.5806451612903226,0.4110736231884058,0.0859143872463768,-0.0,,
203897,Zach LaVine,2022-23,28.0,35.9,0.278,0.607,0.124157782007781,0.6971777269260107,0.0181987324190873,1.0,37.45132544896745,4.53,4.4,0.5,0.4888888888888889,0.5111111111111111,0.6932180595581172,0.3478209199864135,0.1040297482837529,0.0209999999999999,-0.0819999999999999,0.299,0.0755395683453236,-0.0017219999999999,0.571,0.121,7.6,3.9,1.3,0.4269005847953216,0.4079334096109839,0.1134054878718535,-0.0,,
1629627,Zion Williamson,2022-23,22.0,33.0,0.288,0.652,0.2107049705026457,0.6943150046598322,0.0325659320460981,1.0,,4.67,3.9,4.5,0.5133333333333333,0.4866666666666667,0.4,0.1426899042464325,0.0912068965517241,0.025,-0.052,0.313,0.0868055555555556,-0.0013,0.533,0.003,0.8,0.1,0.0,0.828693790149893,0.4803267816091953,0.1383341131034482,-0.0,,
203932,Aaron Gordon,2023-24,28.0,31.5,0.174,0.607,0.1513965567189152,0.300395256916996,0.0109885368859223,1.0417536970507144,38.23829323543094,4.15,2.2,1.7,0.3266666666666666,0.6733333333333333,0.8530612244897958,0.3192107570477205,0.0718050065876152,-0.0349999999999999,0.071,0.139,-0.2011494252873562,-0.002485,0.337,0.022,1.1,0.6,0.2,0.6196840826245443,0.4180599341238471,0.0727424285375493,-0.0,,
1628988,Aaron Holiday,2023-24,27.0,16.3,0.158,0.578,0.1555691002795571,0.5379609544468548,0.0097703241027988,1.0,,4.5,1.8,0.0,0.3488888888888888,0.6511111111111112,0.1702637889688249,0.5,0.0520086767895878,-0.017,-0.2069999999999999,0.141,-0.1075949367088608,0.003519,0.495,0.089,1.7,0.8,0.2,0.3485576923076923,0.3830785924319113,0.0605264176042419,-0.0,,
1630174,Aaron Nesmith,2023-24,24.0,27.7,0.158,0.631,0.1659492174387268,0.2096774193548387,0.0104222344673112,1.0178479314969566,38.70109696252688,4.76,1.1,0.2,0.1488888888888889,0.8511111111111112,0.5520042949176807,0.38165246022333,0.0433258064516129,0.004,-0.1099999999999999,0.162,0.0253164556962025,-0.00044,0.175,0.036,1.0,0.6,0.2,0.3639896373056995,0.2791207025089606,0.0441010709964157,-0.0,,
1630598,Aaron Wiggins,2023-24,25.0,15.7,0.163,0.664,0.2142789560496104,0.2871536523929471,0.0141013576761803,1.028658052407421,,5.07,0.7,0.3,0.2133333333333333,0.7866666666666666,0.4,0.4937047665167929,0.0386196473551637,-0.055,0.0359999999999999,0.108,-0.3374233128834356,-0.0019799999999999,0.245,0.011,0.4,0.1,0.1,0.5188679245283019,0.3231284802686818,0.0526699422837951,-0.0,,
201143,Al Horford,2023-24,38.0,26.8,0.119,0.65,0.163131573107766,0.0594594594594594,0.0066966633398572,1.0,37.77717627968384,4.2,0.8,0.8,0.2755555555555555,0.7244444444444444,0.1685933770883054,0.2768478265906697,0.0393621621621621,-0.017,-0.047,0.102,-0.1428571428571428,0.000799,0.136,0.025,0.2,0.1,0.0,0.2770642201834862,0.3461168288288287,0.0411879026306306,-0.0,,
202692,Alec Burks,2023-24,32.0,18.4,0.234,0.536,0.0870856531775384,0.4751552795031056,0.0098575820286313,1.0578852405442711,,4.37,1.4,0.1,0.2555555555555555,0.7444444444444445,0.1142355008787346,0.5,0.0973121118012422,-0.053,-0.145,0.181,-0.2264957264957265,0.007685,0.333,0.084,3.8,1.9,0.6,0.4087237479806139,0.3892439202060379,0.0910830773282128,-0.0,,
1630197,Aleksej Pokusevski,2023-24,22.0,14.5,0.172,0.525,0.0327340751458976,0.2049689440993788,0.002335031509543,1.0,,4.7,0.8,0.5,0.2933333333333333,0.7066666666666667,0.2645161290322581,1.0,0.0510776397515527,-0.0889999999999999,-0.192,0.083,-0.5174418604651162,0.0170879999999999,0.143,0.027,0.8,0.3,0.1,0.4201680672268907,0.3090564596273292,0.0531577110559006,-0.0,,
1627936,Alex Caruso,2023-24,30.0,28.7,0.146,0.613,0.1798138672938184,0.305379746835443,0.0100311902042928,1.0,37.520375140114304,4.7,2.3,0.2,0.3711111111111111,0.6288888888888888,0.457651522521646,0.2384114694722277,0.0,-0.0139999999999999,0.064,0.132,-0.095890410958904,-0.0008959999999999,0.32,0.025,1.2,0.8,0.4,0.3137996219281663,0.4217001916315049,0.0615682279781997,-0.0,,
1630578,Alperen Sengun,2023-24,21.0,32.5,0.27,0.585,0.1115120830378654,0.3145956607495069,0.0156447120718332,1.0,38.80689356353131,4.04,2.4,6.9,0.6900000000000001,0.3099999999999999,0.8307692307692307,0.1854370591255461,0.0130867850098619,0.0909999999999999,-0.0299999999999999,0.361,0.3370370370370369,-0.0027299999999999,0.351,0.045,0.8,0.1,0.0,0.6632653061224489,0.4612966666666667,0.1245501,-0.0,,
1641708,Amen Thompson,2023-24,21.0,22.4,0.173,0.576,0.1302614264601967,0.3939393939393939,0.0093731374226509,1.0,37.1133564342302,4.7,2.3,0.6,0.3666666666666667,0.6333333333333333,0.8166666666666667,0.3193812704396496,0.0571447811447811,-0.03,-0.012,0.143,-0.1734104046242774,0.00036,0.506,0.027,0.8,0.2,0.0,0.6681614349775785,0.3805177328843996,0.0658295677890011,-0.0,,
203083,Andre Drummond,2023-24,30.0,17.1,0.201,0.576,0.0693042441655779,0.0960187353629976,0.0062453088087022,1.0,,4.17,0.5,2.2,0.22,0.78,0.2,1.0,0.0557868852459016,-0.076,0.212,0.125,-0.3781094527363184,-0.016112,0.442,0.006,0.0,0.0,0.0,0.8807531380753139,0.32038,0.06439638,-0.0,,
1629614,Andrew Nembhard,2023-24,24.0,25.0,0.161,0.573,0.1402682586418778,0.5857605177993528,0.0090614608730971,1.160294568339855,38.28803047530697,4.66,2.8,0.2,0.4622222222222222,0.5377777777777778,0.3619941652550347,0.5,0.0530129449838187,-0.031,-0.0639999999999999,0.13,-0.1925465838509316,0.0019839999999999,0.469,0.16,2.8,0.5,0.1,0.3423295454545454,0.4696033567760104,0.0756061404409376,-0.0,,
203952,Andrew Wiggins,2023-24,29.0,27.0,0.206,0.544,0.0892024310539059,0.3387096774193548,0.0083402202750077,1.0,38.49351255614038,4.53,1.7,1.2999999999999998,0.1933333333333333,0.8066666666666666,0.5586480186480185,0.5,0.0297692307692307,-0.0709999999999999,-0.056,0.135,-0.3446601941747572,0.003976,0.329,0.096,2.2,0.4,0.2,0.5066137566137566,0.3110010256410256,0.0640662112820512,-0.0,,
1629014,Anfernee Simons,2023-24,25.0,34.4,0.276,0.568,0.1330333620307096,0.7345132743362832,0.0192896429895222,1.0,,4.71,6.3,0.1,0.7,0.3,0.1947431302270011,0.13503358276164,0.1088849557522124,0.0829999999999999,0.085,0.359,0.3007246376811592,0.007055,0.639,0.083,8.3,4.9,1.7,0.5103785103785103,0.4471977876106194,0.1234265893805309,-0.0,,
203076,Anthony Davis,2023-24,31.0,35.5,0.261,0.621,0.1610569581956902,0.2021276595744681,0.0214753501457161,1.4873553719008266,38.33559961930042,3.98,2.8,6.199999999999999,0.6199999999999999,0.3800000000000001,0.8828402366863904,0.3156384021528042,0.0514751773049645,-0.039,0.038,0.222,-0.1494252873563218,-0.001482,0.318,0.092,2.2,0.2,0.1,0.6686522710349962,0.5480261808510637,0.1430348332021276,-0.0,,
1630162,Anthony Edwards,2023-24,22.0,35.1,0.314,0.575,0.1366183043078884,0.7857142857142857,0.0240382785141467,1.0307423929001236,37.942439070700615,4.34,5.0,0.9,0.5555555555555556,0.4444444444444444,0.6613496412816118,0.2523340848769956,0.0603381389252948,0.0549999999999999,-0.0459999999999999,0.369,0.1751592356687898,-0.0025299999999999,0.609,0.102,9.4,4.5,1.5,0.4845908607863974,0.4299513450292398,0.1350047223391813,-9.212953637426916e-05,,
1641709,Ausar Thompson,2023-24,21.0,25.1,0.161,0.522,0.0784273651771925,0.3008695652173913,0.0050664812396912,1.0,37.47923942050807,4.59,1.2,0.5,0.24,0.76,0.7,1.0,0.0098208695652173,-0.014,-0.222,0.147,-0.0869565217391305,0.003108,0.302,0.054,0.8,0.2,0.0,0.5792811839323467,0.3187910608695652,0.0513253608,-0.0,,
1630559,Austin Reaves,2023-24,26.0,32.1,0.198,0.613,0.1656703073516773,0.5896589658965897,0.0145962893269296,0.9900251061859886,38.43795923287696,4.44,4.3,0.4,0.5266666666666666,0.4733333333333334,0.5730712303422756,0.098736718865897,0.029994499449945,0.0079999999999999,0.043,0.206,0.0404040404040402,0.0003439999999999,0.501,0.077,4.3,2.0,0.7,0.4,0.3634995012834617,0.0719729012541254,-0.0,,
1630245,Ayo Dosunmu,2023-24,24.0,29.1,0.168,0.604,0.1719666877148978,0.4333821376281113,0.011841541705726,1.0,37.53450103826635,4.63,2.4,0.2,0.3488888888888888,0.6511111111111112,0.548191201229778,0.4383993026597833,0.000320644216691,-0.041,-0.003,0.127,-0.2440476190476191,0.000123,0.339,0.056,1.5,0.6,0.2,0.457796852646638,0.4010781877338538,0.0673811355392874,-0.0,,
1628389,Bam Adebayo,2023-24,26.0,34.0,0.247,0.576,0.1266206363891406,0.3881856540084388,0.0155435395231799,0.8617646232116255,37.14626395991307,4.28,3.1,5.7,0.5700000000000001,0.4299999999999999,0.769306406474548,0.5,0.0242194092827004,-0.072,-0.1079999999999999,0.175,-0.291497975708502,0.0077759999999999,0.415,0.095,3.4,0.1,0.0,0.5698630136986301,0.4322092967651196,0.1067556963009845,-0.0,,
1641767,Ben Sheppard,2023-24,22.0,14.3,0.125,0.524,-0.0220607478430812,0.1347305389221556,-0.000974956524868,1.0,,5.0,0.5,0.3,0.1599999999999999,0.8400000000000001,0.119047619047619,1.0,0.0669610778443113,-0.034,0.1009999999999999,0.091,-0.272,-0.0034339999999999,0.167,0.032,0.3,0.2,0.1,0.23,0.2865599401197604,0.03581999251497,-0.0,,
1627732,Ben Simmons,2023-24,27.0,23.9,0.126,0.571,0.1569337743166147,0.3275862068965517,0.0070189514351715,1.0,,4.49,3.5,1.0,0.6799999999999999,0.32,0.0,0.4355327604502019,0.1169433497536945,-0.0559999999999999,0.429,0.07,-0.4444444444444444,-0.024024,0.419,0.0,0.2,0.0,0.0,0.7027027027027027,0.4956475862068965,0.0624515958620689,-0.0,,
1631097,Bennedict Mathurin,2023-24,22.0,26.1,0.226,0.562,0.1184633854903007,0.5631205673758864,0.012727608225787,1.0,37.03733243874069,4.63,1.7,0.9,0.2333333333333333,0.7666666666666667,0.7657142857142858,0.5,0.0785900709219858,-0.04,-0.193,0.186,-0.1769911504424779,0.00772,0.372,0.082,3.5,2.0,0.7,0.5641025641025641,0.3258527895981087,0.0736427304491725,-0.0,,
1641731,Bilal Coulibaly,2023-24,19.0,27.2,0.139,0.543,0.0811953889541432,0.2557251908396946,0.0042077852504676,1.0,37.73967093479433,4.63,1.2,0.4,0.1911111111111111,0.8088888888888889,0.747073931388736,1.0,0.0336106870229007,-0.065,-0.118,0.074,-0.4676258992805756,0.00767,0.266,0.023,0.7,0.3,0.1,0.4627906976744186,0.3105163019508058,0.043161765971162,-0.0,,
202687,Bismack Biyombo,2023-24,31.0,19.8,0.106,0.562,0.1219991424413371,0.0643776824034334,0.0042103245636827,1.0,,4.49,0.7,0.8999999999999999,0.1933333333333333,0.8066666666666666,0.2,0.2750000000000001,0.0399785407725321,0.0,-0.07,0.106,0.0,-0.0,0.243,0.0,0.0,0.0,0.0,0.8473282442748091,0.3466761373390558,0.0367476705579399,-0.0,,
1626171,Bobby Portis,2023-24,29.0,24.5,0.224,0.581,0.1288872617421745,0.2934508816120906,0.0136641312369756,0.9234740581445452,37.56087933774983,4.5,1.3,2.5,0.25,0.75,0.4090802987861811,0.5,0.0326309823677581,-0.095,-0.2089999999999999,0.129,-0.4241071428571428,0.0198549999999999,0.356,0.188,2.8,0.1,0.0,0.4598612487611496,0.3284178566160619,0.0735655998819978,-0.0,,
203992,Bogdan Bogdanović,2023-24,31.0,30.4,0.218,0.569,0.115793230410727,0.3287920072661217,0.0117860399947349,1.0,38.33735098856216,4.79,1.8,0.4,0.3266666666666666,0.6733333333333333,0.3422040549378679,0.5,0.0162025431425976,-0.038,-0.0219999999999999,0.18,-0.1743119266055046,0.0008359999999999,0.287,0.075,3.5,1.8,0.7,0.468978102189781,0.3640356463820768,0.0793597709112927,-0.0,,
203078,Bradley Beal,2023-24,31.0,33.3,0.224,0.607,0.1712425743304513,0.5722488038277512,0.0181544783974815,0.965929275572036,38.56367260579547,4.28,4.7,0.6,0.5222222222222223,0.4777777777777777,0.4974599911907208,0.1589865361292269,0.0837090909090909,-0.011,-0.034,0.213,-0.0491071428571429,0.000374,0.446,0.129,4.3,1.1,0.4,0.4602122015915119,0.4144492827219563,0.0928366393297182,-0.0,,
1641764,Brandin Podziemski,2023-24,21.0,26.6,0.149,0.54,0.1321861567726354,0.4237588652482269,0.007602656670389,1.0,37.51332006261115,4.94,2.4,0.4,0.3911111111111111,0.6088888888888889,0.3978226379998906,0.4473898717215008,0.0011542553191489,0.0229999999999999,-0.071,0.172,0.1543624161073825,-0.001633,0.376,0.029,1.7,0.9,0.4,0.4741379310344827,0.3866215957446808,0.0576066177659574,-0.0,,
1627742,Brandon Ingram,2023-24,26.0,32.9,0.269,0.578,0.123595188774877,0.6812714776632302,0.0172436812052042,0.7066749428965295,37.517605019989546,4.4,4.3,1.8,0.5755555555555556,0.4244444444444444,0.5382720172167492,0.3095612154088169,0.0440841924398625,0.0369999999999999,-0.0649999999999999,0.306,0.1375464684014869,-0.0024049999999999,0.522,0.252,8.2,1.3,0.4,0.5854579792256847,0.2842803381538755,0.0764714109633925,-0.0,,
1641706,Brandon Miller,2023-24,21.0,32.2,0.235,0.552,0.0996807070380734,0.4420226678291194,0.0113556736585149,1.0,37.238383617378815,4.6,2.8,0.3,0.3111111111111111,0.6888888888888889,0.3539625618589972,0.5,0.0714568439407149,-0.1159999999999999,0.2139999999999999,0.119,-0.4936170212765957,-0.0248239999999999,0.347,0.141,4.9,1.4,0.5,0.4312617702448211,0.3419005134166424,0.0803466206529109,-0.0,,
201572,Brook Lopez,2023-24,36.0,30.5,0.156,0.608,0.1174860693127404,0.0474967907573812,0.0072389115732965,1.0,37.42876953863738,3.92,0.8,1.9,0.19,0.81,0.2526076158940397,0.4959001249938075,0.0288305519897304,-0.031,0.0799999999999999,0.125,-0.1987179487179487,-0.0024799999999999,0.156,0.024,0.9,0.4,0.1,0.3734939759036144,0.4284549935815147,0.0668389789987163,-0.0,,
1628971,Bruce Brown,2023-24,27.0,27.8,0.161,0.563,0.0766421884343275,0.4618973561430793,0.0049511571502382,1.0,36.91459371727281,4.69,2.1,0.6,0.2933333333333333,0.7066666666666667,0.5937788837539992,0.3285321392301817,0.0704510108864696,0.01,0.014,0.171,0.062111801242236,0.00014,0.324,0.069,1.8,0.3,0.1,0.5493934142114385,0.3211016796267496,0.0516973704199066,-0.0,,
203468,CJ McCollum,2023-24,32.0,32.7,0.244,0.592,0.1530459826997894,0.578688524590164,0.0184461898363948,0.8568361107221212,37.83981650246026,4.77,4.4,0.1,0.4888888888888889,0.5111111111111111,0.300627962085308,0.3157757178674802,0.0765393442622951,-0.032,-0.026,0.212,-0.1311475409836065,0.000832,0.436,0.088,6.9,3.6,1.5,0.4030520646319569,0.3042967516697025,0.0742484074074074,-0.0,,
1630595,Cade Cunningham,2023-24,22.0,33.5,0.298,0.546,0.1046523184743674,0.7531645569620253,0.01702445627194,1.0,37.58162559608229,4.89,7.0,0.6000000000000001,0.7977777777777777,0.2022222222222223,0.5396342686284161,0.2013397568267376,0.0591012658227848,-0.001,0.0189999999999999,0.297,-0.0033557046979865,-1.8999999999999923e-05,0.637,0.172,7.1,2.0,0.6,0.5367132867132867,0.4457578621659633,0.132835842925457,-0.0,,
1628997,Caleb Martin,2023-24,28.0,27.4,0.168,0.531,0.0790821320384906,0.3595839524517087,0.0054455567944883,1.2817775486252614,36.43400084930043,4.99,2.1,0.3,0.2622222222222222,0.7377777777777779,0.4895441366973043,1.0,0.0539435364041604,-0.059,-0.01,0.109,-0.3511904761904762,0.00059,0.303,0.078,1.6,0.6,0.2,0.4172185430463576,0.4087100047587137,0.0686632807994639,-0.0,,
1629629,Cam Reddish,2023-24,24.0,20.5,0.123,0.504,0.0486780394988579,0.1983471074380165,0.0020998619587862,1.0,,4.22,0.6,0.2,0.1377777777777777,0.8622222222222222,0.3461538461538461,1.0,0.0274820936639118,-0.0379999999999999,0.0669999999999999,0.085,-0.3089430894308942,-0.0025459999999999,0.165,0.015,0.4,0.1,0.1,0.3903508771929824,0.2813257422711968,0.0346030662993572,-0.0,,
1630560,Cam Thomas,2023-24,22.0,31.4,0.296,0.554,0.1143809987771238,0.758751902587519,0.0184200774144607,1.0,37.92190002252964,4.49,3.7,0.4,0.4111111111111111,0.5888888888888888,0.5131092436974789,0.4212529507689477,0.1529223744292237,0.002,-0.106,0.298,0.0067567567567567,-0.000212,0.502,0.159,8.6,3.2,1.0,0.5383936451897617,0.35636032470827,0.1054826561136479,-0.0,,
1641715,Cam Whitmore,2023-24,19.0,18.7,0.255,0.561,0.1277561967083419,0.4220689655172414,0.0164509978294187,1.0,,4.65,1.2,0.5,0.1333333333333333,0.8666666666666667,0.3333333333333333,0.5,0.0984179310344827,-0.072,-0.361,0.183,-0.2823529411764706,0.025992,0.288,0.035,2.3,1.7,0.4,0.4603854389721627,0.3125631724137931,0.0797036089655172,-0.0,,
1629661,Cameron Johnson,2023-24,28.0,27.6,0.19,0.582,0.1442536944196609,0.3051470588235294,0.0119469582479462,1.0,37.60237350417852,4.6,1.6,0.2,0.2866666666666667,0.7133333333333334,0.4182537405824889,0.5,0.0564154411764706,0.003,-0.1559999999999999,0.193,0.0157894736842105,-0.000468,0.221,0.057,2.4,1.1,0.3,0.3513957307060755,0.3728660661764705,0.0708445525735294,-0.0,,
1627747,Caris LeVert,2023-24,29.0,28.8,0.224,0.524,0.0870096763020928,0.6229860365198712,0.0092244308693349,1.0119363292387646,36.9960640887677,4.59,3.5,0.3,0.5733333333333334,0.4266666666666666,0.6011791977423906,0.2776551742453744,0.0609344790547798,-0.002,-0.032,0.222,-0.0089285714285714,6.400000000000012e-05,0.475,0.057,3.8,2.0,0.6,0.4457700650759219,0.3735394034439054,0.0836728263714348,-0.0,,
1641717,Cason Wallace,2023-24,20.0,20.6,0.127,0.612,0.2052520911727707,0.2566964285714285,0.0092895178158764,0.0,37.62044340448049,4.54,0.9,0.2,0.2044444444444444,0.7955555555555556,0.3511946184180003,0.2663900307108162,0.0336495535714285,-0.02,0.138,0.107,-0.1574803149606299,-0.00276,0.203,0.064,0.9,0.3,0.1,0.3250517598343685,0.2390365178571428,0.0303576377678571,-0.0,,
1626224,Cedi Osman,2023-24,29.0,17.6,0.146,0.601,0.1643118557607998,0.218978102189781,0.0091663869019827,1.0,,4.73,0.8,0.3,0.2911111111111111,0.7088888888888889,0.2604166666666667,0.5,0.0238783454987834,-0.0659999999999999,-0.351,0.08,-0.4520547945205479,0.0231659999999999,0.163,0.025,0.6,0.3,0.1,0.3645833333333333,0.3925763125168964,0.0573161416274668,-0.0,,
1631096,Chet Holmgren,2023-24,22.0,29.4,0.21,0.632,0.184660692797743,0.1940298507462686,0.0177706536552015,0.6186650185414092,38.04772450070568,4.64,1.9,1.5,0.2488888888888888,0.7511111111111111,0.7087241379310343,0.2075526355749834,0.0020746268656716,-0.0169999999999999,0.018,0.193,-0.0809523809523809,-0.000306,0.265,0.046,1.6,0.3,0.0,0.480410447761194,0.3385514096185738,0.0710957960199004,-0.0,,
1628449,Chris Boucher,2023-24,31.0,14.1,0.167,0.625,0.0931220005682323,0.0054495912806539,0.0063551675392529,1.0,,4.53,0.4,0.5,0.0977777777777777,0.9022222222222224,0.2,0.386894649730064,0.0030572207084468,-0.031,0.35,0.136,-0.18562874251497,-0.0108499999999999,0.291,0.012,0.1,0.0,0.0,0.5424528301886793,0.3062485921889192,0.0511435148955495,-0.0,,
101108,Chris Paul,2023-24,39.0,26.4,0.154,0.544,0.1454686452719945,0.6681818181818182,0.0087912468657757,1.0,38.7420723249268,4.2,4.6,0.3,0.76,0.24,0.163311920057102,0.5,0.0829227272727272,-0.047,-0.015,0.107,-0.3051948051948052,0.000705,0.641,0.266,5.1,1.6,0.5,0.2576419213973799,0.4796680000000001,0.073868872,-0.0,,
1631128,Christian Braun,2023-24,23.0,20.2,0.152,0.554,0.0996255496750954,0.3663594470046082,0.0059038608445639,0.7827604726100966,37.68399113954774,4.8,1.3,0.5,0.2422222222222222,0.7577777777777778,0.7254237288135593,0.5,0.0620668202764976,-0.095,-0.054,0.0569999999999999,-0.625,0.00513,0.239,0.027,0.8,0.5,0.2,0.5425330812854442,0.2659686507936508,0.0404272349206349,-0.0,,
1626174,Christian Wood,2023-24,28.0,17.4,0.173,0.568,0.0354721036833842,0.0866336633663366,0.0025524432791044,1.0,,4.1,0.7,0.7999999999999999,0.1755555555555555,0.8244444444444444,0.1609848484848484,1.0,0.0466955445544554,-0.1129999999999999,-0.2349999999999999,0.06,-0.653179190751445,0.0265549999999999,0.179,0.029,0.3,0.1,0.0,0.44921875,0.2893656188118812,0.0500602520544554,-0.0,,
203991,Clint Capela,2023-24,30.0,25.8,0.167,0.59,0.1210095221133724,0.0252365930599369,0.0082583684004074,1.0,37.92651027068828,4.12,0.7,2.0,0.2,0.8,0.3976470588235293,0.4871538758636437,0.0151167192429022,-0.059,-0.1699999999999999,0.108,-0.3532934131736527,0.01003,0.32,0.002,0.0,0.0,0.0,0.8513071895424836,0.3503299684542586,0.0585051047318611,-0.0,,
1629632,Coby White,2023-24,24.0,36.5,0.224,0.57,0.1174226019314904,0.5729984301412873,0.0124486921460759,1.0,37.81941529298894,4.45,4.8,0.1,0.5333333333333333,0.4666666666666667,0.5383934218848829,0.3318054555131872,0.0216028257456829,-0.013,0.019,0.211,-0.0580357142857143,-0.000247,0.501,0.066,4.1,1.8,0.7,0.3812341504649197,0.4035711669283098,0.0903999413919414,-0.0,,
1628998,Cody Martin,2023-24,28.0,26.9,0.157,0.46,0.0329050126511877,0.4860681114551083,0.0020469702967189,1.0,,4.86,2.9,0.7,0.4266666666666666,0.5733333333333334,0.2790697674418604,0.3314776377316775,0.0,0.001,0.065,0.158,0.0063694267515923,6.500000000000006e-05,0.476,0.085,2.3,0.8,0.4,0.4418604651162791,0.3213091847265222,0.050445542002064,-0.0,,
1630175,Cole Anthony,2023-24,24.0,22.4,0.232,0.545,0.0854964211832625,0.5872235872235873,0.00955388288415,0.8065641512190416,36.73931304446447,4.72,3.4,0.3,0.4444444444444445,0.5555555555555556,0.5412732494910906,0.5,0.0599287469287469,-0.015,-0.167,0.217,-0.0646551724137931,0.002505,0.548,0.117,2.9,0.6,0.1,0.4308841843088418,0.25352707528026,0.0588182814650203,-0.0,,
1629012,Collin Sexton,2023-24,25.0,26.6,0.267,0.607,0.156134889554715,0.6673151750972762,0.0215410491886291,1.0,38.72784700636602,4.43,3.9,0.5,0.6288888888888888,0.3711111111111111,0.696699842090776,0.4753441871911597,0.1271712062256809,-0.059,-0.01,0.208,-0.2209737827715356,0.00059,0.484,0.049,3.4,1.8,0.6,0.5318940137389597,0.4526916731517509,0.1208686767315175,-0.0,,
1630557,Corey Kispert,2023-24,25.0,25.8,0.191,0.62,0.1515119821342936,0.213406292749658,0.012647277004156,1.0,37.885777306204595,5.05,1.1,0.4,0.2466666666666666,0.7533333333333333,0.4842378444393557,0.5,0.0151299589603282,-0.0539999999999999,-0.0989999999999999,0.137,-0.2827225130890052,0.0053459999999999,0.142,0.022,1.4,0.9,0.3,0.3694267515923566,0.3714256589147287,0.0709423008527131,-0.0,,
1626156,D'Angelo Russell,2023-24,28.0,32.7,0.222,0.588,0.1492513660728656,0.5740432612312812,0.0156116129858881,1.0046843804472716,38.16661779974687,4.36,4.4,0.6,0.58,0.42,0.3751564945226917,0.2448580170635802,0.1018768718801997,-0.002,0.029,0.22,-0.009009009009009,-5.80000000000001e-05,0.455,0.077,5.5,2.8,1.1,0.4086879432624113,0.3534412917864166,0.0784639667765844,-0.0,,
1630625,Dalano Banton,2023-24,24.0,19.4,0.25,0.504,0.0523442303056542,0.5401554404145078,0.0065430287882067,1.0,,4.81,2.7,0.2,0.4444444444444445,0.5555555555555556,0.3032928942807625,1.0,0.056449481865285,-0.1109999999999999,0.284,0.139,-0.4439999999999999,-0.0315239999999999,0.515,0.022,1.9,1.0,0.2,0.5165289256198347,0.3355087075417385,0.0838771768854346,-0.0,,
203081,Damian Lillard,2023-24,33.0,35.3,0.274,0.59,0.1135127161996067,0.7831159917638985,0.016280598271383,1.1661026344488783,37.55563487547757,4.44,7.4,0.0,0.8222222222222223,0.1777777777777777,0.7266718872357085,0.1349434338220974,0.011188057652711,0.0579999999999999,0.036,0.332,0.2116788321167882,0.002088,0.677,0.082,8.6,5.7,2.1,0.474188790560472,0.5576110773387368,0.1527854351908139,-0.0,,
1629655,Daniel Gafford,2023-24,25.0,24.5,0.145,0.731,0.2871832885394474,0.0201612903225806,0.015856640048514,1.0,36.40597509151004,4.53,0.9,2.4,0.24,0.76,0.4215384615384615,0.1590857080158271,0.0154435483870967,-0.0209999999999999,-0.004,0.124,-0.1448275862068965,8.400000000000004e-05,0.239,0.015,0.1,0.0,0.0,0.8470588235294118,0.4404375,0.0638634375,-0.0,,
203957,Danté Exum,2023-24,28.0,19.8,0.148,0.645,0.1974623313843088,0.4504504504504505,0.0112428607943949,0.7164954173734428,,4.85,2.3,0.2,0.4022222222222222,0.5977777777777777,0.4,0.0990760962579406,0.1085045045045045,0.102,0.1739999999999999,0.25,0.6891891891891893,0.0177479999999999,0.323,0.019,0.6,0.1,0.1,0.478134110787172,0.1099995178664903,0.0162799286442405,-0.0,,
1629636,Darius Garland,2023-24,24.0,33.3,0.249,0.56,0.1173305838694868,0.738243123336291,0.0145784131024751,0.976950816047938,37.88287916002346,4.74,6.6,0.1,0.7333333333333333,0.2666666666666667,0.4653822669280457,0.4818831427683872,0.0409547471162378,0.028,-0.099,0.277,0.1124497991967872,-0.002772,0.547,0.099,6.5,3.7,1.4,0.4381800197823937,0.4181711842816171,0.1041246248861226,-0.0,,
1631223,David Roddy,2023-24,23.0,18.1,0.177,0.484,0.0429551352426034,0.3333333333333333,0.0031987109001663,1.0,,4.63,1.1,0.5,0.2266666666666666,0.7733333333333333,0.3781512605042016,0.5148221030801157,0.0464875,0.003,-0.0399999999999999,0.18,0.0169491525423729,-0.00012,0.291,0.014,0.6,0.2,0.0,0.4898477157360406,0.2916476666666666,0.0516216369999999,-0.0,,
1630558,Davion Mitchell,2023-24,25.0,15.3,0.147,0.555,0.1048865566157009,0.489247311827957,0.0059114746295548,1.0,,4.84,1.9,0.2,0.3733333333333333,0.6266666666666667,0.2167182662538699,0.5,0.0688978494623655,-0.0999999999999999,0.945,0.047,-0.6802721088435374,-0.0944999999999999,0.336,0.09,1.2,0.5,0.2,0.35202492211838,0.3585101433691756,0.0527009910752688,-0.0,,
1628368,De'Aaron Fox,2023-24,26.0,35.9,0.3,0.567,0.1539359348707978,0.7667844522968198,0.0252942551818146,1.0,38.60633217988078,4.71,6.3,0.4,0.7,0.3,0.4964141088092023,0.1959051858413991,0.0521578327444051,0.085,-0.0609999999999999,0.385,0.2833333333333334,-0.0051849999999999,0.675,0.083,9.8,4.6,1.6,0.4504854368932038,0.4622658421672556,0.1386797526501766,-0.0,,
1629631,De'Andre Hunter,2023-24,26.0,29.5,0.204,0.595,0.1189280390480549,0.3233458177278402,0.0109579549133288,1.0,38.44784007986725,4.43,1.4,1.0,0.1622222222222222,0.8377777777777777,0.5478025693035833,0.5,0.0445318352059924,-0.1009999999999999,-0.177,0.103,-0.4950980392156863,0.0178769999999999,0.237,0.123,3.5,1.2,0.4,0.424886191198786,0.3210453890969621,0.0654932593757802,-0.0,,
201942,DeMar DeRozan,2023-24,34.0,37.8,0.252,0.584,0.1204716191809735,0.7260579064587974,0.0152400207608041,1.0,37.66279864712388,4.31,5.1,1.7999999999999998,0.5666666666666667,0.4333333333333333,0.7593495237277954,0.0954826521901258,0.0,0.0999999999999999,0.041,0.352,0.3968253968253967,0.0041,0.652,0.249,8.1,0.6,0.2,0.6283783783783784,0.402935152190052,0.1015396583518931,-0.0,,
1629028,Deandre Ayton,2023-24,25.0,32.4,0.211,0.587,0.1483152701779986,0.1239224137931034,0.0143750561640919,1.0,38.13051504743537,4.11,1.6,5.3,0.53,0.47,0.227318777978481,0.5,0.0235215517241379,-0.0529999999999999,-0.0549999999999999,0.158,-0.2511848341232227,0.0029149999999999,0.251,0.237,1.9,0.0,0.0,0.5905947441217151,0.4601310129310345,0.0970876437284482,-0.0,,
1627749,Dejounte Murray,2023-24,27.0,35.7,0.259,0.555,0.1391014729417624,0.7101910828025477,0.0183350194444872,1.0,38.14638999280184,4.7,6.4,0.3,0.7111111111111111,0.2888888888888888,0.4275475923852182,0.4112776419898586,0.0514235668789808,0.067,-0.095,0.326,0.2586872586872586,-0.006365,0.606,0.146,8.1,3.3,1.1,0.5776098901098901,0.4573598372257608,0.118456197841472,-0.0,,
1630166,Deni Avdija,2023-24,23.0,30.1,0.196,0.597,0.1275075591457868,0.5155038759689922,0.0110642005508589,1.0,37.7631850929315,4.72,2.7,1.2000000000000002,0.3866666666666666,0.6133333333333334,0.8037383177570093,0.5,0.069860465116279,-0.038,-0.236,0.158,-0.1938775510204081,0.008968,0.369,0.027,1.6,0.9,0.3,0.5256570713391739,0.3758834108527131,0.0736731485271317,-0.0,,
203471,Dennis Schröder,2023-24,30.0,31.1,0.202,0.55,0.1028005191658665,0.5846477392218716,0.0093330235593675,1.0,37.09781514660101,4.56,5.9,0.1,0.6555555555555556,0.3444444444444444,0.528501283338913,0.2046688553126229,0.0613711882229232,0.0499999999999999,0.0179999999999999,0.252,0.2475247524752474,0.0008999999999999,0.504,0.13,3.7,0.9,0.3,0.4316939890710382,0.4226871830821357,0.0853828109825914,-0.0,,
1628372,Dennis Smith Jr.,2023-24,26.0,18.9,0.174,0.508,0.0398355654112632,0.5944798301486199,0.002891311330851,1.0,,4.43,2.6,0.2,0.6133333333333334,0.3866666666666666,0.4,1.0,0.0873036093418258,-0.0249999999999999,-0.186,0.149,-0.1436781609195402,0.0046499999999999,0.476,0.049,1.2,0.4,0.1,0.5382262996941896,0.3603350884642604,0.0626983053927813,-0.0,,
1641726,Dereck Lively II,2023-24,20.0,23.5,0.124,0.728,0.2927495328564406,0.0043668122270742,0.0127828807801221,1.0,38.35185211822386,4.69,0.8,1.2000000000000002,0.1333333333333333,0.8666666666666667,0.3666666666666666,0.5,0.0033231441048034,-0.076,0.1119999999999999,0.048,-0.6129032258064516,-0.0085119999999999,0.19,0.004,0.0,0.0,0.0,0.8260869565217391,0.3909851528384279,0.048482158951965,-0.0,,
1627884,Derrick Jones Jr.,2023-24,27.0,23.5,0.146,0.592,0.0553123328540609,0.104602510460251,0.0030856826553627,1.0,38.186224847941006,4.4,0.7,0.3,0.1222222222222222,0.8777777777777778,0.356052836052836,1.0,0.059623430962343,-0.0359999999999999,-0.002,0.11,-0.2465753424657533,7.200000000000004e-05,0.159,0.009,0.3,0.1,0.0,0.4411764705882353,0.2908997210599721,0.0424713592747559,-0.0,,
1628401,Derrick White,2023-24,29.0,32.6,0.183,0.611,0.1553850174989074,0.4496919917864476,0.0121642622801787,0.93404,37.17418335336808,4.39,4.3,0.4,0.4777777777777777,0.5222222222222223,0.3824200652951236,0.3607018439675395,0.0625071868583162,-0.035,0.174,0.148,-0.1912568306010929,-0.00609,0.388,0.033,3.2,2.0,0.7,0.3563432835820895,0.4320836817248461,0.0790713137556468,-0.0,,
1630217,Desmond Bane,2023-24,26.0,34.4,0.273,0.589,0.1620991875905059,0.6526994359387591,0.0231219686928435,1.0,,4.76,5.1,0.3,0.6044444444444445,0.3955555555555555,0.2577319587628865,0.2560838268083313,0.0607687348912167,-0.026,-0.0409999999999999,0.247,-0.0952380952380953,0.0010659999999999,0.517,0.084,8.1,5.2,1.8,0.4787096774193548,0.4518366371206016,0.1233514019339242,-0.0,,
1626164,Devin Booker,2023-24,27.0,36.0,0.289,0.611,0.1566177424153311,0.7698863636363636,0.0243325555557177,0.9870750553221762,37.769108031009665,4.35,6.2,1.1,0.6888888888888889,0.3111111111111111,0.5888649425287356,0.1250872483043301,0.01378125,-0.0129999999999999,-0.009,0.276,-0.0449826989619375,0.0001169999999999,0.57,0.2,11.0,3.9,1.4,0.5616641901931649,0.4559189364575993,0.1317605726362462,-0.0,,
1630170,Devin Vassell,2023-24,23.0,33.1,0.229,0.578,0.1267846564080945,0.4775672981056829,0.0138937641238898,1.0,38.61469968449643,4.93,2.8,0.4,0.4266666666666666,0.5733333333333334,0.4207050342130987,0.4538783835894535,0.0548504486540378,-0.019,-0.1059999999999999,0.21,-0.0829694323144105,0.002014,0.319,0.157,6.9,2.4,0.8,0.5080568720379147,0.3888733466267863,0.089051996377534,-0.0,,
1628984,Devonte' Graham,2023-24,29.0,13.6,0.175,0.495,0.026334110069235,0.4463768115942029,0.0019278610075617,1.0,,4.41,1.7,0.0,0.4866666666666666,0.5133333333333334,0.1018518518518518,0.3207211939731938,0.0,0.075,0.035,0.25,0.4285714285714286,0.002625,0.395,0.053,2.1,1.7,0.5,0.3942307692307692,0.3328409661835748,0.0582471690821255,-0.0,,
1628415,Dillon Brooks,2023-24,28.0,30.9,0.176,0.549,0.0716817150053319,0.3369272237196765,0.005292701353252,1.0,38.287899206265905,4.14,1.3,1.0,0.1644444444444444,0.8355555555555556,0.456069898753894,0.5992521134841245,0.0401145552560647,-0.0059999999999999,0.0839999999999999,0.17,-0.0340909090909089,-0.0005039999999999,0.261,0.055,2.5,1.3,0.5,0.3971354166666667,0.2933733033842468,0.0516337013956274,-0.0,,
1627734,Domantas Sabonis,2023-24,28.0,35.7,0.22,0.637,0.1557204263930967,0.2857142857142857,0.0160686579257733,1.0,38.66126591106515,4.51,3.7,6.2,0.7422222222222222,0.2577777777777778,0.8707692307692307,0.4831142026885284,0.0200365448504983,-0.06,-0.0789999999999999,0.16,-0.2727272727272727,0.0047399999999999,0.377,0.041,0.6,0.1,0.0,0.7192488262910798,0.5165370542635659,0.1136381519379845,-0.0,,
1628378,Donovan Mitchell,2023-24,27.0,35.3,0.301,0.595,0.15922787913593,0.7532956685499058,0.0262947383631038,1.1674528166844738,36.98214612997466,4.34,6.3,0.5,0.7,0.3,0.5939393939393939,0.0390004536396197,0.0745386064030131,0.063,0.003,0.364,0.2093023255813953,0.000189,0.638,0.109,9.8,5.8,2.0,0.4855403348554033,0.4416741213441336,0.1329439105245842,-4.583258786558673e-07,,
1628978,Donte DiVincenzo,2023-24,27.0,29.1,0.209,0.597,0.1496065822357867,0.1908023483365949,0.0142945382385677,0.7792446415879865,37.17312062463981,4.51,1.9,0.3,0.2955555555555555,0.7044444444444444,0.3247268988561881,0.5,0.0108111545988258,-0.0289999999999999,-0.1399999999999999,0.18,-0.138755980861244,0.0040599999999999,0.184,0.019,1.8,1.3,0.5,0.3162321278385198,0.39424593353852,0.0823974001095506,-0.0,,
1627827,Dorian Finney-Smith,2023-24,31.0,28.4,0.132,0.546,0.0406329503046394,0.0664451827242525,0.0019486742834254,1.0,37.126534585431465,4.35,1.0,0.3,0.1711111111111111,0.8288888888888889,0.1841800391389432,0.7145765910127787,0.035548172757475,0.004,-0.011,0.136,0.0303030303030303,-4.400000000000008e-05,0.13,0.007,0.5,0.4,0.1,0.2839756592292089,0.292456792174234,0.0386042965669988,-0.0,,
203110,Draymond Green,2023-24,34.0,27.1,0.148,0.587,0.1295644025403142,0.1375770020533881,0.0073769742890084,1.0,37.65156090764546,4.31,2.0,1.0,0.6133333333333334,0.3866666666666666,0.3028779253636938,0.4581375297610681,0.0066160164271047,-0.0289999999999999,-0.0679999999999999,0.119,-0.1959459459459459,0.0019719999999999,0.184,0.021,0.2,0.0,0.0,0.4775280898876404,0.4689830800821355,0.069409495852156,-0.0,,
1641871,Duop Reath,2023-24,28.0,17.9,0.202,0.571,0.0911128034100414,0.0182815356489945,0.0082719226292418,1.0,,4.48,0.8,0.8999999999999999,0.1955555555555555,0.8044444444444445,0.1574585635359116,0.5,0.0103290676416819,-0.166,-0.0709999999999999,0.036,-0.8217821782178217,0.0117859999999999,0.191,0.013,0.2,0.1,0.0,0.4616935483870967,0.3315699573430835,0.0669771313833028,-0.0,,
1630596,Evan Mobley,2023-24,23.0,30.6,0.2,0.626,0.20363249383385,0.1887254901960784,0.0182134439456118,0.9403084661380144,36.18820223513641,4.59,1.9,2.6,0.3444444444444444,0.6555555555555556,0.770909090909091,0.1745402874243261,0.0335808823529411,-0.02,-0.042,0.18,-0.1,0.00084,0.256,0.02,0.6,0.0,0.0,0.7227011494252874,0.4175785130718955,0.0835157026143791,-0.0,,
1630532,Franz Wagner,2023-24,22.0,32.5,0.25,0.575,0.1226015291038907,0.5916666666666667,0.0153251911379863,0.8270894297868607,36.89542066913351,4.79,3.7,1.1,0.4111111111111111,0.5888888888888888,0.7473684210526317,0.344875790943672,0.0102608333333333,0.008,-0.0769999999999999,0.258,0.032,-0.000616,0.515,0.023,2.6,1.7,0.5,0.5976627712854758,0.3245097739554501,0.0811274434888625,-0.0,,
1627832,Fred VanVleet,2023-24,30.0,36.8,0.194,0.568,0.1465782503816811,0.6977777777777777,0.0125248383196795,1.0,38.22691404953121,4.54,6.5,0.1,0.7222222222222222,0.2777777777777778,0.3933626379839152,0.4121441978333365,0.0777253333333333,0.0189999999999999,-0.0659999999999999,0.213,0.0979381443298968,-0.0012539999999999,0.593,0.128,7.7,4.8,1.7,0.316256157635468,0.4678198518518518,0.0907570512592592,-0.0,,
1641713,GG Jackson,2023-24,19.0,25.7,0.238,0.554,0.0974474543728629,0.3234972677595628,0.0113145147798507,1.0,,4.43,1.9,0.7,0.2111111111111111,0.7888888888888889,0.3256445047489824,0.4449903274339521,0.0500273224043715,-0.034,-0.024,0.204,-0.1428571428571428,0.000816,0.303,0.026,2.2,1.3,0.4,0.4067495559502664,0.3215334547662417,0.0765249622343655,-0.0,,
1627780,Gary Payton II,2023-24,31.0,15.5,0.13,0.621,0.1173979605975481,0.0532544378698224,0.0055026967654016,1.0,,4.95,0.5,0.4,0.2088888888888888,0.7911111111111111,0.2,0.2405666441433999,0.0324852071005917,-0.005,0.022,0.125,-0.0384615384615384,-0.00011,0.146,0.0,0.0,0.0,0.0,0.5604395604395604,0.3490756081525312,0.045379829059829,-0.0,,
1629018,Gary Trent Jr.,2023-24,25.0,28.1,0.195,0.548,0.1506316275393477,0.3946449359720605,0.0129708395049995,1.0,36.96996336920285,4.2,1.2,0.4,0.1866666666666666,0.8133333333333334,0.2757691506354607,0.48484431465093,0.0738440046565774,-0.052,-0.025,0.143,-0.2666666666666668,0.0013,0.263,0.119,4.2,1.7,0.5,0.315018315018315,0.3424458905704307,0.066776948661234,-0.0,,
1627777,Georges Niang,2023-24,31.0,22.3,0.173,0.583,0.1318510489323491,0.189328743545611,0.0094875208612982,0.6613995213872554,37.36677114623894,4.48,1.0,0.2,0.1666666666666666,0.8333333333333334,0.2514959723820482,0.5,0.0174216867469879,-0.03,0.042,0.143,-0.1734104046242774,-0.00126,0.137,0.047,1.1,0.6,0.2,0.3135215453194651,0.155036813922356,0.0268213688085676,-0.0,,
203507,Giannis Antetokounmpo,2023-24,29.0,35.2,0.32,0.649,0.2352264902407256,0.6176232821341956,0.0425805430691656,1.0,37.08185105766585,4.39,4.7,3.9,0.6977777777777777,0.3022222222222223,1.0,0.3775283339685238,0.1051899757477769,-0.0459999999999999,-0.01,0.274,-0.1437499999999999,0.00046,0.491,0.055,3.7,1.1,0.3,0.6671532846715329,0.5431276205874427,0.1738008385879816,-0.000142748951765,,
1641711,Gradey Dick,2023-24,20.0,21.1,0.167,0.546,0.1067310279786351,0.1738317757009346,0.0072839238880388,1.0,37.73120374892878,4.76,0.6,0.5,0.1733333333333333,0.8266666666666667,0.378088803088803,0.5,0.0480168224299065,-0.09,-0.546,0.077,-0.5389221556886228,0.04914,0.095,0.094,1.6,0.7,0.2,0.3839080459770115,0.3255901308411215,0.0543735518504672,-0.0,,
1629684,Grant Williams,2023-24,25.0,28.0,0.157,0.588,0.1030889499665166,0.132669983416252,0.0064130052383916,1.0,38.40027423699771,4.18,1.2,1.0,0.2533333333333333,0.7466666666666666,0.2482231404958677,0.4732020131953672,0.027608623548922,-0.0269999999999999,0.213,0.13,-0.1719745222929936,-0.005751,0.163,0.033,1.0,0.3,0.1,0.3188647746243739,0.3480452625760088,0.0546431062244333,-0.0,,
203084,Harrison Barnes,2023-24,32.0,29.0,0.154,0.611,0.1340962266753673,0.2943786982248521,0.0081039665301614,1.0,38.788173833770216,4.8,1.2,0.6000000000000001,0.1333333333333333,0.8666666666666667,0.5353441394977589,0.5,0.0255133136094674,-0.0219999999999999,-0.125,0.132,-0.1428571428571428,0.0027499999999999,0.225,0.048,1.3,0.6,0.3,0.3739612188365651,0.3232757889546351,0.0497844714990138,-0.0,,
1630529,Herbert Jones,2023-24,25.0,30.5,0.141,0.636,0.1959696620876742,0.2165820642978003,0.0103757025457491,1.1247003029903837,37.957786764231784,4.55,1.8,0.3,0.2488888888888888,0.7511111111111111,0.6912183055040197,0.1410505198662576,0.012984771573604,0.003,0.0639999999999999,0.144,0.0212765957446808,0.000192,0.253,0.026,0.4,0.1,0.0,0.3861066235864297,0.3553543222410227,0.0501049594359842,-0.0,,
1630193,Immanuel Quickley,2023-24,25.0,29.2,0.233,0.577,0.1293625972959757,0.663751214771623,0.0145493170589721,1.0,38.0795918316124,4.94,4.8,0.1,0.5444444444444444,0.4555555555555556,0.4695920214491862,0.4966897716693986,0.0975928085519922,0.0,-0.0939999999999999,0.233,0.0,-0.0,0.49,0.076,5.6,3.1,1.2,0.3602771362586605,0.408819997840406,0.0952550594968146,-0.0,,
1630171,Isaac Okoro,2023-24,23.0,27.3,0.136,0.599,0.1463098590185827,0.2795497185741088,0.0073380717587057,0.8332940320946607,37.03761558090971,4.26,1.1,0.2,0.2111111111111111,0.7888888888888889,0.7428571428571429,0.5,0.0478405253283302,-0.061,-0.0879999999999999,0.075,-0.4485294117647059,0.0053679999999999,0.14,0.009,0.2,0.2,0.1,0.4436363636363636,0.2552257244110903,0.0347106985199082,-0.0,,
1628392,Isaiah Hartenstein,2023-24,26.0,25.3,0.116,0.67,0.1840452254092674,0.0574712643678161,0.0072712912253323,1.0,37.611662856196006,4.6,1.0,1.7,0.2822222222222222,0.7177777777777778,0.4571428571428571,0.5,0.0392528735632183,-0.066,-0.045,0.05,-0.5689655172413793,0.00297,0.345,0.021,0.1,0.0,0.0,0.7374429223744292,0.3559124648786717,0.0412858459259259,-0.0,,
1630198,Isaiah Joe,2023-24,24.0,18.5,0.157,0.626,0.1798739091277414,0.1533742331288343,0.0111896796102865,0.0,,5.02,0.8,0.2,0.2066666666666666,0.7933333333333333,0.0989690721649484,0.5,0.0308609406952965,-0.053,-0.132,0.104,-0.3375796178343949,0.006996,0.104,0.094,1.6,0.8,0.3,0.2003710575139146,0.3177160736196319,0.0498814235582822,-0.0,,
1630587,Isaiah Livers,2023-24,25.0,20.4,0.122,0.46,-0.0067920423399053,0.1031746031746031,-0.0002894277247457,1.0,,4.6,0.6,0.1,0.1577777777777777,0.8422222222222222,0.0991379310344827,1.0,0.0515873015873015,-0.0109999999999999,-0.127,0.111,-0.0901639344262294,0.0013969999999999,0.1,0.053,0.8,0.4,0.1,0.2894736842105263,0.2595811287477954,0.031668897707231,-0.0,,
1630191,Isaiah Stewart,2023-24,23.0,30.9,0.143,0.6,0.1085011153886081,0.1014705882352941,0.0058672995178774,1.0,,4.28,1.0,1.5,0.1533333333333333,0.8466666666666667,0.1871727748691099,0.5,0.0311264705882352,0.014,-0.2079999999999999,0.157,0.097902097902098,-0.002912,0.177,0.012,0.3,0.1,0.1,0.4474393530997305,0.3251670686274509,0.0464988908137254,-0.0,,
1627826,Ivica Zubac,2023-24,27.0,26.4,0.165,0.671,0.1743427360393635,0.0628465804066543,0.011685028436013,1.0,38.1610711987571,4.37,1.0,3.5,0.35,0.65,0.3894736842105263,0.2775,0.0424842883548983,-0.037,-0.017,0.128,-0.2242424242424242,0.000629,0.228,0.003,0.0,0.0,0.0,0.8356401384083045,0.4263579482439926,0.0703490614602587,-0.0,,
1629630,Ja Morant,2023-24,24.0,35.3,0.296,0.57,0.1063597734227441,0.8014796547472257,0.0171283279668588,1.0,,4.46,7.6,0.2,0.8533333333333333,0.1466666666666667,0.3411764705882353,0.3613466994703476,0.0,-0.0259999999999999,0.172,0.27,-0.0878378378378377,-0.0044719999999999,0.675,0.035,6.0,3.2,0.9,0.5352941176470588,0.4567095519934238,0.1351860273900534,-0.0,,
1631095,Jabari Smith Jr.,2023-24,21.0,31.9,0.174,0.571,0.1085936331421295,0.2027027027027027,0.0078818512733686,1.0,38.14955817169828,4.46,1.4,1.5,0.1577777777777777,0.8422222222222222,0.4901286841012867,0.363874429812845,0.0329950859950859,-0.0219999999999999,0.003,0.152,-0.1264367816091953,-6.600000000000003e-05,0.262,0.102,2.8,0.7,0.2,0.4619105199516324,0.3207072891072891,0.0558030683046682,-0.0,,
1631133,Jabari Walker,2023-24,21.0,23.6,0.159,0.546,0.0600489126231543,0.1396761133603239,0.0038071574149429,1.0,38.36480598876558,4.4,0.9,0.7,0.1377777777777777,0.8622222222222222,0.4028169014084507,0.8351703585565696,0.0083380566801619,0.0129999999999999,-0.12,0.172,0.081761006289308,-0.0015599999999999,0.316,0.025,0.4,0.1,0.0,0.6463654223968566,0.2910787944219523,0.0462815283130904,-0.0,,
1631093,Jaden Ivey,2023-24,22.0,28.8,0.244,0.536,0.0938210108058632,0.562634989200864,0.0113079751943713,1.0,37.487777024264645,4.82,2.8,0.4,0.4355555555555556,0.5644444444444444,0.6663640232657113,0.2251034472921428,0.0371846652267818,-0.002,0.006,0.242,-0.0081967213114754,-1.200000000000002e-05,0.436,0.061,3.5,1.4,0.4,0.4332281808622503,0.3616274514038877,0.0882370981425486,-0.0,,
1630183,Jaden McDaniels,2023-24,23.0,29.2,0.156,0.571,0.1088527503909504,0.3746031746031746,0.0067069690832252,0.9624356473113788,38.013539430283174,4.39,1.1,0.6000000000000001,0.1488888888888889,0.8511111111111112,0.4240171315616076,0.5,0.0226507936507936,-0.0389999999999999,-0.0949999999999999,0.117,-0.2499999999999999,0.0037049999999999,0.277,0.074,1.5,0.3,0.1,0.45703125,0.3484685209605209,0.0543610892698412,-0.0,,
1631170,Jaime Jaquez Jr.,2023-24,23.0,28.2,0.181,0.574,0.1179601606171319,0.4039999999999999,0.0090834999373122,0.9530433367905152,36.715289225272855,4.99,2.2,1.0,0.3044444444444444,0.6955555555555555,0.6533201545511725,0.4976529333634679,0.0384359999999999,0.0,-0.1239999999999999,0.181,0.0,-0.0,0.384,0.043,0.8,0.2,0.0,0.5625841184387618,0.2843610622222222,0.0514693522622222,-0.0,,
1631222,Jake LaRavia,2023-24,22.0,23.0,0.201,0.54,0.0701321966166556,0.3420245398773006,0.0063199192282827,1.0,,4.75,1.4,0.3,0.2577777777777778,0.7422222222222222,0.2732793522267207,0.5676851256508305,0.0311656441717791,-0.015,0.019,0.186,-0.0746268656716418,-0.000285,0.288,0.021,1.7,1.2,0.4,0.4653465346534653,0.3155980504430811,0.0634352081390593,-0.0,,
1627751,Jakob Poeltl,2023-24,28.0,26.4,0.16,0.653,0.2355141102917248,0.0035211267605633,0.0150729030586703,1.0,37.20960158848499,4.67,1.1,3.6,0.36,0.64,0.3657894736842105,0.433422288043459,0.002475352112676,-0.057,0.0699999999999999,0.103,-0.35625,-0.0039899999999999,0.202,0.029,0.1,0.0,0.0,0.7671957671957672,0.4763567605633802,0.0762170816901408,-0.0,,
1628973,Jalen Brunson,2023-24,27.0,35.4,0.311,0.592,0.1539680480452256,0.8424242424242424,0.026703684455036,0.9221571949801448,37.44763962747898,4.67,8.6,0.4,0.9555555555555556,0.0444444444444445,0.5368160783957898,0.201604805077924,0.1335685950413223,0.064,-0.0689999999999999,0.375,0.2057877813504823,-0.0044159999999999,0.676,0.121,10.9,4.3,1.6,0.5239777889954569,0.4900221914860918,0.1523969015521745,-4.960731483018298e-05,,
1631105,Jalen Duren,2023-24,20.0,29.1,0.181,0.653,0.2060053091506595,0.257918552036199,0.01586340000697,1.0,37.94114948414199,4.45,1.8,3.3,0.3299999999999999,0.67,0.7913043478260868,0.5,0.0760165912518853,-0.0799999999999999,0.1699999999999999,0.101,-0.441988950276243,-0.0135999999999999,0.324,0.01,0.5,0.0,0.0,0.8028673835125448,0.4295789668174962,0.0777537929939668,-0.0,,
1630224,Jalen Green,2023-24,22.0,31.7,0.27,0.541,0.0938428771948357,0.6914728682170542,0.013165791129622,1.0,38.05316368373699,4.75,4.3,0.3,0.4777777777777777,0.5222222222222223,0.6068068068068069,0.5,0.0428403100775194,-0.109,0.0479999999999999,0.161,-0.4037037037037037,-0.0052319999999999,0.584,0.091,6.8,4.1,1.4,0.4328808446455505,0.3629124375538329,0.0979863581395349,-0.0,,
1630552,Jalen Johnson,2023-24,22.0,33.7,0.184,0.584,0.1270461527120137,0.2603211009174311,0.0100273979897747,1.0,37.530301438578626,4.7,2.4,1.7,0.3422222222222222,0.6577777777777778,0.6496,0.5,0.0472121559633027,-0.0699999999999999,-0.0829999999999999,0.114,-0.3804347826086956,0.0058099999999999,0.242,0.038,1.3,0.4,0.1,0.5316091954022989,0.380377619775739,0.0699894820387359,-0.0,,
1630591,Jalen Suggs,2023-24,23.0,27.0,0.191,0.602,0.1633930609781601,0.3715046604527297,0.0136390354983021,0.5215774515823172,37.34820110409269,4.4,2.4,0.2,0.3266666666666666,0.6733333333333333,0.5215656789031402,0.5,0.0348055925432756,-0.0509999999999999,0.018,0.14,-0.2670157068062826,-0.000918,0.339,0.051,2.4,1.3,0.5,0.3052763819095477,0.2619906944998541,0.0500402226494721,-0.0,,
1631114,Jalen Williams,2023-24,23.0,31.3,0.232,0.621,0.1817967760929696,0.6942291128337639,0.0203150621215512,0.747176734683832,38.47287787421174,5.11,3.9,0.6,0.4488888888888889,0.5511111111111111,0.5705802241452688,0.0611022862642087,0.1091576227390179,0.034,0.181,0.266,0.146551724137931,0.006154,0.53,0.12,5.2,1.3,0.6,0.4882710686359687,0.33235790065155,0.0771070329511596,-0.0,,
1627750,Jamal Murray,2023-24,27.0,31.5,0.273,0.586,0.1504575182871961,0.7535687453042825,0.0214613908875829,0.8771310063389851,37.64212282345035,4.54,5.9,1.4,0.6577777777777777,0.3422222222222223,0.4337078378739476,0.2284668060784668,0.081335837716003,-0.023,0.1059999999999999,0.25,-0.0842490842490843,-0.002438,0.582,0.19,8.3,3.1,1.3,0.423785594639866,0.3765631176488679,0.1028017311181409,-0.0,,
201935,James Harden,2023-24,34.0,34.3,0.202,0.612,0.1445129172825171,0.7591463414634146,0.0131199965970454,1.1749959243116608,38.26769486627379,3.86,6.8,0.1,0.7555555555555555,0.2444444444444444,0.681662184658727,0.5,0.0158292682926829,-0.054,-0.0649999999999999,0.148,-0.2673267326732674,0.0035099999999999,0.682,0.042,6.1,4.5,1.7,0.5228031145717463,0.4150917097380807,0.0838485253670923,-0.0,,
1628991,Jaren Jackson Jr.,2023-24,24.0,32.2,0.302,0.553,0.0944319557498263,0.548361934477379,0.0156721795569236,1.0,38.371190888463175,4.32,2.7,3.3,0.3299999999999999,0.67,0.7215351186281418,0.1921410612702052,0.0111692667706708,0.0489999999999999,-0.01,0.351,0.162251655629139,-0.00049,0.409,0.015,1.9,0.9,0.2,0.6296296296296297,0.3363774375975039,0.1015859861544461,-2.2544902496099885e-06,,
1629020,Jarred Vanderbilt,2023-24,25.0,20.0,0.111,0.578,0.0795881588450622,0.1487889273356401,0.0029432891280492,1.0,,4.51,0.5,0.6,0.1711111111111111,0.8288888888888889,0.2,1.0,0.0926955017301038,-0.047,-0.578,0.064,-0.4234234234234234,0.027166,0.254,0.0,0.1,0.0,0.0,0.6190476190476191,0.3105227450980392,0.0344680247058823,-0.0,,
1628386,Jarrett Allen,2023-24,26.0,31.7,0.191,0.664,0.1907950164517248,0.0225165562913907,0.0159263801455561,1.0,36.95706884151581,4.28,1.3,4.3999999999999995,0.4399999999999999,0.56,0.4320754716981131,0.4691655680278691,0.0150635761589404,-0.061,0.1549999999999999,0.13,-0.3193717277486911,-0.0094549999999999,0.177,0.041,0.2,0.0,0.0,0.7447306791569087,0.499689536423841,0.0954407014569536,-0.0,,
1627759,Jaylen Brown,2023-24,27.0,33.5,0.283,0.58,0.1558411902924465,0.6376404494382022,0.0234618314187855,0.9977200331328314,37.642845090186526,4.16,3.6,1.9,0.4,0.6,0.6051471373163007,0.5,0.0355449438202246,-0.0689999999999999,-0.001,0.214,-0.2438162544169611,6.900000000000004e-05,0.523,0.099,5.9,2.4,0.8,0.5660736975857688,0.3913853853084587,0.1107620640422938,-0.0,,
1628369,Jayson Tatum,2023-24,26.0,35.7,0.296,0.604,0.1553374662697714,0.7124824684431977,0.0250157647218205,0.782647000741846,37.579215380003255,3.92,4.8,2.5,0.5333333333333333,0.4666666666666667,0.6956826951725541,0.2067737761735091,0.0734130434782608,0.037,-0.0759999999999999,0.333,0.1250000000000001,-0.002812,0.6,0.093,8.7,5.6,2.0,0.5638418079096045,0.3514476933073424,0.1040285172189733,-0.0,,
201145,Jeff Green,2023-24,37.0,16.8,0.152,0.59,0.0648444835401509,0.1926345609065155,0.0038427171404041,1.0,,3.99,0.6,0.8,0.1755555555555555,0.8244444444444444,0.2650273224043716,1.0,0.0387535410764872,-0.064,-0.35,0.088,-0.4210526315789474,0.0224,0.198,0.051,0.7,0.2,0.1,0.5013698630136987,0.3004993075228202,0.0456758947434686,-0.0,,
203924,Jerami Grant,2023-24,30.0,33.9,0.255,0.573,0.1250508169431384,0.4700780572419774,0.0161026296266088,1.0,38.48892684291053,4.37,2.6,1.6,0.3066666666666667,0.6933333333333334,0.7374297489696515,0.1118295966442737,0.0798473547267996,0.026,0.049,0.281,0.1019607843137255,0.001274,0.402,0.118,3.0,0.3,0.0,0.6082352941176471,0.3555130615784908,0.0906558307025151,-0.0,,
1631110,Jeremy Sochan,2023-24,21.0,29.6,0.187,0.513,0.0736974793788897,0.3786531130876747,0.0059595716299131,1.0,38.0546062293775,4.88,2.6,1.3,0.3577777777777778,0.6422222222222222,0.6171428571428571,0.6086477420969363,0.0892045743329097,-0.012,-0.007,0.175,-0.0641711229946524,8.400000000000014e-05,0.324,0.033,1.4,0.6,0.1,0.5684210526315789,0.3406633389806579,0.063704044389383,-0.0,,
202710,Jimmy Butler III,2023-24,34.0,34.0,0.235,0.626,0.1294305144838611,0.5563524590163934,0.0147447859029634,1.0,36.28670369747473,4.31,4.5,1.7000000000000002,0.5066666666666667,0.4933333333333333,0.9530895334174024,0.4758020412885432,0.1309569672131147,0.026,-0.1609999999999999,0.261,0.1106382978723405,-0.004186,0.495,0.08,3.2,0.8,0.3,0.672566371681416,0.4068324180327869,0.0956056182377049,-0.0,,
203954,Joel Embiid,2023-24,30.0,33.6,0.387,0.644,0.1561511029100147,0.3348873348873349,0.0375933911597886,0.7555245150892689,,3.83,3.4,7.199999999999999,0.72,0.28,0.2890716803760282,0.1904824714616209,0.0504444444444444,0.0569999999999999,-0.065,0.444,0.1472868217054263,-0.003705,0.431,0.182,8.4,1.5,0.3,0.516260162601626,0.4214361431255102,0.1630957873895724,-0.003622249832683,,
1628381,John Collins,2023-24,26.0,28.0,0.199,0.621,0.1664450973534297,0.1035758323057953,0.0147757870074751,1.0,38.48661906734999,4.5,1.2,1.7999999999999998,0.18,0.8200000000000001,0.3409724591762124,0.468009326738046,0.0263896424167694,-0.052,0.0829999999999999,0.147,-0.2613065326633166,-0.0043159999999999,0.214,0.035,0.7,0.1,0.0,0.5549525101763908,0.3667501109741061,0.0729832720838471,-0.0,,
1629723,John Konchar,2023-24,28.0,21.3,0.096,0.537,0.0500601418035258,0.0926517571884984,0.0014890144935462,1.0,37.31468612391638,4.65,1.3,0.3,0.2888888888888889,0.711111111111111,0.2664473684210526,0.5516243135397783,0.0516996805111821,0.0129999999999999,0.0579999999999999,0.109,0.1354166666666666,0.0007539999999999,0.182,0.0,0.2,0.2,0.0,0.375,0.326282428115016,0.0313231130990415,-0.0,,
202685,Jonas Valančiūnas,2023-24,32.0,23.5,0.207,0.619,0.1175117247786413,0.0848765432098765,0.0110671735108743,1.1171435871231477,37.71815988083697,4.27,1.4,3.7,0.37,0.63,0.3704545454545453,0.1639814922282556,0.000483024691358,-0.002,0.1049999999999999,0.205,-0.0096618357487922,-0.00021,0.346,0.108,0.3,0.0,0.0,0.6382978723404256,0.3366161882716049,0.0696795509722222,-0.0,,
1628371,Jonathan Isaac,2023-24,26.0,15.8,0.16,0.61,0.1380782192483197,0.0588235294117647,0.0088370060318924,1.0,,4.61,0.5,0.4,0.1044444444444444,0.8955555555555555,0.2,0.4125528332581298,0.0373529411764705,-0.032,-0.0519999999999999,0.128,-0.2,0.0016639999999999,0.253,0.061,0.5,0.1,0.0,0.4523076923076923,0.251033725490196,0.0401653960784313,-0.0,,
1630228,Jonathan Kuminga,2023-24,21.0,26.3,0.237,0.598,0.1408491126029525,0.4432234432234432,0.0162508706732629,1.0,37.815680690370726,4.92,2.1,2.2,0.2733333333333333,0.7266666666666667,0.8137931034482759,0.5,0.0454065934065933,-0.1009999999999999,-0.0999999999999999,0.136,-0.4261603375527426,0.0100999999999999,0.351,0.056,1.9,0.4,0.1,0.6067551266586249,0.3581844688644689,0.0848897191208791,-0.0,,
203903,Jordan Clarkson,2023-24,32.0,30.6,0.255,0.521,0.0747547347048557,0.6529411764705882,0.0096260691070498,1.0,38.21248796369441,4.65,3.2,0.7,0.5488888888888889,0.4511111111111111,0.4666666666666665,0.3769958672852209,0.0351369747899159,0.0289999999999999,0.019,0.284,0.1137254901960783,0.000551,0.54,0.074,5.2,2.6,0.7,0.5012531328320802,0.3685294761904762,0.0939750164285714,-0.0,,
1630692,Jordan Goodwin,2023-24,25.0,18.5,0.182,0.451,0.0331301472534488,0.5174311926605505,0.0025723523026967,1.0,,4.56,2.6,0.2,0.4866666666666666,0.5133333333333334,0.2759493670886076,1.0,0.0384275229357797,-0.072,-0.007,0.11,-0.3956043956043956,0.000504,0.539,0.103,2.1,0.7,0.2,0.4790575916230366,0.3326955412844037,0.0605505885137614,-0.0,,
1629673,Jordan Poole,2023-24,25.0,30.1,0.256,0.529,0.0841963454648227,0.6221470836855453,0.0109056910266871,1.0,37.82168764466813,4.65,3.8,0.4,0.4711111111111111,0.528888888888889,0.4242566787964852,0.5,0.0616652578191039,-0.041,-0.157,0.215,-0.16015625,0.006437,0.494,0.091,6.4,3.5,1.1,0.4168776371308016,0.3591973325819479,0.0919545171409786,-0.0,,
1630581,Josh Giddey,2023-24,21.0,25.1,0.223,0.547,0.0987879111329844,0.4422403733955659,0.01040305984803,0.7801199328055385,37.63402333049887,4.8,2.8,0.9,0.5599999999999999,0.44,0.5565748145508008,0.5,0.0253710618436406,-0.0519999999999999,-0.026,0.171,-0.2331838565022421,0.001352,0.388,0.065,1.3,0.2,0.0,0.5254604550379198,0.3964376762793798,0.0884056018103017,-0.0,,
1630182,Josh Green,2023-24,23.0,26.4,0.129,0.588,0.1292875175031169,0.2157258064516129,0.0059901977812481,0.0,38.57769454395621,4.7,1.4,0.3,0.2466666666666666,0.7533333333333333,0.4946524064171121,0.2735541845662746,0.0225826612903225,0.0279999999999999,0.139,0.157,0.2170542635658914,0.003892,0.168,0.038,0.6,0.2,0.1,0.3149779735682819,0.2982071908602151,0.0384687276209677,-0.0,,
1628404,Josh Hart,2023-24,29.0,33.4,0.133,0.522,0.0674773770609915,0.4416243654822335,0.0032729219902511,0.9485389012828468,37.623259916425326,4.33,2.3,0.6,0.3644444444444444,0.6355555555555555,0.5593519882179675,0.9249797058590514,0.0536209813874788,-0.032,0.2299999999999999,0.101,-0.2406015037593984,-0.0073599999999999,0.298,0.029,2.0,0.8,0.2,0.4530120481927711,0.3254241336489214,0.0432814097753065,-0.0,,
1626196,Josh Richardson,2023-24,30.0,25.6,0.159,0.573,0.115424474720529,0.3375886524822695,0.0073180200207108,1.0,,4.6,2.4,0.1,0.3199999999999999,0.68,0.1613832853025936,0.5,0.034436879432624,-0.088,0.062,0.071,-0.5534591194968554,-0.005456,0.292,0.08,1.7,0.3,0.1,0.3727810650887574,0.3613916595744679,0.0574612738723404,-0.0,,
201950,Jrue Holiday,2023-24,34.0,32.8,0.161,0.597,0.1595652047226976,0.5417185554171855,0.0103080616620043,1.0338608485587637,37.650749350262046,4.37,3.2,0.8,0.4355555555555556,0.5644444444444444,0.3348040638606676,0.281859139955196,0.0963823163138231,-0.0229999999999999,0.05,0.138,-0.1428571428571428,-0.00115,0.417,0.07,3.5,2.2,0.9,0.368,0.4239837577833126,0.0682613850031133,-0.0,,
1630577,Julian Champagnie,2023-24,23.0,19.8,0.14,0.57,0.0342711159531062,0.0616740088105726,0.0017952308382249,1.0,,5.04,0.7,0.2,0.2066666666666666,0.7933333333333333,0.1046511627906976,1.0,0.0324405286343612,-0.083,0.025,0.0569999999999999,-0.592857142857143,-0.002075,0.067,0.008,0.2,0.1,0.1,0.3147208121827411,0.2977808810572687,0.0416893233480176,-0.0,,
203944,Julius Randle,2023-24,29.0,35.4,0.287,0.569,0.12179295104072,0.5612082670906201,0.0187259991202844,1.0,,4.09,3.8,2.4000000000000004,0.4822222222222222,0.5177777777777778,0.319377990430622,0.242968623873279,0.0760723370429252,-0.0149999999999999,0.075,0.272,-0.0522648083623691,-0.0011249999999999,0.491,0.069,5.1,2.0,0.5,0.5683192261185006,0.3942175013248543,0.1131404228802331,-0.0,,
203200,Justin Holiday,2023-24,35.0,14.9,0.104,0.598,0.1127964661992957,0.0749063670411984,0.0037830798037592,1.0,,4.5,0.4,0.3,0.2177777777777778,0.7822222222222222,0.0798969072164948,0.25,0.0462172284644194,0.021,0.027,0.125,0.2019230769230769,0.000567,0.102,0.103,0.6,0.2,0.1,0.175438596491228,0.3131832542655015,0.0325710584436121,-0.0,,
1630231,KJ Martin,2023-24,23.0,12.4,0.127,0.563,0.0600213025697383,0.1384615384615384,0.0027165080578124,1.0,,4.43,0.3,0.2,0.2088888888888888,0.7911111111111111,0.2,0.8362102949276773,0.0822461538461538,-0.036,0.437,0.091,-0.2834645669291339,-0.015732,0.196,0.0,0.0,0.0,0.0,0.6629834254143646,0.3093267692307692,0.0392844996923076,-0.0,,
1626157,Karl-Anthony Towns,2023-24,28.0,32.7,0.268,0.625,0.1742140219851277,0.2476851851851851,0.0241704812864531,0.759509341513181,37.9985514702261,3.95,1.9,3.4000000000000004,0.34,0.6599999999999999,0.7019607843137254,0.2868767967299055,0.0118009259259259,-0.003,-0.0939999999999999,0.265,-0.0111940298507462,0.000282,0.265,0.052,2.0,0.7,0.2,0.5494505494505495,0.3421850421415005,0.0917055912939221,-0.0,,
1631099,Keegan Murray,2023-24,23.0,33.6,0.178,0.569,0.1214976858167899,0.2008928571428571,0.0091242675046982,1.0,38.48935247321086,4.8,1.4,0.7,0.1555555555555555,0.8444444444444444,0.3270704304254458,0.5,0.0159129464285714,-0.0769999999999999,-0.0599999999999999,0.101,-0.4325842696629213,0.0046199999999999,0.158,0.092,3.1,1.0,0.3,0.3199174406604747,0.3276502976190475,0.0583217529761904,-0.0,,
1628966,Keita Bates-Diop,2023-24,28.0,12.5,0.128,0.534,0.017281491487475,0.1158798283261802,0.0007914002374364,1.0,,4.46,0.5,0.1,0.1866666666666666,0.8133333333333334,0.2,0.5669425198157955,0.061763948497854,-0.0129999999999999,0.0369999999999999,0.115,-0.1015624999999999,-0.0004809999999999,0.278,0.02,0.2,0.1,0.0,0.56875,0.2796000572246065,0.0357888073247496,-0.0,,
1629640,Keldon Johnson,2023-24,24.0,29.5,0.212,0.565,0.1155041173537584,0.3866943866943866,0.0112746029641462,1.0,38.30288030519543,4.61,2.2,0.5,0.3155555555555555,0.6844444444444444,0.6424668213457077,0.4891620443875065,0.0121891891891892,-0.0409999999999999,-0.0539999999999999,0.171,-0.1933962264150942,0.0022139999999999,0.373,0.033,1.6,1.0,0.3,0.523696682464455,0.3570488888888888,0.0756943644444444,-0.0,,
203482,Kelly Olynyk,2023-24,33.0,22.5,0.171,0.661,0.2139850152066663,0.1941747572815533,0.0151313447937645,1.0,37.65571913058961,4.41,1.8,1.3,0.6111111111111112,0.3888888888888888,0.8312499999999998,0.2327072193379341,0.0,-0.017,0.1159999999999999,0.154,-0.0994152046783626,-0.001972,0.37,0.047,0.7,0.3,0.0,0.5503080082135524,0.5318563241639698,0.0909474314320388,-0.0,,
1626162,Kelly Oubre Jr.,2023-24,28.0,30.2,0.22,0.535,0.0836077897984147,0.4017278617710583,0.0086274164881187,0.8417468395544364,37.34530850897396,4.53,1.5,0.4,0.1666666666666666,0.8333333333333334,0.6898553795624305,0.5,0.0345647948164147,-0.047,-0.053,0.173,-0.2136363636363637,0.002491,0.37,0.032,2.5,1.3,0.4,0.5504291845493562,0.3122942614590832,0.0687047375209983,-0.0,,
203484,Kentavious Caldwell-Pope,2023-24,31.0,31.6,0.126,0.602,0.1313312408033217,0.1898238747553816,0.0058738637054607,1.0099446561118406,37.88531286569626,4.01,1.2,0.2,0.1999999999999999,0.8,0.4467134228633376,0.3508863480919559,0.0199902152641878,-0.006,-0.035,0.12,-0.0476190476190476,0.00021,0.163,0.133,2.1,0.7,0.3,0.3226788432267884,0.3235447339259189,0.0407666364746657,-0.0,,
1631165,Keon Ellis,2023-24,24.0,17.2,0.123,0.627,0.1766151997579602,0.2115384615384615,0.0076187854550688,1.0,,4.79,1.4,0.1,0.2555555555555555,0.7444444444444445,0.1478873239436619,0.36,0.0218429487179487,-0.0279999999999999,-0.046,0.095,-0.2276422764227642,0.001288,0.159,0.045,1.2,0.9,0.4,0.2198275862068965,0.3899485933048433,0.0479636769764957,-0.0,,
201142,Kevin Durant,2023-24,35.0,37.2,0.283,0.626,0.1710594401722166,0.5352727272727272,0.0257529331005558,1.3945782445034522,37.7546359746956,3.97,4.1,2.8,0.4733333333333333,0.5266666666666666,0.502946666861118,0.3269047208079685,0.0862538181818181,0.043,-0.126,0.326,0.1519434628975266,-0.005418,0.421,0.247,9.1,1.6,0.6,0.6443089430894309,0.4510001051026393,0.1276330297440469,-0.0,,
1628989,Kevin Huerter,2023-24,25.0,24.4,0.173,0.564,0.0996150188226696,0.1456953642384106,0.0071679336405098,1.0,38.76867060466861,5.1,1.2,0.4,0.3066666666666667,0.6933333333333334,0.1370129870129869,0.5,0.026364238410596,-0.0369999999999999,0.06,0.136,-0.2138728323699421,-0.00222,0.121,0.034,1.9,1.2,0.5,0.3267504488330341,0.3597486975717439,0.0622365246799116,-0.0,,
1626172,Kevon Looney,2023-24,28.0,16.1,0.11,0.62,0.1021283135591142,0.0954773869346733,0.0037259342620208,1.0,,4.23,0.8,0.9,0.3288888888888888,0.6711111111111112,0.2,0.5,0.0589095477386934,-0.019,-0.239,0.091,-0.1727272727272727,0.004541,0.324,0.036,0.2,0.0,0.0,0.7922077922077922,0.3708201005025125,0.0407902110552763,-0.0,,
1641718,Keyonte George,2023-24,20.0,27.0,0.224,0.533,0.0519993874072393,0.5914994096812279,0.0055127748403577,1.0,39.26253063429022,4.29,5.6,0.2,0.6222222222222222,0.3777777777777777,0.4496948722149409,0.4437004614397878,0.0308465171192444,0.111,-0.005,0.335,0.4955357142857143,-0.000555,0.48,0.07,4.3,2.7,0.9,0.4298245614035088,0.3724244916699463,0.0834230861340679,-0.0,,
203114,Khris Middleton,2023-24,32.0,27.0,0.23,0.595,0.1784983400373274,0.6299212598425196,0.0196891032182301,1.0195297633604716,37.6900413909148,4.52,3.0,1.0,0.6044444444444445,0.3955555555555555,0.3469474020018342,0.5,0.0341282339707536,-0.075,-0.004,0.155,-0.3260869565217392,0.0003,0.53,0.273,6.0,2.1,0.7,0.4438573315719947,0.4456154529373783,0.102491554175597,-0.0,,
1630165,Killian Hayes,2023-24,22.0,24.0,0.147,0.474,0.0599871080376338,0.6446124763705104,0.0033809124706431,1.0,,4.63,3.6,0.1,0.5955555555555556,0.4044444444444444,0.0883392226148409,1.0,0.0380850661625708,-0.0659999999999999,-0.474,0.081,-0.4489795918367346,0.0312839999999999,0.444,0.242,3.6,0.4,0.1,0.3780918727915194,0.3685054694391935,0.0541703040075614,-0.0,,
202691,Klay Thompson,2023-24,34.0,29.7,0.234,0.576,0.1187619477217427,0.174721189591078,0.0134431516424459,1.0,38.2935408799926,4.81,1.4,0.5,0.2444444444444444,0.7555555555555555,0.2290217410883152,0.5,0.0060734200743494,-0.048,-0.1179999999999999,0.186,-0.2051282051282051,0.0056639999999999,0.161,0.15,4.2,1.5,0.6,0.4195612431444241,0.3527543163981825,0.0825445100371747,-0.0,,
1627739,Kris Dunn,2023-24,30.0,18.9,0.132,0.546,0.1294143710445381,0.5652173913043478,0.0062064520264818,1.0,,4.55,2.7,0.1,0.5555555555555556,0.4444444444444444,0.242811501597444,0.5,0.0378454106280192,-0.064,0.0539999999999999,0.068,-0.4848484848484848,-0.0034559999999999,0.537,0.011,0.5,0.2,0.1,0.5271565495207667,0.4193424584004294,0.0553532045088566,-0.0,,
1631200,Kris Murray,2023-24,23.0,21.7,0.136,0.481,0.0170544291485988,0.2359081419624216,0.0008553533284471,1.0,39.0980717302685,4.63,0.9,0.1,0.1844444444444444,0.8155555555555556,0.5127451706017319,1.0,0.0188016701461377,-0.074,-0.1479999999999999,0.062,-0.5441176470588236,0.0109519999999999,0.338,0.0,0.4,0.3,0.0,0.4233983286908078,0.2719474553467872,0.036984853927163,-0.0,,
204001,Kristaps Porziņģis,2023-24,28.0,29.6,0.247,0.647,0.1597008443213398,0.0660569105691056,0.0196043587868654,0.0,37.1238847709533,4.22,1.3,6.5,0.65,0.35,0.3825314313346227,0.3966754129033397,0.0054420731707317,-0.0439999999999999,0.0819999999999999,0.203,-0.1781376518218622,-0.0036079999999999,0.206,0.056,1.8,0.3,0.1,0.5270935960591133,0.3937270579268292,0.0972505833079268,-0.0,,
203937,Kyle Anderson,2023-24,30.0,22.6,0.14,0.513,0.0252950432619162,1.0,0.001325035396576,0.9084544522143888,37.61099390113959,4.35,2.1,0.8,0.5866666666666667,0.4133333333333333,0.6157127860592063,1.0,0.0,-0.055,-0.285,0.085,-0.3928571428571428,0.015675,0.462,0.075,1.0,0.1,0.0,0.6448979591836734,0.2826996415770609,0.0395779498207885,-0.0,,
1628398,Kyle Kuzma,2023-24,28.0,32.6,0.295,0.547,0.097869405735645,0.521969696969697,0.0156812246018302,1.0,37.457113746201415,4.72,3.2,1.8,0.4466666666666666,0.5533333333333333,0.4721621753009997,0.4579041258366958,0.0581348484848484,0.062,-0.106,0.357,0.2101694915254237,-0.006572,0.398,0.079,5.1,2.2,0.7,0.4866310160427807,0.3702491262626263,0.1092234922474747,-0.0,,
200768,Kyle Lowry,2023-24,38.0,28.2,0.128,0.594,0.158378913936762,0.3968565815324165,0.007252910443831,0.3063419117647059,37.51895143663204,4.22,3.2,0.1,0.4711111111111111,0.528888888888889,0.3828975622079069,0.2627670229572527,0.0303143418467583,0.004,-0.0669999999999999,0.132,0.03125,-0.000268,0.325,0.045,2.2,1.4,0.6,0.321608040201005,0.3165706832569308,0.0405210474568871,-0.0,,
202681,Kyrie Irving,2023-24,32.0,35.0,0.274,0.608,0.1649885093540515,0.6960972488803583,0.0236635306608664,0.9158348792211126,37.85133043140012,4.33,4.9,1.1,0.5444444444444445,0.4555555555555555,0.4063306808134394,0.0447937026007002,0.0821497120921304,0.0309999999999999,0.151,0.305,0.1131386861313867,0.0046809999999999,0.539,0.152,8.6,3.6,1.4,0.4771674387822634,0.4154741610230533,0.1138399201203166,-0.0,,
1630163,LaMelo Ball,2023-24,22.0,32.3,0.315,0.561,0.1085269374131578,0.6648681055155875,0.019186836654946,1.0,,4.93,7.3,0.3,0.8777777777777778,0.1222222222222222,0.2742316784869976,0.5,0.0365383693045563,-0.091,-0.015,0.224,-0.2888888888888888,0.001365,0.678,0.015,6.7,4.5,1.5,0.4349881796690307,0.4773889754862775,0.1503775272781774,-9.508748051558772e-05,,
1630205,Lamar Stevens,2023-24,26.0,14.7,0.213,0.516,0.0751742937502902,0.4665271966527197,0.0073899034075637,1.0,,4.47,1.0,0.8999999999999999,0.1888888888888888,0.8111111111111111,0.3666666666666666,1.0,0.0313744769874476,-0.0539999999999999,-0.006,0.159,-0.2535211267605634,0.000324,0.398,0.081,1.6,0.0,0.0,0.5166666666666667,0.2940273942352395,0.062627834972106,-0.0,,
1628374,Lauri Markkanen,2023-24,27.0,33.1,0.241,0.631,0.1543851237208555,0.1119221411192214,0.0182654768232938,1.0,38.5012076893816,4.53,1.6,2.3,0.2299999999999999,0.77,0.3009155222638368,0.3151848965290884,0.0392708840227088,-0.033,0.032,0.208,-0.1369294605809128,-0.001056,0.159,0.039,1.9,0.6,0.1,0.4239007891770011,0.374368406326034,0.0902227859245742,-0.0,,
2544,LeBron James,2023-24,39.0,35.3,0.285,0.63,0.1888682179421988,0.6026011560693642,0.0287359905776404,0.9723672217929438,38.38224383798562,4.03,5.2,2.8,0.7955555555555555,0.2044444444444445,0.782122905027933,0.0663671570667677,0.0800700867052022,0.059,-0.013,0.344,0.2070175438596491,-0.000767,0.511,0.059,4.6,2.1,0.7,0.5116279069767442,0.5527685948502365,0.1575390495323174,-0.0,,
1629652,Luguentz Dort,2023-24,25.0,28.4,0.152,0.593,0.1090664719267071,0.2074074074074074,0.0064633347084436,1.1683217892013686,38.31736681258948,4.56,1.1,0.3,0.1355555555555555,0.8644444444444445,0.532687828941336,0.5,0.0329851851851851,-0.0379999999999999,-0.1269999999999999,0.114,-0.2499999999999999,0.0048259999999999,0.17,0.037,1.2,0.5,0.2,0.2580213903743315,0.29828941563786,0.0453399911769547,-0.0,,
1629029,Luka Dončić,2023-24,25.0,37.5,0.355,0.617,0.1956914302628801,0.8557788944723618,0.0413918022942791,0.9341458290140696,37.741230737503734,4.12,8.3,1.7,0.951111111111111,0.0488888888888889,0.6033898305084744,0.5,0.016159296482412,-0.0789999999999999,-0.003,0.276,-0.2225352112676055,0.000237,0.78,0.112,14.2,8.4,3.2,0.4237447207883623,0.5158399168009984,0.1831231704643544,-0.0011620842516769,,
1628379,Luke Kennard,2023-24,28.0,25.6,0.166,0.641,0.2282137676329468,0.1774193548387097,0.0154349054323339,1.0,,4.46,2.0,0.2,0.4711111111111111,0.528888888888889,0.073015873015873,0.1632207270929201,0.0528870967741935,-0.006,-0.021,0.16,-0.036144578313253,0.000126,0.099,0.056,2.4,1.3,0.4,0.2317460317460317,0.4973186021505376,0.0825548879569892,-0.0,,
1631103,Malaki Branham,2023-24,21.0,21.3,0.192,0.526,0.0711741296419917,0.3627118644067796,0.0059878926820939,1.0,38.51451710303674,4.92,1.8,0.5,0.3155555555555555,0.6844444444444444,0.3454913880445794,0.5833267657242559,0.0581593220338983,0.0229999999999999,0.2039999999999999,0.215,0.1197916666666666,0.0046919999999999,0.236,0.087,2.1,0.6,0.2,0.4518760195758564,0.329441868173258,0.0632528386892655,-0.0,,
1627763,Malcolm Brogdon,2023-24,31.0,28.7,0.226,0.56,0.1326762036397062,0.6805054151624549,0.0142546216607086,1.0,,4.31,4.7,0.3,0.6688888888888889,0.3311111111111111,0.2641129032258064,0.2968722036172373,0.196927797833935,0.0229999999999999,-0.034,0.249,0.1017699115044247,-0.000782,0.555,0.111,5.3,2.1,0.6,0.3947368421052631,0.4431502486963498,0.100151956205375,-0.0,,
1627736,Malik Beasley,2023-24,27.0,29.6,0.142,0.603,0.1719956731016269,0.1946403385049365,0.0092034368784643,1.2738485049833883,37.32667493891858,4.37,1.0,0.1,0.1311111111111111,0.8688888888888889,0.1524702444370033,0.4599665487764873,0.0307997179125528,-0.0229999999999999,-0.1459999999999999,0.119,-0.1619718309859154,0.0033579999999999,0.128,0.047,2.1,1.5,0.5,0.3040629095674967,0.4104237384579219,0.0582801708610249,-0.0,,
1628370,Malik Monk,2023-24,26.0,26.0,0.247,0.564,0.1327205237379399,0.5572916666666666,0.0162923419522059,1.0,38.30290270038739,4.92,3.0,0.2,0.6444444444444444,0.3555555555555556,0.4893328035256293,0.2349525245607707,0.0597593749999999,0.022,0.086,0.269,0.0890688259109312,0.001892,0.417,0.083,4.5,2.5,0.8,0.3957399103139013,0.4466645138888888,0.1103261349305555,-0.0,,
202694,Marcus Morris Sr.,2023-24,34.0,16.7,0.162,0.558,0.1251660629026394,0.3111702127659574,0.0081612957006833,0.8318723412624497,,4.36,0.7,0.8,0.1466666666666666,0.8533333333333333,0.1022727272727271,0.5,0.027095744680851,-0.062,0.252,0.1,-0.382716049382716,-0.015624,0.336,0.209,2.1,0.3,0.1,0.5096153846153846,0.3253682602783555,0.0527096581650936,-0.0,,
1631204,Marcus Sasser,2023-24,23.0,19.0,0.195,0.542,0.1066652236065033,0.7343485617597292,0.0091849070395487,1.0,,4.59,3.2,0.0,0.5844444444444444,0.4155555555555555,0.1155172413793103,0.5,0.0642368866328256,-0.061,0.0209999999999999,0.134,-0.3128205128205128,-0.0012809999999999,0.548,0.13,4.2,1.9,0.7,0.3247011952191235,0.3959234442564391,0.0772050716300056,-0.0,,
203935,Marcus Smart,2023-24,30.0,30.2,0.225,0.552,0.1046879884527264,0.4292929292929293,0.0111730214420557,1.0,,4.24,3.8,0.8,0.4688888888888888,0.5311111111111111,0.1223628691983121,0.5,0.0031969696969697,-0.107,0.0189999999999999,0.118,-0.4755555555555556,-0.0020329999999999,0.48,0.062,3.1,1.5,0.3,0.3459915611814346,0.3876420033670034,0.0872194507575757,-0.0,,
1631109,Mark Williams,2023-24,22.0,26.8,0.162,0.675,0.1906429872495446,0.0,0.0124306361974123,1.0,,4.45,0.8,2.2,0.22,0.78,0.2,0.4290870417293265,0.0,0.0449999999999999,-0.171,0.207,0.2777777777777777,-0.007695,0.367,0.0,0.0,0.0,0.0,0.847682119205298,0.40016,0.06482592,-0.0,,
1628365,Markelle Fultz,2023-24,26.0,21.2,0.182,0.492,0.0964885331704687,1.0,0.0074917415424119,1.2946475332565204,,4.66,3.0,0.8,0.4311111111111111,0.5688888888888889,0.4,0.117208708140119,0.0,0.006,0.0789999999999999,0.188,0.0329670329670329,0.000474,0.565,0.119,2.0,0.1,0.0,0.7333333333333333,0.4293333333333333,0.0781386666666666,-0.0,,
1628963,Marvin Bagley III,2023-24,25.0,21.1,0.204,0.629,0.1649178173330395,0.0694980694980695,0.0151954242347327,1.0,37.830206489696295,4.68,0.9,2.4,0.24,0.76,0.3829268292682927,0.5,0.0465637065637065,-0.0749999999999999,0.122,0.129,-0.3676470588235293,-0.0091499999999999,0.322,0.034,0.2,0.0,0.0,0.7524509803921569,0.3865305019305019,0.0788522223938223,-0.0,,
1629680,Matisse Thybulle,2023-24,27.0,22.9,0.105,0.537,0.0408413552477781,0.0848329048843187,0.0013895817239451,1.0,37.69635503118938,4.31,0.8,0.1,0.1844444444444444,0.8155555555555556,0.1309985192815295,0.8348414123182153,0.0461491002570694,-0.0099999999999999,0.0629999999999999,0.095,-0.0952380952380951,-0.0006299999999999,0.135,0.011,0.4,0.3,0.0,0.2312703583061889,0.2948383661810911,0.0309580284490145,-0.0,,
1629622,Max Strus,2023-24,28.0,32.0,0.167,0.553,0.1017180752279764,0.1596351197263397,0.0069418118801095,0.5415002230999322,36.49516730031523,5.08,1.8,0.5,0.3688888888888889,0.6311111111111112,0.4225274725274725,0.5,0.0226328392246293,-0.045,-0.021,0.122,-0.2694610778443114,0.000945,0.161,0.019,1.0,0.8,0.2,0.4783132530120482,0.398866220093754,0.0666106587556569,-0.0,,
1628467,Maxi Kleber,2023-24,32.0,20.3,0.096,0.573,0.0714429609429761,0.0249110320284697,0.0021250360161476,1.0,,4.14,0.6,0.2,0.22,0.78,0.0993150684931506,1.0,0.0136512455516014,-0.008,-0.1919999999999999,0.088,-0.0833333333333334,0.001536,0.095,0.042,0.3,0.0,0.0,0.2459016393442623,0.3646150177935943,0.035003041708185,-0.0,,
1629008,Michael Porter Jr.,2023-24,26.0,31.7,0.202,0.601,0.1672439185687629,0.1530054644808743,0.0151836921138963,0.6087001075985038,38.159648427024635,4.15,1.4,0.8,0.1555555555555555,0.8444444444444444,0.3292814984634894,0.5,0.0264546448087431,-0.116,0.082,0.086,-0.5742574257425743,-0.009512,0.155,0.159,3.8,1.7,0.5,0.4550748752079867,0.3400182484349809,0.0686836861838661,-0.0,,
1628969,Mikal Bridges,2023-24,27.0,34.8,0.238,0.56,0.099156708945919,0.4699842022116903,0.0115129744138538,1.0,37.46681529293541,4.67,2.8,0.7,0.3622222222222222,0.6377777777777778,0.4979026862050749,0.1784142093743945,0.0737322274881516,0.035,0.0299999999999999,0.273,0.1470588235294119,0.0010499999999999,0.355,0.091,5.2,1.5,0.5,0.4317637669592977,0.3529979383886256,0.0840135093364928,-0.0,,
201144,Mike Conley,2023-24,36.0,28.9,0.157,0.627,0.1628093928038976,0.5217391304347826,0.01012812225995,1.1157574187079653,37.798471760766695,4.64,4.9,0.1,0.6444444444444444,0.3555555555555556,0.3313299232736572,0.3374999999999999,0.0691721739130434,-0.0249999999999999,-0.0739999999999999,0.132,-0.1592356687898088,0.0018499999999999,0.33,0.035,3.9,2.7,1.3,0.2762991128010139,0.4525877924805713,0.0710562834194497,-0.0,,
1628970,Miles Bridges,2023-24,26.0,37.4,0.242,0.556,0.1411249540149471,0.4757201646090535,0.0168006800941642,1.0,38.180408136949495,4.63,2.7,0.8,0.3244444444444444,0.6755555555555556,0.5563730814639904,0.4507535833690309,0.0653283950617284,-0.033,0.0859999999999999,0.209,-0.1363636363636363,-0.0028379999999999,0.354,0.068,4.5,2.2,0.6,0.4794979079497908,0.3706269739368998,0.0896917276927297,-0.0,,
1630540,Miles McBride,2023-24,23.0,19.5,0.164,0.59,0.1347100291362934,0.4380610412926392,0.0089467582436692,1.2934730808704296,,4.48,2.3,0.1,0.2911111111111111,0.7088888888888889,0.1916299559471365,0.4931755586332023,0.0770377019748653,-0.039,-0.1349999999999999,0.125,-0.2378048780487805,0.0052649999999999,0.346,0.082,2.3,1.1,0.4,0.4337979094076655,0.3627468015885969,0.0594904754605298,-0.0,,
1628964,Mo Bamba,2023-24,26.0,13.0,0.149,0.575,0.112937319981279,0.0316901408450704,0.0064955642107698,1.0,,4.33,0.5,0.5,0.1844444444444444,0.8155555555555556,0.2,0.5,0.0188239436619718,-0.047,0.3470000000000001,0.102,-0.3154362416107382,-0.016309,0.289,0.024,0.1,0.1,0.0,0.5692307692307692,0.3406320422535211,0.0507541742957746,-0.0,,
1629021,Moritz Wagner,2023-24,27.0,17.7,0.22,0.676,0.1767324819926296,0.1120162932790224,0.0182368740138406,2.0733201394779,,4.52,0.8,2.4,0.2422222222222222,0.7577777777777778,0.2,0.5,0.0309327902240325,-0.116,-0.009,0.104,-0.5272727272727273,0.001044,0.184,0.005,0.1,0.0,0.0,0.6729131175468483,0.3082633899072188,0.0678179457795881,-0.0,,
1626167,Myles Turner,2023-24,28.0,27.0,0.234,0.626,0.1531823188112566,0.0846325167037861,0.017339334527807,0.9488088099002344,38.17396588299951,4.54,0.9,4.1,0.41,0.5900000000000001,0.3718409129048497,0.5,0.0117884187082405,-0.055,0.031,0.179,-0.2350427350427351,-0.001705,0.153,0.082,0.8,0.2,0.0,0.4671467146714671,0.4442128062360802,0.1039457966592427,-0.0,,
1629675,Naz Reid,2023-24,24.0,24.2,0.223,0.595,0.1640464338464338,0.2565055762081784,0.0172752399518095,0.9011206531767448,37.77381417651285,4.41,1.2,1.2,0.1888888888888888,0.8111111111111111,0.4924357898270941,0.4328000156352224,0.0378364312267657,-0.046,0.012,0.177,-0.2062780269058296,-0.000552,0.219,0.013,0.6,0.2,0.0,0.4803229061553986,0.3326816878447704,0.0741880163893838,-0.0,,
1629651,Nic Claxton,2023-24,25.0,29.8,0.156,0.629,0.2502470199197217,0.1684210526315789,0.0154189859212815,1.0,37.2601201081889,4.41,1.5,1.9,0.2377777777777777,0.7622222222222222,0.8097560975609757,0.5,0.0169684210526315,-0.071,0.0829999999999999,0.085,-0.455128205128205,-0.0058929999999999,0.27,0.017,0.1,0.0,0.0,0.7939068100358423,0.4326228771929824,0.0674891688421052,-0.0,,
1630208,Nick Richards,2023-24,26.0,26.2,0.131,0.717,0.2268774426972819,0.0258620689655172,0.0107571756906706,1.0,36.9508433470594,4.53,0.7,1.3,0.13,0.87,0.4892857142857143,0.5,0.0183103448275862,-0.031,-0.2019999999999999,0.1,-0.2366412213740457,0.0062619999999999,0.319,0.018,0.1,0.0,0.0,0.8224043715846995,0.3896746551724137,0.0510473798275862,-0.0,,
1641733,Nick Smith Jr.,2023-24,20.0,14.3,0.202,0.511,0.1255485875182085,0.4608695652173913,0.0113982685560388,1.0,,4.89,1.5,0.1,0.2977777777777778,0.7022222222222222,0.1108647450110864,0.5,0.1234434782608696,-0.039,0.0889999999999999,0.163,-0.1930693069306931,-0.0034709999999999,0.363,0.106,2.4,0.7,0.3,0.3087719298245614,0.3540055652173913,0.071509124173913,-0.0,,
1629638,Nickeil Alexander-Walker,2023-24,25.0,23.4,0.143,0.578,0.1431118454135398,0.2774327122153209,0.0077389071862534,1.0656310982047783,37.46326723514836,4.89,2.3,0.1,0.3222222222222222,0.6777777777777778,0.3406218316998985,0.3087312852266269,0.0538302277432712,0.001,0.281,0.144,0.006993006993007,0.000281,0.199,0.043,1.4,0.9,0.2,0.2953846153846154,0.3140498717455431,0.0449091316596126,-0.0,,
203999,Nikola Jokić,2023-24,29.0,34.6,0.288,0.65,0.1701063733426966,0.2859463850528026,0.0262911339095197,1.0652243645102868,38.141182501443225,4.19,4.8,11.3,1.0,0.0,0.7067731986110726,0.021877249386399,0.0126734362307067,0.076,0.026,0.364,0.2638888888888889,0.001976,0.404,0.071,2.1,0.7,0.2,0.6646115906288532,0.563081234768481,0.1621673956133225,-0.0,,
1631107,Nikola Jović,2023-24,21.0,19.5,0.171,0.583,0.109673999277838,0.178,0.0077552864922868,1.4401294498381874,,4.82,1.3,0.2,0.3111111111111111,0.6888888888888889,0.2336448598130841,0.5,0.0204839999999999,-0.012,-0.1659999999999999,0.159,-0.0701754385964912,0.001992,0.205,0.017,0.7,0.5,0.2,0.3089171974522293,0.4329057259259259,0.0740268791333333,-0.0,,
202696,Nikola Vučević,2023-24,33.0,34.3,0.233,0.54,0.0539475050940918,0.1262458471760797,0.0060674365895625,1.0,37.93623773041361,4.05,1.5,5.0,0.5,0.5,0.1991633298536995,1.0,0.0021179401993355,-0.077,-0.005,0.156,-0.3304721030042918,0.000385,0.215,0.147,1.3,0.0,0.0,0.4741744284504657,0.3801615448504983,0.0885776399501661,-0.0,,
1626181,Norman Powell,2023-24,31.0,26.2,0.193,0.626,0.2090540321962364,0.4351032448377581,0.017725337456602,0.644240338625189,38.50614966020276,4.3,1.2,0.2,0.1333333333333333,0.8666666666666667,0.4698819100660065,0.406925191939537,0.1084026548672566,-0.046,0.0929999999999999,0.147,-0.2383419689119171,-0.004278,0.209,0.064,2.9,1.5,0.5,0.491358024691358,0.2514678895681925,0.0485333026866611,-0.0,,
1628384,OG Anunoby,2023-24,26.0,34.0,0.173,0.595,0.1549825199075745,0.2630331753554503,0.0111519771944637,1.1510234987886614,37.36851230994216,4.14,1.3,0.9,0.1866666666666666,0.8133333333333334,0.5292472308040088,0.5,0.051542654028436,-0.0809999999999999,-0.004,0.092,-0.4682080924855491,0.000324,0.213,0.06,2.0,0.7,0.2,0.4011627906976744,0.338831828127913,0.0586179062661289,-0.0,,
1630167,Obi Toppin,2023-24,26.0,21.1,0.16,0.677,0.2107058567144754,0.0948121645796064,0.0134851748297264,1.3409935004642524,38.07252799684293,4.97,0.8,0.6,0.2022222222222222,0.7977777777777778,0.3014084507042253,0.5,0.0272665474060822,-0.045,-0.22,0.115,-0.28125,0.0099,0.145,0.009,0.5,0.3,0.1,0.4219409282700422,0.3716791512621745,0.0594686642019479,-0.0,,
1630534,Ochai Agbaji,2023-24,24.0,21.0,0.131,0.497,0.0077916230695889,0.125615763546798,0.000369432312347,1.0,37.635294844335874,4.7,0.6,0.2,0.1511111111111111,0.8488888888888889,0.2413461538461538,1.0,0.0012118226600985,-0.075,-0.247,0.0559999999999999,-0.5725190839694657,0.018525,0.169,0.026,0.6,0.3,0.1,0.4295774647887324,0.2652091954022988,0.0347424045977011,-0.0,,
1630209,Omer Yurtseven,2023-24,26.0,11.4,0.173,0.565,0.0859257975530104,0.0355987055016181,0.0061829071775238,1.0,,4.43,0.5,0.8999999999999999,0.1866666666666666,0.8133333333333334,0.2,0.5,0.020220064724919,-0.087,0.102,0.086,-0.5028901734104047,-0.008874,0.323,0.027,0.1,0.0,0.0,0.6956521739130435,0.3250160949298813,0.0562277844228694,-0.0,,
1641931,Onuralp Bitim,2023-24,25.0,11.7,0.149,0.464,-0.10967722395462,0.2,-0.0063080605310477,1.0,,4.59,0.4,0.2,0.1533333333333333,0.8466666666666667,0.1900826446280991,1.0,0.084,-0.0679999999999999,-0.117,0.081,-0.4563758389261744,0.007956,0.156,0.1,0.7,0.2,0.0,0.3703703703703703,0.19376,0.02887024,-0.0,,
1630168,Onyeka Okongwu,2023-24,23.0,25.5,0.134,0.674,0.1965285907784388,0.0037383177570093,0.0096401310441647,1.0,38.60392734971905,4.23,0.6,1.4,0.1577777777777777,0.8422222222222222,0.3909090909090909,0.3996138245219398,0.0024822429906542,-0.048,-0.03,0.086,-0.3582089552238807,0.00144,0.202,0.007,0.0,0.0,0.0,0.6914600550964187,0.3829452793354102,0.0513146674309449,-0.0,,
1629023,P.J. Washington,2023-24,25.0,30.4,0.185,0.537,0.0890707037885753,0.1521739130434782,0.007087490283222,1.0087170466161124,37.273652360448466,4.51,1.3,1.0,0.1933333333333333,0.8066666666666666,0.4566601126403838,0.4322349598510594,0.0215460358056266,-0.01,-0.075,0.175,-0.0540540540540541,0.00075,0.144,0.017,1.3,0.7,0.2,0.3784822286263208,0.3161357209530828,0.0584851083763203,-0.0,,
1631094,Paolo Banchero,2023-24,21.0,35.0,0.292,0.546,0.1111725388553101,0.735676088617265,0.0175417049105833,1.0044641336282307,37.24086279369597,4.38,5.5,2.2,0.6111111111111112,0.3888888888888888,0.7750694579052788,0.2409242036733064,0.0898601986249044,0.064,-0.052,0.356,0.2191780821917808,-0.003328,0.583,0.149,7.6,2.6,0.8,0.5269922879177378,0.4456879067990832,0.1301408687853323,-0.0,,
1627783,Pascal Siakam,2023-24,30.0,33.2,0.25,0.601,0.1638232705720324,0.5208333333333334,0.020477908821504,1.0484981421471495,37.97834838524464,4.71,2.6,2.5,0.42,0.5800000000000001,0.746359277348099,0.3693570767509251,0.0750691666666666,-0.043,0.032,0.207,-0.172,-0.001376,0.435,0.083,3.4,0.2,0.0,0.5746316463805253,0.3993847306238186,0.0998461826559546,-0.0,,
201976,Patrick Beverley,2023-24,35.0,20.0,0.141,0.539,0.0862670962816389,0.5071090047393364,0.004567450497023,0.8157644968259455,37.88294961922627,4.56,2.9,0.0,0.4555555555555555,0.5444444444444445,0.4748122589811242,0.2403584485326578,0.0312748815165876,-0.0009999999999999,0.269,0.14,-0.00709219858156,-0.0002689999999999,0.449,0.018,1.2,0.7,0.2,0.3827751196172249,0.141901611337923,0.0200081271986471,-0.0,,
1630172,Patrick Williams,2023-24,22.0,27.3,0.163,0.553,0.103595679234822,0.3852596314907872,0.006817467069696,1.0,,4.62,1.2,0.1,0.1711111111111111,0.8288888888888889,0.2869080779944289,0.3976470388910423,0.0699564489112227,-0.0259999999999999,0.0239999999999999,0.137,-0.1595092024539877,-0.0006239999999999,0.296,0.117,2.1,0.3,0.2,0.441340782122905,0.310955501581984,0.0506857467578634,-0.0,,
202331,Paul George,2023-24,34.0,33.8,0.264,0.613,0.1643154354103212,0.5283742331288344,0.0222886750322037,0.9090195090294128,38.375381920151966,4.31,3.3,1.5,0.3666666666666666,0.6333333333333333,0.4420518186927116,0.2176978612977219,0.0793190184049079,-0.025,0.1029999999999999,0.239,-0.0946969696969697,-0.002575,0.433,0.156,7.0,3.3,1.2,0.4812260536398467,0.3677852399855648,0.0970953033561891,-0.0,,
1630202,Payton Pritchard,2023-24,26.0,22.3,0.168,0.597,0.1720702130231122,0.4593373493975903,0.0118486704076339,1.0448684476304673,35.927260507898346,4.54,3.0,0.2,0.4622222222222222,0.5377777777777778,0.2854688618468146,0.5,0.0317710843373493,-0.07,-0.187,0.098,-0.4166666666666667,0.01309,0.441,0.104,2.4,1.4,0.4,0.2602179836512261,0.3883772529511987,0.0652473784958014,-0.0,,
1630173,Precious Achiuwa,2023-24,24.0,21.9,0.158,0.545,0.1023843466652804,0.20682302771855,0.0064301217155303,0.5096989682950959,37.52789695173264,4.31,1.0,0.6,0.1955555555555555,0.8044444444444445,0.6857142857142857,0.2883208089281701,0.0286098081023453,-0.0199999999999999,-0.036,0.138,-0.1265822784810125,0.00072,0.366,0.011,0.4,0.1,0.0,0.6549019607843137,0.2845661333333333,0.0449614490666666,-0.0,,
1629656,Quentin Grimes,2023-24,24.0,20.1,0.155,0.516,0.0564227760453799,0.2,0.0034431187171256,1.0,37.95760189629608,4.23,0.8,0.2,0.2088888888888888,0.7911111111111111,0.3638719512195122,0.5572262014209489,0.0299,0.005,0.27,0.16,0.032258064516129,0.00135,0.115,0.011,1.3,1.0,0.3,0.3602484472049689,0.3034915555555556,0.0470411911111111,-0.0,,
1629628,RJ Barrett,2023-24,24.0,31.7,0.257,0.58,0.1225217317427483,0.47114556416882,0.0159629374382492,1.0,38.20874675847825,4.72,2.4,1.2,0.3533333333333333,0.6466666666666667,0.7947368421052632,0.5,0.0654814814814814,-0.066,-0.008,0.191,-0.2568093385214008,0.000528,0.326,0.022,1.1,0.2,0.1,0.5993111366245695,0.3664275308641975,0.0941718754320987,-0.0,,
202704,Reggie Jackson,2023-24,34.0,22.2,0.209,0.521,0.1013224063757551,0.6518817204301075,0.0096811048733086,0.8833230888195261,37.99831466217539,4.41,3.7,0.3,0.5333333333333333,0.4666666666666667,0.399907982516678,0.2192619695027372,0.1034650537634408,0.049,0.017,0.258,0.2344497607655503,0.000833,0.482,0.11,3.2,1.3,0.4,0.4955300127713921,0.3004787642915475,0.0628000617369334,-0.0,,
1626158,Richaun Holmes,2023-24,30.0,13.9,0.141,0.593,0.1333367500376671,0.0124481327800829,0.0070595746406339,1.0,,4.22,0.5,1.0,0.1377777777777777,0.8622222222222222,0.2,0.5,0.0075311203319502,-0.0659999999999999,0.157,0.075,-0.4680851063829787,-0.010362,0.28,0.01,0.1,0.0,0.0,0.8231292517006803,0.3398934071000461,0.0479249704011065,-0.0,,
1641741,Ricky Council IV,2023-24,22.0,9.0,0.208,0.604,0.0775936553666521,1.0,0.00736073553219,1.0,,4.75,0.4,0.1,0.1777777777777777,0.8222222222222222,0.3684210526315789,0.38846582852349,0.0,-0.003,0.139,0.205,-0.0144230769230769,-0.000417,0.259,0.023,0.4,0.2,0.0,0.5636363636363636,0.261791570881226,0.054452646743295,-0.0,,
203497,Rudy Gobert,2023-24,32.0,34.1,0.152,0.675,0.2121609822651932,0.0357675111773472,0.0125727679297595,1.0,37.56252335293538,4.37,1.1,2.9000000000000004,0.29,0.71,0.5,0.2582469297808702,0.0250014903129657,-0.033,0.009,0.119,-0.2171052631578947,-0.000297,0.315,0.006,0.0,0.0,0.0,0.7918994413407822,0.4048764008941878,0.0615412129359165,-0.0,,
1629060,Rui Hachimura,2023-24,26.0,26.8,0.182,0.628,0.1941606659865816,0.1931330472103004,0.0150753823224172,0.9014716678902758,37.932048937278424,4.44,1.0,1.4,0.1399999999999999,0.86,0.5900573785189169,0.4287888798401683,0.020486409155937,-0.0489999999999999,0.021,0.133,-0.2692307692307691,-0.001029,0.152,0.078,1.5,0.1,0.0,0.4785714285714286,0.2850275214592275,0.0518750089055794,-0.0,,
201566,Russell Westbrook,2023-24,35.0,22.5,0.239,0.514,0.0694900778806451,0.6107711138310894,0.0081193198430635,0.5284750572244222,38.18227053700099,4.38,3.3,0.6000000000000001,0.6333333333333333,0.3666666666666667,0.693877551020408,1.0,0.0602521419828641,-0.0839999999999999,-0.092,0.155,-0.3514644351464435,0.007728,0.555,0.064,1.7,0.5,0.2,0.5522598870056498,0.2393099529531708,0.0571950787558078,-0.0,,
1630180,Saddiq Bey,2023-24,25.0,32.7,0.163,0.549,0.0545032483248333,0.22625,0.0035867721838452,1.0,37.92100781905594,4.39,1.1,0.9,0.1288888888888889,0.8711111111111112,0.6744968785140951,0.7276810294755287,0.0314025,-0.011,-0.051,0.152,-0.0674846625766871,0.000561,0.317,0.021,1.6,1.1,0.3,0.3953488372093023,0.2808661444444444,0.0457811815444444,-0.0,,
1630573,Sam Hauser,2023-24,26.0,22.0,0.146,0.629,0.1585292368224788,0.0297520661157024,0.0088437947052726,1.0,36.17358458991063,4.91,0.6,0.1,0.1377777777777777,0.8622222222222222,0.0581200464435357,0.5,0.0190413223140495,-0.0139999999999999,-0.629,0.132,-0.095890410958904,0.0088059999999999,0.076,0.028,0.8,0.5,0.2,0.1946624803767661,0.3135151368227732,0.0457732099761248,-0.0,,
1630583,Santi Aldama,2023-24,23.0,26.5,0.177,0.539,0.103304500370709,0.1432469304229195,0.0076927061108234,1.0,38.13778253425677,4.54,1.6,0.4,0.2977777777777778,0.7022222222222222,0.2188437074057246,0.5,0.0234338335607094,-0.0429999999999999,-0.166,0.134,-0.2429378531073445,0.0071379999999999,0.202,0.024,1.1,0.6,0.1,0.3380281690140845,0.3598518235561618,0.0636937727694406,-0.0,,
1630703,Scoot Henderson,2023-24,20.0,28.5,0.26,0.489,0.0498266479424255,0.7400204708290686,0.0066057433040389,1.0,38.86191864656678,4.63,5.3,0.2,0.6666666666666666,0.3333333333333333,0.5884582256675279,0.4593306025953724,0.0316335721596724,-0.004,0.037,0.256,-0.0153846153846153,-0.000148,0.632,0.113,5.5,2.3,0.8,0.4687898089171974,0.3686386898669396,0.0958460593654043,-0.0,,
1630567,Scottie Barnes,2023-24,22.0,34.9,0.24,0.566,0.1294099358978576,0.4531864673485444,0.0152154389086094,1.0,37.36176893910869,4.65,3.6,2.0,0.5622222222222222,0.4377777777777778,0.640552016985138,0.2042142045078478,0.0778261211644374,0.035,-0.0129999999999999,0.275,0.1458333333333334,-0.0004549999999999,0.436,0.071,3.1,1.1,0.2,0.5346112886048988,0.429746929801556,0.1031392631523734,-0.0,,
1631101,Shaedon Sharpe,2023-24,21.0,33.1,0.22,0.524,0.0666752538702158,0.6180124223602484,0.0068801625539479,1.0,,4.51,3.0,0.7,0.3333333333333333,0.6666666666666667,0.306,0.9979159729755198,0.09677950310559,-0.042,0.161,0.178,-0.1909090909090909,-0.006762,0.449,0.098,5.8,3.4,1.0,0.4470046082949309,0.3141469979296065,0.0691123395445134,-0.0,,
1628983,Shai Gilgeous-Alexander,2023-24,25.0,34.0,0.317,0.636,0.1938886769169676,0.8968609865470852,0.0346051981516929,0.9488145349140188,37.98982301770474,4.61,6.8,1.1,0.7555555555555555,0.2444444444444444,0.8305679525585374,0.0555028518148016,0.0520044843049326,0.009,0.0709999999999999,0.326,0.028391167192429,0.000639,0.76,0.147,10.0,2.6,0.9,0.4652250146113384,0.4220374799313514,0.1337858811382384,-0.0001381311682998,,
1631323,Simone Fontecchio,2023-24,28.0,24.9,0.159,0.6,0.1466493008758643,0.1589506172839506,0.0092977033027982,1.0,38.58352218661032,4.85,0.8,0.2,0.1866666666666666,0.8133333333333334,0.3635564154427929,0.5,0.0296342592592592,-0.041,-0.35,0.118,-0.2578616352201258,0.01435,0.139,0.026,0.9,0.5,0.1,0.4355140186915888,0.3538436728395061,0.0562611439814814,-0.0,,
201939,Stephen Curry,2023-24,36.0,32.7,0.302,0.616,0.1790257297680964,0.5986352357320099,0.0297115882007988,1.0,38.066161928454655,4.9,5.1,0.5,0.5666666666666667,0.4333333333333333,0.3877242480702687,0.057050789825716,0.1005223325062034,0.103,0.0739999999999999,0.405,0.3410596026490067,0.0076219999999999,0.485,0.078,8.9,6.1,2.3,0.3828733191790516,0.4586241728701406,0.1385045002067824,-1.7655033085194408e-06,,
1629659,Talen Horton-Tucker,2023-24,23.0,19.8,0.234,0.503,0.0609383779887288,0.6753246753246753,0.0068978647779215,1.0,,4.41,3.6,0.2,0.5888888888888889,0.4111111111111111,0.2860215053763441,0.9928147520683585,0.0801558441558441,-0.042,0.006,0.192,-0.1794871794871795,-0.000252,0.576,0.027,2.6,1.4,0.4,0.4490238611713666,0.365320634920635,0.0854850285714285,-0.0,,
1631106,Tari Eason,2023-24,23.0,21.8,0.188,0.528,0.0548758128833671,0.2412746585735963,0.0044731940696579,1.0,,4.51,1.1,0.5,0.1933333333333333,0.8066666666666666,0.4,1.0,0.0035083459787556,0.034,-0.193,0.222,0.1808510638297872,-0.006562,0.42,0.065,0.7,0.0,0.0,0.582010582010582,0.2962400202326758,0.055693123803743,-0.0,,
1641707,Taylor Hendricks,2023-24,20.0,21.4,0.135,0.578,0.0970559159429334,0.108695652173913,0.0048141837792174,1.0,,4.45,0.5,0.2,0.1133333333333333,0.8866666666666667,0.1164556962025316,0.5,0.0672826086956521,-0.06,0.422,0.075,-0.4444444444444445,-0.02532,0.231,0.021,0.6,0.2,0.1,0.35,0.3071226811594202,0.0414615619565217,-0.0,,
1629611,Terance Mann,2023-24,27.0,25.0,0.135,0.615,0.1575749344692216,0.2943548387096774,0.0078160582604673,0.6099513223264916,38.18069544296902,4.39,1.3,0.5,0.1911111111111111,0.8088888888888889,0.5953900055319934,0.5,0.0200322580645161,-0.032,-0.1549999999999999,0.103,-0.2370370370370371,0.00496,0.276,0.021,1.1,0.5,0.2,0.4253308128544423,0.3143092473118279,0.0424317483870967,-0.0,,
1626179,Terry Rozier,2023-24,30.0,33.4,0.253,0.555,0.1205925713972776,0.7274862960062647,0.0153462170894431,1.0,37.84564161347611,4.75,5.9,0.3,0.6555555555555556,0.3444444444444444,0.4525832152109096,0.1952549969626852,0.0026342991386061,0.087,0.0949999999999999,0.34,0.3438735177865613,0.008265,0.588,0.12,7.3,3.8,1.4,0.4849699398797595,0.4257804968241537,0.1077224656965109,-0.0,,
203501,Tim Hardaway Jr.,2023-24,32.0,26.8,0.22,0.542,0.0779291576616138,0.334088335220838,0.0080414432834075,0.9840302186881223,38.48676451849365,4.31,1.5,0.2,0.2088888888888888,0.7911111111111111,0.3179799048122685,0.7324432246851579,0.0205877689694224,-0.016,-0.041,0.204,-0.0727272727272728,0.000656,0.222,0.125,4.4,2.2,0.8,0.3962264150943396,0.2945244396299397,0.0647953767185867,-0.0,,
202699,Tobias Harris,2023-24,31.0,33.8,0.203,0.576,0.1235221164517095,0.5242814667988107,0.0112976672991585,0.6370784697658878,37.32778575959001,4.47,2.9,2.0999999999999996,0.3222222222222222,0.6777777777777778,0.5864724438671367,0.5,0.0517096134786917,-0.047,0.1060000000000001,0.156,-0.2315270935960591,-0.004982,0.456,0.093,3.6,0.7,0.2,0.5425963488843814,0.2844035641770878,0.0577339235279488,-0.0,,
1628470,Torrey Craig,2023-24,33.0,19.8,0.121,0.568,0.0339821786349899,0.1160949868073878,0.0014303070325824,1.0,,4.81,0.8,0.2,0.1644444444444444,0.8355555555555556,0.1215139442231075,0.8479916235155116,0.0640844327176781,-0.03,0.304,0.091,-0.2479338842975206,-0.00912,0.204,0.02,0.4,0.2,0.1,0.3416666666666667,0.2840752858399296,0.0343731095866314,-0.0,,
1641739,Toumani Camara,2023-24,24.0,24.8,0.134,0.547,0.0602810739020758,0.1407563025210084,0.0029569104912278,1.0,38.27016686385364,4.73,0.9,0.1,0.1599999999999999,0.8400000000000001,0.3333333333333333,1.0,0.0232121848739495,-0.056,-0.205,0.078,-0.417910447761194,0.01148,0.35,0.011,0.3,0.2,0.1,0.5433255269320844,0.2968369327731093,0.0397761489915966,-0.0,,
1629027,Trae Young,2023-24,25.0,36.0,0.289,0.585,0.1607010143578806,0.8365837256220578,0.024966943715443,1.0,37.84056721713754,4.45,8.3,0.1,0.9666666666666668,0.0333333333333333,0.6291008827773532,0.2148439634242129,0.0482609280430397,0.069,0.038,0.358,0.2387543252595156,0.002622,0.714,0.079,10.4,6.5,2.4,0.373,0.5346767540910109,0.1545215819323021,-0.0,,
1631218,Trayce Jackson-Davis,2023-24,24.0,16.6,0.157,0.692,0.2224894305622552,0.0202020202020202,0.0138407257436024,1.0,,4.58,0.7,1.6,0.2288888888888888,0.7711111111111111,0.2,0.5,0.0141414141414141,-0.1,0.308,0.0569999999999999,-0.6369426751592357,-0.0308,0.249,0.007,0.0,0.0,0.0,0.8523076923076923,0.421421997755331,0.0661632536475869,-0.0,,
1630200,Tre Jones,2023-24,24.0,27.8,0.149,0.591,0.1659124400692106,0.5646481178396072,0.0095424161651232,1.0,38.292207207333,4.97,5.0,0.4,0.6622222222222222,0.3377777777777778,0.6157692307692307,0.2083473571257912,0.058291325695581,-0.0169999999999999,0.003,0.132,-0.1140939597315435,-5.1000000000000006e-05,0.488,0.034,1.7,0.5,0.1,0.5234899328859061,0.4784778759774504,0.0712932035206401,-0.0,,
1630544,Tre Mann,2023-24,23.0,24.1,0.183,0.559,0.1290374447293411,0.71898355754858,0.0101016516709071,1.0,,4.79,3.7,0.1,0.5533333333333333,0.4466666666666666,0.2789473684210526,0.5,0.0993527653213752,0.001,-0.392,0.184,0.0054644808743169,-0.000392,0.621,0.037,2.8,1.5,0.5,0.439873417721519,0.4066993522670652,0.0744259814648729,-0.0,,
1630243,Trevelin Queen,2023-24,27.0,11.8,0.137,0.462,0.0208388062287211,1.0,0.0010567048168275,1.0,,4.35,0.6,0.0,0.3666666666666667,0.6333333333333333,0.276536312849162,1.0,0.0,-0.078,-0.462,0.059,-0.5693430656934307,0.036036,0.286,0.05,0.8,0.6,0.1,0.631578947368421,0.26499453125,0.03630425078125,-0.0,,
1626168,Trey Lyles,2023-24,28.0,20.0,0.139,0.596,0.1142050258166505,0.0631578947368421,0.0059184422828737,1.0,38.70393637588001,4.79,0.7,0.5,0.1755555555555555,0.8244444444444444,0.2415009912206172,0.5,0.0386526315789473,-0.012,-0.176,0.127,-0.0863309352517986,0.002112,0.112,0.01,0.4,0.2,0.0,0.292834890965732,0.3370008421052631,0.0468431170526315,-0.0,,
1630530,Trey Murphy III,2023-24,24.0,29.7,0.182,0.612,0.1640708372726658,0.1934389140271493,0.0127390920672649,0.3484408696396613,37.65608007850577,4.39,1.4,0.3,0.2311111111111111,0.768888888888889,0.440827904090768,0.5,0.0,-0.0579999999999999,0.032,0.124,-0.3186813186813186,-0.001856,0.189,0.012,2.1,1.6,0.6,0.2225609756097561,0.3586233522837142,0.065269450115636,-0.0,,
1628972,Troy Brown Jr.,2023-24,24.0,14.0,0.139,0.51,0.0750085348057298,0.2451612903225807,0.0038871641663419,1.0,,4.75,0.6,0.0,0.2266666666666666,0.7733333333333333,0.1769911504424778,0.4127715228565183,0.001758064516129,0.1109999999999999,0.1839999999999999,0.25,0.7985611510791365,0.0204239999999999,0.286,0.089,0.8,0.4,0.1,0.2711111111111111,0.3166283870967742,0.0440113458064516,-0.0,,
1629639,Tyler Herro,2023-24,24.0,33.5,0.268,0.558,0.1294267994819604,0.5869737887212073,0.0179566948698957,1.10011911489324,,4.91,4.1,0.1,0.4844444444444444,0.5155555555555555,0.1156462585034013,0.3566837888224691,0.0689737887212073,0.0569999999999999,-0.079,0.325,0.212686567164179,-0.004503,0.423,0.117,7.9,3.7,1.4,0.462406015037594,0.3874049817315329,0.1038245351040508,-0.0,,
1630169,Tyrese Haliburton,2023-24,24.0,32.2,0.239,0.605,0.1733120499166277,0.7988064791133845,0.0202500271815358,1.0737027169334443,37.670949303962985,5.0,6.5,0.1,0.9866666666666668,0.0133333333333333,0.4561370028123743,0.1095665795683081,0.0629326513213981,0.061,0.08,0.3,0.2552301255230125,0.00488,0.624,0.117,8.4,5.8,2.0,0.3441712926249008,0.5933564462753036,0.1418121906597975,-0.0,,
1630178,Tyrese Maxey,2023-24,23.0,37.5,0.273,0.573,0.1399956892938099,0.755625,0.0199691065273056,0.995320751876442,37.351650360787445,4.85,7.4,0.2,0.8222222222222223,0.1777777777777777,0.5954627035621423,0.3642330653821072,0.126,0.068,-0.0699999999999999,0.341,0.2490842490842491,-0.0047599999999999,0.572,0.057,8.3,4.9,1.6,0.4596354166666667,0.5096069652928418,0.1391227015249458,-0.0,,
1626145,Tyus Jones,2023-24,28.0,29.3,0.161,0.578,0.1622321622168921,0.5880102040816326,0.0104803496138036,1.0,37.908676184984046,4.82,4.8,0.2,0.7355555555555556,0.2644444444444443,0.2259417833675259,0.5,0.0662704081632652,-0.048,-0.2159999999999999,0.113,-0.2981366459627329,0.0103679999999999,0.46,0.099,3.7,1.1,0.4,0.431578947368421,0.494398679138322,0.0795981873412698,-0.0,,
203995,Vasilije Micic,2023-24,30.0,19.6,0.189,0.524,0.1467507224375124,1.0,0.012057935437521,1.0,,4.78,3.1,0.0,0.6822222222222222,0.3177777777777778,0.3135135135135135,0.5,0.0,0.0509999999999999,-0.191,0.24,0.2698412698412697,-0.0097409999999999,0.579,0.118,2.4,1.4,0.4,0.4901960784313725,0.4320861721611722,0.0816642865384615,-0.0,,
1641705,Victor Wembanyama,2023-24,20.0,29.7,0.312,0.565,0.0801337628887025,0.216593886462882,0.013965208615342,1.0,39.01577916524467,4.7,2.3,4.7,0.4733333333333333,0.5266666666666666,0.7042380202496902,0.5567986808193677,0.0248218340611353,0.001,-0.0509999999999999,0.313,0.0032051282051282,-5.099999999999998e-05,0.256,0.084,4.1,2.4,0.9,0.5,0.3861445822416303,0.1204771096593886,-7.399518015720537e-05,,
1631246,Vince Williams Jr.,2023-24,23.0,27.6,0.155,0.597,0.1247554527334194,0.2775862068965516,0.0076130219829036,1.0,38.1443452062424,4.58,2.5,0.2,0.3933333333333333,0.6066666666666667,0.6849973656480506,0.4458154345412464,0.040201724137931,0.014,-0.0959999999999999,0.169,0.0903225806451613,-0.001344,0.296,0.012,1.1,0.7,0.2,0.3720316622691293,0.3920827988505746,0.060772833821839,-0.0,,
1630249,Vít Krejčí,2023-24,24.0,24.6,0.098,0.633,0.2131945622811106,0.2198795180722891,0.0065405645622799,1.0,,4.48,1.0,0.1,0.2533333333333333,0.7466666666666666,0.2695652173913043,0.5,0.0270843373493975,0.037,-0.431,0.135,0.3775510204081633,-0.015947,0.176,0.03,1.0,0.7,0.2,0.3269230769230769,0.4116671485943776,0.040343380562249,-0.0,,
1631117,Walker Kessler,2023-24,22.0,23.3,0.127,0.663,0.2086429872495446,0.0,0.0094429866031467,1.0,38.974788184487664,4.69,0.7,0.6,0.1288888888888889,0.8711111111111112,0.3636363636363636,0.0157073629259886,0.0,0.0489999999999999,0.0669999999999999,0.176,0.3858267716535432,0.0032829999999999,0.253,0.0,0.0,0.0,0.0,0.7976539589442815,0.3804355555555556,0.0483153155555555,-0.0,,
1628976,Wendell Carter Jr.,2023-24,25.0,25.6,0.172,0.623,0.1240422944512603,0.0421393841166936,0.0088483534289194,1.0,36.634773351725,4.09,1.0,1.3,0.2222222222222222,0.7777777777777778,0.3846600458365163,0.5,0.0257471636952998,-0.0389999999999999,-0.26,0.133,-0.2267441860465115,0.0101399999999999,0.193,0.027,0.2,0.1,0.0,0.461864406779661,0.285069962182604,0.0490320334954078,-0.0,,
1628380,Zach Collins,2023-24,26.0,22.1,0.224,0.565,0.0877663854437585,0.1335559265442404,0.0093046542589871,1.0,38.54304097597417,4.52,1.2,3.3,0.4355555555555556,0.5644444444444444,0.3214522836713848,0.5,0.0100183639398998,-0.047,-0.0179999999999999,0.177,-0.2098214285714286,0.0008459999999999,0.232,0.049,0.5,0.1,0.0,0.537828947368421,0.3875868187720275,0.0868194474049341,-0.0,,
203897,Zach LaVine,2023-24,29.0,34.9,0.238,0.578,0.1046561061232497,0.7291666666666667,0.012151503260437,1.0,,4.63,4.1,0.4,0.4555555555555555,0.5444444444444445,0.3058510638297872,0.4433118774199654,0.0147361111111111,-0.0379999999999999,-0.0279999999999999,0.2,-0.1596638655462184,0.0010639999999999,0.559,0.123,6.9,4.3,1.6,0.4224598930481283,0.3626253858024691,0.0863048418209876,-0.0,,
1630533,Ziaire Williams,2023-24,22.0,20.3,0.192,0.511,0.0564851814219988,0.2595281306715064,0.0047521087533466,1.0,38.33455075024081,4.28,1.3,0.3,0.2622222222222222,0.7377777777777779,0.5051480051480051,1.0,0.0586950998185118,-0.047,-0.096,0.145,-0.2447916666666667,0.004512,0.26,0.071,1.6,0.6,0.1,0.3962765957446808,0.3132235370034281,0.0601389191046582,-0.0,,
1629627,Zion Williamson,2023-24,23.0,31.5,0.285,0.61,0.1762865953459284,0.7722586691658857,0.0268217172694203,1.0,38.079507577704625,4.51,3.9,3.4,0.5688888888888889,0.4311111111111111,0.946153846153846,0.3402119661540875,0.2053458294283036,-0.002,-0.136,0.283,-0.0070175438596491,0.000272,0.522,0.004,0.5,0.1,0.0,0.8755760368663594,0.4437242715817974,0.1264614174008122,-0.0,,
1631260,AJ Green,2024-25,25.0,22.7,0.123,0.621,0.1714995973745844,0.1143497757847533,0.007398109787936,0.0,39.57848531093954,4.89,0.9,0.1,0.1911111111111111,0.8088888888888889,0.0567094990240728,0.481710161700418,0.0182578475336322,-0.051,0.191,0.072,-0.4146341463414634,-0.009741,0.088,0.048,1.8,1.2,0.4,0.285097192224622,0.4114140508221226,0.050603928251121,-0.0,,
203932,Aaron Gordon,2024-25,29.0,28.4,0.186,0.65,0.1707661943649969,0.304177545691906,0.013698446450054,1.0766322482442652,39.5384530233965,4.29,2.2,2.0,0.3177777777777777,0.6822222222222223,0.8329896907216496,0.4101829218670555,0.0610483028720626,-0.044,0.0939999999999999,0.142,-0.2365591397849463,-0.004136,0.348,0.07,2.0,1.0,0.4,0.483433734939759,0.3843566419263938,0.0714903353983092,-0.0,,
1630174,Aaron Nesmith,2024-25,25.0,24.9,0.171,0.653,0.1901395430007863,0.2216494845360824,0.0134451797070699,0.6892992938620314,,4.79,1.0,0.3,0.1399999999999999,0.86,0.2638522427440633,0.4583067457838651,0.0361288659793814,-0.045,0.0659999999999999,0.126,-0.2631578947368421,-0.0029699999999999,0.146,0.055,1.6,0.7,0.2,0.3231810490693739,0.3674606995581738,0.0628357796244477,-0.0,,
1630598,Aaron Wiggins,2024-25,26.0,22.9,0.2,0.596,0.1338836227816614,0.3576923076923077,0.0119749152645493,0.476826909778088,39.00420187461673,5.08,1.5,0.3,0.2266666666666666,0.7733333333333333,0.4796703296703296,0.2691640211910475,0.045175641025641,0.0129999999999999,0.082,0.213,0.0649999999999999,0.0010659999999999,0.299,0.031,1.5,0.8,0.3,0.3943329397874852,0.2730134997898276,0.0546026999579655,-0.0,,
201143,Al Horford,2024-25,39.0,27.6,0.136,0.563,0.052382579068502,0.052863436123348,0.0026272127298128,1.0,39.52726441359219,4.04,0.8,0.8,0.2266666666666666,0.7733333333333333,0.1291827478378454,0.6846166978505246,0.0294977973568281,0.0049999999999999,0.049,0.141,0.0367647058823527,0.0002449999999999,0.077,0.007,0.1,0.0,0.0,0.2632575757575757,0.3909527165932451,0.0531695694566813,-0.0,,
1627936,Alex Caruso,2024-25,31.0,19.3,0.147,0.568,0.0775867100944174,0.1922246220302375,0.0043728375028484,0.9272820650232224,,4.78,1.4,0.5,0.38,0.62,0.3471337579617834,0.4632611810561526,0.0293477321814254,0.062,0.2310000000000001,0.209,0.4217687074829932,0.014322,0.207,0.01,0.7,0.4,0.1,0.3333333333333333,0.389336101511879,0.0572324069222462,-0.0,,
1642259,Alex Sarr,2024-25,20.0,27.1,0.23,0.482,-0.013819564812711,0.1684334511189634,-0.001524355005047,1.0,40.255330341371334,4.76,1.6,1.8,0.3088888888888889,0.691111111111111,0.4727926267281105,1.0,0.0158669022379269,-0.073,0.2,0.157,-0.3173913043478261,-0.0146,0.218,0.062,1.2,0.2,0.0,0.4444444444444444,0.29655043842429,0.0682066008375867,-0.0,,
1630578,Alperen Sengun,2024-25,22.0,31.5,0.259,0.545,0.0480942181638657,0.4076137418755803,0.0063393176689874,0.8879717009167836,39.77186631373659,4.07,2.7,5.9,0.5900000000000001,0.4099999999999999,0.848,0.2109142749333407,0.0,0.0439999999999999,-0.004,0.303,0.1698841698841698,-0.000176,0.51,0.055,1.5,0.1,0.0,0.6875981161695447,0.3948841952825699,0.1022750065781856,-0.0,,
1641708,Amen Thompson,2024-25,22.0,32.3,0.172,0.602,0.134711410048034,0.4445754716981132,0.0096094172740528,0.9643378004890067,39.607964042980974,4.55,3.2,0.7999999999999999,0.3711111111111111,0.6288888888888888,0.8277227722772278,0.4210211702486426,0.0712393867924528,-0.0429999999999999,0.132,0.129,-0.2499999999999999,-0.0056759999999999,0.448,0.054,1.4,0.2,0.0,0.6406649616368286,0.3517618883380295,0.060503044794141,-0.0,,
1629599,Amir Coffey,2024-25,28.0,24.3,0.15,0.614,0.1482744263586512,0.2990654205607477,0.0086139657593327,1.0,39.49744546516363,4.04,0.9,0.4,0.1444444444444444,0.8555555555555555,0.512068489367578,0.5,0.0261345794392523,-0.075,-0.199,0.075,-0.5,0.014925,0.196,0.089,1.8,0.4,0.1,0.3215686274509804,0.34611743509865,0.0519176152647975,-0.0,,
203083,Andre Drummond,2024-25,31.0,18.8,0.183,0.535,0.0744648396232357,0.1461716937354988,0.0058294541803868,1.0,,4.06,0.7,1.6,0.16,0.84,0.2,1.0,0.0108167053364269,-0.1149999999999999,-0.535,0.068,-0.628415300546448,0.0615249999999999,0.359,0.027,0.1,0.0,0.0,0.7564102564102564,0.3150463109048724,0.0576534748955916,-0.0,,
1629614,Andrew Nembhard,2024-25,25.0,28.9,0.163,0.545,0.0832839899820832,0.5948795180722891,0.0054807870688191,0.9513282401979112,39.21314087871032,4.7,3.2,0.3,0.5,0.5,0.5243936786105459,0.3373356783691325,0.0,0.0159999999999999,-0.037,0.179,0.0981595092024539,-0.000592,0.453,0.172,3.1,0.7,0.2,0.2900262467191601,0.4239995461618257,0.0691119260243776,-0.0,,
203952,Andrew Wiggins,2024-25,30.0,30.7,0.238,0.566,0.090451449411135,0.4634369287020109,0.0105022164797175,0.7965129079334725,40.65116689377783,4.51,2.3,1.7000000000000002,0.3044444444444444,0.6955555555555555,0.5997990805380554,0.3622556233791597,0.0549954296160877,-0.0249999999999999,-0.0279999999999999,0.213,-0.1050420168067226,0.0006999999999999,0.37,0.072,3.6,1.7,0.6,0.4943310657596372,0.3211108649451554,0.0764243858569469,-0.0,,
1629014,Anfernee Simons,2024-25,26.0,32.7,0.241,0.557,0.1047673364993501,0.6697377746279234,0.0123951408694476,1.0,39.34512411917424,4.68,4.9,0.1,0.5444444444444445,0.4555555555555555,0.3749178743961351,0.2139078285093356,0.0290432317505315,0.08,0.0889999999999999,0.321,0.3319502074688797,0.0071199999999999,0.624,0.098,7.2,4.2,1.4,0.4328888888888889,0.4107888377037563,0.0990001098866052,-0.0,,
1641710,Anthony Black,2024-25,21.0,24.2,0.19,0.521,0.0467556452840461,0.5830564784053156,0.0038722595238306,1.22618822907622,39.328553455666,4.2,3.8,0.3,0.4466666666666666,0.5533333333333333,0.7240864580845474,1.0,0.0391794019933554,-0.072,0.024,0.118,-0.3789473684210526,-0.001728,0.469,0.046,1.7,0.6,0.2,0.5258358662613982,0.3406227131782945,0.0647183155038759,-0.0,,
203076,Anthony Davis,2024-25,32.0,33.4,0.301,0.588,0.1057165839168638,0.2779136104319478,0.0174579346897033,1.0,38.96671150959557,3.91,3.2,5.9,0.5900000000000001,0.4099999999999999,0.8458328188665266,0.4465659915644785,0.0280146699266503,-0.0459999999999999,0.041,0.255,-0.1528239202657806,-0.001886,0.374,0.125,3.8,0.4,0.1,0.5967032967032967,0.4483683374083129,0.1349588695599022,-4.516316625916879e-07,,
1630162,Anthony Edwards,2024-25,23.0,36.3,0.307,0.595,0.1321531592922153,0.7749691738594329,0.0224794205969694,0.8984107981206282,39.745436232159705,4.3,5.9,0.8,0.6555555555555556,0.3444444444444444,0.5957743395124798,0.1860592478575793,0.0880043156596793,0.081,-0.015,0.388,0.2638436482084691,-0.001215,0.576,0.073,11.2,7.6,2.9,0.4392670157068062,0.4393690136575701,0.134886287192874,-2.2570918330779106e-05,,
1641709,Ausar Thompson,2024-25,22.0,22.5,0.185,0.568,0.129388979217767,0.3345724907063197,0.0102956762881171,0.0,40.0391585377294,4.62,1.6,0.8,0.3088888888888889,0.691111111111111,0.7692307692307693,0.1972931303900086,0.0468364312267658,-0.005,-0.0389999999999999,0.18,-0.027027027027027,0.0001949999999999,0.362,0.013,0.5,0.1,0.0,0.7211155378486056,0.3435979306071871,0.0635656171623296,-0.0,,
1630559,Austin Reaves,2024-25,27.0,34.9,0.23,0.616,0.1279827289558007,0.5972101133391456,0.0141170229372137,1.0090918661198045,39.4528005640611,4.51,5.2,0.4,0.5777777777777778,0.4222222222222221,0.6163635622801417,0.2084451288704535,0.0560749782040103,0.0269999999999999,-0.004,0.257,0.117391304347826,-0.000108,0.442,0.035,5.4,3.3,1.2,0.3828828828828828,0.402486613764302,0.0925719211657894,-0.0,,
1630245,Ayo Dosunmu,2024-25,25.0,30.3,0.163,0.585,0.1258098173696573,0.3877551020408163,0.0082793442091145,1.0,,4.79,2.8,0.4,0.4666666666666666,0.5333333333333334,0.4,0.4494763908262883,0.0,-0.031,-0.0939999999999999,0.132,-0.1901840490797545,0.0029139999999999,0.339,0.007,1.1,0.7,0.2,0.5011135857461024,0.4219350566893424,0.0687754142403628,-0.0,,
1628389,Bam Adebayo,2024-25,27.0,34.3,0.232,0.561,0.0624101149962869,0.3339731285988483,0.0069740805662821,1.2793150650419476,39.56006236732409,4.12,3.1,3.7,0.4533333333333333,0.5466666666666666,0.5923397357359621,0.7489055758817776,0.062767754318618,-0.027,-0.028,0.205,-0.1163793103448276,0.000756,0.354,0.116,3.8,0.6,0.2,0.4681393372982158,0.4059928708527557,0.0941903460378393,-0.0,,
1641767,Ben Sheppard,2024-25,23.0,19.5,0.108,0.555,0.0331292516459489,0.0930851063829787,0.0011758373708958,1.0,,4.85,0.6,0.2,0.1933333333333333,0.8066666666666666,0.1089108910891089,1.0,0.0519414893617021,-0.0119999999999999,-0.248,0.096,-0.111111111111111,0.002976,0.125,0.03,0.4,0.3,0.1,0.2396449704142011,0.3457794414893617,0.037344179680851,-0.0,,
1631097,Bennedict Mathurin,2024-25,23.0,29.9,0.222,0.579,0.1026987346037318,0.5475285171102662,0.0107422326572955,1.0650386045181586,39.21851399721003,4.57,2.1,0.8,0.2333333333333333,0.7666666666666666,0.812462495280863,0.1222180864001408,0.1104182509505703,0.043,0.122,0.265,0.1936936936936937,0.005246,0.384,0.069,4.0,2.2,0.6,0.5054945054945055,0.3350537398849567,0.0743819302544603,-0.0,,
1641731,Bilal Coulibaly,2024-25,20.0,33.0,0.175,0.515,0.0240246016501234,0.416058394160584,0.0017587870872304,1.0,40.70553858003647,4.65,2.7,0.6,0.3333333333333333,0.6666666666666667,0.6682510885341073,0.9143017142018176,0.0286642335766423,-0.0159999999999999,-0.106,0.159,-0.0914285714285713,0.0016959999999999,0.395,0.044,2.1,0.6,0.2,0.4775641025641026,0.3142238442822385,0.0549891727493917,-0.0,,
1626171,Bobby Portis,2024-25,30.0,25.4,0.234,0.542,0.0636033809128843,0.275974025974026,0.0071995273821837,0.8774759284731776,,4.51,1.6,2.7,0.2799999999999999,0.72,0.2151260504201679,1.0,0.035974025974026,-0.09,-0.127,0.144,-0.3846153846153847,0.01143,0.375,0.209,2.8,0.2,0.1,0.3996983408748115,0.2928690909090909,0.0685313672727272,-0.0,,
203992,Bogdan Bogdanović,2024-25,32.0,25.0,0.183,0.559,0.0839316321228905,0.3846153846153846,0.006570558752574,1.0910010527539524,39.1257778592872,4.71,1.9,0.2,0.3377777777777778,0.6622222222222223,0.2964531403555792,0.5,0.0152631578947368,-0.0659999999999999,-0.101,0.117,-0.360655737704918,0.006666,0.314,0.086,3.1,1.5,0.5,0.3376865671641791,0.2861980194978632,0.0523742375681089,-0.0,,
203078,Bradley Beal,2024-25,32.0,32.1,0.219,0.598,0.1412694061130729,0.5217831813576495,0.0144781906675587,1.0,39.787093826066865,4.32,3.7,0.6,0.4111111111111111,0.5888888888888888,0.4298105902281276,0.4838470291091863,0.03580547112462,-0.033,-0.0669999999999999,0.186,-0.1506849315068493,0.0022109999999999,0.377,0.124,4.8,1.4,0.5,0.3904899135446686,0.4093594731509625,0.0896497246200608,-0.0,,
1641764,Brandin Podziemski,2024-25,22.0,26.8,0.177,0.557,0.1081378358659926,0.408223201174743,0.0080526268245077,0.8563933158311048,39.53656963231184,4.85,3.3,0.4,0.4311111111111111,0.5688888888888889,0.3443341300484156,0.5,0.0679295154185022,-0.036,-0.031,0.141,-0.2033898305084746,0.001116,0.329,0.088,3.8,1.8,0.6,0.3574244415243101,0.3194209596701226,0.0565375098616117,-0.0,,
1630527,Brandon Boston,2024-25,23.0,23.6,0.199,0.535,0.0634172388099334,0.5946745562130177,0.0056297219212654,1.0,,4.43,2.6,0.4,0.3111111111111111,0.6888888888888889,0.2703412073490813,0.5395689784527039,0.138439349112426,-0.015,0.0359999999999999,0.184,-0.0753768844221106,-0.0005399999999999,0.392,0.161,4.0,1.3,0.4,0.4511873350923482,0.3255230933596318,0.0647790955785667,-0.0,,
1629634,Brandon Clarke,2024-25,28.0,18.9,0.15,0.638,0.1253534011336574,0.0951276102088167,0.0072823745247166,1.0,,4.92,0.6,1.6,0.16,0.84,0.2,0.5,0.0628793503480278,-0.032,-0.289,0.118,-0.2133333333333333,0.009248,0.237,0.03,0.3,0.0,0.0,0.675531914893617,0.3469099767981439,0.0520364965197215,-0.0,,
1627742,Brandon Ingram,2024-25,27.0,33.1,0.305,0.56,0.0836991765983095,0.593440122044241,0.014098436241137,1.0,,4.34,4.6,1.9,0.6222222222222222,0.3777777777777777,0.1591591591591591,0.2658504362550498,0.0980594965675057,-0.021,-0.021,0.284,-0.0688524590163935,0.000441,0.477,0.23,9.6,2.3,0.7,0.5555555555555556,0.4192961861174675,0.1278853367658276,-1.2017595347063334e-05,,
1641706,Brandon Miller,2024-25,22.0,34.2,0.27,0.54,0.0607144271678339,0.4380222841225626,0.0085179982811774,1.0,,4.6,3.8,0.3,0.4222222222222222,0.5777777777777777,0.1301775147928994,0.8741502835904194,0.1057165738161559,-0.037,0.0309999999999999,0.233,-0.137037037037037,-0.0011469999999999,0.333,0.046,6.5,3.8,1.1,0.4073319755600815,0.3600237697307336,0.097206417827298,-0.0,,
1641729,Brice Sensabaugh,2024-25,21.0,20.2,0.208,0.612,0.1390006865827274,0.3219814241486068,0.0131859658872059,1.0,39.78438137016666,4.25,1.2,0.2,0.26,0.74,0.248037676609105,0.5,0.0572260061919504,-0.0519999999999999,-0.0809999999999999,0.156,-0.2499999999999999,0.0042119999999999,0.258,0.062,2.5,1.4,0.5,0.3055091819699499,0.3740776160990712,0.0778081441486068,-0.0,,
1628971,Bruce Brown,2024-25,28.0,22.5,0.169,0.504,0.0170052417259939,0.3950413223140495,0.0011814432534687,1.0,,4.55,1.9,0.7,0.2955555555555555,0.7044444444444444,0.3203883495145631,0.7159594346941699,0.0810165289256198,-0.022,-0.081,0.147,-0.1301775147928995,0.001782,0.285,0.059,1.6,0.1,0.1,0.5533980582524272,0.3018537373737373,0.0510132816161616,-0.0,,
1642267,Bub Carrington,2024-25,19.0,30.0,0.154,0.514,0.0539153225134399,0.521229868228404,0.0032583166577053,1.0,40.21628601659342,4.77,4.0,0.3,0.4733333333333333,0.5266666666666666,0.2577850022837796,0.8900575310751042,0.0051156661786236,0.044,-0.068,0.198,0.2857142857142858,-0.002992,0.433,0.169,4.5,2.4,0.8,0.2794117647058823,0.3630914592484138,0.0559160847242557,-0.0,,
1627741,Buddy Hield,2024-25,32.0,22.7,0.196,0.56,0.094110128485908,0.246879334257975,0.008166208673516,1.263442153345893,39.634897453834434,5.07,1.3,0.2,0.2355555555555555,0.7644444444444445,0.2424936386768446,0.5,0.0391595006934812,-0.0559999999999999,0.0249999999999999,0.14,-0.2857142857142857,-0.0013999999999999,0.189,0.039,2.7,2.0,0.6,0.3271130625686059,0.3649140845122515,0.0715231605644012,-0.0,,
203468,CJ McCollum,2024-25,33.0,32.7,0.266,0.55,0.105757526946935,0.6520754716981132,0.0145088750833058,1.0,39.50232899090428,4.92,3.8,0.3,0.4266666666666666,0.5733333333333334,0.3948212290502793,0.2018350635870024,0.0646520754716981,0.0209999999999999,0.0249999999999999,0.287,0.0789473684210524,0.0005249999999999,0.444,0.095,7.9,4.0,1.4,0.45,0.381168186163522,0.1013907375194968,-0.0,,
1630595,Cade Cunningham,2024-25,23.0,35.0,0.323,0.565,0.0917298657743113,0.822429906542056,0.0168389319366275,0.9334715110951144,39.98053087067423,4.87,8.0,1.8,0.9088888888888887,0.0911111111111111,0.5555976453196768,0.288789423543604,0.0751921728971961,0.0389999999999999,-0.0489999999999999,0.362,0.1207430340557274,-0.0019109999999999,0.697,0.095,8.1,3.8,1.3,0.5842271293375394,0.3594631657356981,0.1161066025326305,-0.0002859439853258,,
1628997,Caleb Martin,2024-25,29.0,27.1,0.143,0.513,0.0568848482627935,0.4444444444444444,0.0030761014906752,1.0,,4.74,2.1,0.2,0.2577777777777778,0.7422222222222222,0.2828947368421052,1.0,0.0680555555555554,-0.0509999999999999,-0.088,0.092,-0.3566433566433566,0.004488,0.411,0.129,1.7,0.4,0.0,0.3684210526315789,0.3156672839506172,0.0451404216049382,-0.0,,
1630560,Cam Thomas,2024-25,23.0,31.2,0.328,0.575,0.0699774714871507,0.7492063492063492,0.0131452548876017,1.0,,4.39,4.0,0.6,0.4822222222222222,0.5177777777777778,0.1762114537444934,0.6804781734140787,0.0221365079365079,-0.015,-0.0879999999999999,0.313,-0.0457317073170732,0.00132,0.503,0.14,9.5,5.2,1.8,0.5418502202643172,0.3637843880070546,0.1193212792663139,-0.0004203930398024,,
1629661,Cameron Johnson,2024-25,29.0,31.6,0.224,0.632,0.1364184569541325,0.3830439223697651,0.0144625595560855,1.0,40.39708119463697,4.6,2.1,0.7,0.3977777777777777,0.6022222222222222,0.5821515067905207,0.2901179231050494,0.0316516853932584,-0.013,0.0689999999999999,0.211,-0.0580357142857143,-0.000897,0.287,0.062,3.9,2.1,0.7,0.3775100401606425,0.4097923220973782,0.0917934801498127,-0.0,,
1627747,Caris LeVert,2024-25,30.0,24.9,0.191,0.582,0.0841985021160487,0.4464534075104311,0.0070283667641073,1.0,39.5714171397137,4.83,1.9,0.6,0.3955555555555555,0.6044444444444445,0.63192554967499,0.5,0.0489012517385257,-0.073,0.148,0.118,-0.3821989528795812,-0.010804,0.3,0.021,2.5,1.5,0.6,0.3739565943238731,0.3691933487868953,0.070515929618297,-0.0,,
1641717,Cason Wallace,2024-25,21.0,27.6,0.124,0.562,0.1150671655817753,0.3875432525951557,0.0050243969477475,1.015878209834321,39.961691115642346,4.52,1.6,0.3,0.26,0.74,0.4125766871165643,0.4872877714931333,0.0223598615916954,-0.031,0.1699999999999999,0.093,-0.25,-0.0052699999999999,0.302,0.025,0.9,0.4,0.1,0.4342105263157895,0.3326951348868542,0.0412541967259699,-0.0,,
1628449,Chris Boucher,2024-25,32.0,17.2,0.208,0.615,0.0908996974580557,0.0367892976588628,0.0086229812190597,1.0,,4.51,0.7,0.8,0.1266666666666666,0.8733333333333333,0.1608108108108108,0.1639079169769678,0.021705685618729,0.005,0.274,0.213,0.0240384615384615,0.00137,0.225,0.036,0.7,0.3,0.1,0.4254742547425474,0.3201391304347826,0.0665889391304347,-0.0,,
101108,Chris Paul,2024-25,40.0,28.0,0.137,0.58,0.1160040623944899,0.7005163511187608,0.0058823931735047,1.0,39.59336247113943,3.95,4.4,0.2,0.76,0.24,0.2150750126833038,0.2755811523736176,0.0432478485370051,0.0449999999999999,0.075,0.182,0.3284671532846714,0.003375,0.627,0.169,5.1,2.9,1.1,0.1217838765008576,0.4758618932874354,0.0651930793803786,-0.0,,
1631128,Christian Braun,2024-25,24.0,33.9,0.155,0.665,0.1814188631943333,0.2538141470180305,0.01107082506897,1.0913575529133848,39.5784761957192,4.72,1.9,1.6,0.2133333333333333,0.7866666666666666,0.7115384615384615,0.4286723433011163,0.0294008321775312,-0.047,-0.044,0.108,-0.3032258064516129,0.002068,0.214,0.026,1.1,0.5,0.2,0.5099061522419187,0.3309543118218161,0.0512979183323815,-0.0,,
203991,Clint Capela,2024-25,31.0,21.4,0.16,0.564,0.112209068098855,0.0086505190311418,0.0071813803583267,1.0,39.67188951092005,4.47,0.6,1.6,0.1622222222222222,0.8377777777777777,0.352112676056338,0.1970132832187702,0.0051643598615916,-0.017,0.159,0.143,-0.1062500000000001,-0.002703,0.225,0.008,0.0,0.0,0.0,0.8205128205128205,0.3439222664359861,0.0550275626297577,-0.0,,
1629632,Coby White,2024-25,25.0,33.1,0.237,0.601,0.1162543165762947,0.6013125512715339,0.0134131754824441,1.0,39.481462413325815,4.69,3.8,0.2,0.4377777777777777,0.5622222222222222,0.583633345345629,0.2177079643667171,0.0401287940935192,0.026,0.019,0.263,0.109704641350211,0.000494,0.484,0.046,5.1,3.4,1.2,0.3434433541480821,0.3945774113572144,0.0935148464916598,-0.0,,
1628998,Cody Martin,2024-25,29.0,22.1,0.142,0.509,-0.003079575101718,0.3368200836820084,-0.0001647871399904,1.0,40.06669978349923,4.77,1.5,0.2,0.2844444444444444,0.7155555555555555,0.5222194199243378,0.4651818493359297,0.0314832635983263,0.008,0.02,0.15,0.0563380281690141,0.00016,0.294,0.101,1.5,0.5,0.2,0.3969230769230769,0.2893318596001859,0.0410851240632264,-0.0,,
1642262,Cody Williams,2024-25,20.0,21.2,0.122,0.419,-0.0521199070715356,0.2904761904761904,-0.0022209735102868,1.0,38.95465412039933,4.67,0.9,0.1,0.1733333333333333,0.8266666666666667,0.331881702957426,1.0,0.024847619047619,-0.036,-0.276,0.086,-0.2950819672131148,0.009936,0.253,0.043,0.6,0.1,0.0,0.4046692607003891,0.2376893968253968,0.0289981064126984,-0.0,,
1629012,Collin Sexton,2024-25,26.0,27.9,0.264,0.593,0.1139510532498051,0.7097966728280961,0.0154569653734594,1.0,40.40042421001257,4.34,4.1,0.2,0.5466666666666666,0.4533333333333333,0.5554385437039265,0.5,0.0580369685767097,-0.046,0.056,0.218,-0.1742424242424242,-0.002576,0.546,0.062,4.7,2.2,0.9,0.4705882352941176,0.4160247443006777,0.1098305324953789,-0.0,,
1630557,Corey Kispert,2024-25,26.0,26.3,0.169,0.584,0.0942019991055919,0.1799410029498525,0.0065447065146064,1.0,39.95136942776527,5.09,1.1,0.3,0.2088888888888888,0.7911111111111111,0.416043391378818,0.5,0.0117581120943952,-0.102,0.1099999999999999,0.067,-0.6035502958579881,-0.0112199999999999,0.137,0.006,1.2,0.8,0.3,0.4088495575221239,0.3386350966896099,0.057229331340544,-0.0,,
1626156,D'Angelo Russell,2024-25,29.0,25.5,0.228,0.522,0.0362358999902576,0.6064516129032257,0.0039449483622939,1.0,39.6816941621522,4.53,4.4,0.3,0.6711111111111111,0.3288888888888889,0.4043887147335421,0.5549727333905472,0.0,0.0199999999999999,-0.024,0.248,0.0877192982456139,-0.00048,0.49,0.052,4.8,3.0,1.1,0.3981191222570533,0.3914119569892472,0.0892419261935483,-0.0,,
1629610,DaQuan Jeffries,2024-25,27.0,22.8,0.136,0.518,0.0394826937626922,0.2011605415860735,0.0019802277303871,1.0,,4.48,0.9,0.2,0.1622222222222222,0.8377777777777777,0.2542955326460481,1.0,0.0271605415860735,0.004,-0.26,0.14,0.0294117647058823,-0.00104,0.161,0.044,0.8,0.3,0.1,0.4054982817869416,0.2927867075005372,0.039818992220073,-0.0,,
1630625,Dalano Banton,2024-25,25.0,16.7,0.237,0.497,0.030827327920812,0.5136436597110754,0.0035567914485595,1.0,,4.63,2.4,0.2,0.4733333333333333,0.5266666666666666,0.3175542406311637,0.3420920183561585,0.0546019261637239,0.0559999999999999,0.2299999999999999,0.293,0.2362869198312236,0.0128799999999999,0.444,0.032,1.6,0.8,0.2,0.4556213017751479,0.34652658105939,0.0821267997110754,-0.0,,
1629655,Daniel Gafford,2024-25,26.0,21.5,0.186,0.716,0.2365385118343146,0.0393996247654784,0.0189745408907584,1.0,39.40550765279953,4.52,0.9,2.4,0.24,0.76,0.4873239436619718,0.1799999999999998,0.0292739212007504,0.009,-0.0719999999999999,0.195,0.0483870967741935,-0.000648,0.279,0.006,0.1,0.0,0.0,0.8734491315136477,0.4425101688555347,0.0823068914071294,-0.0,,
1628464,Daniel Theis,2024-25,33.0,16.3,0.111,0.558,0.0296872727272726,0.0,0.0010978797389913,1.0,,4.28,0.6,0.7,0.2911111111111111,0.7088888888888889,0.2,1.0,0.0,-0.06,0.4419999999999999,0.051,-0.5405405405405406,-0.02652,0.213,0.037,0.3,0.0,0.0,0.4418604651162791,0.3292333333333333,0.0365449,-0.0,,
1629636,Darius Garland,2024-25,25.0,30.7,0.265,0.6,0.1441910771064293,0.7233704292527822,0.0196701284936179,0.8347864023463609,39.43737354136123,4.72,5.1,0.3,0.6866666666666666,0.3133333333333333,0.4404518278193122,0.2369613825070357,0.0708736089030206,0.015,0.0929999999999999,0.28,0.0566037735849057,0.001395,0.578,0.096,7.2,4.0,1.5,0.4086886564762671,0.3683258793395472,0.09760635802498,-0.0,,
1630558,Davion Mitchell,2024-25,26.0,27.4,0.135,0.573,0.1265718725172061,0.6193078324225865,0.006278239194979,1.3678815249231475,40.92674251464838,4.46,4.1,0.2,0.5266666666666666,0.4733333333333334,0.5381827731092437,0.4070331568241689,0.0262386156648451,-0.019,-0.007,0.116,-0.1407407407407407,0.000133,0.516,0.024,1.4,0.9,0.4,0.4410058027079304,0.5748765142009038,0.077608329417122,-0.0,,
1628368,De'Aaron Fox,2024-25,27.0,36.1,0.274,0.56,0.0966817346614591,0.7072521623419826,0.0138666092654834,1.0,39.01917170872077,4.75,5.6,0.4,0.6222222222222222,0.3777777777777777,0.5344743052633504,0.179297194421587,0.0161044577511642,0.064,0.0309999999999999,0.338,0.2335766423357664,0.0019839999999999,0.605,0.11,8.1,3.0,0.9,0.4161650902837489,0.4225041620462778,0.1157661404006801,-0.0,,
1629631,De'Andre Hunter,2024-25,27.0,27.2,0.221,0.623,0.1373144844255248,0.3139407244785949,0.0142660834831749,0.8880873688748381,40.0376784927155,4.68,1.3,1.0,0.1711111111111111,0.8288888888888889,0.5884007146165552,0.5,0.0262744237102085,-0.044,0.013,0.177,-0.1990950226244344,-0.000572,0.243,0.074,2.9,1.3,0.5,0.4160583941605839,0.321598809366996,0.0710733368701061,-0.0,,
201942,DeMar DeRozan,2024-25,35.0,35.9,0.244,0.569,0.0706820894653301,0.6707317073170731,0.0085191079001926,1.0,39.87924963864295,4.33,3.9,3.0,0.4333333333333333,0.5666666666666667,0.4948605864364093,0.5090280701459486,0.0132073170731707,0.0999999999999999,-0.0429999999999999,0.344,0.4098360655737704,-0.0042999999999999,0.567,0.343,9.9,0.9,0.2,0.6162079510703364,0.3567514227642276,0.0870473471544715,-0.0,,
1629028,Deandre Ayton,2024-25,26.0,30.1,0.197,0.583,0.1177609711388991,0.0575620767494356,0.0102967630241655,1.0,,4.08,1.2,3.5999999999999996,0.36,0.64,0.2,0.3625209895491765,0.014492099322799,-0.03,-0.012,0.167,-0.1522842639593908,0.00036,0.253,0.153,1.0,0.0,0.0,0.5534188034188035,0.4035853724604966,0.0795063183747178,-0.0,,
1627749,Dejounte Murray,2024-25,28.0,32.6,0.263,0.494,0.0053423706418119,0.7498154981549815,0.0007205558324184,1.0,,4.73,6.7,0.1,0.7711111111111111,0.2288888888888889,0.2226720647773279,0.3030287685991228,0.002819926199262,0.0229999999999999,-0.013,0.286,0.0874524714828896,-0.0002989999999999,0.639,0.148,7.8,2.7,0.8,0.4888438133874239,0.3774061320213202,0.0992578127216072,-0.0,,
1630166,Deni Avdija,2024-25,24.0,30.0,0.228,0.605,0.1001732393173176,0.4421768707482993,0.0109057110902938,1.0,39.50305416545224,4.5,3.3,0.6,0.4288888888888889,0.5711111111111111,0.920774091627172,0.3850387380417112,0.0105873015873015,-0.035,0.002,0.193,-0.1535087719298245,-7.000000000000008e-05,0.428,0.02,1.5,1.0,0.4,0.4537914691943128,0.3896670723104056,0.0888440924867725,-0.0,,
203471,Dennis Schröder,2024-25,31.0,28.1,0.211,0.531,0.0488041879626595,0.628632938643703,0.0047302138354611,1.3628722057075806,40.079068257830954,4.64,5.8,0.1,0.6444444444444444,0.3555555555555556,0.5037880619984609,0.4322901028132762,0.049745963401507,0.02,0.0679999999999999,0.231,0.09478672985782,0.00136,0.563,0.131,4.2,1.7,0.5,0.3970420932878271,0.5001098177307154,0.1055231715411809,-0.0,,
1641726,Dereck Lively II,2024-25,21.0,23.1,0.132,0.704,0.229269543341808,0.0069605568445475,0.0109953045430683,1.0,,4.59,0.9,1.7,0.3177777777777777,0.6822222222222223,0.2,0.5,0.0049698375870069,-0.078,0.136,0.0539999999999999,-0.5909090909090909,-0.010608,0.209,0.0,0.0,0.0,0.0,0.8167539267015707,0.4671720959010053,0.0616667166589327,-0.0,,
1627884,Derrick Jones Jr.,2024-25,28.0,24.3,0.16,0.609,0.1423837656093746,0.1293103448275862,0.0091125609989999,0.0,39.65936952365523,4.41,1.0,0.5,0.1111111111111111,0.8888888888888888,0.3184210526315789,0.4879916234500818,0.0345603448275862,-0.036,0.151,0.124,-0.225,-0.005436,0.194,0.01,0.4,0.2,0.0,0.4631083202511774,0.2868438697318007,0.0458950191570881,-0.0,,
1628401,Derrick White,2024-25,30.0,33.9,0.195,0.606,0.1361250715825065,0.3759398496240601,0.0117216847812524,0.736081370157256,39.04554375180684,4.22,5.1,0.3,0.5666666666666667,0.4333333333333333,0.3074035453597496,0.5,0.0243815789473684,-0.046,0.2269999999999999,0.149,-0.2358974358974359,-0.010442,0.321,0.037,4.1,3.0,1.0,0.2504520795660036,0.4508016072400571,0.0879063134118111,-0.0,,
1630217,Desmond Bane,2024-25,27.0,32.0,0.227,0.6,0.1233389087741666,0.6339622641509434,0.0133394796099047,0.7365990814568061,39.943453778966834,4.97,4.1,0.4,0.5222222222222221,0.4777777777777778,0.4846439759995751,0.3868573105254733,0.0886339622641509,0.0189999999999999,-0.0739999999999999,0.246,0.0837004405286343,-0.0014059999999999,0.505,0.087,5.5,3.3,1.3,0.4680451127819549,0.3058069519642693,0.0694181780958891,-0.0,,
1626164,Devin Booker,2024-25,28.0,37.3,0.285,0.589,0.0920830684754408,0.630451415455241,0.014010288321142,1.0,39.77426654788941,4.33,4.9,0.8,0.6688888888888889,0.3311111111111111,0.5486027274759668,0.397535979036869,0.027611323641928,0.016,-0.0999999999999999,0.301,0.056140350877193,-0.0016,0.489,0.175,10.1,4.0,1.2,0.4774647887323943,0.43590432882768,0.1242327337158888,-0.0,,
1630170,Devin Vassell,2024-25,24.0,31.0,0.217,0.553,0.0968131869437569,0.4338883447600391,0.0097864260205941,1.0,39.5038964056999,4.68,2.4,0.4,0.3088888888888889,0.691111111111111,0.3327576858648063,0.4007652646565207,0.0352899118511263,-0.0229999999999999,-0.053,0.194,-0.1059907834101382,0.001219,0.327,0.167,5.4,1.7,0.6,0.4173228346456692,0.3551736021329851,0.0770726716628577,-0.0,,
1628415,Dillon Brooks,2024-25,29.0,31.8,0.176,0.555,0.1003355880902421,0.3490669593852909,0.0074083928213082,0.7935001506430077,39.62387721719631,4.06,1.4,1.2,0.1688888888888889,0.8311111111111111,0.3155344819492042,0.5,0.06003951701427,-0.0479999999999999,-0.079,0.128,-0.2727272727272726,0.003792,0.305,0.095,3.5,1.1,0.4,0.3006263048016701,0.2821505790830709,0.0496585019186204,-0.0,,
1627734,Domantas Sabonis,2024-25,29.0,34.7,0.213,0.655,0.1635309103722604,0.1565304087736789,0.0160756765579497,1.0,39.64187438219321,4.51,2.9,5.0,0.5577777777777778,0.4422222222222222,0.7843749999999998,0.5,0.0175722831505483,-0.072,0.2219999999999999,0.141,-0.3380281690140845,-0.015984,0.326,0.043,0.4,0.0,0.0,0.6741321388577828,0.4918120327905174,0.1047559629843802,-0.0,,
1642270,Donovan Clingan,2024-25,21.0,19.8,0.135,0.574,0.1005627079508854,0.0022371364653243,0.0049881282630519,1.0,,4.45,0.6,0.4,0.18,0.8200000000000001,0.2,0.5,0.0013020134228187,-0.025,-0.2569999999999999,0.11,-0.1851851851851852,0.006425,0.367,0.005,0.1,0.0,0.0,0.7544910179640718,0.3426118120805369,0.0462525946308724,-0.0,,
1628378,Donovan Mitchell,2024-25,28.0,31.4,0.298,0.575,0.1112907070624971,0.7556368068251067,0.018104365039202,1.021241181735368,39.585900112247806,4.58,4.9,0.3,0.5444444444444445,0.4555555555555555,0.5191837732160312,0.2083694587457099,0.0683333333333333,0.079,-0.0139999999999999,0.377,0.2651006711409396,-0.0011059999999999,0.651,0.099,8.8,5.5,1.9,0.439894319682959,0.4002748992562576,0.1192819199783647,-0.0,,
1628978,Donte DiVincenzo,2024-25,28.0,25.9,0.188,0.582,0.1183342954884185,0.2885117493472585,0.0096460032390041,0.5783495829730568,39.02270993261181,4.64,2.3,0.1,0.4511111111111111,0.5488888888888889,0.2784569983136592,0.5,0.0232375979112271,-0.0269999999999999,-0.0489999999999999,0.161,-0.1436170212765957,0.0013229999999999,0.228,0.008,2.2,2.0,0.7,0.2833333333333333,0.3394640645698548,0.0638192441391327,-0.0,,
203110,Draymond Green,2024-25,35.0,29.2,0.157,0.534,0.035126346035661,0.1191275167785235,0.0021851560347196,0.871528491324898,39.3376373206783,4.26,2.2,0.7,0.5666666666666667,0.4333333333333333,0.30075442043222,0.8983038037622213,0.0120100671140939,-0.0169999999999999,-0.084,0.14,-0.1082802547770699,0.0014279999999999,0.125,0.036,0.5,0.1,0.1,0.3760129659643436,0.3747969707470091,0.0588431244072804,-0.0,,
1630700,Dyson Daniels,2024-25,22.0,33.8,0.178,0.545,0.1214540519064577,0.4712153518123668,0.0091209906729835,1.0,39.87777198973772,4.95,2.9,1.1,0.3866666666666666,0.6133333333333334,0.5230411074201087,0.5,0.0306098081023453,-0.0419999999999999,0.0479999999999999,0.136,-0.2359550561797752,-0.0020159999999999,0.409,0.013,1.4,0.5,0.1,0.580715059588299,0.3913105330490405,0.0696532748827292,-0.0,,
201569,Eric Gordon,2024-25,36.0,19.7,0.14,0.591,0.1253430912006249,0.2398190045248869,0.0065658726430065,1.0,,4.01,0.8,0.1,0.2622222222222222,0.7377777777777779,0.1862745098039215,0.5,0.035366515837104,-0.041,0.085,0.099,-0.2928571428571428,-0.003485,0.138,0.015,0.5,0.4,0.1,0.2549019607843137,0.3702309100050276,0.0518323274007038,-0.0,,
1630596,Evan Mobley,2024-25,24.0,30.5,0.226,0.633,0.1800339902591962,0.3042596348884381,0.0193427031133751,1.304760397277269,39.347137218908586,4.7,2.3,2.9,0.3311111111111111,0.6688888888888889,0.8031249999999999,0.5,0.070787018255578,-0.107,0.0809999999999999,0.119,-0.4734513274336283,-0.0086669999999999,0.317,0.012,1.0,0.5,0.1,0.6354481369587109,0.4355761567736225,0.0984402114308386,-0.0,,
1630532,Franz Wagner,2024-25,23.0,33.7,0.306,0.558,0.0713062653824462,0.6591639871382636,0.0120700711701454,1.1208001153616385,38.51345170132856,4.84,4.7,2.6,0.5488888888888889,0.4511111111111111,0.6058872106342736,0.5241004005816098,0.0636655948553054,0.035,-0.043,0.341,0.1143790849673203,-0.001505,0.507,0.061,5.7,2.5,0.7,0.5619122257053292,0.3740275391644202,0.1144524269843125,-1.8935008590080904e-05,,
1627832,Fred VanVleet,2024-25,31.0,35.2,0.176,0.515,0.0686029094708539,0.6378482228626321,0.0050653742278126,1.1101218951297012,40.3957684233281,4.44,5.8,0.0,0.6444444444444444,0.3555555555555556,0.339852478914444,0.8673152675509872,0.0656781940441882,0.023,-0.064,0.199,0.1306818181818183,-0.001472,0.551,0.114,6.5,4.0,1.3,0.284037558685446,0.4726854180899444,0.0831926335838302,-0.0,,
1629726,Garrison Mathews,2024-25,28.0,17.6,0.153,0.606,0.1181852681879693,0.0308056872037914,0.0070729484249082,1.0,,4.82,0.5,0.1,0.2266666666666666,0.7733333333333333,0.0252918287937743,0.5,0.0189454976303317,-0.079,-0.1539999999999999,0.074,-0.5163398692810458,0.0121659999999999,0.049,0.017,1.0,0.8,0.2,0.2996108949416342,0.3655800947867298,0.0559337545023696,-0.0,,
1627780,Gary Payton II,2024-25,32.0,15.0,0.156,0.635,0.1201180625603823,0.0655737704918032,0.0074010820033113,1.0,,5.09,0.8,0.7,0.2933333333333333,0.7066666666666667,0.2,0.5,0.0417704918032786,-0.0389999999999999,-0.335,0.117,-0.2499999999999999,0.0130649999999999,0.152,0.005,0.1,0.0,0.0,0.5101449275362319,0.3510763934426229,0.0547679173770491,-0.0,,
1629018,Gary Trent Jr.,2024-25,26.0,25.6,0.168,0.591,0.1289477264646514,0.3195435092724679,0.0088792771500095,1.1130039750141965,39.04653825127467,4.09,0.9,0.2,0.1422222222222222,0.8577777777777778,0.2500778136917894,0.5,0.0280855920114122,0.0129999999999999,-0.1009999999999999,0.181,0.0773809523809522,-0.0013129999999999,0.251,0.087,3.0,1.4,0.6,0.2086230876216968,0.4562099646008348,0.0766432740529402,-0.0,,
1627777,Georges Niang,2024-25,32.0,21.5,0.177,0.607,0.1338206028891745,0.0998415213946117,0.0099651280041573,1.0,39.464929821792275,4.81,0.8,0.5,0.1933333333333333,0.8066666666666666,0.136910669975186,0.5,0.0127860538827258,-0.0779999999999999,-0.3419999999999999,0.099,-0.4406779661016948,0.0266759999999999,0.077,0.015,0.6,0.3,0.1,0.2790322580645161,0.3617076545166403,0.0640222548494453,-0.0,,
203507,Giannis Antetokounmpo,2024-25,30.0,34.2,0.346,0.625,0.1975611406761468,0.6800606520090978,0.0402082964462031,1.1871140786960173,39.46525037561236,4.42,5.7,5.2,0.7533333333333334,0.2466666666666666,1.0,0.3437312330222617,0.145068233510235,-0.0439999999999999,-0.0809999999999999,0.302,-0.1271676300578034,0.0035639999999999,0.57,0.123,5.5,0.6,0.2,0.6354019746121298,0.5943844121110448,0.2056570065904214,-0.000646682583973,,
1641711,Gradey Dick,2024-25,21.0,29.4,0.209,0.543,0.0592282474351347,0.2279411764705882,0.005659112287122,1.0,41.35560073942166,4.89,1.2,0.6,0.1933333333333333,0.8066666666666666,0.5336849925705794,1.0,0.0505392156862745,-0.0699999999999999,-0.145,0.139,-0.3349282296650717,0.0101499999999999,0.14,0.098,3.1,1.4,0.4,0.4327666151468315,0.3111382679738561,0.0650278980065359,-0.0,,
1629684,Grant Williams,2024-25,26.0,29.9,0.146,0.596,0.0689030911955699,0.1042830540037244,0.0038438637900885,1.0,,4.15,1.1,1.6,0.2377777777777777,0.7622222222222222,0.0975609756097561,0.6640334160245446,0.0500558659217877,-0.0139999999999999,-0.031,0.132,-0.095890410958904,0.0004339999999999,0.093,0.048,1.6,0.8,0.3,0.3170731707317073,0.3347843140906269,0.0488785098572315,-0.0,,
1628960,Grayson Allen,2024-25,29.0,24.1,0.169,0.631,0.1489918791556845,0.1921768707482993,0.0103512465912816,1.0,39.459664857537035,4.58,1.5,0.2,0.2777777777777778,0.7222222222222222,0.4355397696695726,0.5,0.041938775510204,-0.035,0.121,0.134,-0.2071005917159763,-0.004235,0.119,0.006,1.2,0.9,0.3,0.2167689161554192,0.3923168934240363,0.0663015549886621,-0.0,,
1627824,Guerschon Yabusele,2024-25,29.0,27.1,0.163,0.616,0.1134133228612084,0.1435257410296411,0.0074635505996199,1.0,40.293362652593366,4.3,1.2,1.7000000000000002,0.2533333333333333,0.7466666666666666,0.341829484902309,0.5,0.0086583463338533,-0.008,-0.2299999999999999,0.155,-0.049079754601227,0.00184,0.174,0.008,0.3,0.2,0.0,0.4440497335701598,0.3649341029641185,0.0594842587831513,-0.0,,
203084,Harrison Barnes,2024-25,33.0,27.2,0.157,0.656,0.1589995690186264,0.2654028436018957,0.0098911189739506,1.0,39.818989297532035,4.76,1.3,1.0,0.1888888888888888,0.8111111111111111,0.6515267512215773,0.2087757566310725,0.0427393364928909,-0.006,-0.043,0.151,-0.0382165605095541,0.000258,0.236,0.024,0.9,0.6,0.2,0.3850658857979502,0.367521616640337,0.0577008938125329,-0.0,,
1630529,Herbert Jones,2024-25,26.0,32.4,0.146,0.541,0.0464131000210428,0.2421875,0.0025892254100802,1.0,,4.54,1.9,0.2,0.2977777777777778,0.7022222222222222,0.3313953488372093,1.0,0.007484375,-0.072,0.6189999999999999,0.074,-0.4931506849315068,-0.0445679999999999,0.213,0.068,0.7,0.2,0.0,0.4476744186046512,0.3293212499999999,0.0480809024999999,-0.0,,
1630193,Immanuel Quickley,2024-25,26.0,27.8,0.246,0.57,0.0743866076807837,0.592885375494071,0.0090760611711167,1.0,,4.87,5.1,0.3,0.7111111111111111,0.2888888888888888,0.1461187214611872,0.8709451497607321,0.0513280632411067,-0.005,-0.0889999999999999,0.241,-0.0203252032520325,0.000445,0.451,0.06,5.6,3.4,1.3,0.3744292237442922,0.4343415458937198,0.106848020289855,-0.0,,
1642268,Isaiah Collier,2024-25,20.0,25.9,0.186,0.494,0.0444888883599267,0.7305194805194805,0.0035687898128027,1.0,39.97384775348835,4.58,5.4,0.1,0.76,0.24,0.6621794871794873,0.4973155728877994,0.0331428571428571,-0.004,-0.0289999999999999,0.182,-0.021505376344086,0.0001159999999999,0.607,0.042,2.1,1.1,0.2,0.5117117117117117,0.4108342857142857,0.0764151771428571,-0.0,,
1628392,Isaiah Hartenstein,2024-25,27.0,27.9,0.165,0.599,0.0922012063735628,0.0436046511627907,0.0061796306676438,1.0,40.17402754108543,4.76,1.5,3.2,0.3955555555555555,0.6044444444444445,0.35,0.137053470027965,0.0259447674418604,0.0,0.079,0.165,0.0,0.0,0.19,0.025,0.4,0.0,0.0,0.5628058727569332,0.4351131266149872,0.0717936658914728,-0.0,,
1630198,Isaiah Joe,2024-25,25.0,21.7,0.166,0.617,0.1874182358269618,0.171900826446281,0.0126757591195667,0.0,39.2185910317144,4.8,1.0,0.2,0.2133333333333333,0.7866666666666666,0.2065530009472142,0.5,0.0319041322314049,-0.051,-0.399,0.115,-0.3072289156626506,0.020349,0.12,0.04,2.3,1.7,0.5,0.1875945537065053,0.3310685289256199,0.0549573758016529,-0.0,,
1627826,Ivica Zubac,2024-25,28.0,32.8,0.192,0.641,0.1601465690629797,0.1776239907727797,0.0134731604556062,0.0,39.26050565983143,4.1,1.6,6.8,0.6799999999999999,0.32,0.7050847457627119,0.2706264728903295,0.0246297577854671,-0.036,-0.03,0.156,-0.1875,0.00108,0.297,0.018,0.1,0.0,0.0,0.812133072407045,0.5008269896193772,0.0961587820069204,-0.0,,
1629630,Ja Morant,2024-25,25.0,30.4,0.312,0.563,0.086642210169454,0.7594339622641509,0.015099459906697,0.8420034867241099,39.73025521821113,4.81,5.5,0.4,0.7888888888888889,0.2111111111111111,0.7250489756196206,0.1573824329936234,0.0362830188679245,0.0519999999999999,0.014,0.364,0.1666666666666666,0.000728,0.681,0.055,5.6,2.8,0.8,0.4641304347826087,0.2832426252620544,0.0883716990817609,-8.881306196226432e-05,,
1631095,Jabari Smith Jr.,2024-25,22.0,30.1,0.16,0.562,0.0799332118596361,0.2080624187256177,0.0051157255590167,0.0,39.82892633440342,4.35,1.1,1.2999999999999998,0.1299999999999999,0.87,0.4857479387514722,0.941140186990215,0.0402574772431729,-0.038,-0.05,0.122,-0.2375,0.0019,0.274,0.077,2.4,0.6,0.1,0.4216666666666667,0.3530338946684005,0.056485423146944,-0.0,,
1631093,Jaden Ivey,2024-25,23.0,29.9,0.256,0.569,0.108604003161916,0.6344410876132931,0.0140671390926349,1.0,,4.74,4.2,0.8,0.4666666666666667,0.5333333333333333,0.3171912832929782,0.2273384119137729,0.1724068479355488,0.013,-0.0199999999999999,0.269,0.05078125,-0.0002599999999999,0.468,0.053,4.8,2.3,0.8,0.4213075060532688,0.3949683115139308,0.1011118877475663,-0.0,,
1630183,Jaden McDaniels,2024-25,24.0,31.9,0.16,0.562,0.0868052166141134,0.3384615384615384,0.0055555338633032,1.0055713494793097,39.60856433790759,4.47,1.4,0.5,0.2022222222222222,0.7977777777777778,0.4867964451967836,0.4645991902935355,0.0217286713286713,-0.016,-0.085,0.144,-0.1,0.00136,0.304,0.068,2.2,0.5,0.1,0.4536390827517447,0.3591283008656236,0.0574605281384997,-0.0,,
1630531,Jaden Springer,2024-25,22.0,8.5,0.139,0.511,-0.0112947696193926,1.0,-0.000585328374235,1.0,,4.07,0.5,0.0,0.2888888888888889,0.711111111111111,0.2,0.8910646804146852,0.0,-0.03,0.0889999999999999,0.109,-0.2158273381294964,-0.00267,0.343,0.018,0.4,0.2,0.0,0.3444444444444444,0.2511389770723104,0.0349083178130511,-0.0,,
1631222,Jake LaRavia,2024-25,23.0,20.4,0.14,0.591,0.1483943867739527,0.2942779291553133,0.0077733733479996,1.0,39.52684090901201,4.96,1.3,0.4,0.3333333333333333,0.6666666666666667,0.7106060606060606,0.4736322941963801,0.0616348773841962,-0.037,0.19,0.103,-0.2642857142857144,-0.00703,0.275,0.013,0.7,0.4,0.2,0.4688427299703264,0.4035767484105358,0.056500744777475,-0.0,,
1627751,Jakob Poeltl,2024-25,29.0,29.6,0.184,0.641,0.1491056554026777,0.0275449101796407,0.0117684929242841,1.0,40.38365199952696,4.66,1.6,4.5,0.45,0.55,0.3470588235294117,0.5,0.0177664670658682,-0.059,-0.135,0.125,-0.3206521739130434,0.007965,0.253,0.058,0.3,0.0,0.0,0.6787564766839378,0.4547443113772454,0.0836729532934131,-0.0,,
1628973,Jalen Brunson,2024-25,28.0,35.4,0.289,0.605,0.1382471298736933,0.8518971848225213,0.0214784475640665,0.997990314861891,39.47073688162721,4.65,8.6,0.6,0.9555555555555556,0.0444444444444445,0.6359009009009009,0.1308369462421992,0.0880122399020808,0.135,0.029,0.424,0.4671280276816609,0.003915,0.706,0.121,9.3,4.1,1.5,0.4828025477707006,0.5294477729511496,0.1530104063828822,-0.0,,
1631105,Jalen Duren,2024-25,21.0,26.1,0.161,0.703,0.2613204226555935,0.1602209944751381,0.0168815440368481,0.0,39.89847477326033,4.42,1.4,1.9,0.3133333333333333,0.6866666666666668,0.9314285714285716,0.4590008838372788,0.0270755064456721,-0.058,-0.1829999999999999,0.103,-0.360248447204969,0.0106139999999999,0.376,0.007,0.1,0.0,0.0,0.8395904436860068,0.3612029465930018,0.0581536744014732,-0.0,,
1630224,Jalen Green,2024-25,23.0,32.9,0.267,0.544,0.0930245005537195,0.723489932885906,0.0128340651336171,0.8503696526123289,39.66314329968515,4.65,5.3,0.3,0.5888888888888889,0.4111111111111111,0.5240099413460582,0.2177965676597098,0.1050496644295302,0.0149999999999999,-0.013,0.282,0.0561797752808987,-0.0001949999999999,0.632,0.092,7.8,4.8,1.5,0.4405778069599474,0.3300914000745713,0.0881344038199105,-0.0,,
1630552,Jalen Johnson,2024-25,23.0,35.7,0.214,0.569,0.0934297696616592,0.3463636363636364,0.009249237646229,1.0,,4.83,3.7,1.9,0.4511111111111111,0.5488888888888889,0.4,0.5,0.051730909090909,-0.067,0.036,0.147,-0.3130841121495327,-0.002412,0.321,0.041,1.8,0.5,0.1,0.5102420856610801,0.3963485737373737,0.0848185947797979,-0.0,,
1630591,Jalen Suggs,2024-25,24.0,28.6,0.268,0.536,0.0630421253271098,0.565523306948109,0.0087464745553444,1.0,,4.29,4.8,0.5,0.5333333333333333,0.4666666666666667,0.1746361746361746,0.8571377678328329,0.0475021987686895,0.012,-0.095,0.28,0.0447761194029851,-0.00114,0.569,0.081,5.4,2.7,0.7,0.3264033264033264,0.3821816476106713,0.1024246815596599,-0.0,,
1631114,Jalen Williams,2024-25,24.0,32.4,0.27,0.573,0.1149855364638131,0.6784426820475846,0.0161320240945619,0.9719624660402114,39.745952461596914,4.97,4.3,0.5,0.5177777777777778,0.4822222222222222,0.5570377725541055,0.358140328962039,0.1025155010814708,-0.022,0.021,0.248,-0.0814814814814815,-0.000462,0.52,0.129,6.8,1.7,0.5,0.4309462915601023,0.3777005709527669,0.101979154157247,-0.0,,
1630592,Jalen Wilson,2024-25,24.0,25.7,0.161,0.541,0.0317698971600883,0.2198142414860681,0.0020523651098674,1.0,39.833694360074176,4.61,1.5,0.1,0.2444444444444444,0.7555555555555555,0.552183551318998,0.9723041373820364,0.0513529411764706,-0.03,0.2919999999999999,0.131,-0.186335403726708,-0.0087599999999999,0.203,0.011,0.6,0.3,0.0,0.3064516129032258,0.3077803921568627,0.0495526431372549,-0.0,,
1627750,Jamal Murray,2024-25,28.0,36.1,0.235,0.584,0.1198607273301403,0.7229470452801228,0.0136545911889794,0.9568771184947114,39.76850214634274,4.52,5.3,0.8,0.5888888888888889,0.4111111111111111,0.45676924473978,0.2052336733887554,0.062170376055257,0.006,0.1099999999999999,0.241,0.025531914893617,0.00066,0.569,0.174,8.3,3.1,1.3,0.3834808259587021,0.4054075833079266,0.0952707820773627,-0.0,,
1642347,Jamal Shead,2024-25,22.0,19.6,0.179,0.499,0.0514078624183502,0.538899430740038,0.0038932213146213,1.0,,4.64,3.3,0.1,0.6822222222222222,0.3177777777777778,0.2140221402214022,0.4042622378217526,0.0580246679316888,0.04,0.046,0.219,0.223463687150838,0.00184,0.431,0.041,1.9,0.8,0.2,0.4652087475149105,0.4112825848619018,0.0736195826902804,-0.0,,
201935,James Harden,2024-25,35.0,35.3,0.286,0.582,0.081701846262311,0.8650619985412108,0.0124962849662789,1.0275881422108322,38.969783225285184,3.75,7.4,0.3,0.8222222222222223,0.1777777777777777,0.692447499764573,0.3607459694765834,0.1196017505470459,0.069,-0.0249999999999999,0.355,0.2412587412587413,-0.0017249999999999,0.738,0.054,9.4,6.9,2.3,0.6246418338108882,0.3844990818650003,0.10996673741339,-0.0,,
1642419,Jamison Battle,2024-25,24.0,17.7,0.147,0.59,0.0893890538195651,0.0472103004291845,0.0050380252804978,1.0,,4.71,0.5,0.0,0.1622222222222222,0.8377777777777777,0.0703933747412008,0.5,0.0280429184549356,-0.0249999999999999,-0.29,0.122,-0.1700680272108843,0.0072499999999999,0.074,0.048,1.0,0.6,0.2,0.2478386167146974,0.3288839484978541,0.0483459404291845,-0.0,,
1641716,Jarace Walker,2024-25,21.0,15.8,0.165,0.59,0.1157269949433069,0.3322784810126582,0.0077564070488234,0.8395094499893819,,4.48,0.9,0.2,0.2866666666666667,0.7133333333333334,0.2354312354312354,0.5,0.0603164556962025,-0.095,0.41,0.07,-0.5757575757575757,-0.03895,0.212,0.056,1.4,0.8,0.3,0.3375634517766497,0.0804828322784809,0.0132796673259493,-0.0,,
1630215,Jared Butler,2024-25,24.0,17.4,0.222,0.549,0.0805657313539248,0.7073170731707317,0.008427132366805,1.0,,4.72,3.0,0.1,0.7044444444444444,0.2955555555555555,0.2296450939457202,1.0,0.0862256097560974,-0.094,-0.129,0.128,-0.4234234234234234,0.012126,0.586,0.067,2.6,1.2,0.4,0.5121412803532008,0.4301799525745258,0.0954999494715447,-0.0,,
1642272,Jared McCain,2024-25,21.0,25.7,0.243,0.589,0.1385337923362722,0.6110019646365422,0.0165945367606976,1.0,,4.73,2.7,0.1,0.38,0.62,0.2137203166226912,0.4278472283823526,0.1106178781925344,-0.031,-0.0819999999999999,0.212,-0.1275720164609053,0.0025419999999999,0.484,0.051,4.3,2.2,0.7,0.3941605839416058,0.3935636640471512,0.0956359703634577,-0.0,,
1628991,Jaren Jackson Jr.,2024-25,25.0,29.8,0.274,0.591,0.1309834668217057,0.5554693560899923,0.0187863463664047,0.9582030748147832,39.85793964220697,4.52,2.2,2.6,0.26,0.74,0.5591780105764785,0.2409757293689065,0.0567633824670287,-0.002,-0.017,0.272,-0.0072992700729927,3.400000000000006e-05,0.426,0.041,3.0,0.8,0.2,0.6050955414012739,0.2760724515128006,0.0756438517145073,-0.0,,
1628386,Jarrett Allen,2024-25,27.0,28.0,0.156,0.724,0.2189116106610753,0.0217391304347826,0.0134882527027534,1.0,39.39652327783019,4.45,0.9,4.1,0.41,0.5900000000000001,0.4615384615384615,0.3190267111052917,0.0155,-0.0419999999999999,-0.015,0.114,-0.2692307692307692,0.00063,0.175,0.02,0.1,0.0,0.0,0.7560627674750356,0.474495652173913,0.0740213217391304,-0.0,,
1627759,Jaylen Brown,2024-25,28.0,34.3,0.282,0.555,0.0834970368935585,0.6772793053545586,0.0125038779582702,0.999683107354054,39.03709685394996,4.11,4.0,2.4000000000000004,0.4533333333333333,0.5466666666666666,0.6185712986264819,0.2378623095240231,0.0669117221418234,-0.0119999999999999,0.0769999999999999,0.27,-0.0425531914893615,-0.0009239999999999,0.539,0.092,6.5,2.7,0.8,0.5307692307692308,0.3628507251077305,0.10232390448038,-0.0,,
1642377,Jaylen Wells,2024-25,21.0,25.9,0.156,0.56,0.057787258962041,0.2188841201716738,0.003560565606939,1.0,39.003642162653755,4.54,1.1,0.5,0.1822222222222222,0.8177777777777777,0.3968951661999268,1.0,0.0222618025751073,-0.045,0.1609999999999999,0.111,-0.2884615384615384,-0.0072449999999999,0.223,0.066,1.4,0.7,0.3,0.2931547619047619,0.3078141344778255,0.0480190049785407,-0.0,,
1628369,Jayson Tatum,2024-25,27.0,36.4,0.301,0.582,0.1182712585237328,0.7183288409703504,0.0195312015435544,0.9367748111944048,39.33300237246356,3.85,5.2,2.3,0.5911111111111111,0.4088888888888888,0.5940382319810352,0.3141707370996583,0.0763935309973045,0.017,-0.0709999999999999,0.318,0.0564784053156146,-0.001207,0.609,0.087,10.4,7.2,2.4,0.5003092145949288,0.4200102948079537,0.126423098737194,-4.799897051920472e-07,,
203924,Jerami Grant,2024-25,31.0,32.4,0.192,0.523,0.0436154004012565,0.3160127253446447,0.003669371697314,1.0,,4.25,1.7,0.6000000000000001,0.22,0.78,0.2560975609756097,0.4023359801702439,0.0421378579003181,-0.007,0.007,0.185,-0.0364583333333333,-4.9000000000000087e-05,0.257,0.059,1.8,0.3,0.1,0.4686411149825784,0.3043059066808059,0.0584267340827147,-0.0,,
1631110,Jeremy Sochan,2024-25,22.0,25.3,0.184,0.589,0.1230632514485293,0.1789473684210526,0.0097130387174127,1.0,39.52703705164105,4.68,1.5,1.7,0.3066666666666667,0.6933333333333334,0.7172413793103447,0.5,0.0398180451127819,-0.081,-0.013,0.103,-0.4402173913043478,0.001053,0.231,0.01,0.4,0.1,0.0,0.652452025586354,0.3849322105263158,0.0708275267368421,-0.0,,
202710,Jimmy Butler III,2024-25,35.0,31.7,0.203,0.626,0.0740268074458502,0.4336175395858708,0.0067706922919268,0.9494401412139588,38.676345104435114,4.4,3.9,2.0,0.5777777777777778,0.4222222222222221,1.0,0.5473413052541489,0.0640548112058465,0.0549999999999999,-0.0789999999999999,0.258,0.2709359605911329,-0.0043449999999999,0.412,0.064,2.1,0.4,0.1,0.5594125500667557,0.3847609011072929,0.0781064629247804,-0.0,,
203954,Joel Embiid,2024-25,31.0,30.2,0.342,0.58,0.0106156071947363,0.2855805243445692,0.002123166236337,1.0,,3.67,2.7,6.0,0.6355555555555555,0.3644444444444444,0.2476190476190476,0.8387988150884678,0.0217237827715355,0.0349999999999999,-0.1099999999999999,0.377,0.1023391812865496,-0.0038499999999999,0.393,0.142,5.3,0.5,0.1,0.4158730158730159,0.3829458843112775,0.1309674924344569,-0.0009120834600749,,
1628381,John Collins,2024-25,27.0,30.5,0.234,0.628,0.151242408554472,0.1567749160134378,0.0171197481345643,1.0,,4.59,1.6,3.2,0.32,0.6799999999999999,0.327683615819209,0.4784847738192764,0.0,-0.057,-0.007,0.177,-0.2435897435897436,0.000399,0.286,0.053,1.2,0.2,0.1,0.5706214689265536,0.4086190817469205,0.0956168651287794,-0.0,,
1630548,Johnny Juzang,2024-25,24.0,19.8,0.174,0.573,0.0981159066801389,0.2225969645868465,0.0071213657893959,1.0,,4.97,1.0,0.4,0.1777777777777777,0.8222222222222222,0.1136842105263156,0.4697239303508303,0.0292276559865092,-0.0389999999999999,0.218,0.135,-0.2241379310344826,-0.008502,0.23,0.056,1.6,0.8,0.3,0.3642105263157895,0.3302326025857223,0.0574604728499156,-0.0,,
202685,Jonas Valančiūnas,2024-25,33.0,18.8,0.222,0.602,0.0761800032068328,0.1149012567324955,0.0079683875506249,1.0,,4.15,1.3,4.1,0.41,0.5900000000000001,0.2,0.752948618204351,0.0,-0.032,-0.0609999999999999,0.19,-0.1441441441441441,0.0019519999999999,0.417,0.112,0.4,0.0,0.0,0.6682615629984051,0.3859020646319569,0.0856702583482944,-0.0,,
1630228,Jonathan Kuminga,2024-25,22.0,24.3,0.271,0.535,0.070822504850479,0.4866595517609391,0.0099913740741038,0.9609361163820368,,4.91,2.5,1.1,0.3355555555555555,0.6644444444444444,0.3098591549295774,0.7764780124347236,0.0914663820704375,-0.032,0.014,0.239,-0.1180811808118082,-0.000448,0.415,0.036,2.7,0.7,0.1,0.5409090909090909,0.3441755173722282,0.0932715652078738,-0.0,,
1642367,Jonathan Mogbo,2024-25,23.0,20.4,0.145,0.496,0.03042194141032,0.2311557788944723,0.0016797278733513,1.0,39.927821741025134,4.4,1.0,0.9,0.3555555555555555,0.6444444444444444,0.6736842105263157,1.0,0.0546005025125628,-0.0639999999999999,-0.067,0.081,-0.4413793103448275,0.0042879999999999,0.256,0.031,0.6,0.1,0.0,0.5842696629213483,0.3337374371859297,0.0483919283919598,-0.0,,
203903,Jordan Clarkson,2024-25,33.0,26.0,0.269,0.54,0.0549789035696944,0.6167002012072434,0.0076705144881835,1.0,,4.52,3.1,0.5,0.5288888888888889,0.4711111111111111,0.1196754563894523,0.3546992398286132,0.0346247484909457,-0.006,-0.011,0.263,-0.0223048327137546,6.600000000000011e-05,0.547,0.063,4.9,3.1,1.1,0.5426829268292683,0.371806858931366,0.1000160450525374,-0.0,,
1641722,Jordan Hawkins,2024-25,23.0,23.6,0.204,0.504,0.0328881157648673,0.3352855051244509,0.0030302903555833,1.0,39.49181763960659,4.77,1.2,0.1,0.1688888888888889,0.8311111111111111,0.3199588779556468,1.0,0.0463938506588579,-0.0949999999999999,0.3159999999999999,0.109,-0.4656862745098039,-0.0300199999999999,0.222,0.126,4.1,1.7,0.5,0.3741007194244604,0.2843942606149341,0.0580164291654465,-0.0,,
1629673,Jordan Poole,2024-25,26.0,29.4,0.281,0.591,0.112438846277307,0.6183017312448476,0.0167484978010163,1.0,40.68957417368898,4.68,4.1,0.2,0.5644444444444444,0.4355555555555556,0.5187597277748953,0.2477925737907448,0.0122918384171475,0.0929999999999999,-0.012,0.374,0.3309608540925265,-0.001116,0.536,0.036,6.6,5.0,2.0,0.3873106060606061,0.425300606393698,0.1195094703966291,-0.0,,
1630631,Jose Alvarado,2024-25,27.0,24.4,0.193,0.523,0.066029982376547,0.5406403940886699,0.0055985704154184,1.0,39.77389950911017,4.59,3.9,0.1,0.6177777777777779,0.3822222222222221,0.3193734134109342,1.0,0.0495406403940886,-0.065,-0.263,0.128,-0.3367875647668393,0.017095,0.446,0.031,2.9,2.0,0.7,0.3205374280230326,0.4072426819923372,0.078597837624521,-0.0,,
1630581,Josh Giddey,2024-25,22.0,30.2,0.214,0.57,0.0961860862464841,0.5279569892473118,0.009522103855935,1.0,39.31775836676167,5.0,4.3,0.4,0.7155555555555556,0.2844444444444444,0.656390977443609,0.3163124094933301,0.0483784946236559,-0.0149999999999999,-0.0229999999999999,0.199,-0.0700934579439251,0.0003449999999999,0.45,0.037,2.2,0.7,0.3,0.5056890012642224,0.4585864468339307,0.0981374996224611,-0.0,,
1630182,Josh Green,2024-25,24.0,27.8,0.115,0.559,0.1173745639892661,0.1885245901639344,0.0045774198914537,1.0,39.490755318181634,4.57,1.0,0.1,0.18,0.8200000000000001,0.4219293540724848,0.5,0.0302663934426229,-0.044,0.0349999999999999,0.071,-0.382608695652174,-0.0015399999999999,0.189,0.047,0.8,0.2,0.0,0.2874109263657957,0.3438128278688524,0.039538475204918,-0.0,,
1628404,Josh Hart,2024-25,30.0,37.6,0.151,0.611,0.1241106613221282,0.3521320495185694,0.0072823996809109,0.827966436809343,39.18915778664664,4.37,3.3,1.0,0.4577777777777777,0.5422222222222223,0.724,0.5,0.0055075653370014,0.01,-0.132,0.161,0.0662251655629139,-0.00132,0.334,0.046,2.0,0.9,0.3,0.4862486248624862,0.4206914041227482,0.0635244020225349,-0.0,,
201950,Jrue Holiday,2024-25,35.0,30.6,0.156,0.565,0.0957833343471708,0.4363143631436314,0.0059016961890943,1.238174340626316,38.87283992915725,4.24,2.5,0.7,0.3866666666666666,0.6133333333333334,0.3868882312770315,0.3609109856146231,0.0805121951219512,-0.011,0.079,0.145,-0.0705128205128205,-0.000869,0.35,0.052,2.5,1.6,0.4,0.3547351524879615,0.4667473652514303,0.0728125889792231,-0.0,,
1630577,Julian Champagnie,2024-25,24.0,23.6,0.164,0.577,0.088434114890384,0.1012084592145015,0.0058733462644911,1.0,39.34114003180866,4.63,0.8,0.5,0.1733333333333333,0.8266666666666667,0.1762183235867446,0.5,0.0152809667673715,-0.037,0.138,0.127,-0.225609756097561,-0.005106,0.112,0.017,0.9,0.7,0.3,0.3413533834586466,0.3289551661631419,0.0539486472507552,-0.0,,
203944,Julius Randle,2024-25,30.0,32.3,0.246,0.593,0.115031075222998,0.487360970677452,0.0140351752533671,1.07851612294727,38.95814725909684,4.23,3.1,2.3,0.5066666666666667,0.4933333333333333,0.745451982710017,0.5,0.0343134479271991,-0.0819999999999999,0.006,0.164,-0.3333333333333333,-0.000492,0.459,0.051,3.3,1.2,0.4,0.4777397260273973,0.4266538270531401,0.1049568414550724,-0.0,,
1630551,Justin Champagnie,2024-25,24.0,21.6,0.15,0.614,0.1859652719770752,0.1486988847583643,0.0108036060201021,1.0,39.79463001424251,4.66,0.8,0.5,0.1466666666666666,0.8533333333333333,0.3037811745776347,0.1037986860618055,0.0215167286245353,-0.003,0.2059999999999999,0.147,-0.02,-0.000618,0.286,0.018,0.4,0.3,0.0,0.4647201946472019,0.3752370755885998,0.0562855613382899,-0.0,,
1642348,Justin Edwards,2024-25,21.0,26.2,0.165,0.559,0.082649288980702,0.3615494978479196,0.0055394294818094,1.0,,4.42,1.4,0.2,0.1866666666666666,0.8133333333333334,0.2725409836065574,0.5,0.029715925394548,-0.1,0.1069999999999999,0.065,-0.6060606060606061,-0.0107,0.302,0.076,2.1,0.6,0.2,0.4005305039787798,0.3170085509325681,0.0523064109038737,-0.0,,
203994,Jusuf Nurkić,2024-25,30.0,20.8,0.202,0.555,0.0759896164770075,0.2175572519083969,0.0068989231435973,1.0,40.110556788000395,4.36,1.3,3.0,0.3711111111111111,0.6288888888888888,0.8211462450592883,1.0,0.0349541984732824,-0.096,0.4409999999999999,0.106,-0.4752475247524753,-0.042336,0.268,0.009,0.3,0.2,0.0,0.6079545454545454,0.3695458439355386,0.0746482604749788,-0.0,,
1630231,KJ Martin,2024-25,24.0,21.2,0.112,0.618,0.0935499721255309,0.0903790087463556,0.0035064745928042,1.0,,4.34,0.6,0.6,0.1644444444444444,0.8355555555555556,0.2,0.4920719406985082,0.0563061224489795,-0.033,-0.118,0.079,-0.2946428571428571,0.003894,0.135,0.007,0.0,0.0,0.0,0.5522388059701493,0.3299417687074829,0.036953478095238,-0.0,,
1642354,KJ Simpson,2024-25,22.0,23.4,0.188,0.437,-0.0419394107008044,0.6228571428571428,-0.0034186850886476,1.0,,4.53,3.7,0.1,0.4666666666666666,0.5333333333333334,0.2242990654205607,0.3826449871188865,0.0270314285714285,0.039,0.0479999999999999,0.227,0.2074468085106383,0.0018719999999999,0.567,0.057,2.8,1.5,0.4,0.4318936877076412,0.2852436190476191,0.0536258003809523,-0.0,,
1626157,Karl-Anthony Towns,2024-25,29.0,35.0,0.265,0.63,0.1573462559078887,0.2367424242424242,0.0214647198273814,0.8196361955170106,39.61516631219869,3.89,2.1,4.2,0.42,0.58,0.804733727810651,0.5,0.0491193181818181,-0.128,-0.004,0.137,-0.4830188679245283,0.000512,0.329,0.04,1.6,0.6,0.1,0.5826612903225806,0.3820907460083429,0.1012540476922108,-0.0,,
202695,Kawhi Leonard,2024-25,34.0,31.9,0.28,0.589,0.1175492246378447,0.6499642090193272,0.0174163368512114,1.0773171558892678,,4.42,3.6,2.6,0.4,0.6,0.1861958266452648,0.5,0.1086929133858268,-0.043,-0.2239999999999999,0.237,-0.1535714285714287,0.009632,0.506,0.176,8.0,2.1,0.8,0.4638069705093833,0.431671740409673,0.1208680873147084,-0.0,,
1631099,Keegan Murray,2024-25,24.0,34.3,0.148,0.553,0.087054531408423,0.2193396226415094,0.0049566009440115,1.0,39.9751210852851,4.67,1.4,0.3,0.1555555555555555,0.8444444444444444,0.2890243902439023,0.5,0.0120306603773584,-0.0979999999999999,-0.022,0.05,-0.6621621621621622,0.002156,0.206,0.051,1.9,0.6,0.1,0.3048780487804878,0.3177600628930818,0.0470284893081761,-0.0,,
1629640,Keldon Johnson,2024-25,25.0,23.9,0.207,0.572,0.0937093531439756,0.3531914893617022,0.0088254825021909,1.0,39.69536770840663,4.62,1.6,0.7,0.2333333333333333,0.7666666666666667,0.7,0.5,0.0,-0.0679999999999999,0.044,0.139,-0.3285024154589371,-0.002992,0.31,0.002,0.8,0.6,0.2,0.5623376623376624,0.3367043735224587,0.0696978053191489,-0.0,,
203482,Kelly Olynyk,2024-25,34.0,20.2,0.185,0.609,0.1185755080995128,0.2152777777777777,0.0094352320767359,1.0,,4.54,1.6,1.6,0.4444444444444445,0.5555555555555556,0.4,0.1991491828374192,0.0391874999999999,0.141,0.024,0.326,0.7621621621621623,0.003384,0.373,0.042,0.8,0.3,0.1,0.4776119402985074,0.4201979166666666,0.0777366145833333,-0.0,,
1626162,Kelly Oubre Jr.,2024-25,29.0,34.6,0.186,0.551,0.0640284635631208,0.4385026737967914,0.005136206745487,1.0,40.50217746328341,4.33,2.2,0.4,0.2444444444444444,0.7555555555555555,0.6913630229419703,0.9110220223238964,0.05044064171123,-0.039,-0.008,0.147,-0.2096774193548387,0.000312,0.376,0.022,1.7,0.7,0.1,0.582995951417004,0.317059156268568,0.0589730030659536,-0.0,,
203484,Kentavious Caldwell-Pope,2024-25,32.0,29.6,0.121,0.574,0.0724679491036023,0.23046875,0.0030501698655948,0.0,39.18747502696998,4.04,1.3,0.1,0.1911111111111111,0.8088888888888889,0.3425227837613917,1.0,0.0185,-0.018,-0.1349999999999999,0.103,-0.1487603305785124,0.0024299999999999,0.192,0.163,2.2,0.8,0.2,0.2700348432055749,0.1874441319444444,0.0226807399652777,-0.0,,
1631165,Keon Ellis,2024-25,25.0,24.4,0.125,0.664,0.2005122338580262,0.1575492341356673,0.008861472516992,1.0,39.85817213664562,4.52,1.5,0.3,0.1777777777777777,0.8222222222222222,0.368066798393779,0.3271166048199954,0.021671772428884,-0.018,-0.084,0.107,-0.144,0.001512,0.172,0.03,1.2,0.7,0.3,0.2435344827586207,0.3935710673474349,0.0491963834184293,-0.0,,
1630553,Keon Johnson,2024-25,23.0,24.4,0.212,0.499,0.0284918781994576,0.4050955414012739,0.0027811529299673,1.0,40.23339463902889,4.5,2.3,0.2,0.3288888888888888,0.6711111111111112,0.503384682143632,0.6200038001385654,0.0653273885350318,0.005,-0.0409999999999999,0.217,0.0235849056603773,-0.000205,0.317,0.043,1.7,1.1,0.2,0.4377406931964056,0.3167224685067232,0.0671451633234253,-0.0,,
1630556,Kessler Edwards,2024-25,24.0,15.2,0.11,0.597,0.062062558334932,0.1106719367588932,0.0022642204147916,1.0,,4.86,0.6,0.3,0.1999999999999999,0.8,0.1626213592233009,0.8692297259900982,0.0664031620553359,0.0089999999999999,-0.0869999999999999,0.119,0.0818181818181817,-0.0007829999999999,0.119,0.012,0.4,0.1,0.0,0.4222222222222222,0.3201581027667983,0.0352173913043478,-0.0,,
201142,Kevin Durant,2024-25,36.0,36.5,0.283,0.642,0.1693797389280354,0.5133189344852412,0.0255000547225676,1.0,39.57943752210263,3.9,3.5,2.5,0.4177777777777777,0.5822222222222222,0.4948506714378403,0.0401924326304401,0.059023758099352,0.039,-0.01,0.322,0.1378091872791521,-0.00039,0.444,0.185,8.2,1.2,0.4,0.597864768683274,0.4316964914806816,0.1221701070890328,-0.0,,
1628989,Kevin Huerter,2024-25,26.0,24.3,0.171,0.544,0.0615742795617837,0.1866251944012441,0.0043540509300483,1.0,38.41561573149352,4.97,1.4,0.2,0.2755555555555555,0.7244444444444444,0.262673088500903,1.0,0.0,-0.046,-0.067,0.125,-0.2690058479532164,0.003082,0.152,0.032,1.9,1.3,0.5,0.2764900662251656,0.336162450319682,0.0574837790046656,-0.0,,
1629645,Kevin Porter Jr.,2024-25,25.0,19.8,0.248,0.531,0.0789595203848973,1.0,0.0097517379628853,0.857314868565646,,4.65,3.3,0.4,0.6133333333333334,0.3866666666666666,0.2147239263803681,1.0,0.0,-0.0569999999999999,0.1949999999999999,0.191,-0.2298387096774193,-0.0111149999999999,0.696,0.182,4.5,1.4,0.5,0.4142857142857143,0.3319196078431372,0.082316062745098,-0.0,,
1641718,Keyonte George,2024-25,21.0,31.5,0.237,0.539,0.0489317186061335,0.6050185873605948,0.0056456374924445,1.0,40.43177843825661,4.35,5.9,0.4,0.6555555555555556,0.3444444444444444,0.4844957389077845,0.9600107714479258,0.0647453531598512,0.059,-0.124,0.296,0.2489451476793249,-0.007316,0.465,0.052,5.6,3.9,1.3,0.4918389553862894,0.3983719021065676,0.0944141407992565,-0.0,,
203114,Khris Middleton,2024-25,33.0,22.8,0.208,0.588,0.0898364651086841,0.6469673405909798,0.0085221202389188,1.0,,4.75,2.3,1.2000000000000002,0.5577777777777778,0.4422222222222222,0.0949554896142433,0.5,0.0761679626749611,0.066,-0.1829999999999999,0.274,0.3173076923076924,-0.012078,0.494,0.232,5.1,1.9,0.6,0.344213649851632,0.4041125090720581,0.084055401886988,-0.0,,
202691,Klay Thompson,2024-25,35.0,27.3,0.214,0.552,0.1071482315915506,0.2317073170731707,0.0106073199254619,1.0,39.62622752481773,4.73,1.2,0.5,0.2311111111111111,0.768888888888889,0.1793184664560629,0.5,0.0419179600886917,-0.0449999999999999,0.0759999999999999,0.169,-0.2102803738317756,-0.0034199999999999,0.158,0.135,4.2,1.9,0.6,0.346636259977195,0.3503016112342941,0.0749645448041389,-0.0,,
1627739,Kris Dunn,2024-25,31.0,24.1,0.126,0.531,0.0719877400755678,0.3156822810590631,0.0032196922155122,0.0,39.53354327900662,4.63,2.3,0.2,0.3399999999999999,0.66,0.2646782763836636,1.0,0.0127393075356415,-0.004,-0.308,0.122,-0.0317460317460317,0.001232,0.297,0.021,0.7,0.2,0.1,0.3139293139293139,0.2581314867617107,0.0325245673319755,-0.0,,
1631200,Kris Murray,2024-25,24.0,15.1,0.133,0.472,-0.0104245252383682,0.2300319488817891,-0.0005056310629819,1.0,,4.56,0.5,0.3,0.1999999999999999,0.8,0.4,1.0,0.0,-0.05,0.528,0.083,-0.3759398496240601,-0.0264,0.325,0.014,0.2,0.2,0.1,0.4982078853046595,0.270985303514377,0.0360410453674121,-0.0,,
204001,Kristaps Porziņģis,2024-25,29.0,28.8,0.253,0.618,0.1074400471400357,0.0508646998982706,0.0136724697749351,1.0,,4.07,1.0,6.0,0.6,0.4,0.1097560975609756,0.5,0.0312817904374364,-0.0829999999999999,0.1049999999999999,0.17,-0.3280632411067193,-0.0087149999999999,0.152,0.051,1.6,0.3,0.0,0.474015748031496,0.2847405900305188,0.0720393692777212,-0.0,,
1642271,Kyle Filipowski,2024-25,21.0,21.1,0.184,0.594,0.1049373382655871,0.1654929577464788,0.0082824110161122,1.0,39.985718184775855,4.46,1.2,1.3,0.3111111111111111,0.6888888888888889,0.6421814134668893,0.2005749833720248,0.0,0.011,0.0949999999999999,0.195,0.0597826086956522,0.001045,0.315,0.014,0.4,0.2,0.1,0.4671814671814672,0.3750585680751173,0.0690107765258215,-0.0,,
1628398,Kyle Kuzma,2024-25,29.0,29.8,0.233,0.514,0.0614846316419217,0.4366359447004608,0.0069151317205367,1.0466837523750607,39.639807335057235,4.65,2.1,1.0,0.2733333333333333,0.7266666666666667,0.5644557329462989,1.0,0.0228364055299539,-0.056,-0.044,0.177,-0.240343347639485,0.002464,0.354,0.058,2.9,1.4,0.4,0.4813137032842582,0.2225670775729646,0.0518581290745007,-0.0,,
202681,Kyrie Irving,2024-25,33.0,36.1,0.264,0.594,0.1207122853809826,0.7009102730819247,0.0163740971414689,1.0,40.34681443919251,4.18,4.6,1.3,0.5111111111111111,0.4888888888888889,0.4719576719576719,0.4252301669372991,0.1305708712613784,0.0439999999999999,-0.0979999999999999,0.308,0.1666666666666666,-0.0043119999999999,0.579,0.115,7.9,3.8,1.3,0.544973544973545,0.4121020083802919,0.108794930212397,-0.0,,
1642273,Kyshawn George,2024-25,21.0,26.5,0.156,0.503,0.0442304507792799,0.2945859872611465,0.0027252620154135,1.0,39.98658972187307,5.0,1.9,0.1,0.2955555555555555,0.7044444444444444,0.4117391304347825,1.0,0.0238232484076433,-0.0559999999999999,0.409,0.1,-0.3589743589743589,-0.022904,0.232,0.024,1.8,1.4,0.4,0.2673992673992674,0.3246511624203821,0.0506455813375796,-0.0,,
1630163,LaMelo Ball,2024-25,23.0,32.0,0.342,0.536,0.0657617914938476,0.6982214572576019,0.0131526358106019,1.0,,4.91,6.7,0.2,0.8666666666666667,0.1333333333333333,0.1784646061814556,1.0,0.0723080895008605,-0.044,-0.035,0.298,-0.128654970760234,0.00154,0.596,0.056,9.7,6.5,2.1,0.4017946161515454,0.4579791164658635,0.1566288578313253,-0.0007797248385542,,
1626204,Larry Nance Jr.,2024-25,32.0,19.3,0.155,0.632,0.1573672485582118,0.0531135531135531,0.0096031098955067,1.0,,4.58,0.7,0.9,0.2777777777777778,0.7222222222222222,0.1548387096774193,0.15,0.035532967032967,0.012,0.154,0.167,0.0774193548387097,0.001848,0.1,0.03,0.2,0.0,0.0,0.3677419354838709,0.4047150488400488,0.0627308325702075,-0.0,,
1628374,Lauri Markkanen,2024-25,28.0,31.4,0.231,0.571,0.0684752523841194,0.1115807269653423,0.0076024156710085,1.0,,4.5,1.4,1.5,0.1644444444444444,0.8355555555555556,0.1007142857142857,0.6304095319362115,0.0060625528317835,-0.01,-0.0619999999999999,0.221,-0.0432900432900433,0.00062,0.182,0.031,1.6,0.7,0.2,0.3985714285714286,0.3143635803512726,0.0726179870611439,-0.0,,
2544,LeBron James,2024-25,40.0,34.9,0.291,0.604,0.138695931811347,0.6134628730048577,0.0217722446697647,0.8595866579812669,39.605715876166066,3.89,5.4,3.1,0.8777777777777778,0.1222222222222222,0.6155392178187671,0.1557789671772883,0.09765093684941,0.004,0.058,0.295,0.0137457044673539,0.000232,0.547,0.111,6.1,2.5,0.8,0.4558173784977908,0.4801901939239725,0.139735346431876,-0.0,,
1630322,Lindy Waters III,2024-25,27.0,15.0,0.145,0.504,-0.0378402018216931,0.1305483028720626,-0.0020893223373173,1.0,,4.98,0.8,0.1,0.2044444444444444,0.7955555555555556,0.0461847389558232,1.0,0.0648825065274151,0.03,-0.204,0.175,0.2068965517241379,-0.00612,0.13,0.055,1.0,0.6,0.3,0.2834008097165992,0.2602307571801566,0.0377334597911227,-0.0,,
1628366,Lonzo Ball,2024-25,27.0,22.2,0.152,0.524,0.0398387079111541,0.1943957968476357,0.0023608621332754,1.0,,4.8,1.9,0.1,0.4155555555555555,0.5844444444444444,0.0823045267489712,0.739514786103138,0.0,-0.0219999999999999,-0.048,0.13,-0.1447368421052631,0.001056,0.202,0.022,1.8,1.2,0.5,0.1975308641975308,0.3572381280404748,0.0543001954621521,-0.0,,
1629652,Luguentz Dort,2024-25,26.0,29.2,0.133,0.586,0.121876200289124,0.1901408450704225,0.0059114819423698,0.0,39.9413707090517,4.3,1.1,0.2,0.1488888888888889,0.8511111111111112,0.2442303059503732,0.5,0.0498929577464788,0.001,-0.2639999999999999,0.134,0.0075187969924812,-0.000264,0.14,0.045,1.6,0.8,0.3,0.1849405548216644,0.2544748435054773,0.0338451541862284,-0.0,,
1629029,Luka Dončić,2024-25,26.0,35.4,0.328,0.587,0.1008350303487813,0.7874396135265701,0.0189418415293438,0.9746312530981672,39.835867270371686,4.05,6.6,1.1,0.76,0.24,0.6165853658536584,0.5,0.1003115942028985,-0.061,-0.0989999999999999,0.267,-0.1859756097560975,0.0060389999999999,0.67,0.087,11.9,6.8,2.5,0.3702391496899911,0.4655737305421363,0.1527081836178207,-0.0003405901952549,,
1627763,Malcolm Brogdon,2024-25,32.0,23.5,0.231,0.544,0.0549657455388426,0.7354037267080744,0.0061025323851172,1.0,,4.66,3.9,0.4,0.5933333333333334,0.4066666666666666,0.3541666666666667,1.0,0.0430534161490683,-0.045,-0.093,0.186,-0.1948051948051948,0.004185,0.548,0.066,3.3,0.8,0.1,0.5833333333333334,0.3799674451345755,0.0877724798260869,-0.0,,
1627736,Malik Beasley,2024-25,28.0,27.8,0.215,0.59,0.1296207503804322,0.2305295950155763,0.012922073922376,1.1067443470327676,39.7398146870195,4.35,1.3,0.2,0.1977777777777777,0.8022222222222222,0.2388250974690129,0.5,0.0553520249221183,-0.04,0.037,0.175,-0.186046511627907,-0.00148,0.156,0.049,3.9,2.3,0.9,0.4222027972027972,0.3022636481961074,0.0649866843621631,-0.0,,
1628370,Malik Monk,2024-25,27.0,31.6,0.236,0.549,0.076887613341335,0.5905017921146953,0.0088150419759655,1.0,39.35663217537982,4.85,4.3,0.3,0.5466666666666666,0.4533333333333333,0.422018104366347,0.6389504953700551,0.0416379928315412,-0.0109999999999999,0.0739999999999999,0.225,-0.0466101694915253,-0.0008139999999999,0.43,0.066,4.9,2.7,0.8,0.4089456869009584,0.3946799522102748,0.0931444687216248,-0.0,,
1631204,Marcus Sasser,2024-25,24.0,14.2,0.187,0.589,0.1390907337661108,1.0,0.0112476192933915,1.0,,4.57,2.5,0.1,0.5311111111111111,0.4688888888888889,0.1395348837209302,0.5,0.0,-0.0509999999999999,0.15,0.136,-0.2727272727272726,-0.00765,0.511,0.091,2.6,1.6,0.6,0.311864406779661,0.4134642424242424,0.0773178133333333,-0.0,,
203935,Marcus Smart,2024-25,31.0,20.0,0.198,0.529,0.041135906666665,0.45,0.0036242559395851,1.0,,4.43,1.9,0.4,0.4911111111111111,0.508888888888889,0.1011673151750972,0.8302136845351415,0.0142451612903225,-0.031,-0.073,0.167,-0.1565656565656565,0.002263,0.396,0.052,1.8,1.1,0.4,0.357976653696498,0.3621572186379929,0.0717071292903226,-0.0,,
1631109,Mark Williams,2024-25,23.0,26.6,0.21,0.647,0.1586506124885393,0.0141570141570141,0.0152675972563765,1.0,,4.34,1.0,3.9,0.39,0.61,0.2,0.0759480656303327,0.0091595881595881,-0.0099999999999999,0.0819999999999999,0.2,-0.0476190476190475,-0.0008199999999999,0.193,0.018,0.3,0.0,0.0,0.8031319910514542,0.4432990862290862,0.0930928081081081,-0.0,,
203486,Mason Plumlee,2024-25,35.0,17.6,0.105,0.645,0.1588854726136613,0.0663716814159292,0.0054059016309538,1.0,,4.81,0.8,0.7,0.2955555555555555,0.7044444444444444,0.2,0.0453737274787212,0.0450663716814159,-0.0049999999999999,0.029,0.1,-0.0476190476190475,-0.0001449999999999,0.224,0.0,0.1,0.0,0.0,0.7623762376237624,0.4106481170108161,0.0431180522861356,-0.0,,
1641824,Matas Buzelis,2024-25,20.0,18.9,0.181,0.571,0.0702791622163251,0.2428571428571428,0.0054118336415153,1.0,,4.88,0.9,0.5,0.1599999999999999,0.8400000000000001,0.3685800604229607,1.0,0.0336714285714285,-0.1129999999999999,0.863,0.068,-0.6243093922651933,-0.097519,0.194,0.015,0.5,0.3,0.1,0.4432432432432432,0.3081705714285713,0.0557788734285714,-0.0,,
1631108,Max Christie,2024-25,22.0,27.3,0.15,0.57,0.0934759424788265,0.348314606741573,0.005430461527373,1.0,39.32726500242888,4.59,1.7,0.3,0.2066666666666666,0.7933333333333333,0.4864406779661017,0.2564794526377357,0.0848394863563403,0.001,-0.0109999999999998,0.151,0.0066666666666666,-1.0999999999999908e-05,0.234,0.056,1.7,0.6,0.1,0.3582342954159592,0.3295168432316747,0.0494275264847512,-0.0,,
1629622,Max Strus,2024-25,29.0,25.5,0.143,0.607,0.1107630292700631,0.0723684210526315,0.0059896146312162,1.0,40.030633218869475,5.3,1.2,0.2,0.3488888888888888,0.6511111111111112,0.1350884718498659,0.2737596582559601,0.0456644736842105,0.011,0.124,0.154,0.076923076923077,0.001364,0.109,0.0,1.0,1.0,0.3,0.3593073593073593,0.359115043859649,0.0513534512719298,-0.0,,
1629008,Michael Porter Jr.,2024-25,27.0,33.7,0.197,0.617,0.1554120695432381,0.1366594360086767,0.013588893125672,0.785862328853159,39.63731881272133,4.17,1.5,1.3,0.1866666666666666,0.8133333333333334,0.2500841939829366,0.5,0.023114967462039,-0.082,0.0889999999999999,0.115,-0.416243654822335,-0.0072979999999999,0.193,0.077,3.2,1.6,0.5,0.5151515151515151,0.2774173048673745,0.0546512090588727,-0.0,,
1628969,Mikal Bridges,2024-25,28.0,37.0,0.192,0.585,0.1250411730299115,0.3091247672253259,0.0105197369987157,0.9753598743514104,39.280065150109294,4.51,2.3,1.5,0.3133333333333333,0.6866666666666668,0.320386024232178,0.5,0.0371657355679702,-0.079,0.049,0.113,-0.4114583333333333,-0.003871,0.242,0.148,4.6,0.7,0.2,0.3407821229050279,0.3362793502438139,0.0645656352468122,-0.0,,
201144,Mike Conley,2024-25,37.0,24.7,0.141,0.573,0.1092767674329427,0.4880174291938998,0.0057857079609494,0.7664230221118926,39.138216724596354,4.68,3.4,0.1,0.5399999999999999,0.4600000000000001,0.356021756021756,0.5,0.093119825708061,-0.0359999999999999,-0.1169999999999999,0.105,-0.2553191489361702,0.0042119999999999,0.305,0.017,2.9,2.1,0.8,0.2730496453900709,0.3410356281771969,0.0480860235729847,-0.0,,
1628970,Miles Bridges,2024-25,27.0,31.7,0.273,0.541,0.0562119341186384,0.5314516129032258,0.0080181190305451,1.0,39.37762539815133,4.55,3.3,0.8,0.4511111111111111,0.5488888888888889,0.5853832442067735,0.3634411685148667,0.1036298387096773,0.0,0.0559999999999999,0.273,0.0,0.0,0.39,0.026,4.4,2.9,0.8,0.5022956841138659,0.3586930170250896,0.0979231936478494,-0.0,,
1630540,Miles McBride,2024-25,24.0,24.9,0.162,0.531,0.0862733438299604,0.4523076923076923,0.0056253448718821,1.1008730533270412,40.2843597842356,4.59,2.3,0.2,0.3444444444444444,0.6555555555555556,0.3075384449940853,0.2451785659513986,0.0632907692307692,-0.003,-0.005,0.159,-0.0185185185185185,1.5000000000000027e-05,0.392,0.141,3.4,1.8,0.5,0.4864,0.3522726260683761,0.0570681654230769,-0.0,,
1630541,Moses Moody,2024-25,23.0,22.3,0.17,0.578,0.0810785520903974,0.1964573268921094,0.0056830223820944,1.2851385857601845,39.22235884100142,4.5,1.0,0.4,0.1866666666666666,0.8133333333333334,0.4794631424913114,1.0,0.0111916264090177,-0.06,-0.1079999999999999,0.11,-0.3529411764705882,0.00648,0.179,0.014,1.0,0.5,0.2,0.3842592592592592,0.2727647868108273,0.0463700137578406,-0.0,,
1631217,Moussa Diabaté,2024-25,23.0,17.5,0.13,0.609,0.0739077112594354,0.06640625,0.003464214553775,1.0,,4.46,0.5,1.4,0.1533333333333333,0.8466666666666667,0.2,1.0,0.0390468749999999,-0.004,-0.239,0.126,-0.0307692307692307,0.000956,0.257,0.01,0.2,0.0,0.0,0.7714285714285715,0.31656296875,0.0411531859375,-0.0,,
1626167,Myles Turner,2024-25,29.0,30.2,0.207,0.612,0.1211316599721814,0.039647577092511,0.0114080965205611,1.0,39.248818880056675,4.47,0.9,3.3,0.3299999999999999,0.67,0.2905110046593847,0.5,0.0247004405286343,-0.0559999999999999,0.1019999999999999,0.151,-0.2705314009661835,-0.0057119999999999,0.1,0.071,1.1,0.5,0.2,0.3640776699029126,0.3742397356828194,0.0774676252863436,-0.0,,
1630230,Naji Marshall,2024-25,27.0,27.8,0.197,0.584,0.1082415356815063,0.5403022670025189,0.0094644043056474,1.0,39.69617849249983,4.36,2.4,0.5,0.3577777777777778,0.6422222222222222,0.5615004908912402,0.5,0.0,-0.048,0.1069999999999999,0.149,-0.2436548223350254,-0.005136,0.431,0.05,1.9,0.4,0.0,0.5337078651685393,0.3704681276238455,0.0729822211418975,-0.0,,
1629675,Naz Reid,2024-25,25.0,27.5,0.21,0.577,0.104691170484387,0.2667464114832536,0.0100748594801028,1.3242723776852756,39.68257869311228,4.38,1.4,1.2999999999999998,0.2733333333333333,0.7266666666666667,0.4294295539121013,0.4866384779433806,0.0181543062200956,0.0259999999999999,-0.0879999999999999,0.236,0.1238095238095237,-0.0022879999999999,0.244,0.021,1.7,1.1,0.4,0.4385285575992255,0.4012900350495182,0.0842709073603988,-0.0,,
1629651,Nic Claxton,2024-25,26.0,26.9,0.166,0.569,0.1426785120740749,0.2422764227642276,0.0096498531352037,1.0,39.8190050086816,4.31,1.7,1.7,0.3111111111111111,0.6888888888888889,0.725925925925926,0.4280078663881593,0.0362260162601626,-0.044,-0.0349999999999999,0.122,-0.2650602409638555,0.0015399999999999,0.322,0.033,0.3,0.0,0.0,0.7147887323943662,0.39580738934056,0.0657040266305329,-0.0,,
1630208,Nick Richards,2024-25,27.0,22.0,0.169,0.634,0.1481538147510074,0.0292275574112734,0.0102930218654687,1.0,39.75764117574278,4.64,0.8,2.1,0.21,0.79,0.4754098360655737,0.0166743157310526,0.0188517745302714,0.0129999999999999,0.024,0.182,0.0769230769230768,0.0003119999999999,0.317,0.03,0.1,0.0,0.0,0.792507204610951,0.3788196764091858,0.0640205253131524,-0.0,,
1641733,Nick Smith Jr.,2024-25,21.0,22.8,0.205,0.502,0.0497913743108376,0.4879898862199747,0.0046215207271534,1.0,39.062508788214224,4.96,2.5,0.1,0.3755555555555556,0.6244444444444444,0.1827965007887564,1.0,0.0186030341340075,-0.0419999999999999,0.0959999999999999,0.163,-0.2048780487804877,-0.0040319999999999,0.414,0.105,3.9,1.3,0.4,0.2711267605633803,0.3379719131900548,0.0692842422039612,-0.0,,
1629638,Nickeil Alexander-Walker,2024-25,26.0,25.3,0.155,0.579,0.1260693314627792,0.2719141323792486,0.0076931995417222,1.0344658125629,39.381202378130894,4.8,2.5,0.2,0.3311111111111111,0.6688888888888889,0.4236753246753245,0.5,0.0451860465116279,-0.046,0.011,0.109,-0.2967741935483871,-0.000506,0.193,0.044,1.8,0.9,0.2,0.3168724279835391,0.3412381607566025,0.0528919149172733,-0.0,,
201587,Nicolas Batum,2024-25,36.0,17.5,0.087,0.633,0.1576872727272726,0.0,0.0040464625080144,1.0,,4.34,0.5,0.1,0.1822222222222222,0.8177777777777777,0.0441176470588235,0.5,0.0,-0.075,0.867,0.0119999999999999,-0.8620689655172414,-0.065025,0.087,0.019,0.2,0.1,0.0,0.1070110701107011,0.3481644444444444,0.0302903066666666,-0.0,,
203999,Nikola Jokić,2024-25,30.0,36.7,0.285,0.663,0.1921599116184738,0.2282069454287739,0.0292368163888675,0.9810661277498012,39.250522787763785,4.23,4.6,11.3,1.0,0.0,0.709828558538236,0.0972671230064829,0.0396286321757618,0.086,-0.025,0.371,0.3017543859649124,-0.00215,0.31,0.058,2.0,0.9,0.3,0.6112814224402208,0.5170592429742982,0.1473618842476749,-0.0,,
1631107,Nikola Jović,2024-25,22.0,25.1,0.178,0.595,0.1152630606318821,0.2252663622526636,0.0086560578627104,1.295008093800586,,4.6,1.8,0.6,0.3866666666666666,0.6133333333333334,0.2360742705570291,0.5,0.0182922374429223,-0.0559999999999999,-0.024,0.122,-0.3146067415730337,0.001344,0.215,0.028,0.7,0.4,0.2,0.3292978208232445,0.3082396076441738,0.0548666501606629,-0.0,,
202696,Nikola Vučević,2024-25,34.0,31.2,0.221,0.611,0.1328341234571404,0.1416589002795899,0.0138006030651611,1.0,39.33363944764448,4.21,1.6,4.6,0.4599999999999999,0.54,0.2160099324269315,0.4674326201202741,0.0160894687791239,-0.0269999999999999,0.013,0.194,-0.1221719457013574,-0.000351,0.187,0.07,1.2,0.0,0.0,0.4614643545279383,0.4393946877912394,0.0971062260018639,-0.0,,
1641730,Noah Clowney,2024-25,20.0,22.7,0.185,0.516,0.0054083370218686,0.0781476121562952,0.000430349536497,1.0,,4.55,1.0,0.7,0.1399999999999999,0.86,0.0924170616113744,0.4756953347226381,0.0304775687409551,0.015,0.008,0.2,0.0810810810810811,0.00012,0.135,0.005,0.8,0.4,0.1,0.2956989247311828,0.2733277858176556,0.0505656403762662,-0.0,,
1626181,Norman Powell,2024-25,32.0,32.6,0.255,0.615,0.1450337012450321,0.5761947700631199,0.0186757994199024,1.180198988937704,39.02775329896483,4.42,2.1,0.5,0.2333333333333333,0.7666666666666666,0.5944946755073336,0.1568762724377772,0.0903570784490532,0.016,0.1069999999999999,0.271,0.0627450980392157,0.001712,0.324,0.043,5.3,3.1,1.2,0.5454545454545454,0.3511027383557422,0.0895311982807142,-0.0,,
1628384,OG Anunoby,2024-25,27.0,36.6,0.195,0.591,0.1090992409232138,0.280439121756487,0.0093944994636842,1.126141766019876,39.16865643842174,3.93,1.5,1.4,0.1866666666666666,0.8133333333333334,0.6473727347236135,0.5,0.0508323353293413,-0.04,-0.1539999999999999,0.155,-0.2051282051282051,0.00616,0.209,0.038,2.4,1.1,0.4,0.4248210023866348,0.316654433574711,0.0617476145470686,-0.0,,
1630167,Obi Toppin,2024-25,27.0,19.6,0.191,0.642,0.1696267647335233,0.1295336787564766,0.0141593862787839,0.8693534026576175,,4.98,1.0,1.0,0.2577777777777778,0.7422222222222222,0.1702838063439065,0.3906361068925418,0.00433506044905,-0.036,0.125,0.155,-0.1884816753926702,-0.0045,0.17,0.014,0.8,0.5,0.1,0.3779220779220779,0.3569131181081439,0.0681704055586555,-0.0,,
1630534,Ochai Agbaji,2024-25,25.0,27.2,0.144,0.601,0.149531704997566,0.1305007587253414,0.0081710341090679,1.0,40.53677566740397,4.82,0.9,0.5,0.18,0.8200000000000001,0.2578313253012048,0.5,0.0085068285280728,-0.0369999999999999,0.1099999999999999,0.107,-0.2569444444444444,-0.0040699999999999,0.143,0.018,0.6,0.3,0.1,0.3951310861423221,0.365500971168437,0.0526321398482549,-0.0,,
1630168,Onyeka Okongwu,2024-25,24.0,27.9,0.169,0.634,0.1349149403983296,0.0441826215022091,0.0093732478899195,1.0,40.06376869689533,4.52,0.9,3.0,0.3,0.7,0.3891304347826086,0.4619858091143725,0.0282768777614138,-0.045,0.0739999999999999,0.124,-0.2662721893491124,-0.0033299999999999,0.204,0.006,0.3,0.0,0.0,0.6549707602339181,0.397620029455081,0.0671977849779087,-0.0,,
1631115,Orlando Robinson,2024-25,24.0,17.5,0.177,0.519,0.0091650784294067,0.0919282511210762,0.0006824896745743,1.0,,4.49,1.0,1.4,0.3377777777777778,0.6622222222222223,0.2,1.0,0.0488139013452914,-0.0629999999999999,-0.059,0.114,-0.3559322033898304,0.0037169999999999,0.293,0.033,0.3,0.0,0.0,0.632183908045977,0.3225289237668161,0.0570876195067264,-0.0,,
1642345,Oso Ighodaro,2024-25,22.0,17.1,0.103,0.61,0.0841763101184426,0.0840336134453781,0.0027825675845524,1.0,,4.46,0.7,1.1,0.2111111111111111,0.7888888888888889,0.2,0.1079475214069455,0.0511764705882352,0.085,0.24,0.188,0.825242718446602,0.0204,0.142,0.047,0.3,0.0,0.0,0.6149732620320856,0.3377931372549019,0.0347926931372549,-0.0,,
1629023,P.J. Washington,2024-25,26.0,32.2,0.198,0.556,0.0960758092386508,0.4520547945205479,0.0084647051809314,1.0,39.81859041115794,4.46,2.1,1.2999999999999998,0.2333333333333333,0.7666666666666666,0.641681125891652,0.1852897623644699,0.0794682440846824,-0.001,0.1069999999999999,0.197,-0.005050505050505,-0.000107,0.362,0.029,2.0,1.1,0.4,0.5338345864661654,0.3333279161477792,0.0659989273972602,-0.0,,
1631094,Paolo Banchero,2024-25,22.0,34.4,0.33,0.551,0.0876727977166293,0.7575554063129618,0.0166201820030542,0.8229417141452212,,4.31,5.3,2.1,0.5888888888888889,0.4111111111111111,0.265642151481888,0.132232242690962,0.0881034251175285,0.0159999999999999,0.0219999999999999,0.346,0.0484848484848483,0.0003519999999999,0.597,0.153,9.4,3.9,1.2,0.4888888888888889,0.4095835469713428,0.1351625705005431,-0.0004413748077257,,
1627783,Pascal Siakam,2024-25,31.0,32.7,0.237,0.599,0.1218897904987375,0.3751135331516803,0.0140633844628466,0.8037572075286407,39.07572844949176,4.52,2.1,4.1,0.41,0.5900000000000001,0.597234838364948,0.5,0.0575513169845594,-0.064,-0.009,0.173,-0.270042194092827,0.000576,0.331,0.1,3.8,0.4,0.1,0.4583059750492449,0.3854514285839852,0.0913519885744044,-0.0,,
1630172,Patrick Williams,2024-25,23.0,25.0,0.165,0.512,0.0621400229990624,0.3843537414965986,0.004164830449802,1.0,39.729450405792555,4.8,1.3,0.2,0.2355555555555555,0.7644444444444445,0.4266780109661562,1.0,0.0450340136054422,-0.06,0.1769999999999999,0.105,-0.3636363636363637,-0.0106199999999999,0.259,0.046,2.1,1.1,0.3,0.3565891472868217,0.3162812093726379,0.0521863995464852,-0.0,,
202331,Paul George,2024-25,35.0,32.5,0.233,0.543,0.0786981708073953,0.6316742081447964,0.0088511259279853,1.0,,4.43,3.9,1.2,0.4822222222222222,0.5177777777777778,0.1403508771929824,1.0,0.0330932126696833,-0.063,-0.031,0.17,-0.2703862660944205,0.001953,0.571,0.195,7.2,3.1,1.0,0.3929824561403509,0.3771564746103569,0.0878774585842131,-0.0,,
1630202,Payton Pritchard,2024-25,27.0,28.4,0.186,0.633,0.1830073210825655,0.4518518518518518,0.0146803996958501,0.8697990953176578,38.86297812198065,4.4,3.6,0.1,0.4088888888888888,0.5911111111111111,0.2723376956633306,0.2344255728566897,0.0435206349206349,-0.0149999999999999,0.1049999999999999,0.171,-0.0806451612903225,-0.0015749999999999,0.406,0.042,3.8,2.9,1.0,0.2367049009384775,0.4120291828336273,0.0766374280070546,-0.0,,
1631212,Peyton Watson,2024-25,22.0,24.3,0.138,0.564,0.0843804760174973,0.1594827586206896,0.0043257418742714,0.9767330271765168,39.66976292522581,4.51,1.2,0.7,0.1622222222222222,0.8377777777777777,0.7809523809523808,0.3250383565195582,0.0079568965517241,-0.021,0.031,0.117,-0.1521739130434782,-0.000651,0.157,0.011,0.5,0.1,0.0,0.4822546972860125,0.2903923914656521,0.04007415002226,-0.0,,
1629656,Quentin Grimes,2024-25,25.0,26.8,0.218,0.595,0.1194595926012107,0.5328798185941043,0.0121592214947151,1.0,40.40640358152881,4.62,2.4,0.4,0.3822222222222222,0.6177777777777778,0.593398873301668,0.2655122510034279,0.0544954648526077,0.0169999999999999,-0.0329999999999999,0.235,0.0779816513761467,-0.0005609999999999,0.411,0.068,3.8,2.2,0.8,0.4398541919805589,0.3852975787351977,0.0839948721642731,-0.0,,
1631245,Quenton Jackson,2024-25,26.0,13.6,0.167,0.58,0.0781685007580556,0.4184397163120567,0.0053346568542163,1.0,,5.03,1.3,0.3,0.4288888888888889,0.5711111111111111,0.4,1.0,0.083709219858156,0.0459999999999999,-0.1299999999999999,0.213,0.2754491017964071,-0.0059799999999999,0.345,0.012,0.8,0.5,0.2,0.4672131147540984,0.3752910795902284,0.0626736102915681,-0.0,,
1629628,RJ Barrett,2024-25,25.0,32.2,0.281,0.547,0.0890850899808044,0.5151291512915129,0.0132698038360073,1.0,40.28508712487467,4.78,3.7,0.9,0.5711111111111111,0.4288888888888889,0.7834319526627218,0.2605385163325028,0.0564619926199262,0.0759999999999999,-0.049,0.357,0.2704626334519571,-0.003724,0.433,0.028,1.9,0.6,0.1,0.5551020408163265,0.4151959680196802,0.1166700670135301,-0.0,,
1626220,Royce O'Neale,2024-25,32.0,24.5,0.151,0.585,0.1315476143175618,0.094551282051282,0.007718775279461,1.0,40.210915355993194,4.55,1.3,0.2,0.2844444444444444,0.7155555555555555,0.081578947368421,0.5,0.028639423076923,-0.06,0.054,0.091,-0.3973509933774834,-0.00324,0.104,0.009,1.0,0.7,0.2,0.1631578947368421,0.3881337927350428,0.0586082027029914,-0.0,,
203497,Rudy Gobert,2024-25,33.0,33.2,0.129,0.687,0.2070632634721185,0.0203389830508474,0.0095937328319323,1.0,39.0080936292948,4.34,1.0,1.9,0.19,0.81,0.5,0.1727972680519419,0.0142372881355932,-0.017,-0.068,0.112,-0.1317829457364341,0.001156,0.293,0.0,0.0,0.0,0.0,0.799660441426146,0.3532363728813559,0.0455674921016949,-0.0,,
1629060,Rui Hachimura,2024-25,27.0,31.7,0.156,0.619,0.1500818774516019,0.1440107671601615,0.0092473043483519,0.0,39.5227559590935,4.39,1.1,0.9,0.1399999999999999,0.86,0.2795209750566892,0.5,0.0400282637954239,-0.0569999999999999,0.065,0.099,-0.3653846153846153,-0.003705,0.133,0.052,1.1,0.1,0.0,0.4088748019017432,0.3722782772543743,0.0580754112516823,-0.0,,
201566,Russell Westbrook,2024-25,36.0,27.9,0.23,0.532,0.0679494044603566,0.5087527352297593,0.0074950996057299,1.0966891069594895,39.89272754166478,4.36,3.8,0.6,0.6422222222222221,0.3577777777777778,0.7238234624516213,1.0,0.0540919037199125,-0.065,-0.082,0.165,-0.2826086956521739,0.00533,0.466,0.046,2.3,0.9,0.2,0.4498416050686378,0.4128656760899885,0.0949591055006973,-0.0,,
1642346,Ryan Dunn,2024-25,22.0,19.1,0.161,0.517,0.0027211281844216,0.0941619585687382,0.0001757874291201,1.0,,4.6,0.7,0.7,0.1311111111111111,0.8688888888888889,0.1090373280943025,1.0,0.0494350282485875,-0.096,-0.517,0.065,-0.5962732919254659,0.049632,0.151,0.016,0.5,0.2,0.0,0.3340336134453781,0.2689584118016322,0.0433023043000627,-0.0,,
1630583,Santi Aldama,2024-25,24.0,25.5,0.179,0.588,0.1147563036240165,0.1318822023047375,0.0086907267923417,0.5465220240416631,39.950085526801686,5.08,1.6,0.7,0.3311111111111111,0.6688888888888889,0.2043703703703702,0.5,0.0093918053777208,-0.0489999999999999,-0.1349999999999999,0.13,-0.2737430167597764,0.0066149999999999,0.233,0.032,1.1,0.5,0.2,0.3617647058823529,0.3977470540414201,0.0711967226734142,-0.0,,
1630703,Scoot Henderson,2024-25,21.0,26.7,0.22,0.54,0.0495699854581427,0.639549436795995,0.0051150845021559,1.0,39.61138951119109,4.62,4.5,0.2,0.6088888888888889,0.3911111111111111,0.6584222346996069,1.0,0.0598460575719649,-0.1,-0.123,0.12,-0.4545454545454546,0.0123,0.557,0.057,3.3,2.0,0.7,0.4510948905109489,0.3854527270198861,0.0847995999443749,-0.0,,
1630567,Scottie Barnes,2024-25,23.0,32.8,0.262,0.523,0.0335523396233622,0.5566502463054187,0.0044996086826112,1.0,39.937699321707655,4.72,4.3,3.0,0.62,0.38,0.6028130234265654,0.3182176001253985,0.0512881773399014,0.0349999999999999,0.0,0.297,0.1335877862595418,0.0,0.502,0.128,5.8,1.4,0.4,0.507532956685499,0.3804665763546798,0.0996822430049261,-0.0,,
1630590,Scotty Pippen Jr.,2024-25,24.0,21.3,0.188,0.582,0.1019217880342741,0.4868421052631579,0.0083081400319819,0.8423443310136405,39.24574433474427,5.05,2.9,0.4,0.6288888888888888,0.3711111111111111,0.6648491620111732,0.5,0.0823815789473684,-0.103,-0.3279999999999999,0.085,-0.5478723404255319,0.0337839999999999,0.354,0.015,0.9,0.3,0.1,0.4961479198767334,0.4242233378317589,0.0797539875123706,-0.0,,
1631101,Shaedon Sharpe,2024-25,22.0,31.3,0.25,0.551,0.0883836623846457,0.6024200518582541,0.0110479577980807,1.0,39.71950895654163,4.56,3.0,0.6,0.3333333333333333,0.6666666666666667,0.5329710144927536,0.2285588211725795,0.0150872947277441,0.0489999999999999,-0.011,0.299,0.1959999999999999,-0.000539,0.503,0.12,6.4,3.3,1.0,0.4166666666666667,0.3472751368481705,0.0868187842120426,-0.0,,
1628983,Shai Gilgeous-Alexander,2024-25,26.0,34.2,0.336,0.637,0.159422702764691,0.896730669434354,0.0310498197765358,0.9307718027769972,39.89454206890415,4.43,6.6,1.2,0.7333333333333333,0.2666666666666667,0.7392345875991668,0.0369965909971996,0.1333928386092371,0.0339999999999999,0.023,0.37,0.1011904761904761,0.000782,0.762,0.14,11.9,4.7,1.7,0.4472222222222222,0.400198192879433,0.1344665928074895,-0.0006477431420282,,
203915,Spencer Dinwiddie,2024-25,32.0,27.0,0.175,0.553,0.0629925897900102,0.7150837988826816,0.0046115459114515,1.0,39.88016795546507,4.14,4.0,0.3,0.5066666666666667,0.4933333333333333,0.6114437700334174,0.5415421245861655,0.0164148044692736,0.044,-0.046,0.219,0.2514285714285715,-0.002024,0.658,0.062,3.7,2.3,0.8,0.4604105571847507,0.3665608472998138,0.0641481482774674,-0.0,,
201939,Stephen Curry,2024-25,37.0,32.2,0.286,0.618,0.1195012793513113,0.5660506502395619,0.0182777025113294,1.3209002970329733,39.543196810889185,4.83,4.8,0.4,0.6311111111111111,0.3688888888888889,0.4154425013248541,0.201743794216263,0.1030848733744011,0.106,0.005,0.392,0.3706293706293708,0.00053,0.397,0.076,8.1,6.1,2.2,0.3936553713049747,0.4582976764772986,0.1310731354725073,-0.0,,
1642264,Stephon Castle,2024-25,20.0,26.7,0.253,0.522,0.0332634714800273,0.5810526315789474,0.0042330008272178,1.0,39.60504448841196,4.54,3.7,0.6,0.5133333333333333,0.4866666666666667,0.7729995909505679,0.390340612264635,0.0375126315789473,-0.003,-0.005,0.25,-0.0118577075098814,1.5000000000000027e-05,0.466,0.057,3.2,1.4,0.3,0.4797570850202429,0.3537321087719298,0.0894942235192982,-0.0,,
204456,T.J. McConnell,2024-25,33.0,17.9,0.226,0.547,0.1266677372224245,1.0,0.0136090769948994,1.0200630117321865,,5.12,3.7,0.4,0.7977777777777777,0.2022222222222223,0.3125,0.2388847008486739,0.0,-0.015,0.118,0.211,-0.0663716814159292,-0.00177,0.596,0.167,2.8,0.2,0.1,0.5344180225281602,0.4838245954316684,0.109344358567557,-0.0,,
1631106,Tari Eason,2024-25,24.0,24.9,0.185,0.567,0.0937246856379626,0.3475452196382428,0.0074578146405339,1.7262318575611142,39.89865232003043,4.4,1.4,0.7,0.1822222222222222,0.8177777777777777,0.620408163265306,0.5,0.0385297157622738,-0.064,-0.0539999999999999,0.121,-0.3459459459459459,0.0034559999999999,0.364,0.023,1.2,0.2,0.0,0.5157545605306799,0.367923738412782,0.0680658916063646,-0.0,,
1629611,Terance Mann,2024-25,28.0,21.1,0.145,0.584,0.1352031359441285,0.4508547008547008,0.0074651539475002,1.0,39.77594993574595,4.55,1.3,0.5,0.2622222222222222,0.7377777777777779,0.4986331328594859,0.5,0.0742457264957264,-0.059,-0.37,0.086,-0.4068965517241379,0.02183,0.327,0.077,2.0,0.8,0.2,0.3753026634382566,0.3658893637226971,0.053053957739791,-0.0,,
1626179,Terry Rozier,2024-25,31.0,25.9,0.195,0.497,0.0233660127282459,0.5895316804407714,0.0020120396089505,1.0,39.20840834705188,4.61,3.3,0.1,0.3666666666666666,0.6333333333333333,0.432832259603913,1.0,0.0560826446280992,-0.07,-0.0399999999999999,0.125,-0.358974358974359,0.0027999999999999,0.415,0.082,3.5,2.2,0.6,0.4551181102362204,0.3122268595041322,0.0608842376033057,-0.0,,
1642275,Tidjane Salaün,2024-25,19.0,20.7,0.15,0.457,-0.0526251838439032,0.2725173210161662,-0.0030572469092781,1.0,39.83556920443469,4.73,1.1,0.3,0.2044444444444444,0.7955555555555556,0.5920044596639323,1.0,0.0359284064665126,-0.0329999999999999,-0.203,0.117,-0.2199999999999999,0.0066989999999999,0.237,0.023,1.2,1.0,0.3,0.3478260869565217,0.2445453374390556,0.0366818006158583,-0.0,,
203501,Tim Hardaway Jr.,2024-25,33.0,28.0,0.151,0.567,0.0769706387018098,0.2011922503725782,0.0045163803717612,0.5848307889583947,40.16736536883311,4.28,1.0,0.2,0.1644444444444444,0.8355555555555556,0.3664438502673794,0.6713953593478583,0.0286751117734724,-0.0139999999999999,0.126,0.137,-0.0927152317880793,-0.0017639999999999,0.12,0.073,2.4,1.0,0.4,0.3621837549933422,0.2762440536512668,0.0417128521013412,-0.0,,
202699,Tobias Harris,2024-25,32.0,31.6,0.173,0.571,0.1057206899807282,0.4275184275184275,0.0076072754808165,0.8365404704441484,39.691229371416775,4.38,2.0,2.6,0.26,0.74,0.4707848673066063,0.5,0.0548771498771499,-0.0429999999999999,-0.0239999999999999,0.13,-0.2485549132947976,0.0010319999999999,0.367,0.104,3.2,0.4,0.1,0.4771689497716895,0.3534541474201474,0.0611475675036855,-0.0,,
1641739,Toumani Camara,2024-25,25.0,32.7,0.143,0.572,0.1004443981130882,0.152875175315568,0.0054316249792607,1.0,39.57356075946498,4.66,1.5,0.7,0.2133333333333333,0.7866666666666666,0.564840903570561,0.5,0.0133688639551192,-0.0399999999999999,-0.0359999999999999,0.103,-0.2797202797202797,0.0014399999999999,0.22,0.0,0.5,0.4,0.1,0.4175977653631285,0.3449695558672276,0.0493306464890135,-0.0,,
1629027,Trae Young,2024-25,26.0,36.0,0.285,0.567,0.074717553964155,0.8631361760660248,0.011368153679278,1.0,39.6396190442995,4.64,8.4,0.3,1.0,0.0,0.6497647115508158,0.3673607681531027,0.0394332874828061,0.105,0.011,0.39,0.3684210526315791,0.001155,0.71,0.076,10.6,7.0,2.4,0.3917151162790697,0.4865667125171938,0.1386715130674002,-0.0,,
1630200,Tre Jones,2024-25,25.0,19.7,0.136,0.617,0.1130366049162373,1.0,0.0056692742635372,1.0,,4.89,2.8,0.3,0.6422222222222221,0.3577777777777778,0.4,0.1467582746672689,0.0,0.086,0.021,0.222,0.6323529411764705,0.001806,0.414,0.03,0.5,0.1,0.0,0.6470588235294118,0.4220755697399527,0.0574022774846335,-0.0,,
1630544,Tre Mann,2024-25,24.0,24.5,0.25,0.537,0.1071717579134906,0.7411214953271028,0.0133964697391863,1.0,,4.74,4.2,0.0,0.4866666666666666,0.5133333333333334,0.3229813664596273,0.3317949932988365,0.0963009345794392,0.067,-0.061,0.317,0.268,-0.004087,0.7,0.077,4.6,2.4,0.8,0.4968944099378882,0.3929996386292835,0.0982499096573208,-0.0,,
1630570,Trendon Watford,2024-25,24.0,20.7,0.226,0.557,0.0937007322830482,0.62557781201849,0.010067129231805,1.0,,4.41,3.0,0.9,0.4688888888888888,0.5311111111111111,0.3742857142857143,0.2982888826109074,0.0226070878274268,-0.021,0.1729999999999999,0.205,-0.0929203539823009,-0.003633,0.53,0.009,0.8,0.4,0.1,0.6457142857142857,0.3851374610511899,0.0870410661975689,-0.0,,
1630243,Trevelin Queen,2024-25,28.0,13.9,0.176,0.486,0.0477881520283946,0.408284023668639,0.0035284928226296,1.0,,4.42,0.9,0.1,0.3133333333333333,0.6866666666666668,0.3129251700680272,1.0,0.004284023668639,-0.0779999999999999,-0.236,0.098,-0.4431818181818181,0.0184079999999999,0.321,0.013,1.3,1.0,0.3,0.4693877551020408,0.325520157790927,0.0572915477712031,-0.0,,
1626168,Trey Lyles,2024-25,29.0,19.6,0.139,0.551,0.0590709605688386,0.0348583877995642,0.0030612319223311,1.0,,4.45,0.8,0.5,0.1866666666666666,0.8133333333333334,0.1189839572192513,1.0,0.0193812636165577,-0.047,-0.067,0.092,-0.3381294964028777,0.003149,0.102,0.04,0.3,0.2,0.0,0.2887700534759358,0.318393783587509,0.0442567359186637,-0.0,,
1630530,Trey Murphy III,2024-25,25.0,35.0,0.229,0.598,0.1071322126425882,0.4357723577235772,0.0117401406029404,1.0,39.608468156260194,4.46,2.6,0.6,0.3488888888888888,0.6511111111111112,0.5792640424857801,0.5,0.090120325203252,-0.054,-0.1979999999999999,0.175,-0.2358078602620088,0.010692,0.244,0.028,4.2,2.8,0.8,0.3778307508939213,0.3728866251129178,0.0853910371508581,-0.0,,
1629660,Ty Jerome,2024-25,27.0,19.9,0.229,0.643,0.1716526803146822,0.7092696629213484,0.0188106504295688,0.8972740493726303,,4.75,2.9,0.1,0.5355555555555556,0.4644444444444444,0.1472491909385113,0.4547238584474716,0.0942935393258426,-0.05,0.0739999999999999,0.179,-0.2183406113537118,-0.0036999999999999,0.561,0.087,4.0,1.9,0.8,0.4802816901408451,0.2721889272221496,0.0623312643338722,-0.0,,
1629639,Tyler Herro,2024-25,25.0,35.4,0.271,0.605,0.1254248566331377,0.6243654822335025,0.0176944696245666,0.9578266950404204,39.23894454686629,4.85,4.9,0.3,0.5644444444444444,0.4355555555555556,0.4470214301351646,0.5,0.0567868020304568,0.0389999999999999,-0.184,0.31,0.143911439114391,-0.0071759999999999,0.478,0.063,7.6,4.3,1.5,0.5017325017325017,0.3911268657096592,0.1059953806073176,-0.0,,
1630169,Tyrese Haliburton,2024-25,25.0,33.6,0.21,0.616,0.1656336060905795,0.7630480167014614,0.0159395992883101,0.9407640794853034,39.30446565776496,4.88,5.7,0.1,0.8533333333333333,0.1466666666666667,0.3910882530901546,0.1093341132647957,0.0375782881002088,0.095,0.005,0.305,0.4523809523809524,0.000475,0.546,0.11,8.4,5.7,2.1,0.32778198334595,0.5232897160529892,0.1098908403711277,-0.0,,
1631213,Tyrese Martin,2024-25,26.0,21.9,0.179,0.533,0.080889617860931,0.2866449511400651,0.0061259342359922,1.0,39.83571924014082,4.83,2.0,0.5,0.3333333333333333,0.6666666666666667,0.3248203089157363,1.0,0.0285342019543973,-0.0149999999999999,-0.141,0.164,-0.0837988826815641,0.0021149999999999,0.259,0.038,1.6,0.8,0.2,0.3311827956989247,0.3589771986970683,0.0642569185667752,-0.0,,
1630178,Tyrese Maxey,2024-25,24.0,37.7,0.293,0.562,0.0783855543496758,0.7831541218637993,0.0124318987549795,1.0,39.8716457679736,4.76,7.6,0.3,0.8444444444444444,0.1555555555555555,0.6123923006416131,0.3865645455618812,0.0694211469534049,0.093,0.0709999999999999,0.386,0.31740614334471,0.0066029999999999,0.631,0.061,9.1,6.0,1.9,0.3987167736021998,0.4579560533651932,0.1341811236360016,-0.0,,
1626145,Tyus Jones,2024-25,29.0,26.8,0.16,0.585,0.1473138801395878,0.3785310734463277,0.0094280883289336,1.0,39.59643278557988,4.59,4.4,0.1,0.6133333333333334,0.3866666666666666,0.183455344070278,0.5,0.0553983050847457,-0.056,-0.1409999999999999,0.104,-0.35,0.0078959999999999,0.346,0.055,2.4,0.8,0.3,0.2781844802342606,0.4820653672316384,0.0771304587570621,-0.0,,
203995,Vasilije Micic,2024-25,31.0,19.1,0.199,0.462,0.0048951155545352,1.0,0.0004345528102711,1.0,,4.62,3.5,0.0,0.5733333333333334,0.4266666666666666,0.1904761904761904,0.2909644408290873,0.0,0.0949999999999999,0.0439999999999999,0.294,0.4773869346733667,0.0041799999999999,0.568,0.104,3.6,2.0,0.7,0.5128205128205128,0.3192987943262411,0.063540460070922,-0.0,,
1641705,Victor Wembanyama,2024-25,21.0,33.2,0.3,0.594,0.1157294455028728,0.1735731039874902,0.0190162883608464,1.0,,4.33,2.3,4.1,0.41,0.5900000000000001,0.2415402567094514,0.3697861819230246,0.0307255668491008,-0.006,-0.0879999999999999,0.294,-0.02,0.000528,0.243,0.102,5.2,2.8,0.9,0.4200700116686114,0.4105034753713839,0.1231510426114151,-0.0,,
1630249,Vít Krejčí,2024-25,25.0,20.2,0.131,0.661,0.2028617332691002,0.1866028708133971,0.0096184939311105,1.0,39.53865541760894,4.98,1.4,0.1,0.3888888888888888,0.6111111111111112,0.3354955680902497,0.5,0.0,-0.06,-0.146,0.071,-0.4580152671755726,0.00876,0.179,0.015,1.0,0.8,0.3,0.2979452054794521,0.4641480595427964,0.0608033958001063,-0.0,,
1631117,Walker Kessler,2024-25,23.0,30.0,0.133,0.66,0.1875476977109555,0.0185758513931888,0.0090968115655168,1.0,40.842965079024665,4.41,0.9,1.2000000000000002,0.1844444444444444,0.8155555555555556,0.4166666666666666,0.0194951499955661,0.0126130030959752,0.0189999999999999,0.025,0.152,0.1428571428571427,0.000475,0.374,0.0,0.0,0.0,0.0,0.8047619047619048,0.3946491881664947,0.0524883420261437,-0.0,,
1628976,Wendell Carter Jr.,2024-25,26.0,25.9,0.159,0.544,0.0064487279190246,0.0517560073937153,0.0004088554020609,1.0,39.39693316634505,4.0,0.9,1.5,0.26,0.74,0.4070943652410047,1.0,0.0263438077634011,-0.065,-0.007,0.094,-0.4088050314465409,0.000455,0.204,0.071,0.6,0.0,0.0,0.4632768361581921,0.3321509057301293,0.0528119940110905,-0.0,,
1642274,Yves Missi,2024-25,21.0,26.8,0.141,0.572,0.0653229259273563,0.0778443113772455,0.003458551908596,1.0,40.17918044295074,4.43,0.9,1.8,0.18,0.8200000000000001,0.4507462686567164,0.2124654130017855,0.0455389221556886,-0.0069999999999999,-0.0349999999999999,0.134,-0.0496453900709218,0.0002449999999999,0.323,0.012,0.0,0.0,0.0,0.8411405295315683,0.3182820359281437,0.0448777670658682,-0.0,,
1642258,Zaccharie Risacher,2024-25,20.0,24.6,0.203,0.558,0.0825182000386436,0.1892551892551892,0.007547338055258,1.0,39.67179228520396,5.19,1.0,0.8,0.1511111111111111,0.8488888888888889,0.5628634067295777,0.5,0.0231807081807081,-0.052,-0.236,0.151,-0.2561576354679803,0.012272,0.185,0.034,0.8,0.5,0.1,0.4243589743589743,0.3153004368471035,0.064005988679962,-0.0,,
1628380,Zach Collins,2024-25,27.0,15.3,0.166,0.605,0.0452089827627536,0.0639386189258312,0.0030576436333036,1.0,,4.57,0.7,1.5,0.36,0.64,0.2,1.0,0.0355498721227621,-0.08,0.263,0.086,-0.4819277108433735,-0.02104,0.144,0.015,0.1,0.0,0.0,0.5231788079470199,0.3539060869565217,0.0587484104347826,-0.0,,
203897,Zach LaVine,2024-25,30.0,35.2,0.251,0.639,0.1640587296783223,0.6640253565768621,0.0206305082191897,1.0,39.46742163782159,4.64,4.3,0.8999999999999999,0.4777777777777777,0.5222222222222223,0.5640942540697242,0.4036469322318189,0.1172987321711568,0.018,-0.14,0.269,0.0717131474103586,-0.00252,0.486,0.099,7.4,4.3,1.9,0.4063777596075225,0.4372014923402007,0.1097375745773903,-0.0,,
1630533,Ziaire Williams,2024-25,23.0,24.5,0.179,0.55,0.0832085753996597,0.1495327102803738,0.0063015535769406,1.0,40.17163246256776,4.34,1.1,0.3,0.1911111111111111,0.8088888888888889,0.2888090824837812,0.5,0.0263395638629283,-0.0519999999999999,0.01,0.127,-0.2905027932960893,-0.00052,0.201,0.016,0.9,0.5,0.0,0.3576923076923077,0.3285444375216337,0.0588094543163724,-0.0,,
1629627,Zion Williamson,2024-25,24.0,28.6,0.325,0.6,0.1732534195582334,0.7484822202948829,0.0321001348353868,1.0,,4.68,4.2,3.5,0.7222222222222222,0.2777777777777778,0.4,0.2480460732226342,0.118803122289679,-0.033,0.038,0.292,-0.1015384615384616,-0.001254,0.538,0.003,1.2,0.2,0.0,0.8759842519685039,0.5116695335838874,0.1662925984147634,-0.00024270654151,,
